id_mutation;date_mutation;numero_disposition;nature_mutation;valeur_fonciere;adresse_numero;adresse_suffixe;adresse_nom_voie;adresse_code_voie;code_postal;code_commune;nom_commune;code_departement;ancien_code_commune;ancien_nom_commune;id_parcelle;ancien_id_parcelle;numero_volume;lot1_numero;lot1_surface_carrez;lot2_numero;lot2_surface_carrez;lot3_numero;lot3_surface_carrez;lot4_numero;lot4_surface_carrez;lot5_numero;lot5_surface_carrez;nombre_lots;code_type_local;type_local;surface_reelle_bati;nombre_pieces_principales;code_nature_culture;nature_culture;code_nature_culture_speciale;nature_culture_speciale;surface_terrain;longitude;latitude;section_prefixe
"2025-58189";"2025-12-30";"1";"Vente";"225000.0";"92";"None";"PROM DES ANGLAIS";"0240";"06000";"06088";"Nice";"06";"None";"None";"06088000MO0188";"None";"None";"2";"nan";"65";"nan";"None";"nan";"None";"None";"None";"None";"2";"2";"Appartement";"29.0";"1.0";"None";"None";"None";"None";"nan";"7.247982";"43.691897";"000MO"
"2025-58189";"2025-12-30";"1";"Vente";"225000.0";"92";"None";"PROM DES ANGLAIS";"0240";"06000";"06088";"Nice";"06";"None";"None";"06088000MO0188";"None";"None";"2";"nan";"65";"nan";"None";"nan";"None";"None";"None";"None";"2";"3";"Dépendance";"nan";"0.0";"None";"None";"None";"None";"nan";"7.247982";"43.691897";"000MO"
"2025-58187";"2025-12-18";"1";"Vente";"111500.0";"105";"None";"PROM DES ANGLAIS";"0240";"06000";"06088";"Nice";"06";"None";"None";"06088000MO0209";"None";"None";"111";"10.76";"None";"nan";"None";"nan";"None";"None";"None";"None";"1";"2";"Appartement";"13.0";"1.0";"None";"None";"None";"None";"nan";"7.246044";"43.691236";"000MO"
"2025-57674";"2025-12-17";"1";"Vente";"210000.0";"126";"None";"RUE DE FRANCE";"2595";"06000";"06088";"Nice";"06";"None";"None";"06088000MO0550";"None";"None";"29";"31.48";"None";"nan";"None";"nan";"None";"None";"None";"None";"1";"2";"Appartement";"31.0";"1.0";"None";"None";"None";"None";"nan";"7.250655";"43.693744";"000MO"
"2025-57787";"2025-12-17";"1";"Vente";"1495000.0";"77";"None";"PROM DES ANGLAIS";"0240";"06000";"06088";"Nice";"06";"None";"None";"06088000MO0238";"None";"None";"167";"nan";"53";"114.24";"None";"nan";"None";"None";"None";"None";"2";"2";"Appartement";"122.0";"3.0";"None";"None";"None";"None";"nan";"7.249911";"43.692436";"000MO"
"2025-58229";"2025-12-17";"1";"Vente";"120000.0";"145";"None";"RUE DE FRANCE";"2595";"06000";"06088";"Nice";"06";"None";"None";"06088000MO0171";"None";"None";"35";"nan";"None";"nan";"None";"nan";"None";"None";"None";"None";"1";"2";"Appartement";"26.0";"1.0";"None";"None";"None";"None";"nan";"7.250193";"43.692988";"000MO"
"2025-58363";"2025-12-17";"1";"Vente";"265000.0";"126";"None";"RUE DE FRANCE";"2595";"06000";"06088";"Nice";"06";"None";"None";"06088000MO0550";"None";"None";"1";"74.28";"None";"nan";"None";"nan";"None";"None";"None";"None";"1";"2";"Appartement";"75.0";"3.0";"None";"None";"None";"None";"nan";"7.250655";"43.693744";"000MO"
"2025-57787";"2025-12-17";"1";"Vente";"1495000.0";"77";"None";"PROM DES ANGLAIS";"0240";"06000";"06088";"Nice";"06";"None";"None";"06088000MO0238";"None";"None";"167";"nan";"53";"114.24";"None";"nan";"None";"None";"None";"None";"2";"3";"Dépendance";"nan";"0.0";"None";"None";"None";"None";"nan";"7.249911";"43.692436";"000MO"
"2025-57787";"2025-12-17";"1";"Vente";"1495000.0";"79";"None";"PROM DES ANGLAIS";"0240";"06000";"06088";"Nice";"06";"None";"None";"06088000MO0238";"None";"None";"161";"nan";"None";"nan";"None";"nan";"None";"None";"None";"None";"1";"3";"Dépendance";"nan";"0.0";"None";"None";"None";"None";"nan";"7.249911";"43.692436";"000MO"
"2025-58229";"2025-12-17";"1";"Vente";"120000.0";"145";"None";"RUE DE FRANCE";"2595";"06000";"06088";"Nice";"06";"None";"None";"06088000MO0171";"None";"None";"35";"nan";"None";"nan";"None";"nan";"None";"None";"None";"None";"1";"3";"Dépendance";"nan";"0.0";"None";"None";"None";"None";"nan";"7.250193";"43.692988";"000MO"
"2025-57557";"2025-12-16";"1";"Vente";"210000.0";"134";"None";"RUE DE FRANCE";"2595";"06000";"06088";"Nice";"06";"None";"None";"06088000MO0442";"None";"None";"1098";"44.18";"None";"nan";"None";"nan";"None";"None";"None";"None";"1";"2";"Appartement";"41.0";"2.0";"None";"None";"None";"None";"nan";"7.249074";"43.693077";"000MO"
"2025-57629";"2025-12-16";"1";"Vente";"245000.0";"77";"None";"PROM DES ANGLAIS";"0240";"06000";"06088";"Nice";"06";"None";"None";"06088000MO0238";"None";"None";"40";"nan";"None";"nan";"None";"nan";"None";"None";"None";"None";"1";"2";"Appartement";"30.0";"1.0";"None";"None";"None";"None";"nan";"7.249911";"43.692436";"000MO"
"2025-58141";"2025-12-16";"1";"Vente";"400000.0";"147";"None";"RUE DE FRANCE";"2595";"06000";"06088";"Nice";"06";"None";"None";"06088000MO0237";"None";"None";"106";"nan";"48";"82.7";"None";"nan";"None";"None";"None";"None";"2";"2";"Appartement";"83.0";"3.0";"None";"None";"None";"None";"nan";"7.249728";"43.692755";"000MO"
"2025-57557";"2025-12-16";"1";"Vente";"210000.0";"134";"None";"RUE DE FRANCE";"2595";"06000";"06088";"Nice";"06";"None";"None";"06088000MO0442";"None";"None";"1002";"nan";"None";"nan";"None";"nan";"None";"None";"None";"None";"1";"3";"Dépendance";"nan";"0.0";"None";"None";"None";"None";"nan";"7.249074";"43.693077";"000MO"
"2025-57495";"2025-12-15";"1";"Vente";"680000.0";"83";"None";"PROM DES ANGLAIS";"0240";"06000";"06088";"Nice";"06";"None";"None";"06088000MO0178";"None";"None";"99";"83.5";"None";"nan";"None";"nan";"None";"None";"None";"None";"1";"2";"Appartement";"151.0";"5.0";"None";"None";"None";"None";"nan";"7.249108";"43.692398";"000MO"
"2025-57495";"2025-12-15";"1";"Vente";"680000.0";"83";"None";"PROM DES ANGLAIS";"0240";"06000";"06088";"Nice";"06";"None";"None";"06088000MO0178";"None";"None";"7";"nan";"None";"nan";"None";"nan";"None";"None";"None";"None";"1";"3";"Dépendance";"nan";"0.0";"None";"None";"None";"None";"nan";"7.249108";"43.692398";"000MO"
"2025-57495";"2025-12-15";"1";"Vente";"680000.0";"83";"None";"PROM DES ANGLAIS";"0240";"06000";"06088";"Nice";"06";"None";"None";"06088000MO0178";"None";"None";"88";"nan";"None";"nan";"None";"nan";"None";"None";"None";"None";"1";"3";"Dépendance";"nan";"0.0";"None";"None";"None";"None";"nan";"7.249108";"43.692398";"000MO"
"2025-57662";"2025-12-15";"1";"Vente";"46300.0";"147";"None";"RUE DE FRANCE";"2595";"06000";"06088";"Nice";"06";"None";"None";"06088000MO0237";"None";"None";"169";"nan";"None";"nan";"None";"nan";"None";"None";"None";"None";"1";"3";"Dépendance";"nan";"0.0";"None";"None";"None";"None";"nan";"7.249728";"43.692755";"000MO"
"2025-57371";"2025-12-12";"1";"Vente";"202300.0";"144";"None";"RUE DE FRANCE";"2595";"06000";"06088";"Nice";"06";"None";"None";"06088000MO0442";"None";"None";"6416";"nan";"6715";"26.3";"None";"nan";"None";"None";"None";"None";"2";"2";"Appartement";"26.0";"1.0";"None";"None";"None";"None";"nan";"7.249074";"43.693077";"000MO"
"2025-57371";"2025-12-12";"1";"Vente";"202300.0";"144";"None";"RUE DE FRANCE";"2595";"06000";"06088";"Nice";"06";"None";"None";"06088000MO0442";"None";"None";"6416";"nan";"6715";"26.3";"None";"nan";"None";"None";"None";"None";"2";"3";"Dépendance";"nan";"0.0";"None";"None";"None";"None";"nan";"7.249074";"43.693077";"000MO"
"2025-57692";"2025-12-11";"1";"Vente";"185000.0";"6";"None";"IMP SAINT LAURENT";"5845";"06000";"06088";"Nice";"06";"None";"None";"06088000MO0065";"None";"None";"6";"nan";"None";"nan";"None";"nan";"None";"None";"None";"None";"1";"2";"Appartement";"48.0";"3.0";"None";"None";"None";"None";"nan";"7.246544";"43.693332";"000MO"
"2025-57585";"2025-12-10";"1";"Vente";"210000.0";"143";"None";"RUE DE FRANCE";"2595";"06000";"06088";"Nice";"06";"None";"None";"06088000MO0170";"None";"None";"183";"29.52";"None";"nan";"None";"nan";"None";"None";"None";"None";"1";"2";"Appartement";"32.0";"1.0";"None";"None";"None";"None";"nan";"7.250586";"43.692851";"000MO"
"2025-57208";"2025-12-09";"1";"Vente";"473000.0";"3";"None";"RUE POINCARE";"5190";"06000";"06088";"Nice";"06";"None";"None";"06088000MO0185";"None";"None";"36";"nan";"74";"83.16";"None";"nan";"None";"None";"None";"None";"2";"2";"Appartement";"82.0";"3.0";"None";"None";"None";"None";"nan";"7.248177";"43.692124";"000MO"
"2025-57406";"2025-12-09";"1";"Vente";"95000.0";"137";"None";"RUE DE FRANCE";"2595";"06000";"06088";"Nice";"06";"None";"None";"06088000MO0168";"None";"None";"34";"12.85";"None";"nan";"None";"nan";"None";"None";"None";"None";"1";"2";"Appartement";"15.0";"1.0";"None";"None";"None";"None";"nan";"7.250703";"43.693101";"000MO"
"2025-57208";"2025-12-09";"1";"Vente";"473000.0";"3";"None";"RUE POINCARE";"5190";"06000";"06088";"Nice";"06";"None";"None";"06088000MO0185";"None";"None";"36";"nan";"74";"83.16";"None";"nan";"None";"None";"None";"None";"2";"3";"Dépendance";"nan";"0.0";"None";"None";"None";"None";"nan";"7.248177";"43.692124";"000MO"
"2025-57041";"2025-12-08";"1";"Vente";"300000.0";"143";"None";"RUE DE FRANCE";"2595";"06000";"06088";"Nice";"06";"None";"None";"06088000MO0170";"None";"None";"114";"nan";"165";"nan";"None";"nan";"None";"None";"None";"None";"2";"2";"Appartement";"55.0";"2.0";"None";"None";"None";"None";"nan";"7.250586";"43.692851";"000MO"
"2025-57041";"2025-12-08";"1";"Vente";"300000.0";"143";"None";"RUE DE FRANCE";"2595";"06000";"06088";"Nice";"06";"None";"None";"06088000MO0170";"None";"None";"114";"nan";"165";"nan";"None";"nan";"None";"None";"None";"None";"2";"3";"Dépendance";"nan";"0.0";"None";"None";"None";"None";"nan";"7.250586";"43.692851";"000MO"
"2025-57041";"2025-12-08";"1";"Vente";"300000.0";"143";"None";"RUE DE FRANCE";"2595";"06000";"06088";"Nice";"06";"None";"None";"06088000MO0170";"None";"None";"114";"nan";"165";"nan";"None";"nan";"None";"None";"None";"None";"2";"3";"Dépendance";"nan";"0.0";"None";"None";"None";"None";"nan";"7.250586";"43.692851";"000MO"
"2025-56866";"2025-11-28";"1";"Vente";"175000.0";"147";"None";"RUE DE FRANCE";"2595";"06000";"06088";"Nice";"06";"None";"None";"06088000MO0237";"None";"None";"113";"nan";"89";"27.25";"None";"nan";"None";"None";"None";"None";"2";"2";"Appartement";"29.0";"1.0";"None";"None";"None";"None";"nan";"7.249728";"43.692755";"000MO"
"2025-57432";"2025-11-28";"1";"Vente";"216000.0";"144";"None";"RUE DE FRANCE";"2595";"06000";"06088";"Nice";"06";"None";"None";"06088000MO0442";"None";"None";"6542";"nan";"None";"nan";"None";"nan";"None";"None";"None";"None";"1";"2";"Appartement";"42.0";"2.0";"None";"None";"None";"None";"nan";"7.249074";"43.693077";"000MO"
"2025-56723";"2025-11-28";"1";"Vente";"8000.0";"9";"None";"AV ADOLPHE ISNARD SERRAT";"0043";"06000";"06088";"Nice";"06";"None";"None";"06088000MO0002";"None";"None";"3";"nan";"None";"nan";"None";"nan";"None";"None";"None";"None";"1";"3";"Dépendance";"nan";"0.0";"None";"None";"None";"None";"nan";"7.244095";"43.694568";"000MO"
"2025-57131";"2025-11-28";"1";"Vente";"40000.0";"3";"B";"AV DES BAUMETTES";"0660";"06000";"06088";"Nice";"06";"None";"None";"06088000MO0302";"None";"None";"57";"nan";"None";"nan";"None";"nan";"None";"None";"None";"None";"1";"3";"Dépendance";"nan";"0.0";"None";"None";"None";"None";"nan";"7.250749";"43.694365";"000MO"
"2025-57311";"2025-11-28";"1";"Vente";"32000.0";"144";"None";"RUE DE FRANCE";"2595";"06000";"06088";"Nice";"06";"None";"None";"06088000MO0442";"None";"None";"6182";"nan";"None";"nan";"None";"nan";"None";"None";"None";"None";"1";"3";"Dépendance";"nan";"0.0";"None";"None";"None";"None";"nan";"7.249074";"43.693077";"000MO"
"2025-56328";"2025-11-25";"1";"Vente";"1205200.0";"93";"B";"PROM DES ANGLAIS";"0240";"06000";"06088";"Nice";"06";"None";"None";"06088000MO0189";"None";"None";"5";"nan";"55";"nan";"None";"nan";"None";"None";"None";"None";"2";"2";"Appartement";"120.0";"3.0";"None";"None";"None";"None";"nan";"7.247745";"43.691735";"000MO"
"2025-56328";"2025-11-25";"1";"Vente";"1205200.0";"93";"B";"PROM DES ANGLAIS";"0240";"06000";"06088";"Nice";"06";"None";"None";"06088000MO0189";"None";"None";"5";"nan";"55";"nan";"None";"nan";"None";"None";"None";"None";"2";"3";"Dépendance";"nan";"0.0";"None";"None";"None";"None";"nan";"7.247745";"43.691735";"000MO"
"2025-56478";"2025-11-24";"1";"Vente";"140000.0";"162";"None";"RUE DE FRANCE";"2595";"06000";"06088";"Nice";"06";"None";"None";"06088000MO0092";"None";"None";"3";"48.01";"None";"nan";"None";"nan";"None";"None";"None";"None";"1";"4";"Local industriel. commercial ou assimilé";"102.0";"0.0";"None";"None";"None";"None";"nan";"7.247253";"43.692571";"000MO"
"2025-56293";"2025-11-21";"1";"Vente";"330000.0";"4";"None";"RUE POINCARE";"5190";"06000";"06088";"Nice";"06";"None";"None";"06088000MO0546";"None";"None";"12";"nan";"32";"112.48";"None";"nan";"None";"None";"None";"None";"2";"2";"Appartement";"112.0";"3.0";"None";"None";"None";"None";"nan";"7.24858";"43.692397";"000MO"
"2025-56293";"2025-11-21";"1";"Vente";"330000.0";"4";"None";"RUE POINCARE";"5190";"06000";"06088";"Nice";"06";"None";"None";"06088000MO0546";"None";"None";"12";"nan";"32";"112.48";"None";"nan";"None";"None";"None";"None";"2";"3";"Dépendance";"nan";"0.0";"None";"None";"None";"None";"nan";"7.24858";"43.692397";"000MO"
"2025-56641";"2025-11-19";"1";"Vente";"392000.0";"102";"None";"RUE DE FRANCE";"2595";"06000";"06088";"Nice";"06";"None";"None";"06088000MO0348";"None";"None";"25";"nan";"75";"nan";"None";"nan";"None";"None";"None";"None";"2";"2";"Appartement";"65.0";"3.0";"None";"None";"None";"None";"nan";"7.251572";"43.694041";"000MO"
"2025-56641";"2025-11-19";"1";"Vente";"392000.0";"102";"None";"RUE DE FRANCE";"2595";"06000";"06088";"Nice";"06";"None";"None";"06088000MO0348";"None";"None";"25";"nan";"75";"nan";"None";"nan";"None";"None";"None";"None";"2";"3";"Dépendance";"nan";"0.0";"None";"None";"None";"None";"nan";"7.251572";"43.694041";"000MO"
"2025-55857";"2025-11-18";"1";"Vente";"550000.0";"75";"None";"PROM DES ANGLAIS";"0240";"06000";"06088";"Nice";"06";"None";"None";"06088000MO0172";"None";"None";"8";"nan";"87";"nan";"None";"nan";"None";"None";"None";"None";"2";"2";"Appartement";"91.0";"2.0";"None";"None";"None";"None";"nan";"7.250454";"43.69266";"000MO"
"2025-55986";"2025-11-18";"1";"Vente";"255000.0";"111";"None";"PROM DES ANGLAIS";"0240";"06000";"06088";"Nice";"06";"None";"None";"06088000MO0213";"None";"None";"24";"40.17";"None";"nan";"None";"nan";"None";"None";"None";"None";"1";"2";"Appartement";"34.0";"2.0";"None";"None";"None";"None";"nan";"7.245852";"43.691165";"000MO"
"2025-55857";"2025-11-18";"1";"Vente";"550000.0";"75";"None";"PROM DES ANGLAIS";"0240";"06000";"06088";"Nice";"06";"None";"None";"06088000MO0172";"None";"None";"8";"nan";"87";"nan";"None";"nan";"None";"None";"None";"None";"2";"3";"Dépendance";"nan";"0.0";"None";"None";"None";"None";"nan";"7.250454";"43.69266";"000MO"
"2025-55857";"2025-11-18";"1";"Vente";"550000.0";"75";"None";"PROM DES ANGLAIS";"0240";"06000";"06088";"Nice";"06";"None";"None";"06088000MO0172";"None";"None";"78";"nan";"None";"nan";"None";"nan";"None";"None";"None";"None";"1";"3";"Dépendance";"nan";"0.0";"None";"None";"None";"None";"nan";"7.250454";"43.69266";"000MO"
"2025-56170";"2025-11-14";"1";"Vente";"280000.0";"144";"None";"RUE DE FRANCE";"2595";"06000";"06088";"Nice";"06";"None";"None";"06088000MO0442";"None";"None";"6604";"nan";"None";"nan";"None";"nan";"None";"None";"None";"None";"1";"2";"Appartement";"33.0";"2.0";"None";"None";"None";"None";"nan";"7.249074";"43.693077";"000MO"
"2025-56170";"2025-11-14";"1";"Vente";"280000.0";"144";"None";"RUE DE FRANCE";"2595";"06000";"06088";"Nice";"06";"None";"None";"06088000MO0442";"None";"None";"6203";"nan";"None";"nan";"None";"nan";"None";"None";"None";"None";"1";"3";"Dépendance";"nan";"0.0";"None";"None";"None";"None";"nan";"7.249074";"43.693077";"000MO"
"2025-55770";"2025-11-12";"1";"Vente";"411340.0";"111";"None";"PROM DES ANGLAIS";"0240";"06000";"06088";"Nice";"06";"None";"None";"06088000MO0213";"None";"None";"37";"53.22";"92";"nan";"None";"nan";"None";"None";"None";"None";"2";"2";"Appartement";"50.0";"3.0";"None";"None";"None";"None";"nan";"7.245852";"43.691165";"000MO"
"2025-55770";"2025-11-12";"1";"Vente";"411340.0";"111";"None";"PROM DES ANGLAIS";"0240";"06000";"06088";"Nice";"06";"None";"None";"06088000MO0213";"None";"None";"37";"53.22";"92";"nan";"None";"nan";"None";"None";"None";"None";"2";"3";"Dépendance";"nan";"0.0";"None";"None";"None";"None";"nan";"7.245852";"43.691165";"000MO"
"2025-55993";"2025-11-10";"1";"Vente";"190000.0";"161";"None";"RUE DE FRANCE";"2595";"06000";"06088";"Nice";"06";"None";"None";"06088000MO0181";"None";"None";"31";"nan";"None";"nan";"None";"nan";"None";"None";"None";"None";"1";"4";"Local industriel. commercial ou assimilé";"25.0";"0.0";"None";"None";"None";"None";"nan";"7.248736";"43.692472";"000MO"
"2025-55993";"2025-11-10";"1";"Vente";"190000.0";"161";"None";"RUE DE FRANCE";"2595";"06000";"06088";"Nice";"06";"None";"None";"06088000MO0181";"None";"None";"30";"42.01";"None";"nan";"None";"nan";"None";"None";"None";"None";"1";"4";"Local industriel. commercial ou assimilé";"25.0";"0.0";"None";"None";"None";"None";"nan";"7.248736";"43.692472";"000MO"
"2025-55650";"2025-11-07";"1";"Vente";"240000.0";"5";"None";"RUE PAUL VALERY";"4910";"06000";"06088";"Nice";"06";"None";"None";"06088000MO0408";"None";"None";"17";"nan";"None";"nan";"None";"nan";"None";"None";"None";"None";"1";"2";"Appartement";"37.0";"2.0";"None";"None";"None";"None";"nan";"7.251112";"43.693284";"000MO"
"2025-55872";"2025-11-07";"1";"Vente";"260000.0";"134";"None";"RUE DE FRANCE";"2595";"06000";"06088";"Nice";"06";"None";"None";"06088000MO0442";"None";"None";"1120";"38.7";"None";"nan";"None";"nan";"None";"None";"None";"None";"1";"2";"Appartement";"38.0";"2.0";"None";"None";"None";"None";"nan";"7.249074";"43.693077";"000MO"
"2025-55828";"2025-11-05";"1";"Vente";"380000.0";"126";"None";"RUE DE FRANCE";"2595";"06000";"06088";"Nice";"06";"None";"None";"06088000MO0550";"None";"None";"141";"nan";"16";"74.04";"None";"nan";"None";"None";"None";"None";"2";"2";"Appartement";"74.0";"3.0";"None";"None";"None";"None";"nan";"7.250655";"43.693744";"000MO"
"2025-55828";"2025-11-05";"1";"Vente";"380000.0";"126";"None";"RUE DE FRANCE";"2595";"06000";"06088";"Nice";"06";"None";"None";"06088000MO0550";"None";"None";"141";"nan";"16";"74.04";"None";"nan";"None";"None";"None";"None";"2";"3";"Dépendance";"nan";"0.0";"None";"None";"None";"None";"nan";"7.250655";"43.693744";"000MO"
"2025-56191";"2025-11-05";"1";"Vente";"32000.0";"135";"None";"RUE DE FRANCE";"2595";"06000";"06088";"Nice";"06";"None";"None";"06088000MO0167";"None";"None";"238";"nan";"None";"nan";"None";"nan";"None";"None";"None";"None";"1";"3";"Dépendance";"nan";"0.0";"None";"None";"None";"None";"nan";"7.251029";"43.693045";"000MO"
"2025-55093";"2025-10-31";"1";"Vente";"175000.0";"154";"None";"RUE DE FRANCE";"2595";"06000";"06088";"Nice";"06";"None";"None";"06088000MO0566";"None";"None";"19";"38.49";"None";"nan";"None";"nan";"None";"None";"None";"None";"1";"2";"Appartement";"37.0";"1.0";"None";"None";"None";"None";"nan";"7.247686";"43.692714";"000MO"
"2025-56217";"2025-10-31";"1";"Vente";"380000.0";"102";"None";"RUE DE FRANCE";"2595";"06000";"06088";"Nice";"06";"None";"None";"06088000MO0348";"None";"None";"25";"nan";"75";"nan";"None";"nan";"None";"None";"None";"None";"2";"2";"Appartement";"65.0";"3.0";"None";"None";"None";"None";"nan";"7.251572";"43.694041";"000MO"
"2025-56312";"2025-10-31";"1";"Vente";"345000.0";"76";"None";"PROM DES ANGLAIS";"0240";"06000";"06088";"Nice";"06";"None";"None";"06088000MO0173";"None";"None";"10";"nan";"37";"nan";"None";"nan";"None";"None";"None";"None";"2";"2";"Appartement";"57.0";"2.0";"None";"None";"None";"None";"nan";"7.250237";"43.692592";"000MO"
"2025-55091";"2025-10-31";"1";"Vente";"48000.0";"154";"None";"RUE DE FRANCE";"2595";"06000";"06088";"Nice";"06";"None";"None";"06088000MO0566";"None";"None";"71";"nan";"None";"nan";"None";"nan";"None";"None";"None";"None";"1";"3";"Dépendance";"nan";"0.0";"None";"None";"None";"None";"nan";"7.247686";"43.692714";"000MO"
"2025-56217";"2025-10-31";"1";"Vente";"380000.0";"102";"None";"RUE DE FRANCE";"2595";"06000";"06088";"Nice";"06";"None";"None";"06088000MO0348";"None";"None";"25";"nan";"75";"nan";"None";"nan";"None";"None";"None";"None";"2";"3";"Dépendance";"nan";"0.0";"None";"None";"None";"None";"nan";"7.251572";"43.694041";"000MO"
"2025-56312";"2025-10-31";"1";"Vente";"345000.0";"76";"None";"PROM DES ANGLAIS";"0240";"06000";"06088";"Nice";"06";"None";"None";"06088000MO0173";"None";"None";"10";"nan";"37";"nan";"None";"nan";"None";"None";"None";"None";"2";"3";"Dépendance";"nan";"0.0";"None";"None";"None";"None";"nan";"7.250237";"43.692592";"000MO"
"2025-56312";"2025-10-31";"1";"Vente";"345000.0";"76";"None";"PROM DES ANGLAIS";"0240";"06000";"06088";"Nice";"06";"None";"None";"06088000MO0173";"None";"None";"21";"nan";"None";"nan";"None";"nan";"None";"None";"None";"None";"1";"3";"Dépendance";"nan";"0.0";"None";"None";"None";"None";"nan";"7.250237";"43.692592";"000MO"
"2025-55116";"2025-10-27";"1";"Vente";"244400.0";"175";"None";"RUE DE FRANCE";"2595";"06000";"06088";"Nice";"06";"None";"None";"06088000MO0564";"None";"None";"35";"nan";"95";"nan";"None";"nan";"None";"None";"None";"None";"2";"2";"Appartement";"52.0";"2.0";"None";"None";"None";"None";"nan";"7.247167";"43.691854";"000MO"
"2025-55116";"2025-10-27";"1";"Vente";"244400.0";"175";"None";"RUE DE FRANCE";"2595";"06000";"06088";"Nice";"06";"None";"None";"06088000MO0564";"None";"None";"35";"nan";"95";"nan";"None";"nan";"None";"None";"None";"None";"2";"3";"Dépendance";"nan";"0.0";"None";"None";"None";"None";"nan";"7.247167";"43.691854";"000MO"
"2025-55098";"2025-10-22";"1";"Vente";"350000.0";"159";"None";"RUE DE FRANCE";"2595";"06000";"06088";"Nice";"06";"None";"None";"06088000MO0178";"None";"None";"209";"nan";"259";"nan";"None";"nan";"None";"None";"None";"None";"2";"2";"Appartement";"74.0";"3.0";"None";"None";"None";"None";"nan";"7.249108";"43.692398";"000MO"
"2025-55718";"2025-10-22";"1";"Vente";"295900.0";"118";"None";"RUE DE FRANCE";"2595";"06000";"06088";"Nice";"06";"None";"None";"06088000MO0550";"None";"None";"250";"49.82";"None";"nan";"None";"nan";"None";"None";"None";"None";"1";"2";"Appartement";"50.0";"2.0";"None";"None";"None";"None";"nan";"7.250655";"43.693744";"000MO"
"2025-54926";"2025-10-22";"1";"Vente";"62000.0";"37";"None";"AV DES BAUMETTES";"0660";"06000";"06088";"Nice";"06";"None";"None";"06088000MO0117";"None";"None";"46";"nan";"None";"nan";"None";"nan";"None";"None";"None";"None";"1";"3";"Dépendance";"nan";"0.0";"None";"None";"None";"None";"nan";"7.248379";"43.694701";"000MO"
"2025-55098";"2025-10-22";"1";"Vente";"350000.0";"144";"None";"RUE DE FRANCE";"2595";"06000";"06088";"Nice";"06";"None";"None";"06088000MO0442";"None";"None";"6076";"nan";"None";"nan";"None";"nan";"None";"None";"None";"None";"1";"3";"Dépendance";"nan";"0.0";"None";"None";"None";"None";"nan";"7.249074";"43.693077";"000MO"
"2025-54522";"2025-10-16";"1";"Vente";"35000.0";"144";"None";"RUE DE FRANCE";"2595";"06000";"06088";"Nice";"06";"None";"None";"06088000MO0442";"None";"None";"6168";"nan";"None";"nan";"None";"nan";"None";"None";"None";"None";"1";"3";"Dépendance";"nan";"0.0";"None";"None";"None";"None";"nan";"7.249074";"43.693077";"000MO"
"2025-55219";"2025-10-15";"1";"Vente";"705000.0";"69";"None";"PROM DES ANGLAIS";"0240";"06000";"06088";"Nice";"06";"None";"None";"06088000MO0167";"None";"None";"41";"nan";"79";"73.82";"None";"nan";"None";"None";"None";"None";"2";"2";"Appartement";"67.0";"2.0";"None";"None";"None";"None";"nan";"7.251029";"43.693045";"000MO"
"2025-55219";"2025-10-15";"1";"Vente";"705000.0";"69";"None";"PROM DES ANGLAIS";"0240";"06000";"06088";"Nice";"06";"None";"None";"06088000MO0167";"None";"None";"41";"nan";"79";"73.82";"None";"nan";"None";"None";"None";"None";"2";"3";"Dépendance";"nan";"0.0";"None";"None";"None";"None";"nan";"7.251029";"43.693045";"000MO"
"2025-54789";"2025-10-14";"1";"Vente";"34500.0";"3";"B";"AV DES BAUMETTES";"0660";"06000";"06088";"Nice";"06";"None";"None";"06088000MO0302";"None";"None";"1";"nan";"None";"nan";"None";"nan";"None";"None";"None";"None";"1";"3";"Dépendance";"nan";"0.0";"None";"None";"None";"None";"nan";"7.250749";"43.694365";"000MO"
"2025-54548";"2025-10-13";"1";"Vente";"161000.0";"118";"None";"RUE DE FRANCE";"2595";"06000";"06088";"Nice";"06";"None";"None";"06088000MO0550";"None";"None";"253";"31.0";"None";"nan";"None";"nan";"None";"None";"None";"None";"1";"2";"Appartement";"30.0";"1.0";"None";"None";"None";"None";"nan";"7.250655";"43.693744";"000MO"
"2025-54548";"2025-10-13";"1";"Vente";"161000.0";"118";"None";"RUE DE FRANCE";"2595";"06000";"06088";"Nice";"06";"None";"None";"06088000MO0550";"None";"None";"253";"31.0";"None";"nan";"None";"nan";"None";"None";"None";"None";"1";"3";"Dépendance";"nan";"0.0";"None";"None";"None";"None";"nan";"7.250655";"43.693744";"000MO"
"2025-54433";"2025-10-10";"1";"Vente";"70000.0";"27";"None";"AV DES BAUMETTES";"0660";"06000";"06088";"Nice";"06";"None";"None";"06088000MO0122";"None";"None";"15";"17.54";"None";"nan";"None";"nan";"None";"None";"None";"None";"1";"3";"Dépendance";"nan";"0.0";"None";"None";"None";"None";"nan";"7.249816";"43.694408";"000MO"
"2025-53731";"2025-10-03";"1";"Vente";"1500000.0";"76";"None";"PROM DES ANGLAIS";"0240";"06000";"06088";"Nice";"06";"None";"None";"06088000MO0173";"None";"None";"41";"109.65";"5";"nan";"None";"nan";"None";"None";"None";"None";"2";"2";"Appartement";"107.0";"3.0";"None";"None";"None";"None";"nan";"7.250237";"43.692592";"000MO"
"2025-53731";"2025-10-03";"1";"Vente";"1500000.0";"76";"None";"PROM DES ANGLAIS";"0240";"06000";"06088";"Nice";"06";"None";"None";"06088000MO0173";"None";"None";"20";"nan";"None";"nan";"None";"nan";"None";"None";"None";"None";"1";"3";"Dépendance";"nan";"0.0";"None";"None";"None";"None";"nan";"7.250237";"43.692592";"000MO"
"2025-53731";"2025-10-03";"1";"Vente";"1500000.0";"76";"None";"PROM DES ANGLAIS";"0240";"06000";"06088";"Nice";"06";"None";"None";"06088000MO0173";"None";"None";"41";"109.65";"5";"nan";"None";"nan";"None";"None";"None";"None";"2";"3";"Dépendance";"nan";"0.0";"None";"None";"None";"None";"nan";"7.250237";"43.692592";"000MO"
"2025-53806";"2025-10-03";"1";"Vente";"35000.0";"9001";"None";"RUE GARDON";"2760";"06000";"06088";"Nice";"06";"None";"None";"06088000MO0564";"None";"None";"4";"nan";"None";"nan";"None";"nan";"None";"None";"None";"None";"1";"3";"Dépendance";"nan";"0.0";"None";"None";"None";"None";"nan";"7.247167";"43.691854";"000MO"
"2025-54044";"2025-10-01";"1";"Vente";"576105.0";"132";"None";"RUE DE FRANCE";"2595";"06000";"06088";"Nice";"06";"None";"None";"06088000MO0131";"None";"None";"34";"nan";"None";"nan";"None";"nan";"None";"None";"None";"None";"1";"2";"Appartement";"77.0";"3.0";"None";"None";"None";"None";"nan";"7.250383";"43.693592";"000MO"
"2025-54044";"2025-10-01";"1";"Vente";"576105.0";"132";"None";"RUE DE FRANCE";"2595";"06000";"06088";"Nice";"06";"None";"None";"06088000MO0131";"None";"None";"34";"nan";"None";"nan";"None";"nan";"None";"None";"None";"None";"1";"3";"Dépendance";"nan";"0.0";"None";"None";"None";"None";"nan";"7.250383";"43.693592";"000MO"
"2025-54044";"2025-10-01";"1";"Vente";"576105.0";"132";"None";"RUE DE FRANCE";"2595";"06000";"06088";"Nice";"06";"None";"None";"06088000MO0131";"None";"None";"20";"nan";"None";"nan";"None";"nan";"None";"None";"None";"None";"1";"3";"Dépendance";"nan";"0.0";"None";"None";"None";"None";"nan";"7.250383";"43.693592";"000MO"
"2025-54044";"2025-10-01";"1";"Vente";"576105.0";"132";"None";"RUE DE FRANCE";"2595";"06000";"06088";"Nice";"06";"None";"None";"06088000MO0131";"None";"None";"7";"nan";"None";"nan";"None";"nan";"None";"None";"None";"None";"1";"3";"Dépendance";"nan";"0.0";"None";"None";"None";"None";"nan";"7.250383";"43.693592";"000MO"
"2025-53621";"2025-09-29";"1";"Vente";"50000.0";"79";"None";"PROM DES ANGLAIS";"0240";"06000";"06088";"Nice";"06";"None";"None";"06088000MO0238";"None";"None";"125";"nan";"None";"nan";"None";"nan";"None";"None";"None";"None";"1";"3";"Dépendance";"nan";"0.0";"None";"None";"None";"None";"nan";"7.249911";"43.692436";"000MO"
"2025-53654";"2025-09-25";"1";"Vente";"238000.0";"179";"None";"RUE DE FRANCE";"2595";"06000";"06088";"Nice";"06";"None";"None";"06088000MO0193";"None";"None";"62";"31.22";"None";"nan";"None";"nan";"None";"None";"None";"None";"1";"2";"Appartement";"33.0";"1.0";"None";"None";"None";"None";"nan";"7.24689";"43.69171";"000MO"
"2025-53654";"2025-09-25";"1";"Vente";"238000.0";"179";"None";"RUE DE FRANCE";"2595";"06000";"06088";"Nice";"06";"None";"None";"06088000MO0193";"None";"None";"20";"nan";"None";"nan";"None";"nan";"None";"None";"None";"None";"1";"3";"Dépendance";"nan";"0.0";"None";"None";"None";"None";"nan";"7.24689";"43.69171";"000MO"
"2025-53686";"2025-09-22";"1";"Vente";"266000.0";"8";"None";"RUE AUGUSTE RENOIR";"0470";"06000";"06088";"Nice";"06";"None";"None";"06088000MO0471";"None";"None";"109";"nan";"90";"55.8";"None";"nan";"None";"None";"None";"None";"2";"2";"Appartement";"54.0";"3.0";"None";"None";"None";"None";"nan";"7.24985";"43.693748";"000MO"
"2025-53686";"2025-09-22";"1";"Vente";"266000.0";"8";"None";"RUE AUGUSTE RENOIR";"0470";"06000";"06088";"Nice";"06";"None";"None";"06088000MO0471";"None";"None";"109";"nan";"90";"55.8";"None";"nan";"None";"None";"None";"None";"2";"3";"Dépendance";"nan";"0.0";"None";"None";"None";"None";"nan";"7.24985";"43.693748";"000MO"
"2025-52944";"2025-09-17";"1";"Vente";"182000.0";"31";"None";"AV DES BAUMETTES";"0660";"06000";"06088";"Nice";"06";"None";"None";"06088000MO0120";"None";"None";"46";"35.86";"None";"nan";"None";"nan";"None";"None";"None";"None";"1";"2";"Appartement";"40.0";"2.0";"None";"None";"None";"None";"nan";"7.249428";"43.694455";"000MO"
"2025-52764";"2025-09-15";"1";"Vente";"155100.0";"143";"None";"RUE DE FRANCE";"2595";"06000";"06088";"Nice";"06";"None";"None";"06088000MO0170";"None";"None";"108";"nan";"162";"nan";"None";"nan";"None";"None";"None";"None";"2";"2";"Appartement";"31.0";"1.0";"None";"None";"None";"None";"nan";"7.250586";"43.692851";"000MO"
"2025-53218";"2025-09-15";"1";"Vente";"1300000.0";"93";"None";"PROM DES ANGLAIS";"0240";"06000";"06088";"Nice";"06";"None";"None";"06088000MO0189";"None";"None";"17";"nan";"43";"117.02";"None";"nan";"None";"None";"None";"None";"2";"2";"Appartement";"120.0";"3.0";"None";"None";"None";"None";"nan";"7.247745";"43.691735";"000MO"
"2025-52764";"2025-09-15";"1";"Vente";"155100.0";"143";"None";"RUE DE FRANCE";"2595";"06000";"06088";"Nice";"06";"None";"None";"06088000MO0170";"None";"None";"108";"nan";"162";"nan";"None";"nan";"None";"None";"None";"None";"2";"3";"Dépendance";"nan";"0.0";"None";"None";"None";"None";"nan";"7.250586";"43.692851";"000MO"
"2025-53218";"2025-09-15";"1";"Vente";"1300000.0";"93";"None";"PROM DES ANGLAIS";"0240";"06000";"06088";"Nice";"06";"None";"None";"06088000MO0189";"None";"None";"17";"nan";"43";"117.02";"None";"nan";"None";"None";"None";"None";"2";"3";"Dépendance";"nan";"0.0";"None";"None";"None";"None";"nan";"7.247745";"43.691735";"000MO"
"2025-52798";"2025-09-12";"1";"Vente";"1025000.0";"100";"None";"RUE DE FRANCE";"2595";"06000";"06088";"Nice";"06";"None";"None";"06088000MO0348";"None";"None";"120";"nan";"49";"nan";"None";"nan";"None";"None";"None";"None";"2";"2";"Appartement";"115.0";"3.0";"None";"None";"None";"None";"nan";"7.251572";"43.694041";"000MO"
"2025-52798";"2025-09-12";"1";"Vente";"1025000.0";"100";"None";"RUE DE FRANCE";"2595";"06000";"06088";"Nice";"06";"None";"None";"06088000MO0348";"None";"None";"120";"nan";"49";"nan";"None";"nan";"None";"None";"None";"None";"2";"3";"Dépendance";"nan";"0.0";"None";"None";"None";"None";"nan";"7.251572";"43.694041";"000MO"
"2025-52798";"2025-09-12";"1";"Vente";"1025000.0";"100";"None";"RUE DE FRANCE";"2595";"06000";"06088";"Nice";"06";"None";"None";"06088000MO0348";"None";"None";"120";"nan";"49";"nan";"None";"nan";"None";"None";"None";"None";"2";"3";"Dépendance";"nan";"0.0";"None";"None";"None";"None";"nan";"7.251572";"43.694041";"000MO"
"2025-52995";"2025-09-11";"1";"Vente";"321000.0";"45";"None";"AV DES BAUMETTES";"0660";"06000";"06088";"Nice";"06";"None";"None";"06088000MO0045";"None";"None";"203";"nan";"251";"nan";"None";"nan";"None";"None";"None";"None";"2";"2";"Appartement";"72.0";"3.0";"None";"None";"None";"None";"nan";"7.247845";"43.69594";"000MO"
"2025-52995";"2025-09-11";"1";"Vente";"321000.0";"45";"None";"AV DES BAUMETTES";"0660";"06000";"06088";"Nice";"06";"None";"None";"06088000MO0045";"None";"None";"203";"nan";"251";"nan";"None";"nan";"None";"None";"None";"None";"2";"3";"Dépendance";"nan";"0.0";"None";"None";"None";"None";"nan";"7.247845";"43.69594";"000MO"
"2025-52827";"2025-09-10";"1";"Vente";"139400.0";"22";"None";"RUE LOUIS DE COPPET";"3745";"06000";"06088";"Nice";"06";"None";"None";"06088000MO0070";"None";"None";"82";"20.4";"None";"nan";"None";"nan";"None";"None";"None";"None";"1";"2";"Appartement";"20.0";"1.0";"None";"None";"None";"None";"nan";"7.246825";"43.69279";"000MO"
"2025-52439";"2025-09-04";"1";"Vente";"415000.0";"147";"None";"RUE DE FRANCE";"2595";"06000";"06088";"Nice";"06";"None";"None";"06088000MO0237";"None";"None";"120";"nan";"72";"83.16";"None";"nan";"None";"None";"None";"None";"2";"2";"Appartement";"83.0";"3.0";"None";"None";"None";"None";"nan";"7.249728";"43.692755";"000MO"
"2025-52434";"2025-09-02";"1";"Vente";"253000.0";"8";"B";"IMP SAINT LAURENT";"5845";"06000";"06088";"Nice";"06";"None";"None";"06088000MO0243";"None";"None";"85";"nan";"None";"nan";"None";"nan";"None";"None";"None";"None";"1";"2";"Appartement";"47.0";"2.0";"None";"None";"None";"None";"nan";"7.246735";"43.693682";"000MO"
"2025-53514";"2025-09-02";"1";"Vente";"648000.0";"92";"None";"PROM DES ANGLAIS";"0240";"06000";"06088";"Nice";"06";"None";"None";"06088000MO0188";"None";"None";"16";"nan";"81";"nan";"None";"nan";"None";"None";"None";"None";"2";"2";"Appartement";"75.0";"3.0";"None";"None";"None";"None";"nan";"7.247982";"43.691897";"000MO"
"2025-52434";"2025-09-02";"1";"Vente";"253000.0";"8";"B";"IMP SAINT LAURENT";"5845";"06000";"06088";"Nice";"06";"None";"None";"06088000MO0243";"None";"None";"26";"nan";"None";"nan";"None";"nan";"None";"None";"None";"None";"1";"3";"Dépendance";"nan";"0.0";"None";"None";"None";"None";"nan";"7.246735";"43.693682";"000MO"
"2025-52434";"2025-09-02";"1";"Vente";"253000.0";"8";"B";"IMP SAINT LAURENT";"5845";"06000";"06088";"Nice";"06";"None";"None";"06088000MO0243";"None";"None";"85";"nan";"None";"nan";"None";"nan";"None";"None";"None";"None";"1";"3";"Dépendance";"nan";"0.0";"None";"None";"None";"None";"nan";"7.246735";"43.693682";"000MO"
"2025-53514";"2025-09-02";"1";"Vente";"648000.0";"92";"None";"PROM DES ANGLAIS";"0240";"06000";"06088";"Nice";"06";"None";"None";"06088000MO0188";"None";"None";"56";"nan";"None";"nan";"None";"nan";"None";"None";"None";"None";"1";"3";"Dépendance";"nan";"0.0";"None";"None";"None";"None";"nan";"7.247982";"43.691897";"000MO"
"2025-53514";"2025-09-02";"1";"Vente";"648000.0";"92";"None";"PROM DES ANGLAIS";"0240";"06000";"06088";"Nice";"06";"None";"None";"06088000MO0188";"None";"None";"16";"nan";"81";"nan";"None";"nan";"None";"None";"None";"None";"2";"3";"Dépendance";"nan";"0.0";"None";"None";"None";"None";"nan";"7.247982";"43.691897";"000MO"
"2025-52387";"2025-09-01";"1";"Vente";"385000.0";"160";"None";"RUE DE FRANCE";"2595";"06000";"06088";"Nice";"06";"None";"None";"06088000MO0399";"None";"None";"11";"67.26";"None";"nan";"None";"nan";"None";"None";"None";"None";"1";"2";"Appartement";"66.0";"3.0";"None";"None";"None";"None";"nan";"7.247758";"43.693082";"000MO"
"2025-52529";"2025-08-25";"1";"Vente";"100000.0";"37";"None";"AV DES BAUMETTES";"0660";"06000";"06088";"Nice";"06";"None";"None";"06088000MO0117";"None";"None";"28";"nan";"77";"nan";"None";"nan";"None";"None";"None";"None";"2";"2";"Appartement";"46.0";"1.0";"None";"None";"None";"None";"nan";"7.248379";"43.694701";"000MO"
"2025-52529";"2025-08-25";"1";"Vente";"100000.0";"37";"None";"AV DES BAUMETTES";"0660";"06000";"06088";"Nice";"06";"None";"None";"06088000MO0117";"None";"None";"40";"nan";"None";"nan";"None";"nan";"None";"None";"None";"None";"1";"3";"Dépendance";"nan";"0.0";"None";"None";"None";"None";"nan";"7.248379";"43.694701";"000MO"
"2025-52529";"2025-08-25";"1";"Vente";"100000.0";"37";"None";"AV DES BAUMETTES";"0660";"06000";"06088";"Nice";"06";"None";"None";"06088000MO0117";"None";"None";"28";"nan";"77";"nan";"None";"nan";"None";"None";"None";"None";"2";"3";"Dépendance";"nan";"0.0";"None";"None";"None";"None";"nan";"7.248379";"43.694701";"000MO"
"2025-52199";"2025-08-22";"1";"Vente";"180000.0";"91";"None";"PROM DES ANGLAIS";"0240";"06000";"06088";"Nice";"06";"None";"None";"06088000MO0184";"None";"None";"53";"nan";"None";"nan";"None";"nan";"None";"None";"None";"None";"1";"2";"Appartement";"36.0";"1.0";"None";"None";"None";"None";"nan";"7.248366";"43.691919";"000MO"
"2025-52404";"2025-08-22";"1";"Vente";"120000.0";"37";"None";"AV DES BAUMETTES";"0660";"06000";"06088";"Nice";"06";"None";"None";"06088000MO0117";"None";"None";"71";"nan";"8";"nan";"None";"nan";"None";"None";"None";"None";"2";"2";"Appartement";"46.0";"1.0";"None";"None";"None";"None";"nan";"7.248379";"43.694701";"000MO"
"2025-52182";"2025-08-22";"1";"Vente";"60000.0";"92";"None";"PROM DES ANGLAIS";"0240";"06000";"06088";"Nice";"06";"None";"None";"06088000MO0188";"None";"None";"57";"nan";"None";"nan";"None";"nan";"None";"None";"None";"None";"1";"3";"Dépendance";"nan";"0.0";"None";"None";"None";"None";"nan";"7.247982";"43.691897";"000MO"
"2025-52404";"2025-08-22";"1";"Vente";"120000.0";"37";"None";"AV DES BAUMETTES";"0660";"06000";"06088";"Nice";"06";"None";"None";"06088000MO0117";"None";"None";"71";"nan";"8";"nan";"None";"nan";"None";"None";"None";"None";"2";"3";"Dépendance";"nan";"0.0";"None";"None";"None";"None";"nan";"7.248379";"43.694701";"000MO"
"2025-51565";"2025-08-04";"1";"Vente";"153000.0";"77";"None";"PROM DES ANGLAIS";"0240";"06000";"06088";"Nice";"06";"None";"None";"06088000MO0238";"None";"None";"38";"nan";"None";"nan";"None";"nan";"None";"None";"None";"None";"1";"2";"Appartement";"25.0";"1.0";"None";"None";"None";"None";"nan";"7.249911";"43.692436";"000MO"
"2025-51565";"2025-08-04";"1";"Vente";"153000.0";"77";"None";"PROM DES ANGLAIS";"0240";"06000";"06088";"Nice";"06";"None";"None";"06088000MO0238";"None";"None";"38";"nan";"None";"nan";"None";"nan";"None";"None";"None";"None";"1";"3";"Dépendance";"nan";"0.0";"None";"None";"None";"None";"nan";"7.249911";"43.692436";"000MO"
"2025-51712";"2025-07-31";"1";"Vente";"230000.0";"144";"None";"RUE DE FRANCE";"2595";"06000";"06088";"Nice";"06";"None";"None";"06088000MO0442";"None";"None";"6578";"32.35";"None";"nan";"None";"nan";"None";"None";"None";"None";"1";"2";"Appartement";"35.0";"2.0";"None";"None";"None";"None";"nan";"7.249074";"43.693077";"000MO"
"2025-51712";"2025-07-31";"1";"Vente";"230000.0";"144";"None";"RUE DE FRANCE";"2595";"06000";"06088";"Nice";"06";"None";"None";"06088000MO0442";"None";"None";"6578";"32.35";"None";"nan";"None";"nan";"None";"None";"None";"None";"1";"3";"Dépendance";"nan";"0.0";"None";"None";"None";"None";"nan";"7.249074";"43.693077";"000MO"
"2025-51712";"2025-07-31";"1";"Vente";"230000.0";"144";"None";"RUE DE FRANCE";"2595";"06000";"06088";"Nice";"06";"None";"None";"06088000MO0442";"None";"None";"6030";"nan";"None";"nan";"None";"nan";"None";"None";"None";"None";"1";"3";"Dépendance";"nan";"0.0";"None";"None";"None";"None";"nan";"7.249074";"43.693077";"000MO"
"2025-51635";"2025-07-29";"1";"Vente";"37000.0";"126";"None";"RUE DE FRANCE";"2595";"06000";"06088";"Nice";"06";"None";"None";"06088000MO0550";"None";"None";"121";"nan";"None";"nan";"None";"nan";"None";"None";"None";"None";"1";"3";"Dépendance";"nan";"0.0";"None";"None";"None";"None";"nan";"7.250655";"43.693744";"000MO"
"2025-51261";"2025-07-28";"1";"Vente";"165000.0";"144";"None";"RUE DE FRANCE";"2595";"06000";"06088";"Nice";"06";"None";"None";"06088000MO0442";"None";"None";"6501";"22.0";"None";"nan";"None";"nan";"None";"None";"None";"None";"1";"2";"Appartement";"22.0";"1.0";"None";"None";"None";"None";"nan";"7.249074";"43.693077";"000MO"
"2025-50674";"2025-07-28";"1";"Vente";"25000.0";"144";"None";"RUE DE FRANCE";"2595";"06000";"06088";"Nice";"06";"None";"None";"06088000MO0442";"None";"None";"6152";"nan";"None";"nan";"None";"nan";"None";"None";"None";"None";"1";"3";"Dépendance";"nan";"0.0";"None";"None";"None";"None";"nan";"7.249074";"43.693077";"000MO"
"2025-51835";"2025-07-25";"1";"Vente";"270000.0";"63";"None";"PROM DES ANGLAIS";"0240";"06000";"06088";"Nice";"06";"None";"None";"06088000MO0160";"None";"None";"2";"nan";"57";"nan";"None";"nan";"None";"None";"None";"None";"2";"2";"Appartement";"35.0";"1.0";"None";"None";"None";"None";"nan";"7.252144";"43.693193";"000MO"
"2025-51835";"2025-07-25";"1";"Vente";"270000.0";"63";"None";"PROM DES ANGLAIS";"0240";"06000";"06088";"Nice";"06";"None";"None";"06088000MO0160";"None";"None";"2";"nan";"57";"nan";"None";"nan";"None";"None";"None";"None";"2";"3";"Dépendance";"nan";"0.0";"None";"None";"None";"None";"nan";"7.252144";"43.693193";"000MO"
"2025-51076";"2025-07-22";"1";"Vente";"520000.0";"191";"None";"RUE DE FRANCE";"2595";"06000";"06088";"Nice";"06";"None";"None";"06088000MO0214";"None";"None";"11";"nan";"3";"125.99";"None";"nan";"None";"None";"None";"None";"2";"2";"Appartement";"117.0";"4.0";"None";"None";"None";"None";"nan";"7.245648";"43.691395";"000MO"
"2025-50369";"2025-07-22";"1";"Vente";"18000.0";"3";"B";"AV DES BAUMETTES";"0660";"06000";"06088";"Nice";"06";"None";"None";"06088000MO0302";"None";"None";"133";"nan";"None";"nan";"None";"nan";"None";"None";"None";"None";"1";"3";"Dépendance";"nan";"0.0";"None";"None";"None";"None";"nan";"7.250749";"43.694365";"000MO"
"2025-51076";"2025-07-22";"1";"Vente";"520000.0";"191";"None";"RUE DE FRANCE";"2595";"06000";"06088";"Nice";"06";"None";"None";"06088000MO0214";"None";"None";"11";"nan";"3";"125.99";"None";"nan";"None";"None";"None";"None";"2";"3";"Dépendance";"nan";"0.0";"None";"None";"None";"None";"nan";"7.245648";"43.691395";"000MO"
"2025-51163";"2025-07-21";"1";"Vente";"195000.0";"45";"None";"AV DES BAUMETTES";"0660";"06000";"06088";"Nice";"06";"None";"None";"06088000MO0045";"None";"None";"195";"44.26";"None";"nan";"None";"nan";"None";"None";"None";"None";"1";"2";"Appartement";"44.0";"2.0";"None";"None";"None";"None";"nan";"7.247845";"43.69594";"000MO"
"2025-50623";"2025-07-21";"1";"Vente";"30000.0";"162";"None";"RUE DE FRANCE";"2595";"06000";"06088";"Nice";"06";"None";"None";"06088000MO0092";"None";"None";"135";"nan";"None";"nan";"None";"nan";"None";"None";"None";"None";"1";"3";"Dépendance";"nan";"0.0";"None";"None";"None";"None";"nan";"7.247253";"43.692571";"000MO"
"2025-50625";"2025-07-21";"1";"Vente";"35000.0";"162";"None";"RUE DE FRANCE";"2595";"06000";"06088";"Nice";"06";"None";"None";"06088000MO0092";"None";"None";"144";"nan";"None";"nan";"None";"nan";"None";"None";"None";"None";"1";"3";"Dépendance";"nan";"0.0";"None";"None";"None";"None";"nan";"7.247253";"43.692571";"000MO"
"2025-50815";"2025-07-18";"1";"Vente";"30000.0";"169";"None";"RUE DE FRANCE";"2595";"06000";"06088";"Nice";"06";"None";"None";"06088000MO0187";"None";"None";"30";"8.64";"None";"nan";"None";"nan";"None";"None";"None";"None";"1";"3";"Dépendance";"nan";"0.0";"None";"None";"None";"None";"nan";"7.247818";"43.692107";"000MO"
"2025-50054";"2025-07-16";"1";"Vente";"39000.0";"185";"None";"RUE DE FRANCE";"2595";"06000";"06088";"Nice";"06";"None";"None";"06088000MO0488";"None";"None";"3";"nan";"None";"nan";"None";"nan";"None";"None";"None";"None";"1";"3";"Dépendance";"nan";"0.0";"None";"None";"None";"None";"nan";"7.246306";"43.691623";"000MO"
"2025-50055";"2025-07-15";"1";"Vente";"550000.0";"99";"None";"PROM DES ANGLAIS";"0240";"06000";"06088";"Nice";"06";"None";"None";"06088000MO0197";"None";"None";"21";"81.1";"6";"nan";"None";"nan";"None";"None";"None";"None";"2";"2";"Appartement";"75.0";"3.0";"None";"None";"None";"None";"nan";"7.247064";"43.691497";"000MO"
"2025-50327";"2025-07-15";"1";"Vente";"160000.0";"2";"None";"IMP SAINT LAURENT";"5845";"06000";"06088";"Nice";"06";"None";"None";"06088000MO0069";"None";"None";"32";"23.85";"None";"nan";"None";"nan";"None";"None";"None";"None";"1";"2";"Appartement";"26.0";"2.0";"None";"None";"None";"None";"nan";"7.246694";"43.692993";"000MO"
"2025-50055";"2025-07-15";"1";"Vente";"550000.0";"99";"None";"PROM DES ANGLAIS";"0240";"06000";"06088";"Nice";"06";"None";"None";"06088000MO0197";"None";"None";"21";"81.1";"6";"nan";"None";"nan";"None";"None";"None";"None";"2";"3";"Dépendance";"nan";"0.0";"None";"None";"None";"None";"nan";"7.247064";"43.691497";"000MO"
"2025-50327";"2025-07-15";"1";"Vente";"160000.0";"2";"None";"IMP SAINT LAURENT";"5845";"06000";"06088";"Nice";"06";"None";"None";"06088000MO0069";"None";"None";"32";"23.85";"None";"nan";"None";"nan";"None";"None";"None";"None";"1";"3";"Dépendance";"nan";"0.0";"None";"None";"None";"None";"nan";"7.246694";"43.692993";"000MO"
"2025-50746";"2025-07-10";"1";"Vente";"162000.0";"105";"None";"PROM DES ANGLAIS";"0240";"06000";"06088";"Nice";"06";"None";"None";"06088000MO0209";"None";"None";"114";"nan";"None";"nan";"None";"nan";"None";"None";"None";"None";"1";"2";"Appartement";"25.0";"1.0";"None";"None";"None";"None";"nan";"7.246044";"43.691236";"000MO"
"2025-50748";"2025-07-10";"1";"Vente";"50000.0";"79";"None";"PROM DES ANGLAIS";"0240";"06000";"06088";"Nice";"06";"None";"None";"06088000MO0238";"None";"None";"149";"nan";"None";"nan";"None";"nan";"None";"None";"None";"None";"1";"3";"Dépendance";"nan";"0.0";"None";"None";"None";"None";"nan";"7.249911";"43.692436";"000MO"
"2025-50373";"2025-07-09";"1";"Vente";"70000.0";"137";"None";"RUE DE FRANCE";"2595";"06000";"06088";"Nice";"06";"None";"None";"06088000MO0168";"None";"None";"37";"13.72";"None";"nan";"None";"nan";"None";"None";"None";"None";"1";"2";"Appartement";"15.0";"1.0";"None";"None";"None";"None";"nan";"7.250703";"43.693101";"000MO"
"2025-50306";"2025-07-08";"1";"Vente";"70000.0";"8";"B";"IMP SAINT LAURENT";"5845";"06000";"06088";"Nice";"06";"None";"None";"06088000MO0243";"None";"None";"68";"88.35";"None";"nan";"None";"nan";"None";"None";"None";"None";"1";"2";"Appartement";"88.0";"5.0";"None";"None";"None";"None";"nan";"7.246735";"43.693682";"000MO"
"2025-50306";"2025-07-08";"1";"Vente";"70000.0";"8";"B";"IMP SAINT LAURENT";"5845";"06000";"06088";"Nice";"06";"None";"None";"06088000MO0243";"None";"None";"68";"88.35";"None";"nan";"None";"nan";"None";"None";"None";"None";"1";"3";"Dépendance";"nan";"0.0";"None";"None";"None";"None";"nan";"7.246735";"43.693682";"000MO"
"2025-50306";"2025-07-08";"1";"Vente";"70000.0";"8";"B";"IMP SAINT LAURENT";"5845";"06000";"06088";"Nice";"06";"None";"None";"06088000MO0243";"None";"None";"10";"nan";"None";"nan";"None";"nan";"None";"None";"None";"None";"1";"3";"Dépendance";"nan";"0.0";"None";"None";"None";"None";"nan";"7.246735";"43.693682";"000MO"
"2025-51171";"2025-07-04";"1";"Vente";"99000.0";"11";"None";"AV ADOLPHE ISNARD SERRAT";"0043";"06000";"06088";"Nice";"06";"None";"None";"06088000MO0036";"None";"None";"5";"nan";"None";"nan";"None";"nan";"None";"None";"None";"None";"1";"2";"Appartement";"36.0";"2.0";"None";"None";"None";"None";"nan";"7.244466";"43.694571";"000MO"
"2025-49534";"2025-06-30";"1";"Vente";"390000.0";"1";"None";"RUE PAUL VALERY";"4910";"06000";"06088";"Nice";"06";"None";"None";"06088000MO0164";"None";"None";"69";"nan";"86";"nan";"None";"nan";"None";"None";"None";"None";"2";"2";"Appartement";"55.0";"2.0";"None";"None";"None";"None";"nan";"7.251248";"43.693077";"000MO"
"2025-49534";"2025-06-30";"1";"Vente";"390000.0";"1";"None";"RUE PAUL VALERY";"4910";"06000";"06088";"Nice";"06";"None";"None";"06088000MO0164";"None";"None";"69";"nan";"86";"nan";"None";"nan";"None";"None";"None";"None";"2";"3";"Dépendance";"nan";"0.0";"None";"None";"None";"None";"nan";"7.251248";"43.693077";"000MO"
"2025-49534";"2025-06-30";"1";"Vente";"390000.0";"1";"None";"RUE PAUL VALERY";"4910";"06000";"06088";"Nice";"06";"None";"None";"06088000MO0164";"None";"None";"69";"nan";"86";"nan";"None";"nan";"None";"None";"None";"None";"2";"3";"Dépendance";"nan";"0.0";"None";"None";"None";"None";"nan";"7.251248";"43.693077";"000MO"
"2025-49540";"2025-06-27";"1";"Vente";"36000.0";"185";"None";"RUE DE FRANCE";"2595";"06000";"06088";"Nice";"06";"None";"None";"06088000MO0488";"None";"None";"13";"nan";"None";"nan";"None";"nan";"None";"None";"None";"None";"1";"3";"Dépendance";"nan";"0.0";"None";"None";"None";"None";"nan";"7.246306";"43.691623";"000MO"
"2025-49719";"2025-06-26";"1";"Vente";"348980.0";"145";"None";"RUE DE FRANCE";"2595";"06000";"06088";"Nice";"06";"None";"None";"06088000MO0171";"None";"None";"21";"nan";"45";"60.64";"None";"nan";"None";"None";"None";"None";"2";"2";"Appartement";"55.0";"2.0";"None";"None";"None";"None";"nan";"7.250193";"43.692988";"000MO"
"2025-49686";"2025-06-26";"1";"Vente";"20000.0";"41";"None";"AV DES BAUMETTES";"0660";"06000";"06088";"Nice";"06";"None";"None";"06088000MO0050";"None";"None";"98";"nan";"None";"nan";"None";"nan";"None";"None";"None";"None";"1";"3";"Dépendance";"nan";"0.0";"None";"None";"None";"None";"nan";"7.24808";"43.695363";"000MO"
"2025-49719";"2025-06-26";"1";"Vente";"348980.0";"145";"None";"RUE DE FRANCE";"2595";"06000";"06088";"Nice";"06";"None";"None";"06088000MO0171";"None";"None";"21";"nan";"45";"60.64";"None";"nan";"None";"None";"None";"None";"2";"3";"Dépendance";"nan";"0.0";"None";"None";"None";"None";"nan";"7.250193";"43.692988";"000MO"
"2025-48877";"2025-06-23";"1";"Vente";"540000.0";"171";"None";"RUE DE FRANCE";"2595";"06000";"06088";"Nice";"06";"None";"None";"06088000MO0190";"None";"None";"25";"79.74";"None";"nan";"None";"nan";"None";"None";"None";"None";"1";"2";"Appartement";"78.0";"3.0";"None";"None";"None";"None";"nan";"7.247575";"43.691992";"000MO"
"2025-48877";"2025-06-23";"1";"Vente";"540000.0";"171";"None";"RUE DE FRANCE";"2595";"06000";"06088";"Nice";"06";"None";"None";"06088000MO0190";"None";"None";"25";"79.74";"None";"nan";"None";"nan";"None";"None";"None";"None";"1";"3";"Dépendance";"nan";"0.0";"None";"None";"None";"None";"nan";"7.247575";"43.691992";"000MO"
"2025-49867";"2025-06-20";"1";"Vente";"257104.0";"98";"None";"RUE DE FRANCE";"2595";"06000";"06088";"Nice";"06";"None";"None";"06088000MO0544";"None";"None";"105";"nan";"47";"39.81";"None";"nan";"None";"None";"None";"None";"2";"2";"Appartement";"40.0";"1.0";"None";"None";"None";"None";"nan";"7.251874";"43.694138";"000MO"
"2025-49867";"2025-06-20";"1";"Vente";"257104.0";"98";"None";"RUE DE FRANCE";"2595";"06000";"06088";"Nice";"06";"None";"None";"06088000MO0544";"None";"None";"105";"nan";"47";"39.81";"None";"nan";"None";"None";"None";"None";"2";"3";"Dépendance";"nan";"0.0";"None";"None";"None";"None";"nan";"7.251874";"43.694138";"000MO"
"2025-49867";"2025-06-20";"1";"Vente";"257104.0";"98";"None";"RUE DE FRANCE";"2595";"06000";"06088";"Nice";"06";"None";"None";"06088000MO0544";"None";"None";"105";"nan";"47";"39.81";"None";"nan";"None";"None";"None";"None";"2";"3";"Dépendance";"nan";"0.0";"None";"None";"None";"None";"nan";"7.251874";"43.694138";"000MO"
"2025-48870";"2025-06-18";"1";"Vente";"473470.0";"1";"None";"RUE PAUL VALERY";"4910";"06000";"06088";"Nice";"06";"None";"None";"06088000MO0164";"None";"None";"56";"nan";"None";"nan";"None";"nan";"None";"None";"None";"None";"1";"2";"Appartement";"58.0";"2.0";"None";"None";"None";"None";"nan";"7.251248";"43.693077";"000MO"
"2025-49180";"2025-06-17";"1";"Vente";"266800.0";"41";"None";"AV DES BAUMETTES";"0660";"06000";"06088";"Nice";"06";"None";"None";"06088000MO0050";"None";"None";"63";"nan";"78";"64.2";"None";"nan";"None";"None";"None";"None";"2";"2";"Appartement";"67.0";"2.0";"None";"None";"None";"None";"nan";"7.24808";"43.695363";"000MO"
"2025-49327";"2025-06-17";"1";"Vente";"712500.0";"98";"None";"RUE DE FRANCE";"2595";"06000";"06088";"Nice";"06";"None";"None";"06088000MO0544";"None";"None";"31";"100.4";"82";"nan";"None";"nan";"None";"None";"None";"None";"2";"2";"Appartement";"100.0";"3.0";"None";"None";"None";"None";"nan";"7.251874";"43.694138";"000MO"
"2025-49180";"2025-06-17";"1";"Vente";"266800.0";"41";"None";"AV DES BAUMETTES";"0660";"06000";"06088";"Nice";"06";"None";"None";"06088000MO0050";"None";"None";"63";"nan";"78";"64.2";"None";"nan";"None";"None";"None";"None";"2";"3";"Dépendance";"nan";"0.0";"None";"None";"None";"None";"nan";"7.24808";"43.695363";"000MO"
"2025-48461";"2025-06-05";"1";"Vente";"625000.0";"3";"B";"AV DES BAUMETTES";"0660";"06000";"06088";"Nice";"06";"None";"None";"06088000MO0302";"None";"None";"130";"nan";"None";"nan";"None";"nan";"None";"None";"None";"None";"1";"3";"Dépendance";"nan";"0.0";"None";"None";"None";"None";"nan";"7.250749";"43.694365";"000MO"
"2025-48526";"2025-06-03";"1";"Vente";"130000.0";"5";"None";"RUE PAUL VALERY";"4910";"06000";"06088";"Nice";"06";"None";"None";"06088000MO0407";"None";"None";"22";"18.32";"None";"nan";"None";"nan";"None";"None";"None";"None";"1";"2";"Appartement";"18.0";"1.0";"None";"None";"None";"None";"nan";"7.251133";"43.693409";"000MO"
"2025-48602";"2025-06-02";"1";"Vente";"630000.0";"73";"None";"PROM DES ANGLAIS";"0240";"06000";"06088";"Nice";"06";"None";"None";"06088000MO0170";"None";"None";"62";"nan";"None";"nan";"None";"nan";"None";"None";"None";"None";"1";"2";"Appartement";"58.0";"2.0";"None";"None";"None";"None";"nan";"7.250586";"43.692851";"000MO"
"2025-48702";"2025-06-02";"1";"Vente";"351374.0";"83";"None";"PROM DES ANGLAIS";"0240";"06000";"06088";"Nice";"06";"None";"None";"06088000MO0178";"None";"None";"106";"nan";"98";"63.21";"None";"nan";"None";"None";"None";"None";"2";"2";"Appartement";"62.0";"3.0";"None";"None";"None";"None";"nan";"7.249108";"43.692398";"000MO"
"2025-48977";"2025-06-02";"1";"Vente";"224000.0";"135";"None";"RUE DE FRANCE";"2595";"06000";"06088";"Nice";"06";"None";"None";"06088000MO0167";"None";"None";"248";"47.31";"None";"nan";"None";"nan";"None";"None";"None";"None";"1";"2";"Appartement";"46.0";"2.0";"None";"None";"None";"None";"nan";"7.251029";"43.693045";"000MO"
"2025-48602";"2025-06-02";"1";"Vente";"630000.0";"73";"None";"PROM DES ANGLAIS";"0240";"06000";"06088";"Nice";"06";"None";"None";"06088000MO0170";"None";"None";"62";"nan";"None";"nan";"None";"nan";"None";"None";"None";"None";"1";"3";"Dépendance";"nan";"0.0";"None";"None";"None";"None";"nan";"7.250586";"43.692851";"000MO"
"2025-48702";"2025-06-02";"1";"Vente";"351374.0";"83";"None";"PROM DES ANGLAIS";"0240";"06000";"06088";"Nice";"06";"None";"None";"06088000MO0178";"None";"None";"59";"nan";"None";"nan";"None";"nan";"None";"None";"None";"None";"1";"3";"Dépendance";"nan";"0.0";"None";"None";"None";"None";"nan";"7.249108";"43.692398";"000MO"
"2025-48977";"2025-06-02";"1";"Vente";"224000.0";"135";"None";"RUE DE FRANCE";"2595";"06000";"06088";"Nice";"06";"None";"None";"06088000MO0167";"None";"None";"248";"47.31";"None";"nan";"None";"nan";"None";"None";"None";"None";"1";"3";"Dépendance";"nan";"0.0";"None";"None";"None";"None";"nan";"7.251029";"43.693045";"000MO"
"2025-47796";"2025-05-26";"1";"Vente";"435000.0";"143";"None";"RUE DE FRANCE";"2595";"06000";"06088";"Nice";"06";"None";"None";"06088000MO0170";"None";"None";"192";"62.23";"None";"nan";"None";"nan";"None";"None";"None";"None";"1";"2";"Appartement";"62.0";"3.0";"None";"None";"None";"None";"nan";"7.250586";"43.692851";"000MO"
"2025-47796";"2025-05-26";"1";"Vente";"435000.0";"143";"None";"RUE DE FRANCE";"2595";"06000";"06088";"Nice";"06";"None";"None";"06088000MO0170";"None";"None";"225";"nan";"226";"nan";"None";"nan";"None";"None";"None";"None";"2";"3";"Dépendance";"nan";"0.0";"None";"None";"None";"None";"nan";"7.250586";"43.692851";"000MO"
"2025-47796";"2025-05-26";"1";"Vente";"435000.0";"143";"None";"RUE DE FRANCE";"2595";"06000";"06088";"Nice";"06";"None";"None";"06088000MO0170";"None";"None";"192";"62.23";"None";"nan";"None";"nan";"None";"None";"None";"None";"1";"3";"Dépendance";"nan";"0.0";"None";"None";"None";"None";"nan";"7.250586";"43.692851";"000MO"
"2025-47796";"2025-05-26";"1";"Vente";"435000.0";"143";"None";"RUE DE FRANCE";"2595";"06000";"06088";"Nice";"06";"None";"None";"06088000MO0170";"None";"None";"228";"nan";"None";"nan";"None";"nan";"None";"None";"None";"None";"1";"3";"Dépendance";"nan";"0.0";"None";"None";"None";"None";"nan";"7.250586";"43.692851";"000MO"
"2025-47796";"2025-05-26";"1";"Vente";"435000.0";"143";"None";"RUE DE FRANCE";"2595";"06000";"06088";"Nice";"06";"None";"None";"06088000MO0170";"None";"None";"227";"nan";"None";"nan";"None";"nan";"None";"None";"None";"None";"1";"3";"Dépendance";"nan";"0.0";"None";"None";"None";"None";"nan";"7.250586";"43.692851";"000MO"
"2025-47840";"2025-05-22";"1";"Vente";"583000.0";"83";"None";"PROM DES ANGLAIS";"0240";"06000";"06088";"Nice";"06";"None";"None";"06088000MO0178";"None";"None";"103";"81.19";"27";"nan";"None";"nan";"None";"None";"None";"None";"2";"2";"Appartement";"80.0";"3.0";"None";"None";"None";"None";"nan";"7.249108";"43.692398";"000MO"
"2025-48616";"2025-05-22";"1";"Vente";"950000.0";"76";"None";"PROM DES ANGLAIS";"0240";"06000";"06088";"Nice";"06";"None";"None";"06088000MO0173";"None";"None";"16";"nan";"49";"nan";"None";"nan";"None";"None";"None";"None";"2";"2";"Appartement";"109.0";"4.0";"None";"None";"None";"None";"nan";"7.250237";"43.692592";"000MO"
"2025-47840";"2025-05-22";"1";"Vente";"583000.0";"83";"None";"PROM DES ANGLAIS";"0240";"06000";"06088";"Nice";"06";"None";"None";"06088000MO0178";"None";"None";"48";"nan";"None";"nan";"None";"nan";"None";"None";"None";"None";"1";"3";"Dépendance";"nan";"0.0";"None";"None";"None";"None";"nan";"7.249108";"43.692398";"000MO"
"2025-47840";"2025-05-22";"1";"Vente";"583000.0";"83";"None";"PROM DES ANGLAIS";"0240";"06000";"06088";"Nice";"06";"None";"None";"06088000MO0178";"None";"None";"103";"81.19";"27";"nan";"None";"nan";"None";"None";"None";"None";"2";"3";"Dépendance";"nan";"0.0";"None";"None";"None";"None";"nan";"7.249108";"43.692398";"000MO"
"2025-48616";"2025-05-22";"1";"Vente";"950000.0";"76";"None";"PROM DES ANGLAIS";"0240";"06000";"06088";"Nice";"06";"None";"None";"06088000MO0173";"None";"None";"33";"nan";"None";"nan";"None";"nan";"None";"None";"None";"None";"1";"3";"Dépendance";"nan";"0.0";"None";"None";"None";"None";"nan";"7.250237";"43.692592";"000MO"
"2025-48616";"2025-05-22";"1";"Vente";"950000.0";"76";"None";"PROM DES ANGLAIS";"0240";"06000";"06088";"Nice";"06";"None";"None";"06088000MO0173";"None";"None";"16";"nan";"49";"nan";"None";"nan";"None";"None";"None";"None";"2";"3";"Dépendance";"nan";"0.0";"None";"None";"None";"None";"nan";"7.250237";"43.692592";"000MO"
"2025-48616";"2025-05-22";"1";"Vente";"950000.0";"76";"None";"PROM DES ANGLAIS";"0240";"06000";"06088";"Nice";"06";"None";"None";"06088000MO0173";"None";"None";"16";"nan";"49";"nan";"None";"nan";"None";"None";"None";"None";"2";"3";"Dépendance";"nan";"0.0";"None";"None";"None";"None";"nan";"7.250237";"43.692592";"000MO"
"2025-47971";"2025-05-19";"1";"Vente";"42500.0";"144";"None";"RUE DE FRANCE";"2595";"06000";"06088";"Nice";"06";"None";"None";"06088000MO0442";"None";"None";"6156";"nan";"None";"nan";"None";"nan";"None";"None";"None";"None";"1";"3";"Dépendance";"nan";"0.0";"None";"None";"None";"None";"nan";"7.249074";"43.693077";"000MO"
"2025-47924";"2025-05-16";"1";"Vente";"230000.0";"45";"None";"AV DES BAUMETTES";"0660";"06000";"06088";"Nice";"06";"None";"None";"06088000MO0045";"None";"None";"178";"62.23";"247";"nan";"None";"nan";"None";"None";"None";"None";"2";"2";"Appartement";"62.0";"2.0";"None";"None";"None";"None";"nan";"7.247845";"43.69594";"000MO"
"2025-47943";"2025-05-16";"1";"Vente";"980000.0";"77";"None";"PROM DES ANGLAIS";"0240";"06000";"06088";"Nice";"06";"None";"None";"06088000MO0238";"None";"None";"167";"nan";"53";"113.57";"None";"nan";"None";"None";"None";"None";"2";"2";"Appartement";"122.0";"3.0";"None";"None";"None";"None";"nan";"7.249911";"43.692436";"000MO"
"2025-47924";"2025-05-16";"1";"Vente";"230000.0";"45";"None";"AV DES BAUMETTES";"0660";"06000";"06088";"Nice";"06";"None";"None";"06088000MO0045";"None";"None";"178";"62.23";"247";"nan";"None";"nan";"None";"None";"None";"None";"2";"3";"Dépendance";"nan";"0.0";"None";"None";"None";"None";"nan";"7.247845";"43.69594";"000MO"
"2025-47943";"2025-05-16";"1";"Vente";"980000.0";"79";"None";"PROM DES ANGLAIS";"0240";"06000";"06088";"Nice";"06";"None";"None";"06088000MO0238";"None";"None";"161";"nan";"None";"nan";"None";"nan";"None";"None";"None";"None";"1";"3";"Dépendance";"nan";"0.0";"None";"None";"None";"None";"nan";"7.249911";"43.692436";"000MO"
"2025-47943";"2025-05-16";"1";"Vente";"980000.0";"77";"None";"PROM DES ANGLAIS";"0240";"06000";"06088";"Nice";"06";"None";"None";"06088000MO0238";"None";"None";"167";"nan";"53";"113.57";"None";"nan";"None";"None";"None";"None";"2";"3";"Dépendance";"nan";"0.0";"None";"None";"None";"None";"nan";"7.249911";"43.692436";"000MO"
"2025-48121";"2025-05-15";"1";"Vente";"560000.0";"73";"None";"PROM DES ANGLAIS";"0240";"06000";"06088";"Nice";"06";"None";"None";"06088000MO0170";"None";"None";"12";"nan";"68";"65.63";"None";"nan";"None";"None";"None";"None";"2";"2";"Appartement";"58.0";"2.0";"None";"None";"None";"None";"nan";"7.250586";"43.692851";"000MO"
"2025-48196";"2025-05-13";"1";"Vente";"470000.0";"102";"None";"RUE DE FRANCE";"2595";"06000";"06088";"Nice";"06";"None";"None";"06088000MO0348";"None";"None";"100";"70.66";"4";"nan";"None";"nan";"None";"None";"None";"None";"2";"2";"Appartement";"71.0";"3.0";"None";"None";"None";"None";"nan";"7.251572";"43.694041";"000MO"
"2025-48196";"2025-05-13";"1";"Vente";"470000.0";"102";"None";"RUE DE FRANCE";"2595";"06000";"06088";"Nice";"06";"None";"None";"06088000MO0348";"None";"None";"100";"70.66";"4";"nan";"None";"nan";"None";"None";"None";"None";"2";"3";"Dépendance";"nan";"0.0";"None";"None";"None";"None";"nan";"7.251572";"43.694041";"000MO"
"2025-48064";"2025-05-12";"1";"Vente";"6000.0";"11";"None";"AV ADOLPHE ISNARD SERRAT";"0043";"06000";"06088";"Nice";"06";"None";"None";"06088000MO0036";"None";"None";"11";"nan";"None";"nan";"None";"nan";"None";"None";"None";"None";"1";"3";"Dépendance";"nan";"0.0";"None";"None";"None";"None";"nan";"7.244466";"43.694571";"000MO"
"2025-47363";"2025-05-09";"1";"Vente";"121000.0";"7";"None";"IMP SAINT LAURENT";"5845";"06000";"06088";"Nice";"06";"None";"None";"06088000MO0059";"None";"None";"1";"28.41";"None";"nan";"None";"nan";"None";"None";"None";"None";"1";"2";"Appartement";"34.0";"2.0";"None";"None";"None";"None";"nan";"7.245995";"43.693856";"000MO"
"2025-47144";"2025-05-07";"1";"Vente";"120000.0";"145";"B";"RUE DE FRANCE";"2595";"06000";"06088";"Nice";"06";"None";"None";"06088000MO0174";"None";"None";"24";"14.2";"None";"nan";"None";"nan";"None";"None";"None";"None";"1";"4";"Local industriel. commercial ou assimilé";"14.0";"0.0";"None";"None";"None";"None";"nan";"7.250034";"43.692941";"000MO"
"2025-47151";"2025-05-05";"1";"Vente";"46000.0";"144";"None";"RUE DE FRANCE";"2595";"06000";"06088";"Nice";"06";"None";"None";"06088000MO0442";"None";"None";"6183";"nan";"None";"nan";"None";"nan";"None";"None";"None";"None";"1";"3";"Dépendance";"nan";"0.0";"None";"None";"None";"None";"nan";"7.249074";"43.693077";"000MO"
"2025-47370";"2025-04-30";"1";"Vente";"215000.0";"22";"None";"RUE LOUIS DE COPPET";"3745";"06000";"06088";"Nice";"06";"None";"None";"06088000MO0070";"None";"None";"5";"nan";"75";"50.27";"None";"nan";"None";"None";"None";"None";"2";"2";"Appartement";"46.0";"3.0";"None";"None";"None";"None";"nan";"7.246825";"43.69279";"000MO"
"2025-47370";"2025-04-30";"1";"Vente";"215000.0";"22";"None";"RUE LOUIS DE COPPET";"3745";"06000";"06088";"Nice";"06";"None";"None";"06088000MO0070";"None";"None";"5";"nan";"75";"50.27";"None";"nan";"None";"None";"None";"None";"2";"3";"Dépendance";"nan";"0.0";"None";"None";"None";"None";"nan";"7.246825";"43.69279";"000MO"
"2025-47180";"2025-04-28";"1";"Vente";"295000.0";"118";"None";"RUE DE FRANCE";"2595";"06000";"06088";"Nice";"06";"None";"None";"06088000MO0550";"None";"None";"259";"nan";"None";"nan";"None";"nan";"None";"None";"None";"None";"1";"2";"Appartement";"45.0";"2.0";"None";"None";"None";"None";"nan";"7.250655";"43.693744";"000MO"
"2025-46485";"2025-04-24";"1";"Vente";"189000.0";"2";"None";"IMP SAINT LAURENT";"5845";"06000";"06088";"Nice";"06";"None";"None";"06088000MO0069";"None";"None";"22";"34.68";"None";"nan";"None";"nan";"None";"None";"None";"None";"1";"2";"Appartement";"32.0";"2.0";"None";"None";"None";"None";"nan";"7.246694";"43.692993";"000MO"
"2025-46485";"2025-04-24";"1";"Vente";"189000.0";"2";"None";"IMP SAINT LAURENT";"5845";"06000";"06088";"Nice";"06";"None";"None";"06088000MO0069";"None";"None";"22";"34.68";"None";"nan";"None";"nan";"None";"None";"None";"None";"1";"3";"Dépendance";"nan";"0.0";"None";"None";"None";"None";"nan";"7.246694";"43.692993";"000MO"
"2025-46627";"2025-04-22";"1";"Vente";"101760.0";"169";"None";"RUE DE FRANCE";"2595";"06000";"06088";"Nice";"06";"None";"None";"06088000MO0187";"None";"None";"20";"22.42";"None";"nan";"None";"nan";"None";"None";"None";"None";"1";"2";"Appartement";"23.0";"1.0";"None";"None";"None";"None";"nan";"7.247818";"43.692107";"000MO"
"2025-46595";"2025-04-17";"1";"Vente";"120000.0";"145";"B";"RUE DE FRANCE";"2595";"06000";"06088";"Nice";"06";"None";"None";"06088000MO0174";"None";"None";"23";"14.96";"None";"nan";"None";"nan";"None";"None";"None";"None";"1";"4";"Local industriel. commercial ou assimilé";"15.0";"0.0";"None";"None";"None";"None";"nan";"7.250034";"43.692941";"000MO"
"2025-46101";"2025-04-14";"1";"Vente";"108000.0";"8";"None";"AV ADOLPHE ISNARD SERRAT";"0043";"06000";"06088";"Nice";"06";"None";"None";"06088000MO0013";"None";"None";"17";"nan";"None";"nan";"None";"nan";"None";"None";"None";"None";"1";"2";"Appartement";"25.0";"1.0";"None";"None";"None";"None";"nan";"7.244173";"43.694248";"000MO"
"2025-46102";"2025-04-07";"1";"Vente";"204250.0";"73";"None";"PROM DES ANGLAIS";"0240";"06000";"06088";"Nice";"06";"None";"None";"06088000MO0170";"None";"None";"37";"nan";"55";"25.29";"None";"nan";"None";"None";"None";"None";"2";"2";"Appartement";"33.0";"1.0";"None";"None";"None";"None";"nan";"7.250586";"43.692851";"000MO"
"2025-46102";"2025-04-07";"1";"Vente";"204250.0";"73";"None";"PROM DES ANGLAIS";"0240";"06000";"06088";"Nice";"06";"None";"None";"06088000MO0170";"None";"None";"37";"nan";"55";"25.29";"None";"nan";"None";"None";"None";"None";"2";"3";"Dépendance";"nan";"0.0";"None";"None";"None";"None";"nan";"7.250586";"43.692851";"000MO"
"2025-46334";"2025-04-04";"1";"Vente";"535000.0";"69";"None";"PROM DES ANGLAIS";"0240";"06000";"06088";"Nice";"06";"None";"None";"06088000MO0167";"None";"None";"28";"nan";"85";"nan";"None";"nan";"None";"None";"None";"None";"2";"2";"Appartement";"70.0";"2.0";"None";"None";"None";"None";"nan";"7.251029";"43.693045";"000MO"
"2025-46330";"2025-04-03";"1";"Vente";"550000.0";"144";"None";"RUE DE FRANCE";"2595";"06000";"06088";"Nice";"06";"None";"None";"06088000MO0442";"None";"None";"6466";"nan";"6590";"nan";"None";"nan";"None";"None";"None";"None";"2";"2";"Appartement";"79.0";"4.0";"None";"None";"None";"None";"nan";"7.249074";"43.693077";"000MO"
"2025-46330";"2025-04-03";"1";"Vente";"550000.0";"144";"None";"RUE DE FRANCE";"2595";"06000";"06088";"Nice";"06";"None";"None";"06088000MO0442";"None";"None";"6466";"nan";"6590";"nan";"None";"nan";"None";"None";"None";"None";"2";"3";"Dépendance";"nan";"0.0";"None";"None";"None";"None";"nan";"7.249074";"43.693077";"000MO"
"2025-46330";"2025-04-03";"1";"Vente";"550000.0";"144";"None";"RUE DE FRANCE";"2595";"06000";"06088";"Nice";"06";"None";"None";"06088000MO0442";"None";"None";"6188";"nan";"None";"nan";"None";"nan";"None";"None";"None";"None";"1";"3";"Dépendance";"nan";"0.0";"None";"None";"None";"None";"nan";"7.249074";"43.693077";"000MO"
"2025-45248";"2025-03-28";"1";"Vente";"800000.0";"79";"None";"PROM DES ANGLAIS";"0240";"06000";"06088";"Nice";"06";"None";"None";"06088000MO0238";"None";"None";"12";"86.5";"136";"nan";"None";"nan";"None";"None";"None";"None";"2";"2";"Appartement";"89.0";"3.0";"None";"None";"None";"None";"nan";"7.249911";"43.692436";"000MO"
"2025-46130";"2025-03-28";"1";"Vente";"130000.0";"4";"None";"AV ADOLPHE ISNARD SERRAT";"0043";"06000";"06088";"Nice";"06";"None";"None";"06088000MO0011";"None";"None";"2";"25.2";"None";"nan";"None";"nan";"None";"None";"None";"None";"1";"2";"Appartement";"18.0";"1.0";"None";"None";"None";"None";"nan";"7.243956";"43.694055";"000MO"
"2025-45248";"2025-03-28";"1";"Vente";"800000.0";"79";"None";"PROM DES ANGLAIS";"0240";"06000";"06088";"Nice";"06";"None";"None";"06088000MO0238";"None";"None";"12";"86.5";"136";"nan";"None";"nan";"None";"None";"None";"None";"2";"3";"Dépendance";"nan";"0.0";"None";"None";"None";"None";"nan";"7.249911";"43.692436";"000MO"
"2025-46130";"2025-03-28";"1";"Vente";"130000.0";"4";"None";"AV ADOLPHE ISNARD SERRAT";"0043";"06000";"06088";"Nice";"06";"None";"None";"06088000MO0011";"None";"None";"2";"25.2";"None";"nan";"None";"nan";"None";"None";"None";"None";"1";"3";"Dépendance";"nan";"0.0";"None";"None";"None";"None";"nan";"7.243956";"43.694055";"000MO"
"2025-45395";"2025-03-25";"1";"Vente";"310000.0";"8";"B";"IMP SAINT LAURENT";"5845";"06000";"06088";"Nice";"06";"None";"None";"06088000MO0243";"None";"None";"88";"nan";"None";"nan";"None";"nan";"None";"None";"None";"None";"1";"2";"Appartement";"88.0";"4.0";"None";"None";"None";"None";"nan";"7.246735";"43.693682";"000MO"
"2025-45395";"2025-03-25";"1";"Vente";"310000.0";"8";"B";"IMP SAINT LAURENT";"5845";"06000";"06088";"Nice";"06";"None";"None";"06088000MO0243";"None";"None";"88";"nan";"None";"nan";"None";"nan";"None";"None";"None";"None";"1";"3";"Dépendance";"nan";"0.0";"None";"None";"None";"None";"nan";"7.246735";"43.693682";"000MO"
"2025-45395";"2025-03-25";"1";"Vente";"310000.0";"8";"B";"IMP SAINT LAURENT";"5845";"06000";"06088";"Nice";"06";"None";"None";"06088000MO0243";"None";"None";"17";"nan";"None";"nan";"None";"nan";"None";"None";"None";"None";"1";"3";"Dépendance";"nan";"0.0";"None";"None";"None";"None";"nan";"7.246735";"43.693682";"000MO"
"2025-45321";"2025-03-24";"1";"Vente";"112000.0";"147";"None";"RUE DE FRANCE";"2595";"06000";"06088";"Nice";"06";"None";"None";"06088000MO0237";"None";"None";"78";"14.57";"None";"nan";"None";"nan";"None";"None";"None";"None";"1";"2";"Appartement";"14.0";"1.0";"None";"None";"None";"None";"nan";"7.249728";"43.692755";"000MO"
"2025-45643";"2025-03-24";"1";"Vente";"850000.0";"67";"None";"PROM DES ANGLAIS";"0240";"06000";"06088";"Nice";"06";"None";"None";"06088000MO0164";"None";"None";"12";"93.11";"46";"nan";"None";"nan";"None";"None";"None";"None";"2";"2";"Appartement";"90.0";"3.0";"None";"None";"None";"None";"nan";"7.251248";"43.693077";"000MO"
"2025-45643";"2025-03-24";"1";"Vente";"850000.0";"67";"None";"PROM DES ANGLAIS";"0240";"06000";"06088";"Nice";"06";"None";"None";"06088000MO0164";"None";"None";"12";"93.11";"46";"nan";"None";"nan";"None";"None";"None";"None";"2";"3";"Dépendance";"nan";"0.0";"None";"None";"None";"None";"nan";"7.251248";"43.693077";"000MO"
"2025-45258";"2025-03-21";"1";"Vente";"60000.0";"105";"None";"PROM DES ANGLAIS";"0240";"06000";"06088";"Nice";"06";"None";"None";"06088000MO0209";"None";"None";"121";"nan";"None";"nan";"None";"nan";"None";"None";"None";"None";"1";"2";"Appartement";"18.0";"1.0";"None";"None";"None";"None";"nan";"7.246044";"43.691236";"000MO"
"2025-45489";"2025-03-21";"1";"Vente";"162000.0";"175";"None";"RUE DE FRANCE";"2595";"06000";"06088";"Nice";"06";"None";"None";"06088000MO0564";"None";"None";"74";"nan";"86";"29.02";"None";"nan";"None";"None";"None";"None";"2";"2";"Appartement";"30.0";"1.0";"None";"None";"None";"None";"nan";"7.247167";"43.691854";"000MO"
"2025-45489";"2025-03-21";"1";"Vente";"162000.0";"175";"None";"RUE DE FRANCE";"2595";"06000";"06088";"Nice";"06";"None";"None";"06088000MO0564";"None";"None";"74";"nan";"86";"29.02";"None";"nan";"None";"None";"None";"None";"2";"3";"Dépendance";"nan";"0.0";"None";"None";"None";"None";"nan";"7.247167";"43.691854";"000MO"
"2025-45166";"2025-03-19";"1";"Vente";"44000.0";"144";"None";"RUE DE FRANCE";"2595";"06000";"06088";"Nice";"06";"None";"None";"06088000MO0442";"None";"None";"6093";"nan";"None";"nan";"None";"nan";"None";"None";"None";"None";"1";"3";"Dépendance";"nan";"0.0";"None";"None";"None";"None";"nan";"7.249074";"43.693077";"000MO"
"2025-44859";"2025-03-13";"1";"Vente";"37000.0";"45";"None";"AV DES BAUMETTES";"0660";"06000";"06088";"Nice";"06";"None";"None";"06088000MO0045";"None";"None";"239";"nan";"None";"nan";"None";"nan";"None";"None";"None";"None";"1";"3";"Dépendance";"nan";"0.0";"None";"None";"None";"None";"nan";"7.247845";"43.69594";"000MO"
"2025-44666";"2025-03-12";"1";"Vente";"173000.0";"10";"None";"AV JOSEPH REVELLI";"3480";"06000";"06088";"Nice";"06";"None";"None";"06088000MO0034";"None";"None";"6";"41.6";"None";"nan";"None";"nan";"None";"None";"None";"None";"1";"2";"Appartement";"41.0";"2.0";"None";"None";"None";"None";"nan";"7.244342";"43.694362";"000MO"
"2025-44884";"2025-03-12";"1";"Vente";"137000.0";"144";"None";"RUE DE FRANCE";"2595";"06000";"06088";"Nice";"06";"None";"None";"06088000MO0442";"None";"None";"6621";"nan";"None";"nan";"None";"nan";"None";"None";"None";"None";"1";"2";"Appartement";"20.0";"1.0";"None";"None";"None";"None";"nan";"7.249074";"43.693077";"000MO"
"2025-44777";"2025-03-11";"1";"Vente";"50000.0";"91";"None";"PROM DES ANGLAIS";"0240";"06000";"06088";"Nice";"06";"None";"None";"06088000MO0184";"None";"None";"2";"11.9";"None";"nan";"None";"nan";"None";"None";"None";"None";"1";"2";"Appartement";"11.0";"1.0";"None";"None";"None";"None";"nan";"7.248366";"43.691919";"000MO"
"2025-44709";"2025-03-07";"1";"Vente";"315000.0";"98";"None";"RUE DE FRANCE";"2595";"06000";"06088";"Nice";"06";"None";"None";"06088000MO0544";"None";"None";"120";"nan";"44";"57.61";"None";"nan";"None";"None";"None";"None";"2";"2";"Appartement";"48.0";"2.0";"None";"None";"None";"None";"nan";"7.251874";"43.694138";"000MO"
"2025-44550";"2025-03-07";"1";"Vente";"82000.0";"9001";"None";"RUE GARDON";"2760";"06000";"06088";"Nice";"06";"None";"None";"06088000MO0564";"None";"None";"9";"nan";"None";"nan";"None";"nan";"None";"None";"None";"None";"1";"3";"Dépendance";"nan";"0.0";"None";"None";"None";"None";"nan";"7.247167";"43.691854";"000MO"
"2025-44550";"2025-03-07";"1";"Vente";"82000.0";"9001";"None";"RUE GARDON";"2760";"06000";"06088";"Nice";"06";"None";"None";"06088000MO0564";"None";"None";"10";"nan";"None";"nan";"None";"nan";"None";"None";"None";"None";"1";"3";"Dépendance";"nan";"0.0";"None";"None";"None";"None";"nan";"7.247167";"43.691854";"000MO"
"2025-44682";"2025-03-07";"1";"Echange";"45000.0";"92";"None";"PROM DES ANGLAIS";"0240";"06000";"06088";"Nice";"06";"None";"None";"06088000MO0188";"None";"None";"63";"nan";"None";"nan";"None";"nan";"None";"None";"None";"None";"1";"3";"Dépendance";"nan";"0.0";"None";"None";"None";"None";"nan";"7.247982";"43.691897";"000MO"
"2025-44682";"2025-03-07";"2";"Echange";"45000.0";"89";"None";"PROM DES ANGLAIS";"0240";"06000";"06088";"Nice";"06";"None";"None";"06088000MO0183";"None";"None";"24";"nan";"None";"nan";"None";"nan";"None";"None";"None";"None";"1";"3";"Dépendance";"nan";"0.0";"None";"None";"None";"None";"nan";"7.248773";"43.692083";"000MO"
"2025-44706";"2025-03-06";"1";"Vente";"250000.0";"45";"None";"AV DES BAUMETTES";"0660";"06000";"06088";"Nice";"06";"None";"None";"06088000MO0045";"None";"None";"198";"96.23";"None";"nan";"None";"nan";"None";"None";"None";"None";"1";"2";"Appartement";"100.0";"3.0";"None";"None";"None";"None";"nan";"7.247845";"43.69594";"000MO"
"2025-44921";"2025-03-06";"1";"Vente";"212000.0";"1";"None";"BD FRANCOIS GROSSO";"2630";"06000";"06088";"Nice";"06";"None";"None";"06088000MO0156";"None";"None";"22";"nan";"40";"nan";"None";"nan";"None";"None";"None";"None";"2";"2";"Appartement";"45.0";"1.0";"None";"None";"None";"None";"nan";"7.251786";"43.694394";"000MO"
"2025-44706";"2025-03-06";"1";"Vente";"250000.0";"45";"None";"AV DES BAUMETTES";"0660";"06000";"06088";"Nice";"06";"None";"None";"06088000MO0045";"None";"None";"198";"96.23";"None";"nan";"None";"nan";"None";"None";"None";"None";"1";"3";"Dépendance";"nan";"0.0";"None";"None";"None";"None";"nan";"7.247845";"43.69594";"000MO"
"2025-44921";"2025-03-06";"1";"Vente";"212000.0";"1";"None";"BD FRANCOIS GROSSO";"2630";"06000";"06088";"Nice";"06";"None";"None";"06088000MO0156";"None";"None";"22";"nan";"40";"nan";"None";"nan";"None";"None";"None";"None";"2";"3";"Dépendance";"nan";"0.0";"None";"None";"None";"None";"nan";"7.251786";"43.694394";"000MO"
"2025-45012";"2025-03-05";"1";"Vente";"121500.0";"7";"None";"IMP SAINT LAURENT";"5845";"06000";"06088";"Nice";"06";"None";"None";"06088000MO0059";"None";"None";"2";"21.69";"None";"nan";"None";"nan";"None";"None";"None";"None";"1";"2";"Appartement";"21.0";"1.0";"None";"None";"None";"None";"nan";"7.245995";"43.693856";"000MO"
"2025-43987";"2025-02-27";"1";"Vente";"145000.0";"41";"None";"AV DES BAUMETTES";"0660";"06000";"06088";"Nice";"06";"None";"None";"06088000MO0050";"None";"None";"103";"33.54";"62";"nan";"None";"nan";"None";"None";"None";"None";"2";"2";"Appartement";"33.0";"1.0";"None";"None";"None";"None";"nan";"7.24808";"43.695363";"000MO"
"2025-44244";"2025-02-27";"1";"Vente";"154000.0";"147";"None";"RUE DE FRANCE";"2595";"06000";"06088";"Nice";"06";"None";"None";"06088000MO0237";"None";"None";"99";"nan";"None";"nan";"None";"nan";"None";"None";"None";"None";"1";"2";"Appartement";"20.0";"1.0";"None";"None";"None";"None";"nan";"7.249728";"43.692755";"000MO"
"2025-43987";"2025-02-27";"1";"Vente";"145000.0";"41";"None";"AV DES BAUMETTES";"0660";"06000";"06088";"Nice";"06";"None";"None";"06088000MO0050";"None";"None";"103";"33.54";"62";"nan";"None";"nan";"None";"None";"None";"None";"2";"3";"Dépendance";"nan";"0.0";"None";"None";"None";"None";"nan";"7.24808";"43.695363";"000MO"
"2025-44526";"2025-02-25";"1";"Vente";"55000.0";"83";"None";"PROM DES ANGLAIS";"0240";"06000";"06088";"Nice";"06";"None";"None";"06088000MO0178";"None";"None";"72";"nan";"None";"nan";"None";"nan";"None";"None";"None";"None";"1";"3";"Dépendance";"nan";"0.0";"None";"None";"None";"None";"nan";"7.249108";"43.692398";"000MO"
"2025-44148";"2025-02-24";"1";"Vente";"210000.0";"139";"None";"RUE DE FRANCE";"2595";"06000";"06088";"Nice";"06";"None";"None";"06088000MO0168";"None";"None";"19";"49.0";"None";"nan";"None";"nan";"None";"None";"None";"None";"1";"2";"Appartement";"50.0";"2.0";"None";"None";"None";"None";"nan";"7.250703";"43.693101";"000MO"
"2025-43909";"2025-02-21";"1";"Vente";"143250.0";"7";"None";"IMP SAINT LAURENT";"5845";"06000";"06088";"Nice";"06";"None";"None";"06088000MO0059";"None";"None";"11";"nan";"7";"26.0";"None";"nan";"None";"None";"None";"None";"2";"2";"Appartement";"48.0";"1.0";"None";"None";"None";"None";"nan";"7.245995";"43.693856";"000MO"
"2025-44592";"2025-02-21";"1";"Vente";"156000.0";"144";"None";"RUE DE FRANCE";"2595";"06000";"06088";"Nice";"06";"None";"None";"06088000MO0442";"None";"None";"6420";"nan";"6628";"nan";"None";"nan";"None";"None";"None";"None";"2";"2";"Appartement";"27.0";"1.0";"None";"None";"None";"None";"nan";"7.249074";"43.693077";"000MO"
"2025-43742";"2025-02-21";"1";"Vente";"30000.0";"5";"None";"AV ADOLPHE ISNARD SERRAT";"0043";"06000";"06088";"Nice";"06";"None";"None";"06088000MO0006";"None";"None";"12";"nan";"None";"nan";"None";"nan";"None";"None";"None";"None";"1";"3";"Dépendance";"nan";"0.0";"None";"None";"None";"None";"nan";"7.243913";"43.694377";"000MO"
"2025-44592";"2025-02-21";"1";"Vente";"156000.0";"144";"None";"RUE DE FRANCE";"2595";"06000";"06088";"Nice";"06";"None";"None";"06088000MO0442";"None";"None";"6420";"nan";"6628";"nan";"None";"nan";"None";"None";"None";"None";"2";"3";"Dépendance";"nan";"0.0";"None";"None";"None";"None";"nan";"7.249074";"43.693077";"000MO"
"2025-43483";"2025-02-13";"1";"Vente";"140000.0";"105";"None";"PROM DES ANGLAIS";"0240";"06000";"06088";"Nice";"06";"None";"None";"06088000MO0210";"None";"None";"8";"nan";"9";"nan";"None";"nan";"None";"None";"None";"None";"2";"2";"Appartement";"20.0";"1.0";"None";"None";"None";"None";"nan";"7.246276";"43.691377";"000MO"
"2025-43492";"2025-02-13";"1";"Vente";"100000.0";"105";"None";"PROM DES ANGLAIS";"0240";"06000";"06088";"Nice";"06";"None";"None";"06088000MO0210";"None";"None";"10";"15.5";"None";"nan";"None";"nan";"None";"None";"None";"None";"1";"2";"Appartement";"16.0";"1.0";"None";"None";"None";"None";"nan";"7.246276";"43.691377";"000MO"
"2025-44072";"2025-02-12";"1";"Vente";"345000.0";"69";"None";"PROM DES ANGLAIS";"0240";"06000";"06088";"Nice";"06";"None";"None";"06088000MO0167";"None";"None";"14";"nan";"95";"28.78";"None";"nan";"None";"None";"None";"None";"2";"2";"Appartement";"31.0";"1.0";"None";"None";"None";"None";"nan";"7.251029";"43.693045";"000MO"
"2025-43693";"2025-02-11";"1";"Vente";"386200.0";"45";"None";"AV DES BAUMETTES";"0660";"06000";"06088";"Nice";"06";"None";"None";"06088000MO0045";"None";"None";"206";"113.04";"248";"nan";"None";"nan";"None";"None";"None";"None";"2";"2";"Appartement";"112.0";"4.0";"None";"None";"None";"None";"nan";"7.247845";"43.69594";"000MO"
"2025-43693";"2025-02-11";"1";"Vente";"386200.0";"45";"None";"AV DES BAUMETTES";"0660";"06000";"06088";"Nice";"06";"None";"None";"06088000MO0045";"None";"None";"232";"nan";"None";"nan";"None";"nan";"None";"None";"None";"None";"1";"3";"Dépendance";"nan";"0.0";"None";"None";"None";"None";"nan";"7.247845";"43.69594";"000MO"
"2025-43693";"2025-02-11";"1";"Vente";"386200.0";"45";"None";"AV DES BAUMETTES";"0660";"06000";"06088";"Nice";"06";"None";"None";"06088000MO0045";"None";"None";"206";"113.04";"248";"nan";"None";"nan";"None";"None";"None";"None";"2";"3";"Dépendance";"nan";"0.0";"None";"None";"None";"None";"nan";"7.247845";"43.69594";"000MO"
"2025-43693";"2025-02-11";"1";"Vente";"386200.0";"45";"None";"AV DES BAUMETTES";"0660";"06000";"06088";"Nice";"06";"None";"None";"06088000MO0045";"None";"None";"231";"nan";"None";"nan";"None";"nan";"None";"None";"None";"None";"1";"3";"Dépendance";"nan";"0.0";"None";"None";"None";"None";"nan";"7.247845";"43.69594";"000MO"
"2025-43247";"2025-02-06";"1";"Vente";"153000.0";"144";"None";"RUE DE FRANCE";"2595";"06000";"06088";"Nice";"06";"None";"None";"06088000MO0442";"None";"None";"6491";"nan";"None";"nan";"None";"nan";"None";"None";"None";"None";"1";"2";"Appartement";"28.0";"1.0";"None";"None";"None";"None";"nan";"7.249074";"43.693077";"000MO"
"2025-42980";"2025-01-30";"1";"Vente";"786500.0";"83";"None";"PROM DES ANGLAIS";"0240";"06000";"06088";"Nice";"06";"None";"None";"06088000MO0178";"None";"None";"1";"nan";"139";"80.78";"None";"nan";"None";"None";"None";"None";"2";"2";"Appartement";"83.0";"2.0";"None";"None";"None";"None";"nan";"7.249108";"43.692398";"000MO"
"2025-43888";"2025-01-30";"1";"Vente";"326076.0";"134";"None";"RUE DE FRANCE";"2595";"06000";"06088";"Nice";"06";"None";"None";"06088000MO0442";"None";"None";"1089";"72.5";"None";"nan";"None";"nan";"None";"None";"None";"None";"1";"2";"Appartement";"70.0";"3.0";"None";"None";"None";"None";"nan";"7.249074";"43.693077";"000MO"
"2025-42980";"2025-01-30";"1";"Vente";"786500.0";"159";"None";"RUE DE FRANCE";"2595";"06000";"06088";"Nice";"06";"None";"None";"06088000MO0178";"None";"None";"228";"nan";"None";"nan";"None";"nan";"None";"None";"None";"None";"1";"3";"Dépendance";"nan";"0.0";"None";"None";"None";"None";"nan";"7.249108";"43.692398";"000MO"
"2025-43888";"2025-01-30";"1";"Vente";"326076.0";"134";"None";"RUE DE FRANCE";"2595";"06000";"06088";"Nice";"06";"None";"None";"06088000MO0442";"None";"None";"1047";"nan";"None";"nan";"None";"nan";"None";"None";"None";"None";"1";"3";"Dépendance";"nan";"0.0";"None";"None";"None";"None";"nan";"7.249074";"43.693077";"000MO"
"2025-43888";"2025-01-30";"1";"Vente";"326076.0";"134";"None";"RUE DE FRANCE";"2595";"06000";"06088";"Nice";"06";"None";"None";"06088000MO0442";"None";"None";"1033";"nan";"None";"nan";"None";"nan";"None";"None";"None";"None";"1";"3";"Dépendance";"nan";"0.0";"None";"None";"None";"None";"nan";"7.249074";"43.693077";"000MO"
"2025-42746";"2025-01-28";"1";"Vente";"134000.0";"169";"None";"RUE DE FRANCE";"2595";"06000";"06088";"Nice";"06";"None";"None";"06088000MO0187";"None";"None";"52";"21.54";"None";"nan";"None";"nan";"None";"None";"None";"None";"1";"2";"Appartement";"13.0";"1.0";"None";"None";"None";"None";"nan";"7.247818";"43.692107";"000MO"
"2025-42898";"2025-01-22";"1";"Vente";"554000.0";"152";"None";"RUE DE FRANCE";"2595";"06000";"06088";"Nice";"06";"None";"None";"06088000MO0566";"None";"None";"133";"nan";"61";"nan";"None";"nan";"None";"None";"None";"None";"2";"2";"Appartement";"76.0";"2.0";"None";"None";"None";"None";"nan";"7.247686";"43.692714";"000MO"
"2025-42898";"2025-01-22";"1";"Vente";"554000.0";"152";"None";"RUE DE FRANCE";"2595";"06000";"06088";"Nice";"06";"None";"None";"06088000MO0566";"None";"None";"133";"nan";"61";"nan";"None";"nan";"None";"None";"None";"None";"2";"3";"Dépendance";"nan";"0.0";"None";"None";"None";"None";"nan";"7.247686";"43.692714";"000MO"
"2025-42898";"2025-01-22";"1";"Vente";"554000.0";"154";"None";"RUE DE FRANCE";"2595";"06000";"06088";"Nice";"06";"None";"None";"06088000MO0566";"None";"None";"71";"nan";"None";"nan";"None";"nan";"None";"None";"None";"None";"1";"3";"Dépendance";"nan";"0.0";"None";"None";"None";"None";"nan";"7.247686";"43.692714";"000MO"
"2025-42967";"2025-01-17";"1";"Echange";"3000.0";"132";"None";"RUE DE FRANCE";"2595";"06000";"06088";"Nice";"06";"None";"None";"06088000MO0131";"None";"None";"24";"nan";"None";"nan";"None";"nan";"None";"None";"None";"None";"1";"2";"Appartement";"77.0";"3.0";"None";"None";"None";"None";"nan";"7.250383";"43.693592";"000MO"
"2025-42967";"2025-01-17";"2";"Echange";"3000.0";"132";"None";"RUE DE FRANCE";"2595";"06000";"06088";"Nice";"06";"None";"None";"06088000MO0131";"None";"None";"18";"nan";"None";"nan";"None";"nan";"None";"None";"None";"None";"1";"2";"Appartement";"103.0";"4.0";"None";"None";"None";"None";"nan";"7.250383";"43.693592";"000MO"
"2025-42967";"2025-01-17";"1";"Echange";"3000.0";"132";"None";"RUE DE FRANCE";"2595";"06000";"06088";"Nice";"06";"None";"None";"06088000MO0131";"None";"None";"24";"nan";"None";"nan";"None";"nan";"None";"None";"None";"None";"1";"3";"Dépendance";"nan";"0.0";"None";"None";"None";"None";"nan";"7.250383";"43.693592";"000MO"
"2025-42967";"2025-01-17";"2";"Echange";"3000.0";"132";"None";"RUE DE FRANCE";"2595";"06000";"06088";"Nice";"06";"None";"None";"06088000MO0131";"None";"None";"18";"nan";"None";"nan";"None";"nan";"None";"None";"None";"None";"1";"3";"Dépendance";"nan";"0.0";"None";"None";"None";"None";"nan";"7.250383";"43.693592";"000MO"
"2025-42059";"2025-01-13";"1";"Vente";"287670.0";"3";"None";"IMP SAINT LAURENT";"5845";"06000";"06088";"Nice";"06";"None";"None";"06088000MO0492";"None";"None";"2";"nan";"8";"60.19";"None";"nan";"None";"None";"None";"None";"2";"2";"Appartement";"60.0";"3.0";"None";"None";"None";"None";"nan";"7.246182";"43.693465";"000MO"
"2025-42395";"2025-01-13";"1";"Vente";"465000.0";"99";"None";"PROM DES ANGLAIS";"0240";"06000";"06088";"Nice";"06";"None";"None";"06088000MO0197";"None";"None";"30";"62.1";"None";"nan";"None";"nan";"None";"None";"None";"None";"1";"2";"Appartement";"59.0";"2.0";"None";"None";"None";"None";"nan";"7.247064";"43.691497";"000MO"
"2025-42059";"2025-01-13";"1";"Vente";"287670.0";"3";"None";"IMP SAINT LAURENT";"5845";"06000";"06088";"Nice";"06";"None";"None";"06088000MO0492";"None";"None";"2";"nan";"8";"60.19";"None";"nan";"None";"None";"None";"None";"2";"3";"Dépendance";"nan";"0.0";"None";"None";"None";"None";"nan";"7.246182";"43.693465";"000MO"
"2025-42461";"2025-01-10";"1";"Vente";"700000.0";"69";"None";"PROM DES ANGLAIS";"0240";"06000";"06088";"Nice";"06";"None";"None";"06088000MO0167";"None";"None";"108";"nan";"22";"nan";"None";"nan";"None";"None";"None";"None";"2";"2";"Appartement";"73.0";"2.0";"None";"None";"None";"None";"nan";"7.251029";"43.693045";"000MO"
"2025-42461";"2025-01-10";"1";"Vente";"700000.0";"135";"None";"RUE DE FRANCE";"2595";"06000";"06088";"Nice";"06";"None";"None";"06088000MO0167";"None";"None";"225";"nan";"None";"nan";"None";"nan";"None";"None";"None";"None";"1";"3";"Dépendance";"nan";"0.0";"None";"None";"None";"None";"nan";"7.251029";"43.693045";"000MO"
"2025-42461";"2025-01-10";"1";"Vente";"700000.0";"69";"None";"PROM DES ANGLAIS";"0240";"06000";"06088";"Nice";"06";"None";"None";"06088000MO0167";"None";"None";"108";"nan";"22";"nan";"None";"nan";"None";"None";"None";"None";"2";"3";"Dépendance";"nan";"0.0";"None";"None";"None";"None";"nan";"7.251029";"43.693045";"000MO"
"2025-42461";"2025-01-10";"1";"Vente";"700000.0";"69";"None";"PROM DES ANGLAIS";"0240";"06000";"06088";"Nice";"06";"None";"None";"06088000MO0167";"None";"None";"108";"nan";"22";"nan";"None";"nan";"None";"None";"None";"None";"2";"3";"Dépendance";"nan";"0.0";"None";"None";"None";"None";"nan";"7.251029";"43.693045";"000MO"
"2025-42461";"2025-01-10";"1";"Vente";"700000.0";"69";"None";"PROM DES ANGLAIS";"0240";"06000";"06088";"Nice";"06";"None";"None";"06088000MO0167";"None";"None";"108";"nan";"22";"nan";"None";"nan";"None";"None";"None";"None";"2";"3";"Dépendance";"nan";"0.0";"None";"None";"None";"None";"nan";"7.251029";"43.693045";"000MO"
"2024-54148";"2024-12-20";"1";"Vente";"30000.0";"3";"B";"AV DES BAUMETTES";"0660";"06000";"06088";"Nice";"06";"None";"None";"06088000MO0302";"None";"None";"113";"nan";"None";"nan";"None";"nan";"None";"None";"None";"None";"1";"3";"Dépendance";"nan";"0.0";"None";"None";"None";"None";"nan";"7.250749";"43.694365";"000MO"
"2024-53651";"2024-12-18";"1";"Vente";"87500.0";"169";"None";"RUE DE FRANCE";"2595";"06000";"06088";"Nice";"06";"None";"None";"06088000MO0187";"None";"None";"32";"nan";"None";"nan";"None";"nan";"None";"None";"None";"None";"1";"2";"Appartement";"19.0";"1.0";"None";"None";"None";"None";"nan";"7.247818";"43.692107";"000MO"
"2024-54671";"2024-12-18";"1";"Vente";"107500.0";"5";"None";"RUE PAUL VALERY";"4910";"06000";"06088";"Nice";"06";"None";"None";"06088000MO0407";"None";"None";"14";"nan";"None";"nan";"None";"nan";"None";"None";"None";"None";"1";"2";"Appartement";"18.0";"1.0";"None";"None";"None";"None";"nan";"7.251133";"43.693409";"000MO"
"2024-53766";"2024-12-17";"1";"Vente";"200020.0";"144";"None";"RUE DE FRANCE";"2595";"06000";"06088";"Nice";"06";"None";"None";"06088000MO0442";"None";"None";"6661";"nan";"None";"nan";"None";"nan";"None";"None";"None";"None";"1";"2";"Appartement";"36.0";"2.0";"None";"None";"None";"None";"nan";"7.249074";"43.693077";"000MO"
"2024-54048";"2024-12-17";"1";"Vente";"403000.0";"159";"None";"RUE DE FRANCE";"2595";"06000";"06088";"Nice";"06";"None";"None";"06088000MO0178";"None";"None";"201";"nan";"265";"60.41";"None";"nan";"None";"None";"None";"None";"2";"2";"Appartement";"59.0";"3.0";"None";"None";"None";"None";"nan";"7.249108";"43.692398";"000MO"
"2024-54048";"2024-12-17";"1";"Vente";"403000.0";"159";"None";"RUE DE FRANCE";"2595";"06000";"06088";"Nice";"06";"None";"None";"06088000MO0178";"None";"None";"233";"nan";"None";"nan";"None";"nan";"None";"None";"None";"None";"1";"3";"Dépendance";"nan";"0.0";"None";"None";"None";"None";"nan";"7.249108";"43.692398";"000MO"
"2024-53947";"2024-12-03";"1";"Vente";"125000.0";"98";"None";"RUE DE FRANCE";"2595";"06000";"06088";"Nice";"06";"None";"None";"06088000MO0544";"None";"None";"15";"37.48";"None";"nan";"None";"nan";"None";"None";"None";"None";"1";"2";"Appartement";"37.0";"1.0";"None";"None";"None";"None";"nan";"7.251874";"43.694138";"000MO"
"2024-53947";"2024-12-03";"1";"Vente";"125000.0";"98";"None";"RUE DE FRANCE";"2595";"06000";"06088";"Nice";"06";"None";"None";"06088000MO0544";"None";"None";"15";"37.48";"None";"nan";"None";"nan";"None";"None";"None";"None";"1";"3";"Dépendance";"nan";"0.0";"None";"None";"None";"None";"nan";"7.251874";"43.694138";"000MO"
"2024-53947";"2024-12-03";"1";"Vente";"125000.0";"98";"None";"RUE DE FRANCE";"2595";"06000";"06088";"Nice";"06";"None";"None";"06088000MO0544";"None";"None";"15";"37.48";"None";"nan";"None";"nan";"None";"None";"None";"None";"1";"3";"Dépendance";"nan";"0.0";"None";"None";"None";"None";"nan";"7.251874";"43.694138";"000MO"
"2024-52969";"2024-11-29";"1";"Vente";"247800.0";"9";"None";"AV ADOLPHE ISNARD SERRAT";"0043";"06000";"06088";"Nice";"06";"None";"None";"06088000MO0002";"None";"None";"18";"70.61";"None";"nan";"None";"nan";"None";"None";"None";"None";"1";"2";"Appartement";"71.0";"4.0";"None";"None";"None";"None";"nan";"7.244095";"43.694568";"000MO"
"2024-53131";"2024-11-29";"1";"Vente";"348000.0";"4";"None";"RUE AUGUSTE RENOIR";"0470";"06000";"06088";"Nice";"06";"None";"None";"06088000MO0471";"None";"None";"24";"nan";"56";"nan";"None";"nan";"None";"None";"None";"None";"2";"2";"Appartement";"67.0";"4.0";"None";"None";"None";"None";"nan";"7.24985";"43.693748";"000MO"
"2024-53131";"2024-11-29";"1";"Vente";"348000.0";"4";"None";"RUE AUGUSTE RENOIR";"0470";"06000";"06088";"Nice";"06";"None";"None";"06088000MO0471";"None";"None";"124";"nan";"None";"nan";"None";"nan";"None";"None";"None";"None";"1";"3";"Dépendance";"nan";"0.0";"None";"None";"None";"None";"nan";"7.24985";"43.693748";"000MO"
"2024-53131";"2024-11-29";"1";"Vente";"348000.0";"4";"None";"RUE AUGUSTE RENOIR";"0470";"06000";"06088";"Nice";"06";"None";"None";"06088000MO0471";"None";"None";"24";"nan";"56";"nan";"None";"nan";"None";"None";"None";"None";"2";"3";"Dépendance";"nan";"0.0";"None";"None";"None";"None";"nan";"7.24985";"43.693748";"000MO"
"2024-53434";"2024-11-28";"1";"Vente";"127000.0";"147";"None";"RUE DE FRANCE";"2595";"06000";"06088";"Nice";"06";"None";"None";"06088000MO0237";"None";"None";"17";"20.12";"None";"nan";"None";"nan";"None";"None";"None";"None";"1";"2";"Appartement";"20.0";"1.0";"None";"None";"None";"None";"nan";"7.249728";"43.692755";"000MO"
"2024-52810";"2024-11-27";"1";"Vente";"503296.0";"162";"None";"RUE DE FRANCE";"2595";"06000";"06088";"Nice";"06";"None";"None";"06088000MO0092";"None";"None";"34";"85.8";"None";"nan";"None";"nan";"None";"None";"None";"None";"1";"2";"Appartement";"91.0";"4.0";"None";"None";"None";"None";"nan";"7.247253";"43.692571";"000MO"
"2024-52810";"2024-11-27";"1";"Vente";"503296.0";"162";"None";"RUE DE FRANCE";"2595";"06000";"06088";"Nice";"06";"None";"None";"06088000MO0092";"None";"None";"34";"85.8";"None";"nan";"None";"nan";"None";"None";"None";"None";"1";"3";"Dépendance";"nan";"0.0";"None";"None";"None";"None";"nan";"7.247253";"43.692571";"000MO"
"2024-52810";"2024-11-27";"1";"Vente";"503296.0";"162";"None";"RUE DE FRANCE";"2595";"06000";"06088";"Nice";"06";"None";"None";"06088000MO0092";"None";"None";"100";"nan";"None";"nan";"None";"nan";"None";"None";"None";"None";"1";"3";"Dépendance";"nan";"0.0";"None";"None";"None";"None";"nan";"7.247253";"43.692571";"000MO"
"2024-52831";"2024-11-25";"1";"Vente";"40000.0";"4";"None";"RUE AUGUSTE RENOIR";"0470";"06000";"06088";"Nice";"06";"None";"None";"06088000MO0471";"None";"None";"121";"nan";"None";"nan";"None";"nan";"None";"None";"None";"None";"1";"3";"Dépendance";"nan";"0.0";"None";"None";"None";"None";"nan";"7.24985";"43.693748";"000MO"
"2024-52756";"2024-11-19";"1";"Vente";"83000.0";"71";"None";"PROM DES ANGLAIS";"0240";"06000";"06088";"Nice";"06";"None";"None";"06088000MO0169";"None";"None";"1";"nan";"None";"nan";"None";"nan";"None";"None";"None";"None";"1";"3";"Dépendance";"nan";"0.0";"None";"None";"None";"None";"nan";"7.250868";"43.692819";"000MO"
"2024-52715";"2024-11-18";"1";"Vente";"80000.0";"21";"None";"AV EMILE HENRIOT";"2253";"06000";"06088";"Nice";"06";"None";"None";"06088000MO0254";"None";"None";"2";"28.14";"None";"nan";"None";"nan";"None";"None";"None";"None";"1";"2";"Appartement";"29.0";"2.0";"None";"None";"None";"None";"nan";"7.245751";"43.693468";"000MO"
"2024-52240";"2024-11-13";"1";"Vente";"450000.0";"109";"None";"PROM DES ANGLAIS";"0240";"06000";"06088";"Nice";"06";"None";"None";"06088000MO0212";"None";"None";"28";"74.0";"None";"nan";"None";"nan";"None";"None";"None";"None";"1";"2";"Appartement";"72.0";"3.0";"None";"None";"None";"None";"nan";"7.246098";"43.691143";"000MO"
"2024-52240";"2024-11-13";"1";"Vente";"450000.0";"109";"None";"PROM DES ANGLAIS";"0240";"06000";"06088";"Nice";"06";"None";"None";"06088000MO0212";"None";"None";"20";"nan";"None";"nan";"None";"nan";"None";"None";"None";"None";"1";"3";"Dépendance";"nan";"0.0";"None";"None";"None";"None";"nan";"7.246098";"43.691143";"000MO"
"2024-52694";"2024-11-04";"1";"Vente";"36000.0";"126";"None";"RUE DE FRANCE";"2595";"06000";"06088";"Nice";"06";"None";"None";"06088000MO0550";"None";"None";"128";"nan";"None";"nan";"None";"nan";"None";"None";"None";"None";"1";"3";"Dépendance";"nan";"0.0";"None";"None";"None";"None";"nan";"7.250655";"43.693744";"000MO"
"2024-51864";"2024-10-30";"1";"Vente";"965000.0";"4";"None";"RUE POINCARE";"5190";"06000";"06088";"Nice";"06";"None";"None";"06088000MO0546";"None";"None";"29";"nan";"8";"nan";"None";"nan";"None";"None";"None";"None";"2";"2";"Appartement";"144.0";"4.0";"None";"None";"None";"None";"nan";"7.24858";"43.692397";"000MO"
"2024-52050";"2024-10-29";"1";"Vente";"316500.0";"67";"None";"PROM DES ANGLAIS";"0240";"06000";"06088";"Nice";"06";"None";"None";"06088000MO0164";"None";"None";"18";"nan";"34";"nan";"None";"nan";"None";"None";"None";"None";"2";"2";"Appartement";"30.0";"1.0";"None";"None";"None";"None";"nan";"7.251248";"43.693077";"000MO"
"2024-52050";"2024-10-29";"1";"Vente";"316500.0";"67";"None";"PROM DES ANGLAIS";"0240";"06000";"06088";"Nice";"06";"None";"None";"06088000MO0164";"None";"None";"18";"nan";"34";"nan";"None";"nan";"None";"None";"None";"None";"2";"3";"Dépendance";"nan";"0.0";"None";"None";"None";"None";"nan";"7.251248";"43.693077";"000MO"
"2024-51532";"2024-10-21";"1";"Vente";"400000.0";"171";"None";"RUE DE FRANCE";"2595";"06000";"06088";"Nice";"06";"None";"None";"06088000MO0190";"None";"None";"13";"nan";"None";"nan";"None";"nan";"None";"None";"None";"None";"1";"2";"Appartement";"80.0";"3.0";"None";"None";"None";"None";"nan";"7.247575";"43.691992";"000MO"
"2024-51532";"2024-10-21";"1";"Vente";"400000.0";"171";"None";"RUE DE FRANCE";"2595";"06000";"06088";"Nice";"06";"None";"None";"06088000MO0190";"None";"None";"13";"nan";"None";"nan";"None";"nan";"None";"None";"None";"None";"1";"3";"Dépendance";"nan";"0.0";"None";"None";"None";"None";"nan";"7.247575";"43.691992";"000MO"
"2024-51714";"2024-10-18";"1";"Vente";"458000.0";"164";"None";"RUE DE FRANCE";"2595";"06000";"06088";"Nice";"06";"None";"None";"06088000MO0092";"None";"None";"48";"72.86";"None";"nan";"None";"nan";"None";"None";"None";"None";"1";"2";"Appartement";"76.0";"3.0";"None";"None";"None";"None";"nan";"7.247253";"43.692571";"000MO"
"2024-51834";"2024-10-18";"1";"Vente";"920000.0";"185";"None";"RUE DE FRANCE";"2595";"06000";"06088";"Nice";"06";"None";"None";"06088000MO0488";"None";"None";"80";"90.11";"None";"nan";"None";"nan";"None";"None";"None";"None";"1";"2";"Appartement";"79.0";"3.0";"None";"None";"None";"None";"nan";"7.246306";"43.691623";"000MO"
"2024-51714";"2024-10-18";"1";"Vente";"458000.0";"164";"None";"RUE DE FRANCE";"2595";"06000";"06088";"Nice";"06";"None";"None";"06088000MO0092";"None";"None";"48";"72.86";"None";"nan";"None";"nan";"None";"None";"None";"None";"1";"3";"Dépendance";"nan";"0.0";"None";"None";"None";"None";"nan";"7.247253";"43.692571";"000MO"
"2024-51714";"2024-10-18";"1";"Vente";"458000.0";"162";"None";"RUE DE FRANCE";"2595";"06000";"06088";"Nice";"06";"None";"None";"06088000MO0092";"None";"None";"148";"nan";"None";"nan";"None";"nan";"None";"None";"None";"None";"1";"3";"Dépendance";"nan";"0.0";"None";"None";"None";"None";"nan";"7.247253";"43.692571";"000MO"
"2024-51834";"2024-10-18";"1";"Vente";"920000.0";"185";"None";"RUE DE FRANCE";"2595";"06000";"06088";"Nice";"06";"None";"None";"06088000MO0488";"None";"None";"32";"nan";"None";"nan";"None";"nan";"None";"None";"None";"None";"1";"3";"Dépendance";"nan";"0.0";"None";"None";"None";"None";"nan";"7.246306";"43.691623";"000MO"
"2024-51340";"2024-10-17";"1";"Vente";"243000.0";"100";"None";"RUE DE FRANCE";"2595";"06000";"06088";"Nice";"06";"None";"None";"06088000MO0348";"None";"None";"39";"nan";"87";"nan";"None";"nan";"None";"None";"None";"None";"2";"2";"Appartement";"40.0";"2.0";"None";"None";"None";"None";"nan";"7.251572";"43.694041";"000MO"
"2024-51340";"2024-10-17";"1";"Vente";"243000.0";"100";"None";"RUE DE FRANCE";"2595";"06000";"06088";"Nice";"06";"None";"None";"06088000MO0348";"None";"None";"39";"nan";"87";"nan";"None";"nan";"None";"None";"None";"None";"2";"3";"Dépendance";"nan";"0.0";"None";"None";"None";"None";"nan";"7.251572";"43.694041";"000MO"
"2024-51797";"2024-10-15";"1";"Vente";"365000.0";"147";"None";"RUE DE FRANCE";"2595";"06000";"06088";"Nice";"06";"None";"None";"06088000MO0237";"None";"None";"128";"nan";"45";"62.53";"None";"nan";"None";"None";"None";"None";"2";"2";"Appartement";"65.0";"2.0";"None";"None";"None";"None";"nan";"7.249728";"43.692755";"000MO"
"2024-51380";"2024-10-15";"1";"Vente";"50000.0";"159";"None";"RUE DE FRANCE";"2595";"06000";"06088";"Nice";"06";"None";"None";"06088000MO0178";"None";"None";"231";"nan";"None";"nan";"None";"nan";"None";"None";"None";"None";"1";"3";"Dépendance";"nan";"0.0";"None";"None";"None";"None";"nan";"7.249108";"43.692398";"000MO"
"2024-51797";"2024-10-15";"1";"Vente";"365000.0";"147";"None";"RUE DE FRANCE";"2595";"06000";"06088";"Nice";"06";"None";"None";"06088000MO0237";"None";"None";"128";"nan";"45";"62.53";"None";"nan";"None";"None";"None";"None";"2";"3";"Dépendance";"nan";"0.0";"None";"None";"None";"None";"nan";"7.249728";"43.692755";"000MO"
"2024-51794";"2024-10-14";"1";"Vente";"250000.0";"134";"None";"RUE DE FRANCE";"2595";"06000";"06088";"Nice";"06";"None";"None";"06088000MO0442";"None";"None";"1100";"nan";"None";"nan";"None";"nan";"None";"None";"None";"None";"1";"2";"Appartement";"41.0";"2.0";"None";"None";"None";"None";"nan";"7.249074";"43.693077";"000MO"
"2024-51794";"2024-10-14";"1";"Vente";"250000.0";"134";"None";"RUE DE FRANCE";"2595";"06000";"06088";"Nice";"06";"None";"None";"06088000MO0442";"None";"None";"1017";"nan";"None";"nan";"None";"nan";"None";"None";"None";"None";"1";"3";"Dépendance";"nan";"0.0";"None";"None";"None";"None";"nan";"7.249074";"43.693077";"000MO"
"2024-51074";"2024-10-11";"1";"Vente";"400000.0";"37";"None";"AV DES BAUMETTES";"0660";"06000";"06088";"Nice";"06";"None";"None";"06088000MO0117";"None";"None";"17";"nan";"58";"44.1";"None";"nan";"None";"None";"None";"None";"2";"2";"Appartement";"49.0";"1.0";"None";"None";"None";"None";"nan";"7.248379";"43.694701";"000MO"
"2024-51078";"2024-10-11";"1";"Vente";"280000.0";"4";"None";"RUE HENRI CORDIER";"3205";"06000";"06088";"Nice";"06";"None";"None";"06088000MO0074";"None";"None";"8";"nan";"None";"nan";"None";"nan";"None";"None";"None";"None";"1";"2";"Appartement";"29.0";"1.0";"None";"None";"None";"None";"nan";"7.247827";"43.693608";"000MO"
"2024-51074";"2024-10-11";"1";"Vente";"400000.0";"37";"None";"AV DES BAUMETTES";"0660";"06000";"06088";"Nice";"06";"None";"None";"06088000MO0117";"None";"None";"17";"nan";"58";"44.1";"None";"nan";"None";"None";"None";"None";"2";"3";"Dépendance";"nan";"0.0";"None";"None";"None";"None";"nan";"7.248379";"43.694701";"000MO"
"2024-51539";"2024-10-11";"1";"Vente";"72500.0";"69";"None";"PROM DES ANGLAIS";"0240";"06000";"06088";"Nice";"06";"None";"None";"06088000MO0167";"None";"None";"49";"nan";"None";"nan";"None";"nan";"None";"None";"None";"None";"1";"3";"Dépendance";"nan";"0.0";"None";"None";"None";"None";"nan";"7.251029";"43.693045";"000MO"
"2024-53548";"2024-10-10";"1";"Vente";"109000.0";"11";"None";"AV ADOLPHE ISNARD SERRAT";"0043";"06000";"06088";"Nice";"06";"None";"None";"06088000MO0036";"None";"None";"4";"nan";"None";"nan";"None";"nan";"None";"None";"None";"None";"1";"2";"Appartement";"29.0";"2.0";"None";"None";"None";"None";"nan";"7.244466";"43.694571";"000MO"
"2024-50852";"2024-10-07";"1";"Vente";"120000.0";"33";"None";"AV EMILE HENRIOT";"2253";"06000";"06088";"Nice";"06";"None";"None";"06088000MO0246";"None";"None";"8";"nan";"None";"nan";"None";"nan";"None";"None";"None";"None";"1";"2";"Appartement";"16.0";"1.0";"None";"None";"None";"None";"nan";"7.24487";"43.694383";"000MO"
"2024-50852";"2024-10-07";"1";"Vente";"120000.0";"33";"None";"AV EMILE HENRIOT";"2253";"06000";"06088";"Nice";"06";"None";"None";"06088000MO0246";"None";"None";"8";"nan";"None";"nan";"None";"nan";"None";"None";"None";"None";"1";"2";"Appartement";"14.0";"1.0";"None";"None";"None";"None";"nan";"7.24487";"43.694383";"000MO"
"2024-51056";"2024-10-03";"1";"Vente";"1800000.0";"10";"None";"RUE AUGUSTE RENOIR";"0470";"06000";"06088";"Nice";"06";"None";"None";"06088000MO0473";"None";"None";"None";"nan";"None";"nan";"None";"nan";"None";"None";"None";"None";"0";"1";"Maison";"200.0";"8.0";"S";"sols";"None";"None";"236.0";"7.249835";"43.693985";"000MO"
"2024-51056";"2024-10-03";"1";"Vente";"1800000.0";"10";"None";"RUE AUGUSTE RENOIR";"0470";"06000";"06088";"Nice";"06";"None";"None";"06088000MO0473";"None";"None";"None";"nan";"None";"nan";"None";"nan";"None";"None";"None";"None";"0";"1";"Maison";"44.0";"2.0";"S";"sols";"None";"None";"236.0";"7.249835";"43.693985";"000MO"
"2024-51056";"2024-10-03";"1";"Vente";"1800000.0";"10";"None";"RUE AUGUSTE RENOIR";"0470";"06000";"06088";"Nice";"06";"None";"None";"06088000MO0473";"None";"None";"None";"nan";"None";"nan";"None";"nan";"None";"None";"None";"None";"0";"1";"Maison";"44.0";"2.0";"AG";"terrains d'agrément";"None";"None";"890.0";"7.249835";"43.693985";"000MO"
"2024-51056";"2024-10-03";"1";"Vente";"1800000.0";"10";"None";"RUE AUGUSTE RENOIR";"0470";"06000";"06088";"Nice";"06";"None";"None";"06088000MO0473";"None";"None";"None";"nan";"None";"nan";"None";"nan";"None";"None";"None";"None";"0";"1";"Maison";"200.0";"8.0";"AG";"terrains d'agrément";"None";"None";"890.0";"7.249835";"43.693985";"000MO"
"2024-51056";"2024-10-03";"1";"Vente";"1800000.0";"10";"None";"RUE AUGUSTE RENOIR";"0470";"06000";"06088";"Nice";"06";"None";"None";"06088000MO0473";"None";"None";"None";"nan";"None";"nan";"None";"nan";"None";"None";"None";"None";"0";"3";"Dépendance";"nan";"0.0";"S";"sols";"None";"None";"236.0";"7.249835";"43.693985";"000MO"
"2024-51056";"2024-10-03";"1";"Vente";"1800000.0";"10";"None";"RUE AUGUSTE RENOIR";"0470";"06000";"06088";"Nice";"06";"None";"None";"06088000MO0473";"None";"None";"None";"nan";"None";"nan";"None";"nan";"None";"None";"None";"None";"0";"3";"Dépendance";"nan";"0.0";"AG";"terrains d'agrément";"None";"None";"890.0";"7.249835";"43.693985";"000MO"
"2024-51460";"2024-10-02";"1";"Vente";"208880.0";"143";"None";"RUE DE FRANCE";"2595";"06000";"06088";"Nice";"06";"None";"None";"06088000MO0170";"None";"None";"112";"nan";"189";"nan";"None";"nan";"None";"None";"None";"None";"2";"2";"Appartement";"28.0";"1.0";"None";"None";"None";"None";"nan";"7.250586";"43.692851";"000MO"
"2024-51460";"2024-10-02";"1";"Vente";"208880.0";"143";"None";"RUE DE FRANCE";"2595";"06000";"06088";"Nice";"06";"None";"None";"06088000MO0170";"None";"None";"112";"nan";"189";"nan";"None";"nan";"None";"None";"None";"None";"2";"3";"Dépendance";"nan";"0.0";"None";"None";"None";"None";"nan";"7.250586";"43.692851";"000MO"
"2024-51454";"2024-09-30";"1";"Vente";"490000.0";"102";"None";"RUE DE FRANCE";"2595";"06000";"06088";"Nice";"06";"None";"None";"06088000MO0348";"None";"None";"1";"nan";"116";"nan";"None";"nan";"None";"None";"None";"None";"2";"2";"Appartement";"67.0";"3.0";"None";"None";"None";"None";"nan";"7.251572";"43.694041";"000MO"
"2024-50498";"2024-09-30";"1";"Vente";"43000.0";"45";"None";"AV DES BAUMETTES";"0660";"06000";"06088";"Nice";"06";"None";"None";"06088000MO0045";"None";"None";"236";"nan";"None";"nan";"None";"nan";"None";"None";"None";"None";"1";"3";"Dépendance";"nan";"0.0";"None";"None";"None";"None";"nan";"7.247845";"43.69594";"000MO"
"2024-51454";"2024-09-30";"1";"Vente";"490000.0";"3";"B";"AV DES BAUMETTES";"0660";"06000";"06088";"Nice";"06";"None";"None";"06088000MO0302";"None";"None";"113";"nan";"None";"nan";"None";"nan";"None";"None";"None";"None";"1";"3";"Dépendance";"nan";"0.0";"None";"None";"None";"None";"nan";"7.250749";"43.694365";"000MO"
"2024-51454";"2024-09-30";"1";"Vente";"490000.0";"102";"None";"RUE DE FRANCE";"2595";"06000";"06088";"Nice";"06";"None";"None";"06088000MO0348";"None";"None";"1";"nan";"116";"nan";"None";"nan";"None";"None";"None";"None";"2";"3";"Dépendance";"nan";"0.0";"None";"None";"None";"None";"nan";"7.251572";"43.694041";"000MO"
"2024-51454";"2024-09-30";"1";"Vente";"490000.0";"102";"None";"RUE DE FRANCE";"2595";"06000";"06088";"Nice";"06";"None";"None";"06088000MO0348";"None";"None";"1";"nan";"116";"nan";"None";"nan";"None";"None";"None";"None";"2";"3";"Dépendance";"nan";"0.0";"None";"None";"None";"None";"nan";"7.251572";"43.694041";"000MO"
"2024-50144";"2024-09-27";"1";"Vente";"161600.0";"144";"None";"RUE DE FRANCE";"2595";"06000";"06088";"Nice";"06";"None";"None";"06088000MO0442";"None";"None";"6484";"nan";"None";"nan";"None";"nan";"None";"None";"None";"None";"1";"2";"Appartement";"20.0";"1.0";"None";"None";"None";"None";"nan";"7.249074";"43.693077";"000MO"
"2024-50554";"2024-09-27";"1";"Vente";"30000.0";"144";"None";"RUE DE FRANCE";"2595";"06000";"06088";"Nice";"06";"None";"None";"06088000MO0442";"None";"None";"6195";"nan";"None";"nan";"None";"nan";"None";"None";"None";"None";"1";"3";"Dépendance";"nan";"0.0";"None";"None";"None";"None";"nan";"7.249074";"43.693077";"000MO"
"2024-50219";"2024-09-26";"1";"Vente";"255000.0";"2";"B";"IMP SAINT LAURENT";"5845";"06000";"06088";"Nice";"06";"None";"None";"06088000MO0497";"None";"None";"3";"nan";"8";"49.17";"None";"nan";"None";"None";"None";"None";"2";"2";"Appartement";"42.0";"3.0";"None";"None";"None";"None";"nan";"7.246687";"43.693093";"000MO"
"2024-51087";"2024-09-24";"1";"Vente";"357200.0";"126";"None";"RUE DE FRANCE";"2595";"06000";"06088";"Nice";"06";"None";"None";"06088000MO0550";"None";"None";"8";"nan";"None";"nan";"None";"nan";"None";"None";"None";"None";"1";"2";"Appartement";"74.0";"3.0";"None";"None";"None";"None";"nan";"7.250655";"43.693744";"000MO"
"2024-50716";"2024-09-20";"1";"Vente";"540000.0";"92";"None";"PROM DES ANGLAIS";"0240";"06000";"06088";"Nice";"06";"None";"None";"06088000MO0188";"None";"None";"19";"65.09";"77";"nan";"None";"nan";"None";"None";"None";"None";"2";"2";"Appartement";"73.0";"2.0";"None";"None";"None";"None";"nan";"7.247982";"43.691897";"000MO"
"2024-51225";"2024-09-20";"1";"Vente";"233850.0";"2";"None";"IMP SAINT LAURENT";"5845";"06000";"06088";"Nice";"06";"None";"None";"06088000MO0069";"None";"None";"18";"nan";"36";"nan";"None";"nan";"None";"None";"None";"None";"2";"2";"Appartement";"42.0";"2.0";"None";"None";"None";"None";"nan";"7.246694";"43.692993";"000MO"
"2024-51225";"2024-09-20";"1";"Vente";"233850.0";"2";"None";"IMP SAINT LAURENT";"5845";"06000";"06088";"Nice";"06";"None";"None";"06088000MO0069";"None";"None";"18";"nan";"36";"nan";"None";"nan";"None";"None";"None";"None";"2";"3";"Dépendance";"nan";"0.0";"None";"None";"None";"None";"nan";"7.246694";"43.692993";"000MO"
"2024-50411";"2024-09-19";"1";"Vente";"398000.0";"22";"None";"RUE LOUIS DE COPPET";"3745";"06000";"06088";"Nice";"06";"None";"None";"06088000MO0070";"None";"None";"21";"nan";"89";"45.71";"None";"nan";"None";"None";"None";"None";"2";"2";"Appartement";"40.0";"2.0";"None";"None";"None";"None";"nan";"7.246825";"43.69279";"000MO"
"2024-50411";"2024-09-19";"1";"Vente";"398000.0";"22";"None";"RUE LOUIS DE COPPET";"3745";"06000";"06088";"Nice";"06";"None";"None";"06088000MO0070";"None";"None";"21";"nan";"89";"45.71";"None";"nan";"None";"None";"None";"None";"2";"3";"Dépendance";"nan";"0.0";"None";"None";"None";"None";"nan";"7.246825";"43.69279";"000MO"
"2024-50699";"2024-09-19";"1";"Vente";"26000.0";"4";"None";"RUE HENRI CORDIER";"3205";"06000";"06088";"Nice";"06";"None";"None";"06088000MO0467";"None";"None";"65";"nan";"None";"nan";"None";"nan";"None";"None";"None";"None";"1";"3";"Dépendance";"nan";"0.0";"None";"None";"None";"None";"nan";"7.248175";"43.693759";"000MO"
"2024-50496";"2024-09-16";"1";"Vente";"1.0";"169";"None";"RUE DE FRANCE";"2595";"06000";"06088";"Nice";"06";"None";"None";"06088000MO0187";"None";"None";"47";"nan";"None";"nan";"None";"nan";"None";"None";"None";"None";"1";"3";"Dépendance";"nan";"0.0";"None";"None";"None";"None";"nan";"7.247818";"43.692107";"000MO"
"2024-50087";"2024-09-13";"1";"Vente";"186900.0";"160";"None";"RUE DE FRANCE";"2595";"06000";"06088";"Nice";"06";"None";"None";"06088000MO0399";"None";"None";"14";"nan";"144";"nan";"None";"nan";"None";"None";"None";"None";"2";"2";"Appartement";"38.0";"1.0";"None";"None";"None";"None";"nan";"7.247758";"43.693082";"000MO"
"2024-50087";"2024-09-13";"1";"Vente";"186900.0";"160";"None";"RUE DE FRANCE";"2595";"06000";"06088";"Nice";"06";"None";"None";"06088000MO0399";"None";"None";"14";"nan";"144";"nan";"None";"nan";"None";"None";"None";"None";"2";"3";"Dépendance";"nan";"0.0";"None";"None";"None";"None";"nan";"7.247758";"43.693082";"000MO"
"2024-50107";"2024-09-12";"1";"Vente";"261300.0";"11";"None";"AV EMILE HENRIOT";"2253";"06000";"06088";"Nice";"06";"None";"None";"06088000MO0258";"None";"None";"4";"nan";"None";"nan";"None";"nan";"None";"None";"None";"None";"1";"2";"Appartement";"60.0";"4.0";"None";"None";"None";"None";"nan";"7.246078";"43.693256";"000MO"
"2024-50107";"2024-09-12";"1";"Vente";"261300.0";"11";"None";"AV EMILE HENRIOT";"2253";"06000";"06088";"Nice";"06";"None";"None";"06088000MO0258";"None";"None";"1";"nan";"None";"nan";"None";"nan";"None";"None";"None";"None";"1";"3";"Dépendance";"nan";"0.0";"None";"None";"None";"None";"nan";"7.246078";"43.693256";"000MO"
"2024-50569";"2024-09-10";"1";"Vente";"32000.0";"144";"None";"RUE DE FRANCE";"2595";"06000";"06088";"Nice";"06";"None";"None";"06088000MO0442";"None";"None";"6273";"nan";"None";"nan";"None";"nan";"None";"None";"None";"None";"1";"3";"Dépendance";"nan";"0.0";"None";"None";"None";"None";"nan";"7.249074";"43.693077";"000MO"
"2024-49453";"2024-09-06";"1";"Vente";"65000.0";"169";"None";"RUE DE FRANCE";"2595";"06000";"06088";"Nice";"06";"None";"None";"06088000MO0187";"None";"None";"56";"nan";"None";"nan";"None";"nan";"None";"None";"None";"None";"1";"2";"Appartement";"18.0";"1.0";"None";"None";"None";"None";"nan";"7.247818";"43.692107";"000MO"
"2024-49453";"2024-09-06";"1";"Vente";"65000.0";"169";"None";"RUE DE FRANCE";"2595";"06000";"06088";"Nice";"06";"None";"None";"06088000MO0187";"None";"None";"49";"nan";"None";"nan";"None";"nan";"None";"None";"None";"None";"1";"2";"Appartement";"19.0";"1.0";"None";"None";"None";"None";"nan";"7.247818";"43.692107";"000MO"
"2024-49453";"2024-09-06";"1";"Vente";"65000.0";"169";"None";"RUE DE FRANCE";"2595";"06000";"06088";"Nice";"06";"None";"None";"06088000MO0187";"None";"None";"62";"nan";"None";"nan";"None";"nan";"None";"None";"None";"None";"1";"3";"Dépendance";"nan";"0.0";"None";"None";"None";"None";"nan";"7.247818";"43.692107";"000MO"
"2024-49193";"2024-09-03";"1";"Vente";"295000.0";"37";"None";"AV DES BAUMETTES";"0660";"06000";"06088";"Nice";"06";"None";"None";"06088000MO0117";"None";"None";"14";"nan";"86";"nan";"None";"nan";"None";"None";"None";"None";"2";"2";"Appartement";"55.0";"2.0";"None";"None";"None";"None";"nan";"7.248379";"43.694701";"000MO"
"2024-49705";"2024-09-03";"1";"Vente";"70000.0";"105";"None";"PROM DES ANGLAIS";"0240";"06000";"06088";"Nice";"06";"None";"None";"06088000MO0209";"None";"None";"111";"11.19";"None";"nan";"None";"nan";"None";"None";"None";"None";"1";"2";"Appartement";"13.0";"1.0";"None";"None";"None";"None";"nan";"7.246044";"43.691236";"000MO"
"2024-49193";"2024-09-03";"1";"Vente";"295000.0";"37";"None";"AV DES BAUMETTES";"0660";"06000";"06088";"Nice";"06";"None";"None";"06088000MO0117";"None";"None";"14";"nan";"86";"nan";"None";"nan";"None";"None";"None";"None";"2";"3";"Dépendance";"nan";"0.0";"None";"None";"None";"None";"nan";"7.248379";"43.694701";"000MO"
"2024-49193";"2024-09-03";"1";"Vente";"295000.0";"37";"None";"AV DES BAUMETTES";"0660";"06000";"06088";"Nice";"06";"None";"None";"06088000MO0117";"None";"None";"14";"nan";"86";"nan";"None";"nan";"None";"None";"None";"None";"2";"3";"Dépendance";"nan";"0.0";"None";"None";"None";"None";"nan";"7.248379";"43.694701";"000MO"
"2024-49192";"2024-08-30";"1";"Vente";"22500.0";"169";"None";"RUE DE FRANCE";"2595";"06000";"06088";"Nice";"06";"None";"None";"06088000MO0187";"None";"None";"55";"nan";"None";"nan";"None";"nan";"None";"None";"None";"None";"1";"2";"Appartement";"19.0";"1.0";"None";"None";"None";"None";"nan";"7.247818";"43.692107";"000MO"
"2024-50382";"2024-08-30";"1";"Vente";"427500.0";"97";"None";"PROM DES ANGLAIS";"0240";"06000";"06088";"Nice";"06";"None";"None";"06088000MO0196";"None";"None";"11";"nan";"25";"nan";"None";"nan";"None";"None";"None";"None";"2";"2";"Appartement";"72.0";"3.0";"None";"None";"None";"None";"nan";"7.247245";"43.691597";"000MO"
"2024-50382";"2024-08-30";"1";"Vente";"427500.0";"97";"None";"PROM DES ANGLAIS";"0240";"06000";"06088";"Nice";"06";"None";"None";"06088000MO0196";"None";"None";"11";"nan";"25";"nan";"None";"nan";"None";"None";"None";"None";"2";"3";"Dépendance";"nan";"0.0";"None";"None";"None";"None";"nan";"7.247245";"43.691597";"000MO"
"2024-50382";"2024-08-30";"1";"Vente";"427500.0";"97";"None";"PROM DES ANGLAIS";"0240";"06000";"06088";"Nice";"06";"None";"None";"06088000MO0196";"None";"None";"11";"nan";"25";"nan";"None";"nan";"None";"None";"None";"None";"2";"3";"Dépendance";"nan";"0.0";"None";"None";"None";"None";"nan";"7.247245";"43.691597";"000MO"
"2024-48814";"2024-08-28";"1";"Vente";"305000.0";"92";"None";"PROM DES ANGLAIS";"0240";"06000";"06088";"Nice";"06";"None";"None";"06088000MO0188";"None";"None";"39";"nan";"None";"nan";"None";"nan";"None";"None";"None";"None";"1";"2";"Appartement";"27.0";"1.0";"None";"None";"None";"None";"nan";"7.247982";"43.691897";"000MO"
"2024-48814";"2024-08-28";"1";"Vente";"305000.0";"92";"None";"PROM DES ANGLAIS";"0240";"06000";"06088";"Nice";"06";"None";"None";"06088000MO0188";"None";"None";"39";"nan";"None";"nan";"None";"nan";"None";"None";"None";"None";"1";"3";"Dépendance";"nan";"0.0";"None";"None";"None";"None";"nan";"7.247982";"43.691897";"000MO"
"2024-49030";"2024-08-27";"1";"Vente";"300000.0";"132";"None";"RUE DE FRANCE";"2595";"06000";"06088";"Nice";"06";"None";"None";"06088000MO0131";"None";"None";"24";"nan";"32";"nan";"None";"nan";"None";"None";"None";"None";"2";"2";"Appartement";"77.0";"3.0";"None";"None";"None";"None";"nan";"7.250383";"43.693592";"000MO"
"2024-49030";"2024-08-27";"1";"Vente";"300000.0";"132";"None";"RUE DE FRANCE";"2595";"06000";"06088";"Nice";"06";"None";"None";"06088000MO0131";"None";"None";"24";"nan";"32";"nan";"None";"nan";"None";"None";"None";"None";"2";"3";"Dépendance";"nan";"0.0";"None";"None";"None";"None";"nan";"7.250383";"43.693592";"000MO"
"2024-48913";"2024-08-26";"1";"Vente";"262000.0";"160";"None";"RUE DE FRANCE";"2595";"06000";"06088";"Nice";"06";"None";"None";"06088000MO0399";"None";"None";"6";"nan";"None";"nan";"None";"nan";"None";"None";"None";"None";"1";"2";"Appartement";"66.0";"3.0";"None";"None";"None";"None";"nan";"7.247758";"43.693082";"000MO"
"2024-48913";"2024-08-26";"1";"Vente";"262000.0";"160";"None";"RUE DE FRANCE";"2595";"06000";"06088";"Nice";"06";"None";"None";"06088000MO0399";"None";"None";"82";"nan";"None";"nan";"None";"nan";"None";"None";"None";"None";"1";"3";"Dépendance";"nan";"0.0";"None";"None";"None";"None";"nan";"7.247758";"43.693082";"000MO"
"2024-48754";"2024-08-20";"1";"Vente";"195300.0";"145";"B";"RUE DE FRANCE";"2595";"06000";"06088";"Nice";"06";"None";"None";"06088000MO0174";"None";"None";"4";"15.36";"None";"nan";"None";"nan";"None";"None";"None";"None";"1";"2";"Appartement";"15.0";"1.0";"None";"None";"None";"None";"nan";"7.250034";"43.692941";"000MO"
"2024-48754";"2024-08-20";"1";"Vente";"195300.0";"145";"B";"RUE DE FRANCE";"2595";"06000";"06088";"Nice";"06";"None";"None";"06088000MO0174";"None";"None";"58";"14.71";"None";"nan";"None";"nan";"None";"None";"None";"None";"1";"4";"Local industriel. commercial ou assimilé";"16.0";"0.0";"None";"None";"None";"None";"nan";"7.250034";"43.692941";"000MO"
"2024-48646";"2024-08-06";"1";"Vente";"195000.0";"3";"B";"AV DES BAUMETTES";"0660";"06000";"06088";"Nice";"06";"None";"None";"06088000MO0281";"None";"None";"6";"nan";"None";"nan";"None";"nan";"None";"None";"None";"None";"1";"2";"Appartement";"60.0";"2.0";"None";"None";"None";"None";"nan";"7.250892";"43.694404";"000MO"
"2024-48113";"2024-08-01";"1";"Vente";"245000.0";"105";"None";"PROM DES ANGLAIS";"0240";"06000";"06088";"Nice";"06";"None";"None";"06088000MO0209";"None";"None";"118";"51.06";"None";"nan";"None";"nan";"None";"None";"None";"None";"1";"2";"Appartement";"50.0";"2.0";"None";"None";"None";"None";"nan";"7.246044";"43.691236";"000MO"
"2024-48121";"2024-08-01";"1";"Vente";"190020.0";"120";"None";"RUE DE FRANCE";"2595";"06000";"06088";"Nice";"06";"None";"None";"06088000MO0550";"None";"None";"224";"nan";"None";"nan";"None";"nan";"None";"None";"None";"None";"1";"2";"Appartement";"30.0";"1.0";"None";"None";"None";"None";"nan";"7.250655";"43.693744";"000MO"
"2024-48121";"2024-08-01";"1";"Vente";"190020.0";"118";"None";"RUE DE FRANCE";"2595";"06000";"06088";"Nice";"06";"None";"None";"06088000MO0550";"None";"None";"289";"nan";"None";"nan";"None";"nan";"None";"None";"None";"None";"1";"3";"Dépendance";"nan";"0.0";"None";"None";"None";"None";"nan";"7.250655";"43.693744";"000MO"
"2024-48271";"2024-08-01";"1";"Vente";"8000.0";"8";"B";"IMP SAINT LAURENT";"5845";"06000";"06088";"Nice";"06";"None";"None";"06088000MO0243";"None";"None";"1";"nan";"None";"nan";"None";"nan";"None";"None";"None";"None";"1";"3";"Dépendance";"nan";"0.0";"None";"None";"None";"None";"nan";"7.246735";"43.693682";"000MO"
"2024-48119";"2024-07-31";"1";"Vente";"157000.0";"20";"None";"BD DE LA MADELEINE";"3820";"06000";"06088";"Nice";"06";"None";"None";"06088000MO0007";"None";"None";"17";"54.57";"None";"nan";"None";"nan";"None";"None";"None";"None";"1";"2";"Appartement";"46.0";"2.0";"None";"None";"None";"None";"nan";"7.24373";"43.694376";"000MO"
"2024-48119";"2024-07-31";"1";"Vente";"157000.0";"20";"None";"BD DE LA MADELEINE";"3820";"06000";"06088";"Nice";"06";"None";"None";"06088000MO0007";"None";"None";"17";"54.57";"None";"nan";"None";"nan";"None";"None";"None";"None";"1";"3";"Dépendance";"nan";"0.0";"None";"None";"None";"None";"nan";"7.24373";"43.694376";"000MO"
"2024-48274";"2024-07-29";"1";"Vente";"237000.0";"144";"None";"RUE DE FRANCE";"2595";"06000";"06088";"Nice";"06";"None";"None";"06088000MO0442";"None";"None";"6415";"nan";"6659";"51.13";"None";"nan";"None";"None";"None";"None";"2";"2";"Appartement";"50.0";"2.0";"None";"None";"None";"None";"nan";"7.249074";"43.693077";"000MO"
"2024-48561";"2024-07-29";"1";"Vente";"780000.0";"75";"None";"PROM DES ANGLAIS";"0240";"06000";"06088";"Nice";"06";"None";"None";"06088000MO0172";"None";"None";"3";"nan";"93";"nan";"None";"nan";"None";"None";"None";"None";"2";"2";"Appartement";"86.0";"2.0";"None";"None";"None";"None";"nan";"7.250454";"43.69266";"000MO"
"2024-48274";"2024-07-29";"1";"Vente";"237000.0";"144";"None";"RUE DE FRANCE";"2595";"06000";"06088";"Nice";"06";"None";"None";"06088000MO0442";"None";"None";"6415";"nan";"6659";"51.13";"None";"nan";"None";"None";"None";"None";"2";"3";"Dépendance";"nan";"0.0";"None";"None";"None";"None";"nan";"7.249074";"43.693077";"000MO"
"2024-48561";"2024-07-29";"1";"Vente";"780000.0";"75";"None";"PROM DES ANGLAIS";"0240";"06000";"06088";"Nice";"06";"None";"None";"06088000MO0172";"None";"None";"3";"nan";"93";"nan";"None";"nan";"None";"None";"None";"None";"2";"3";"Dépendance";"nan";"0.0";"None";"None";"None";"None";"nan";"7.250454";"43.69266";"000MO"
"2024-48561";"2024-07-29";"1";"Vente";"780000.0";"75";"None";"PROM DES ANGLAIS";"0240";"06000";"06088";"Nice";"06";"None";"None";"06088000MO0172";"None";"None";"60";"nan";"None";"nan";"None";"nan";"None";"None";"None";"None";"1";"3";"Dépendance";"nan";"0.0";"None";"None";"None";"None";"nan";"7.250454";"43.69266";"000MO"
"2024-47261";"2024-07-19";"1";"Vente";"270000.0";"144";"None";"RUE DE FRANCE";"2595";"06000";"06088";"Nice";"06";"None";"None";"06088000MO0442";"None";"None";"6392";"nan";"6688";"nan";"None";"nan";"None";"None";"None";"None";"2";"2";"Appartement";"41.0";"2.0";"None";"None";"None";"None";"nan";"7.249074";"43.693077";"000MO"
"2024-47971";"2024-07-19";"1";"Vente";"680000.0";"83";"None";"PROM DES ANGLAIS";"0240";"06000";"06088";"Nice";"06";"None";"None";"06088000MO0178";"None";"None";"121";"nan";"122";"nan";"19";"nan";"20";"None";"None";"None";"4";"2";"Appartement";"71.0";"2.0";"None";"None";"None";"None";"nan";"7.249108";"43.692398";"000MO"
"2024-47261";"2024-07-19";"1";"Vente";"270000.0";"144";"None";"RUE DE FRANCE";"2595";"06000";"06088";"Nice";"06";"None";"None";"06088000MO0442";"None";"None";"6392";"nan";"6688";"nan";"None";"nan";"None";"None";"None";"None";"2";"3";"Dépendance";"nan";"0.0";"None";"None";"None";"None";"nan";"7.249074";"43.693077";"000MO"
"2024-47971";"2024-07-19";"1";"Vente";"680000.0";"83";"None";"PROM DES ANGLAIS";"0240";"06000";"06088";"Nice";"06";"None";"None";"06088000MO0178";"None";"None";"121";"nan";"122";"nan";"19";"nan";"20";"None";"None";"None";"4";"3";"Dépendance";"nan";"0.0";"None";"None";"None";"None";"nan";"7.249108";"43.692398";"000MO"
"2024-47085";"2024-07-18";"1";"Vente";"215000.0";"45";"None";"AV DES BAUMETTES";"0660";"06000";"06088";"Nice";"06";"None";"None";"06088000MO0045";"None";"None";"208";"63.62";"None";"nan";"None";"nan";"None";"None";"None";"None";"1";"2";"Appartement";"66.0";"2.0";"None";"None";"None";"None";"nan";"7.247845";"43.69594";"000MO"
"2024-47144";"2024-07-18";"1";"Vente";"1170690.0";"77";"None";"PROM DES ANGLAIS";"0240";"06000";"06088";"Nice";"06";"None";"None";"06088000MO0238";"None";"None";"102";"nan";"56";"105.45";"None";"nan";"None";"None";"None";"None";"2";"2";"Appartement";"113.0";"3.0";"None";"None";"None";"None";"nan";"7.249911";"43.692436";"000MO"
"2024-47636";"2024-07-18";"1";"Vente";"600000.0";"83";"None";"PROM DES ANGLAIS";"0240";"06000";"06088";"Nice";"06";"None";"None";"06088000MO0178";"None";"None";"121";"nan";"122";"nan";"19";"nan";"20";"None";"None";"None";"4";"2";"Appartement";"71.0";"2.0";"None";"None";"None";"None";"nan";"7.249108";"43.692398";"000MO"
"2024-47144";"2024-07-18";"1";"Vente";"1170690.0";"147";"None";"RUE DE FRANCE";"2595";"06000";"06088";"Nice";"06";"None";"None";"06088000MO0237";"None";"None";"191";"nan";"None";"nan";"None";"nan";"None";"None";"None";"None";"1";"3";"Dépendance";"nan";"0.0";"None";"None";"None";"None";"nan";"7.249728";"43.692755";"000MO"
"2024-47144";"2024-07-18";"1";"Vente";"1170690.0";"77";"None";"PROM DES ANGLAIS";"0240";"06000";"06088";"Nice";"06";"None";"None";"06088000MO0238";"None";"None";"102";"nan";"56";"105.45";"None";"nan";"None";"None";"None";"None";"2";"3";"Dépendance";"nan";"0.0";"None";"None";"None";"None";"nan";"7.249911";"43.692436";"000MO"
"2024-47636";"2024-07-18";"1";"Vente";"600000.0";"159";"None";"RUE DE FRANCE";"2595";"06000";"06088";"Nice";"06";"None";"None";"06088000MO0178";"None";"None";"231";"nan";"None";"nan";"None";"nan";"None";"None";"None";"None";"1";"3";"Dépendance";"nan";"0.0";"None";"None";"None";"None";"nan";"7.249108";"43.692398";"000MO"
"2024-47636";"2024-07-18";"1";"Vente";"600000.0";"83";"None";"PROM DES ANGLAIS";"0240";"06000";"06088";"Nice";"06";"None";"None";"06088000MO0178";"None";"None";"121";"nan";"122";"nan";"19";"nan";"20";"None";"None";"None";"4";"3";"Dépendance";"nan";"0.0";"None";"None";"None";"None";"nan";"7.249108";"43.692398";"000MO"
"2024-46751";"2024-07-10";"1";"Vente";"330000.0";"135";"None";"RUE DE FRANCE";"2595";"06000";"06088";"Nice";"06";"None";"None";"06088000MO0167";"None";"None";"216";"nan";"255";"73.7";"None";"nan";"None";"None";"None";"None";"2";"2";"Appartement";"73.0";"3.0";"None";"None";"None";"None";"nan";"7.251029";"43.693045";"000MO"
"2024-46751";"2024-07-10";"1";"Vente";"330000.0";"135";"None";"RUE DE FRANCE";"2595";"06000";"06088";"Nice";"06";"None";"None";"06088000MO0167";"None";"None";"216";"nan";"255";"73.7";"None";"nan";"None";"None";"None";"None";"2";"3";"Dépendance";"nan";"0.0";"None";"None";"None";"None";"nan";"7.251029";"43.693045";"000MO"
"2024-47227";"2024-07-09";"1";"Vente";"160377.0";"4";"None";"RUE HENRI CORDIER";"3205";"06000";"06088";"Nice";"06";"None";"None";"06088000MO0467";"None";"None";"66";"29.0";"None";"nan";"None";"nan";"None";"None";"None";"None";"1";"2";"Appartement";"30.0";"1.0";"None";"None";"None";"None";"nan";"7.248175";"43.693759";"000MO"
"2024-47227";"2024-07-09";"1";"Vente";"160377.0";"4";"None";"RUE HENRI CORDIER";"3205";"06000";"06088";"Nice";"06";"None";"None";"06088000MO0467";"None";"None";"56";"nan";"None";"nan";"None";"nan";"None";"None";"None";"None";"1";"3";"Dépendance";"nan";"0.0";"None";"None";"None";"None";"nan";"7.248175";"43.693759";"000MO"
"2024-47227";"2024-07-09";"1";"Vente";"160377.0";"4";"None";"RUE HENRI CORDIER";"3205";"06000";"06088";"Nice";"06";"None";"None";"06088000MO0467";"None";"None";"66";"29.0";"None";"nan";"None";"nan";"None";"None";"None";"None";"1";"3";"Dépendance";"nan";"0.0";"None";"None";"None";"None";"nan";"7.248175";"43.693759";"000MO"
"2024-46637";"2024-07-04";"1";"Vente";"384000.0";"4";"None";"RUE HENRI CORDIER";"3205";"06000";"06088";"Nice";"06";"None";"None";"06088000MO0074";"None";"None";"9";"nan";"None";"nan";"None";"nan";"None";"None";"None";"None";"1";"2";"Appartement";"72.0";"3.0";"None";"None";"None";"None";"nan";"7.247827";"43.693608";"000MO"
"2024-46825";"2024-07-04";"1";"Vente";"30000.0";"144";"None";"RUE DE FRANCE";"2595";"06000";"06088";"Nice";"06";"None";"None";"06088000MO0442";"None";"None";"6240";"nan";"None";"nan";"None";"nan";"None";"None";"None";"None";"1";"3";"Dépendance";"nan";"0.0";"None";"None";"None";"None";"nan";"7.249074";"43.693077";"000MO"
"2024-47348";"2024-07-04";"1";"Vente";"45000.0";"144";"None";"RUE DE FRANCE";"2595";"06000";"06088";"Nice";"06";"None";"None";"06088000MO0442";"None";"None";"6189";"nan";"None";"nan";"None";"nan";"None";"None";"None";"None";"1";"3";"Dépendance";"nan";"0.0";"None";"None";"None";"None";"nan";"7.249074";"43.693077";"000MO"
"2024-47114";"2024-07-02";"1";"Vente";"547000.0";"134";"None";"RUE DE FRANCE";"2595";"06000";"06088";"Nice";"06";"None";"None";"06088000MO0442";"None";"None";"1117";"93.02";"None";"nan";"None";"nan";"None";"None";"None";"None";"1";"2";"Appartement";"93.0";"4.0";"None";"None";"None";"None";"nan";"7.249074";"43.693077";"000MO"
"2024-46763";"2024-07-02";"1";"Vente";"62000.0";"92";"None";"PROM DES ANGLAIS";"0240";"06000";"06088";"Nice";"06";"None";"None";"06088000MO0188";"None";"None";"116";"nan";"None";"nan";"None";"nan";"None";"None";"None";"None";"1";"3";"Dépendance";"nan";"0.0";"None";"None";"None";"None";"nan";"7.247982";"43.691897";"000MO"
"2024-47114";"2024-07-02";"1";"Vente";"547000.0";"134";"None";"RUE DE FRANCE";"2595";"06000";"06088";"Nice";"06";"None";"None";"06088000MO0442";"None";"None";"1021";"nan";"None";"nan";"None";"nan";"None";"None";"None";"None";"1";"3";"Dépendance";"nan";"0.0";"None";"None";"None";"None";"nan";"7.249074";"43.693077";"000MO"
"2024-46667";"2024-07-01";"1";"Vente";"283640.0";"144";"None";"RUE DE FRANCE";"2595";"06000";"06088";"Nice";"06";"None";"None";"06088000MO0442";"None";"None";"6544";"nan";"None";"nan";"None";"nan";"None";"None";"None";"None";"1";"2";"Appartement";"42.0";"2.0";"None";"None";"None";"None";"nan";"7.249074";"43.693077";"000MO"
"2024-46364";"2024-06-28";"1";"Vente";"1024000.0";"69";"None";"PROM DES ANGLAIS";"0240";"06000";"06088";"Nice";"06";"None";"None";"06088000MO0167";"None";"None";"16";"nan";"94";"nan";"None";"nan";"None";"None";"None";"None";"2";"2";"Appartement";"97.0";"3.0";"None";"None";"None";"None";"nan";"7.251029";"43.693045";"000MO"
"2024-46516";"2024-06-28";"1";"Vente";"432500.0";"162";"None";"RUE DE FRANCE";"2595";"06000";"06088";"Nice";"06";"None";"None";"06088000MO0092";"None";"None";"43";"nan";"None";"nan";"None";"nan";"None";"None";"None";"None";"1";"2";"Appartement";"91.0";"4.0";"None";"None";"None";"None";"nan";"7.247253";"43.692571";"000MO"
"2024-47456";"2024-06-28";"1";"Vente";"500000.0";"79";"None";"PROM DES ANGLAIS";"0240";"06000";"06088";"Nice";"06";"None";"None";"06088000MO0238";"None";"None";"13";"nan";"135";"nan";"None";"nan";"None";"None";"None";"None";"2";"2";"Appartement";"70.0";"2.0";"None";"None";"None";"None";"nan";"7.249911";"43.692436";"000MO"
"2024-46364";"2024-06-28";"1";"Vente";"1024000.0";"69";"None";"PROM DES ANGLAIS";"0240";"06000";"06088";"Nice";"06";"None";"None";"06088000MO0167";"None";"None";"50";"nan";"None";"nan";"None";"nan";"None";"None";"None";"None";"1";"3";"Dépendance";"nan";"0.0";"None";"None";"None";"None";"nan";"7.251029";"43.693045";"000MO"
"2024-46364";"2024-06-28";"1";"Vente";"1024000.0";"69";"None";"PROM DES ANGLAIS";"0240";"06000";"06088";"Nice";"06";"None";"None";"06088000MO0167";"None";"None";"16";"nan";"94";"nan";"None";"nan";"None";"None";"None";"None";"2";"3";"Dépendance";"nan";"0.0";"None";"None";"None";"None";"nan";"7.251029";"43.693045";"000MO"
"2024-46364";"2024-06-28";"1";"Vente";"1024000.0";"69";"None";"PROM DES ANGLAIS";"0240";"06000";"06088";"Nice";"06";"None";"None";"06088000MO0167";"None";"None";"16";"nan";"94";"nan";"None";"nan";"None";"None";"None";"None";"2";"3";"Dépendance";"nan";"0.0";"None";"None";"None";"None";"nan";"7.251029";"43.693045";"000MO"
"2024-46516";"2024-06-28";"1";"Vente";"432500.0";"162";"None";"RUE DE FRANCE";"2595";"06000";"06088";"Nice";"06";"None";"None";"06088000MO0092";"None";"None";"43";"nan";"None";"nan";"None";"nan";"None";"None";"None";"None";"1";"3";"Dépendance";"nan";"0.0";"None";"None";"None";"None";"nan";"7.247253";"43.692571";"000MO"
"2024-46516";"2024-06-28";"1";"Vente";"432500.0";"162";"None";"RUE DE FRANCE";"2595";"06000";"06088";"Nice";"06";"None";"None";"06088000MO0092";"None";"None";"153";"nan";"None";"nan";"None";"nan";"None";"None";"None";"None";"1";"3";"Dépendance";"nan";"0.0";"None";"None";"None";"None";"nan";"7.247253";"43.692571";"000MO"
"2024-46893";"2024-06-28";"1";"Vente";"50000.0";"79";"None";"PROM DES ANGLAIS";"0240";"06000";"06088";"Nice";"06";"None";"None";"06088000MO0238";"None";"None";"140";"nan";"None";"nan";"None";"nan";"None";"None";"None";"None";"1";"3";"Dépendance";"nan";"0.0";"None";"None";"None";"None";"nan";"7.249911";"43.692436";"000MO"
"2024-47456";"2024-06-28";"1";"Vente";"500000.0";"79";"None";"PROM DES ANGLAIS";"0240";"06000";"06088";"Nice";"06";"None";"None";"06088000MO0238";"None";"None";"13";"nan";"135";"nan";"None";"nan";"None";"None";"None";"None";"2";"3";"Dépendance";"nan";"0.0";"None";"None";"None";"None";"nan";"7.249911";"43.692436";"000MO"
"2024-46635";"2024-06-27";"1";"Vente";"108000.0";"144";"None";"RUE DE FRANCE";"2595";"06000";"06088";"Nice";"06";"None";"None";"06088000MO0442";"None";"None";"6510";"nan";"None";"nan";"None";"nan";"None";"None";"None";"None";"1";"2";"Appartement";"22.0";"1.0";"None";"None";"None";"None";"nan";"7.249074";"43.693077";"000MO"
"2024-46937";"2024-06-24";"1";"Vente";"140000.0";"5";"None";"AV ADOLPHE ISNARD SERRAT";"0043";"06000";"06088";"Nice";"06";"None";"None";"06088000MO0006";"None";"None";"23";"43.2";"None";"nan";"None";"nan";"None";"None";"None";"None";"1";"2";"Appartement";"43.0";"3.0";"None";"None";"None";"None";"nan";"7.243913";"43.694377";"000MO"
"2024-46122";"2024-06-21";"1";"Vente";"295000.0";"151";"None";"RUE DE FRANCE";"2595";"06000";"06088";"Nice";"06";"None";"None";"06088000MO0494";"None";"None";"10";"72.88";"8";"nan";"None";"nan";"None";"None";"None";"None";"2";"2";"Appartement";"70.0";"3.0";"None";"None";"None";"None";"nan";"7.249445";"43.692483";"000MO"
"2024-47084";"2024-06-21";"1";"Vente";"207500.0";"13";"None";"AV ADOLPHE ISNARD SERRAT";"0043";"06000";"06088";"Nice";"06";"None";"None";"06088000MO0036";"None";"None";"13";"nan";"None";"nan";"None";"nan";"None";"None";"None";"None";"1";"2";"Appartement";"60.0";"3.0";"None";"None";"None";"None";"nan";"7.244466";"43.694571";"000MO"
"2024-46122";"2024-06-21";"1";"Vente";"295000.0";"151";"None";"RUE DE FRANCE";"2595";"06000";"06088";"Nice";"06";"None";"None";"06088000MO0494";"None";"None";"10";"72.88";"8";"nan";"None";"nan";"None";"None";"None";"None";"2";"3";"Dépendance";"nan";"0.0";"None";"None";"None";"None";"nan";"7.249445";"43.692483";"000MO"
"2024-45703";"2024-06-14";"1";"Vente";"270000.0";"185";"None";"RUE DE FRANCE";"2595";"06000";"06088";"Nice";"06";"None";"None";"06088000MO0488";"None";"None";"53";"29.14";"None";"nan";"None";"nan";"None";"None";"None";"None";"1";"2";"Appartement";"30.0";"1.0";"None";"None";"None";"None";"nan";"7.246306";"43.691623";"000MO"
"2024-46396";"2024-06-11";"1";"Vente";"540000.0";"4";"None";"RUE HENRI CORDIER";"3205";"06000";"06088";"Nice";"06";"None";"None";"06088000MO0467";"None";"None";"27";"nan";"53";"72.79";"None";"nan";"None";"None";"None";"None";"2";"2";"Appartement";"76.0";"3.0";"None";"None";"None";"None";"nan";"7.248175";"43.693759";"000MO"
"2024-46396";"2024-06-11";"1";"Vente";"540000.0";"4";"None";"RUE HENRI CORDIER";"3205";"06000";"06088";"Nice";"06";"None";"None";"06088000MO0467";"None";"None";"28";"nan";"None";"nan";"None";"nan";"None";"None";"None";"None";"1";"3";"Dépendance";"nan";"0.0";"None";"None";"None";"None";"nan";"7.248175";"43.693759";"000MO"
"2024-46396";"2024-06-11";"1";"Vente";"540000.0";"4";"None";"RUE HENRI CORDIER";"3205";"06000";"06088";"Nice";"06";"None";"None";"06088000MO0467";"None";"None";"27";"nan";"53";"72.79";"None";"nan";"None";"None";"None";"None";"2";"3";"Dépendance";"nan";"0.0";"None";"None";"None";"None";"nan";"7.248175";"43.693759";"000MO"
"2024-45433";"2024-06-10";"1";"Vente";"34000.0";"179";"None";"RUE DE FRANCE";"2595";"06000";"06088";"Nice";"06";"None";"None";"06088000MO0193";"None";"None";"36";"nan";"None";"nan";"None";"nan";"None";"None";"None";"None";"1";"3";"Dépendance";"nan";"0.0";"None";"None";"None";"None";"nan";"7.24689";"43.69171";"000MO"
"2024-45747";"2024-06-07";"1";"Vente";"331250.0";"45";"None";"AV DES BAUMETTES";"0660";"06000";"06088";"Nice";"06";"None";"None";"06088000MO0045";"None";"None";"197";"113.24";"260";"nan";"None";"nan";"None";"None";"None";"None";"2";"2";"Appartement";"111.0";"4.0";"None";"None";"None";"None";"nan";"7.247845";"43.69594";"000MO"
"2024-45747";"2024-06-07";"1";"Vente";"331250.0";"45";"None";"AV DES BAUMETTES";"0660";"06000";"06088";"Nice";"06";"None";"None";"06088000MO0045";"None";"None";"235";"nan";"None";"nan";"None";"nan";"None";"None";"None";"None";"1";"3";"Dépendance";"nan";"0.0";"None";"None";"None";"None";"nan";"7.247845";"43.69594";"000MO"
"2024-45211";"2024-06-06";"1";"Vente";"300000.0";"83";"None";"PROM DES ANGLAIS";"0240";"06000";"06088";"Nice";"06";"None";"None";"06088000MO0178";"None";"None";"54";"nan";"95";"nan";"None";"nan";"None";"None";"None";"None";"2";"2";"Appartement";"30.0";"1.0";"None";"None";"None";"None";"nan";"7.249108";"43.692398";"000MO"
"2024-45211";"2024-06-06";"1";"Vente";"300000.0";"83";"None";"PROM DES ANGLAIS";"0240";"06000";"06088";"Nice";"06";"None";"None";"06088000MO0178";"None";"None";"54";"nan";"95";"nan";"None";"nan";"None";"None";"None";"None";"2";"3";"Dépendance";"nan";"0.0";"None";"None";"None";"None";"nan";"7.249108";"43.692398";"000MO"
"2024-45249";"2024-06-04";"1";"Vente";"48000.0";"154";"None";"RUE DE FRANCE";"2595";"06000";"06088";"Nice";"06";"None";"None";"06088000MO0566";"None";"None";"122";"nan";"None";"nan";"None";"nan";"None";"None";"None";"None";"1";"3";"Dépendance";"nan";"0.0";"None";"None";"None";"None";"nan";"7.247686";"43.692714";"000MO"
"2024-45031";"2024-05-28";"1";"Vente";"532150.0";"109";"None";"PROM DES ANGLAIS";"0240";"06000";"06088";"Nice";"06";"None";"None";"06088000MO0212";"None";"None";"30";"nan";"5";"nan";"None";"nan";"None";"None";"None";"None";"2";"2";"Appartement";"74.0";"3.0";"None";"None";"None";"None";"nan";"7.246098";"43.691143";"000MO"
"2024-44649";"2024-05-27";"1";"Vente";"221350.0";"143";"None";"RUE DE FRANCE";"2595";"06000";"06088";"Nice";"06";"None";"None";"06088000MO0170";"None";"None";"178";"nan";"92";"nan";"None";"nan";"None";"None";"None";"None";"2";"2";"Appartement";"31.0";"1.0";"None";"None";"None";"None";"nan";"7.250586";"43.692851";"000MO"
"2024-44791";"2024-05-27";"1";"Vente";"120000.0";"41";"None";"AV DES BAUMETTES";"0660";"06000";"06088";"Nice";"06";"None";"None";"06088000MO0050";"None";"None";"27";"21.53";"None";"nan";"None";"nan";"None";"None";"None";"None";"1";"2";"Appartement";"22.0";"1.0";"None";"None";"None";"None";"nan";"7.24808";"43.695363";"000MO"
"2024-45109";"2024-05-27";"1";"Vente";"136800.0";"16";"None";"IMP SAINT LAURENT";"5845";"06000";"06088";"Nice";"06";"None";"None";"06088000MO0054";"None";"None";"13";"nan";"4";"nan";"None";"nan";"None";"None";"None";"None";"2";"2";"Appartement";"31.0";"2.0";"None";"None";"None";"None";"nan";"7.246314";"43.693814";"000MO"
"2024-44582";"2024-05-27";"1";"Vente";"25000.0";"75";"None";"PROM DES ANGLAIS";"0240";"06000";"06088";"Nice";"06";"None";"None";"06088000MO0172";"None";"None";"76";"nan";"None";"nan";"None";"nan";"None";"None";"None";"None";"1";"3";"Dépendance";"nan";"0.0";"None";"None";"None";"None";"nan";"7.250454";"43.69266";"000MO"
"2024-45109";"2024-05-27";"1";"Vente";"136800.0";"16";"None";"IMP SAINT LAURENT";"5845";"06000";"06088";"Nice";"06";"None";"None";"06088000MO0054";"None";"None";"13";"nan";"4";"nan";"None";"nan";"None";"None";"None";"None";"2";"3";"Dépendance";"nan";"0.0";"None";"None";"None";"None";"nan";"7.246314";"43.693814";"000MO"
"2024-45452";"2024-05-22";"1";"Vente";"438100.0";"67";"None";"PROM DES ANGLAIS";"0240";"06000";"06088";"Nice";"06";"None";"None";"06088000MO0164";"None";"None";"41";"nan";"5";"34.04";"None";"nan";"None";"None";"None";"None";"2";"2";"Appartement";"30.0";"1.0";"None";"None";"None";"None";"nan";"7.251248";"43.693077";"000MO"
"2024-45452";"2024-05-22";"1";"Vente";"438100.0";"67";"None";"PROM DES ANGLAIS";"0240";"06000";"06088";"Nice";"06";"None";"None";"06088000MO0164";"None";"None";"41";"nan";"5";"34.04";"None";"nan";"None";"None";"None";"None";"2";"3";"Dépendance";"nan";"0.0";"None";"None";"None";"None";"nan";"7.251248";"43.693077";"000MO"
"2024-44702";"2024-05-21";"1";"Vente";"493900.0";"4";"None";"RUE HENRI CORDIER";"3205";"06000";"06088";"Nice";"06";"None";"None";"06088000MO0074";"None";"None";"10";"78.84";"7";"nan";"None";"nan";"None";"None";"None";"None";"2";"2";"Appartement";"73.0";"2.0";"None";"None";"None";"None";"nan";"7.247827";"43.693608";"000MO"
"2024-44803";"2024-05-21";"1";"Vente";"168250.0";"133";"None";"RUE DE FRANCE";"2595";"06000";"06088";"Nice";"06";"None";"None";"06088000MO0166";"None";"None";"5";"34.44";"None";"nan";"None";"nan";"None";"None";"None";"None";"1";"2";"Appartement";"37.0";"2.0";"None";"None";"None";"None";"nan";"7.250997";"43.693349";"000MO"
"2024-44659";"2024-05-17";"1";"Vente";"1320240.0";"63";"None";"PROM DES ANGLAIS";"0240";"06000";"06088";"Nice";"06";"None";"None";"06088000MO0160";"None";"None";"17";"nan";"None";"nan";"None";"nan";"None";"None";"None";"None";"1";"2";"Appartement";"80.0";"3.0";"None";"None";"None";"None";"nan";"7.252144";"43.693193";"000MO"
"2024-44659";"2024-05-17";"1";"Vente";"1320240.0";"63";"None";"PROM DES ANGLAIS";"0240";"06000";"06088";"Nice";"06";"None";"None";"06088000MO0160";"None";"None";"17";"nan";"None";"nan";"None";"nan";"None";"None";"None";"None";"1";"3";"Dépendance";"nan";"0.0";"None";"None";"None";"None";"nan";"7.252144";"43.693193";"000MO"
"2024-44695";"2024-05-16";"1";"Vente";"75000.0";"145";"B";"RUE DE FRANCE";"2595";"06000";"06088";"Nice";"06";"None";"None";"06088000MO0174";"None";"None";"3";"nan";"None";"nan";"None";"nan";"None";"None";"None";"None";"1";"2";"Appartement";"14.0";"1.0";"None";"None";"None";"None";"nan";"7.250034";"43.692941";"000MO"
"2024-44504";"2024-05-15";"1";"Vente";"55000.0";"3";"B";"AV DES BAUMETTES";"0660";"06000";"06088";"Nice";"06";"None";"None";"06088000MO0302";"None";"None";"104";"nan";"None";"nan";"None";"nan";"None";"None";"None";"None";"1";"3";"Dépendance";"nan";"0.0";"None";"None";"None";"None";"nan";"7.250749";"43.694365";"000MO"
"2024-44866";"2024-05-14";"1";"Vente";"100000.0";"12";"None";"AV ADOLPHE ISNARD SERRAT";"0043";"06000";"06088";"Nice";"06";"None";"None";"06088000MO0035";"None";"None";"2";"nan";"None";"nan";"None";"nan";"None";"None";"None";"None";"1";"2";"Appartement";"40.0";"2.0";"None";"None";"None";"None";"nan";"7.244464";"43.694503";"000MO"
"2024-44160";"2024-05-13";"1";"Vente";"535000.0";"1";"None";"AV DES BAUMETTES";"0660";"06000";"06088";"Nice";"06";"None";"None";"06088000MO0155";"None";"None";"19";"nan";"81";"79.24";"None";"nan";"None";"None";"None";"None";"2";"2";"Appartement";"77.0";"3.0";"None";"None";"None";"None";"nan";"7.251574";"43.694519";"000MO"
"2024-44384";"2024-05-13";"1";"Vente";"400000.0";"102";"None";"RUE DE FRANCE";"2595";"06000";"06088";"Nice";"06";"None";"None";"06088000MO0348";"None";"None";"108";"70.57";"3";"nan";"None";"nan";"None";"None";"None";"None";"2";"2";"Appartement";"71.0";"3.0";"None";"None";"None";"None";"nan";"7.251572";"43.694041";"000MO"
"2024-44421";"2024-05-13";"1";"Vente";"94000.0";"145";"B";"RUE DE FRANCE";"2595";"06000";"06088";"Nice";"06";"None";"None";"06088000MO0174";"None";"None";"2";"nan";"None";"nan";"None";"nan";"None";"None";"None";"None";"1";"2";"Appartement";"16.0";"1.0";"None";"None";"None";"None";"nan";"7.250034";"43.692941";"000MO"
"2024-44946";"2024-05-13";"1";"Vente";"450000.0";"91";"None";"PROM DES ANGLAIS";"0240";"06000";"06088";"Nice";"06";"None";"None";"06088000MO0184";"None";"None";"22";"nan";"65";"44.7";"None";"nan";"None";"None";"None";"None";"2";"2";"Appartement";"43.0";"1.0";"None";"None";"None";"None";"nan";"7.248366";"43.691919";"000MO"
"2024-44160";"2024-05-13";"1";"Vente";"535000.0";"1";"None";"AV DES BAUMETTES";"0660";"06000";"06088";"Nice";"06";"None";"None";"06088000MO0155";"None";"None";"19";"nan";"81";"79.24";"None";"nan";"None";"None";"None";"None";"2";"3";"Dépendance";"nan";"0.0";"None";"None";"None";"None";"nan";"7.251574";"43.694519";"000MO"
"2024-44160";"2024-05-13";"1";"Vente";"535000.0";"1";"None";"AV DES BAUMETTES";"0660";"06000";"06088";"Nice";"06";"None";"None";"06088000MO0155";"None";"None";"19";"nan";"81";"79.24";"None";"nan";"None";"None";"None";"None";"2";"3";"Dépendance";"nan";"0.0";"None";"None";"None";"None";"nan";"7.251574";"43.694519";"000MO"
"2024-44384";"2024-05-13";"1";"Vente";"400000.0";"102";"None";"RUE DE FRANCE";"2595";"06000";"06088";"Nice";"06";"None";"None";"06088000MO0348";"None";"None";"108";"70.57";"3";"nan";"None";"nan";"None";"None";"None";"None";"2";"3";"Dépendance";"nan";"0.0";"None";"None";"None";"None";"nan";"7.251572";"43.694041";"000MO"
"2024-44946";"2024-05-13";"1";"Vente";"450000.0";"91";"None";"PROM DES ANGLAIS";"0240";"06000";"06088";"Nice";"06";"None";"None";"06088000MO0184";"None";"None";"22";"nan";"65";"44.7";"None";"nan";"None";"None";"None";"None";"2";"3";"Dépendance";"nan";"0.0";"None";"None";"None";"None";"nan";"7.248366";"43.691919";"000MO"
"2024-44206";"2024-05-06";"1";"Vente";"318000.0";"102";"None";"RUE DE FRANCE";"2595";"06000";"06088";"Nice";"06";"None";"None";"06088000MO0348";"None";"None";"22";"nan";"81";"nan";"None";"nan";"None";"None";"None";"None";"2";"2";"Appartement";"55.0";"2.0";"None";"None";"None";"None";"nan";"7.251572";"43.694041";"000MO"
"2024-44206";"2024-05-06";"1";"Vente";"318000.0";"102";"None";"RUE DE FRANCE";"2595";"06000";"06088";"Nice";"06";"None";"None";"06088000MO0348";"None";"None";"22";"nan";"81";"nan";"None";"nan";"None";"None";"None";"None";"2";"3";"Dépendance";"nan";"0.0";"None";"None";"None";"None";"nan";"7.251572";"43.694041";"000MO"
"2024-44367";"2024-05-03";"2";"Vente";"775000.0";"49";"None";"AV DES BAUMETTES";"0660";"06000";"06088";"Nice";"06";"None";"None";"06088000MO0048";"None";"None";"1";"nan";"2";"nan";"4";"nan";"None";"None";"None";"None";"3";"2";"Appartement";"50.0";"3.0";"None";"None";"None";"None";"nan";"7.248662";"43.69594";"000MO"
"2024-44367";"2024-05-03";"2";"Vente";"775000.0";"49";"None";"AV DES BAUMETTES";"0660";"06000";"06088";"Nice";"06";"None";"None";"06088000MO0048";"None";"None";"3";"nan";"None";"nan";"None";"nan";"None";"None";"None";"None";"1";"2";"Appartement";"19.0";"2.0";"None";"None";"None";"None";"nan";"7.248662";"43.69594";"000MO"
"2024-44367";"2024-05-03";"2";"Vente";"775000.0";"49";"None";"AV DES BAUMETTES";"0660";"06000";"06088";"Nice";"06";"None";"None";"06088000MO0048";"None";"None";"5";"nan";"None";"nan";"None";"nan";"None";"None";"None";"None";"1";"2";"Appartement";"26.0";"1.0";"None";"None";"None";"None";"nan";"7.248662";"43.69594";"000MO"
"2024-44367";"2024-05-03";"2";"Vente";"775000.0";"49";"None";"AV DES BAUMETTES";"0660";"06000";"06088";"Nice";"06";"None";"None";"06088000MO0048";"None";"None";"1";"nan";"2";"nan";"4";"nan";"None";"None";"None";"None";"3";"3";"Dépendance";"nan";"0.0";"None";"None";"None";"None";"nan";"7.248662";"43.69594";"000MO"
"2024-44019";"2024-05-02";"1";"Vente";"700000.0";"97";"None";"PROM DES ANGLAIS";"0240";"06000";"06088";"Nice";"06";"None";"None";"06088000MO0196";"None";"None";"10";"nan";"31";"nan";"None";"nan";"None";"None";"None";"None";"2";"2";"Appartement";"65.0";"2.0";"None";"None";"None";"None";"nan";"7.247245";"43.691597";"000MO"
"2024-44019";"2024-05-02";"1";"Vente";"700000.0";"97";"None";"PROM DES ANGLAIS";"0240";"06000";"06088";"Nice";"06";"None";"None";"06088000MO0196";"None";"None";"10";"nan";"31";"nan";"None";"nan";"None";"None";"None";"None";"2";"3";"Dépendance";"nan";"0.0";"None";"None";"None";"None";"nan";"7.247245";"43.691597";"000MO"
"2024-44019";"2024-05-02";"1";"Vente";"700000.0";"97";"None";"PROM DES ANGLAIS";"0240";"06000";"06088";"Nice";"06";"None";"None";"06088000MO0196";"None";"None";"10";"nan";"31";"nan";"None";"nan";"None";"None";"None";"None";"2";"3";"Dépendance";"nan";"0.0";"None";"None";"None";"None";"nan";"7.247245";"43.691597";"000MO"
"2024-45569";"2024-05-02";"1";"Vente";"50000.0";"79";"None";"PROM DES ANGLAIS";"0240";"06000";"06088";"Nice";"06";"None";"None";"06088000MO0238";"None";"None";"145";"nan";"None";"nan";"None";"nan";"None";"None";"None";"None";"1";"3";"Dépendance";"nan";"0.0";"None";"None";"None";"None";"nan";"7.249911";"43.692436";"000MO"
"2024-45569";"2024-05-02";"1";"Vente";"50000.0";"79";"None";"PROM DES ANGLAIS";"0240";"06000";"06088";"Nice";"06";"None";"None";"06088000MO0238";"None";"None";"156";"nan";"None";"nan";"None";"nan";"None";"None";"None";"None";"1";"3";"Dépendance";"nan";"0.0";"None";"None";"None";"None";"nan";"7.249911";"43.692436";"000MO"
"2024-44480";"2024-04-30";"1";"Vente";"27000.0";"144";"None";"RUE DE FRANCE";"2595";"06000";"06088";"Nice";"06";"None";"None";"06088000MO0442";"None";"None";"6161";"nan";"None";"nan";"None";"nan";"None";"None";"None";"None";"1";"3";"Dépendance";"nan";"0.0";"None";"None";"None";"None";"nan";"7.249074";"43.693077";"000MO"
"2024-43579";"2024-04-25";"1";"Vente";"178175.0";"147";"None";"RUE DE FRANCE";"2595";"06000";"06088";"Nice";"06";"None";"None";"06088000MO0237";"None";"None";"96";"20.27";"None";"nan";"None";"nan";"None";"None";"None";"None";"1";"2";"Appartement";"20.0";"1.0";"None";"None";"None";"None";"nan";"7.249728";"43.692755";"000MO"
"2024-44187";"2024-04-24";"1";"Vente";"173000.0";"63";"None";"PROM DES ANGLAIS";"0240";"06000";"06088";"Nice";"06";"None";"None";"06088000MO0160";"None";"None";"2";"nan";"57";"nan";"None";"nan";"None";"None";"None";"None";"2";"2";"Appartement";"35.0";"1.0";"None";"None";"None";"None";"nan";"7.252144";"43.693193";"000MO"
"2024-44187";"2024-04-24";"1";"Vente";"173000.0";"63";"None";"PROM DES ANGLAIS";"0240";"06000";"06088";"Nice";"06";"None";"None";"06088000MO0160";"None";"None";"2";"nan";"57";"nan";"None";"nan";"None";"None";"None";"None";"2";"3";"Dépendance";"nan";"0.0";"None";"None";"None";"None";"nan";"7.252144";"43.693193";"000MO"
"2024-43782";"2024-04-22";"1";"Vente";"400000.0";"134";"None";"RUE DE FRANCE";"2595";"06000";"06088";"Nice";"06";"None";"None";"06088000MO0442";"None";"None";"1077";"93.02";"None";"nan";"None";"nan";"None";"None";"None";"None";"1";"2";"Appartement";"93.0";"4.0";"None";"None";"None";"None";"nan";"7.249074";"43.693077";"000MO"
"2024-43782";"2024-04-22";"1";"Vente";"400000.0";"134";"None";"RUE DE FRANCE";"2595";"06000";"06088";"Nice";"06";"None";"None";"06088000MO0442";"None";"None";"1131";"nan";"None";"nan";"None";"nan";"None";"None";"None";"None";"1";"3";"Dépendance";"nan";"0.0";"None";"None";"None";"None";"nan";"7.249074";"43.693077";"000MO"
"2024-43782";"2024-04-22";"1";"Vente";"400000.0";"134";"None";"RUE DE FRANCE";"2595";"06000";"06088";"Nice";"06";"None";"None";"06088000MO0442";"None";"None";"1044";"nan";"None";"nan";"None";"nan";"None";"None";"None";"None";"1";"3";"Dépendance";"nan";"0.0";"None";"None";"None";"None";"nan";"7.249074";"43.693077";"000MO"
"2024-43699";"2024-04-22";"1";"Vente";"70000.0";"145";"B";"RUE DE FRANCE";"2595";"06000";"06088";"Nice";"06";"None";"None";"06088000MO0174";"None";"None";"52";"10.4";"None";"nan";"None";"nan";"None";"None";"None";"None";"1";"4";"Local industriel. commercial ou assimilé";"16.0";"0.0";"None";"None";"None";"None";"nan";"7.250034";"43.692941";"000MO"
"2024-43499";"2024-04-19";"1";"Vente";"240000.0";"89";"None";"PROM DES ANGLAIS";"0240";"06000";"06088";"Nice";"06";"None";"None";"06088000MO0183";"None";"None";"28";"nan";"None";"nan";"None";"nan";"None";"None";"None";"None";"1";"2";"Appartement";"35.0";"1.0";"None";"None";"None";"None";"nan";"7.248773";"43.692083";"000MO"
"2024-43376";"2024-04-12";"1";"Vente";"40000.0";"159";"None";"RUE DE FRANCE";"2595";"06000";"06088";"Nice";"06";"None";"None";"06088000MO0178";"None";"None";"232";"nan";"None";"nan";"None";"nan";"None";"None";"None";"None";"1";"3";"Dépendance";"nan";"0.0";"None";"None";"None";"None";"nan";"7.249108";"43.692398";"000MO"
"2024-43108";"2024-04-05";"1";"Vente";"340000.0";"6";"None";"RUE AUGUSTE RENOIR";"0470";"06000";"06088";"Nice";"06";"None";"None";"06088000MO0471";"None";"None";"129";"nan";"76";"nan";"None";"nan";"None";"None";"None";"None";"2";"2";"Appartement";"60.0";"2.0";"None";"None";"None";"None";"nan";"7.24985";"43.693748";"000MO"
"2024-43507";"2024-04-04";"1";"Vente";"46500.0";"154";"None";"RUE DE FRANCE";"2595";"06000";"06088";"Nice";"06";"None";"None";"06088000MO0566";"None";"None";"75";"nan";"None";"nan";"None";"nan";"None";"None";"None";"None";"1";"3";"Dépendance";"nan";"0.0";"None";"None";"None";"None";"nan";"7.247686";"43.692714";"000MO"
"2024-42582";"2024-03-29";"1";"Vente";"172000.0";"144";"None";"RUE DE FRANCE";"2595";"06000";"06088";"Nice";"06";"None";"None";"06088000MO0442";"None";"None";"6573";"nan";"None";"nan";"None";"nan";"None";"None";"None";"None";"1";"2";"Appartement";"25.0";"1.0";"None";"None";"None";"None";"nan";"7.249074";"43.693077";"000MO"
"2024-42582";"2024-03-29";"1";"Vente";"172000.0";"144";"None";"RUE DE FRANCE";"2595";"06000";"06088";"Nice";"06";"None";"None";"06088000MO0442";"None";"None";"6192";"nan";"None";"nan";"None";"nan";"None";"None";"None";"None";"1";"3";"Dépendance";"nan";"0.0";"None";"None";"None";"None";"nan";"7.249074";"43.693077";"000MO"
"2024-43977";"2024-03-29";"1";"Vente";"32000.0";"147";"None";"RUE DE FRANCE";"2595";"06000";"06088";"Nice";"06";"None";"None";"06088000MO0237";"None";"None";"154";"nan";"None";"nan";"None";"nan";"None";"None";"None";"None";"1";"3";"Dépendance";"nan";"0.0";"None";"None";"None";"None";"nan";"7.249728";"43.692755";"000MO"
"2024-42684";"2024-03-26";"1";"Vente";"400000.0";"159";"None";"RUE DE FRANCE";"2595";"06000";"06088";"Nice";"06";"None";"None";"06088000MO0178";"None";"None";"205";"nan";"266";"nan";"None";"nan";"None";"None";"None";"None";"2";"2";"Appartement";"42.0";"2.0";"None";"None";"None";"None";"nan";"7.249108";"43.692398";"000MO"
"2024-42684";"2024-03-26";"1";"Vente";"400000.0";"159";"None";"RUE DE FRANCE";"2595";"06000";"06088";"Nice";"06";"None";"None";"06088000MO0178";"None";"None";"205";"nan";"266";"nan";"None";"nan";"None";"None";"None";"None";"2";"3";"Dépendance";"nan";"0.0";"None";"None";"None";"None";"nan";"7.249108";"43.692398";"000MO"
"2024-42391";"2024-03-25";"1";"Vente";"215000.0";"37";"None";"AV EMILE HENRIOT";"2253";"06000";"06088";"Nice";"06";"None";"None";"06088000MO0244";"None";"None";"2";"73.21";"None";"nan";"None";"nan";"None";"None";"None";"None";"1";"2";"Appartement";"73.0";"3.0";"None";"None";"None";"None";"nan";"7.244686";"43.694558";"000MO"
"2024-42391";"2024-03-25";"1";"Vente";"215000.0";"37";"None";"AV EMILE HENRIOT";"2253";"06000";"06088";"Nice";"06";"None";"None";"06088000MO0244";"None";"None";"1";"52.33";"None";"nan";"None";"nan";"None";"None";"None";"None";"1";"2";"Appartement";"55.0";"2.0";"None";"None";"None";"None";"nan";"7.244686";"43.694558";"000MO"
"2024-42714";"2024-03-25";"1";"Vente";"144000.0";"144";"None";"RUE DE FRANCE";"2595";"06000";"06088";"Nice";"06";"None";"None";"06088000MO0442";"None";"None";"6506";"21.0";"None";"nan";"None";"nan";"None";"None";"None";"None";"1";"2";"Appartement";"21.0";"1.0";"None";"None";"None";"None";"nan";"7.249074";"43.693077";"000MO"
"2024-42318";"2024-03-22";"1";"Vente";"460000.0";"1";"None";"AV DES BAUMETTES";"0660";"06000";"06088";"Nice";"06";"None";"None";"06088000MO0155";"None";"None";"19";"nan";"81";"77.59";"None";"nan";"None";"None";"None";"None";"2";"2";"Appartement";"77.0";"3.0";"None";"None";"None";"None";"nan";"7.251574";"43.694519";"000MO"
"2024-42318";"2024-03-22";"1";"Vente";"460000.0";"1";"None";"AV DES BAUMETTES";"0660";"06000";"06088";"Nice";"06";"None";"None";"06088000MO0155";"None";"None";"19";"nan";"81";"77.59";"None";"nan";"None";"None";"None";"None";"2";"3";"Dépendance";"nan";"0.0";"None";"None";"None";"None";"nan";"7.251574";"43.694519";"000MO"
"2024-42318";"2024-03-22";"1";"Vente";"460000.0";"1";"None";"AV DES BAUMETTES";"0660";"06000";"06088";"Nice";"06";"None";"None";"06088000MO0155";"None";"None";"19";"nan";"81";"77.59";"None";"nan";"None";"None";"None";"None";"2";"3";"Dépendance";"nan";"0.0";"None";"None";"None";"None";"nan";"7.251574";"43.694519";"000MO"
"2024-42665";"2024-03-18";"1";"Vente";"420000.0";"41";"None";"AV DES BAUMETTES";"0660";"06000";"06088";"Nice";"06";"None";"None";"06088000MO0050";"None";"None";"47";"nan";"81";"nan";"None";"nan";"None";"None";"None";"None";"2";"2";"Appartement";"87.0";"4.0";"None";"None";"None";"None";"nan";"7.24808";"43.695363";"000MO"
"2024-42948";"2024-03-18";"1";"Vente";"85000.0";"45";"None";"AV DES BAUMETTES";"0660";"06000";"06088";"Nice";"06";"None";"None";"06088000MO0045";"None";"None";"182";"42.01";"None";"nan";"None";"nan";"None";"None";"None";"None";"1";"2";"Appartement";"41.0";"1.0";"None";"None";"None";"None";"nan";"7.247845";"43.69594";"000MO"
"2024-42665";"2024-03-18";"1";"Vente";"420000.0";"41";"None";"AV DES BAUMETTES";"0660";"06000";"06088";"Nice";"06";"None";"None";"06088000MO0050";"None";"None";"71";"nan";"None";"nan";"None";"nan";"None";"None";"None";"None";"1";"3";"Dépendance";"nan";"0.0";"None";"None";"None";"None";"nan";"7.24808";"43.695363";"000MO"
"2024-42665";"2024-03-18";"1";"Vente";"420000.0";"41";"None";"AV DES BAUMETTES";"0660";"06000";"06088";"Nice";"06";"None";"None";"06088000MO0050";"None";"None";"47";"nan";"81";"nan";"None";"nan";"None";"None";"None";"None";"2";"3";"Dépendance";"nan";"0.0";"None";"None";"None";"None";"nan";"7.24808";"43.695363";"000MO"
"2024-42237";"2024-03-15";"1";"Vente";"280000.0";"102";"None";"RUE DE FRANCE";"2595";"06000";"06088";"Nice";"06";"None";"None";"06088000MO0348";"None";"None";"22";"nan";"81";"55.35";"None";"nan";"None";"None";"None";"None";"2";"2";"Appartement";"55.0";"2.0";"None";"None";"None";"None";"nan";"7.251572";"43.694041";"000MO"
"2024-42335";"2024-03-15";"1";"Vente";"301886.78";"63";"None";"PROM DES ANGLAIS";"0240";"06000";"06088";"Nice";"06";"None";"None";"06088000MO0160";"None";"None";"3";"37.39";"52";"nan";"None";"nan";"None";"None";"None";"None";"2";"2";"Appartement";"45.0";"1.0";"None";"None";"None";"None";"nan";"7.252144";"43.693193";"000MO"
"2024-42237";"2024-03-15";"1";"Vente";"280000.0";"102";"None";"RUE DE FRANCE";"2595";"06000";"06088";"Nice";"06";"None";"None";"06088000MO0348";"None";"None";"22";"nan";"81";"55.35";"None";"nan";"None";"None";"None";"None";"2";"3";"Dépendance";"nan";"0.0";"None";"None";"None";"None";"nan";"7.251572";"43.694041";"000MO"
"2024-42335";"2024-03-15";"1";"Vente";"301886.78";"63";"None";"PROM DES ANGLAIS";"0240";"06000";"06088";"Nice";"06";"None";"None";"06088000MO0160";"None";"None";"3";"37.39";"52";"nan";"None";"nan";"None";"None";"None";"None";"2";"3";"Dépendance";"nan";"0.0";"None";"None";"None";"None";"nan";"7.252144";"43.693193";"000MO"
"2024-42664";"2024-03-14";"1";"Vente";"350000.0";"161";"None";"RUE DE FRANCE";"2595";"06000";"06088";"Nice";"06";"None";"None";"06088000MO0181";"None";"None";"20";"nan";"39";"nan";"None";"nan";"None";"None";"None";"None";"2";"2";"Appartement";"80.0";"4.0";"None";"None";"None";"None";"nan";"7.248736";"43.692472";"000MO"
"2024-42002";"2024-03-14";"1";"Vente";"50000.0";"3";"B";"AV DES BAUMETTES";"0660";"06000";"06088";"Nice";"06";"None";"None";"06088000MO0302";"None";"None";"79";"nan";"None";"nan";"None";"nan";"None";"None";"None";"None";"1";"3";"Dépendance";"nan";"0.0";"None";"None";"None";"None";"nan";"7.250749";"43.694365";"000MO"
"2024-42218";"2024-03-12";"1";"Vente";"510000.0";"83";"None";"PROM DES ANGLAIS";"0240";"06000";"06088";"Nice";"06";"None";"None";"06088000MO0178";"None";"None";"103";"nan";"27";"nan";"None";"nan";"None";"None";"None";"None";"2";"2";"Appartement";"80.0";"3.0";"None";"None";"None";"None";"nan";"7.249108";"43.692398";"000MO"
"2024-42218";"2024-03-12";"1";"Vente";"510000.0";"159";"None";"RUE DE FRANCE";"2595";"06000";"06088";"Nice";"06";"None";"None";"06088000MO0178";"None";"None";"232";"nan";"None";"nan";"None";"nan";"None";"None";"None";"None";"1";"3";"Dépendance";"nan";"0.0";"None";"None";"None";"None";"nan";"7.249108";"43.692398";"000MO"
"2024-42218";"2024-03-12";"1";"Vente";"510000.0";"83";"None";"PROM DES ANGLAIS";"0240";"06000";"06088";"Nice";"06";"None";"None";"06088000MO0178";"None";"None";"103";"nan";"27";"nan";"None";"nan";"None";"None";"None";"None";"2";"3";"Dépendance";"nan";"0.0";"None";"None";"None";"None";"nan";"7.249108";"43.692398";"000MO"
"2024-42218";"2024-03-12";"1";"Vente";"510000.0";"83";"None";"PROM DES ANGLAIS";"0240";"06000";"06088";"Nice";"06";"None";"None";"06088000MO0178";"None";"None";"48";"nan";"None";"nan";"None";"nan";"None";"None";"None";"None";"1";"3";"Dépendance";"nan";"0.0";"None";"None";"None";"None";"nan";"7.249108";"43.692398";"000MO"
"2024-41683";"2024-03-05";"1";"Vente";"310000.0";"3";"None";"RUE POINCARE";"5190";"06000";"06088";"Nice";"06";"None";"None";"06088000MO0185";"None";"None";"24";"nan";"92";"nan";"None";"nan";"None";"None";"None";"None";"2";"2";"Appartement";"55.0";"2.0";"None";"None";"None";"None";"nan";"7.248177";"43.692124";"000MO"
"2024-41683";"2024-03-05";"1";"Vente";"310000.0";"3";"None";"RUE POINCARE";"5190";"06000";"06088";"Nice";"06";"None";"None";"06088000MO0185";"None";"None";"24";"nan";"92";"nan";"None";"nan";"None";"None";"None";"None";"2";"3";"Dépendance";"nan";"0.0";"None";"None";"None";"None";"nan";"7.248177";"43.692124";"000MO"
"2024-41575";"2024-02-28";"1";"Vente";"116600.0";"118";"None";"RUE DE FRANCE";"2595";"06000";"06088";"Nice";"06";"None";"None";"06088000MO0550";"None";"None";"287";"nan";"None";"nan";"None";"nan";"None";"None";"None";"None";"1";"3";"Dépendance";"nan";"0.0";"None";"None";"None";"None";"nan";"7.250655";"43.693744";"000MO"
"2024-41575";"2024-02-28";"1";"Vente";"116600.0";"120";"None";"RUE DE FRANCE";"2595";"06000";"06088";"Nice";"06";"None";"None";"06088000MO0550";"None";"None";"301";"nan";"None";"nan";"None";"nan";"None";"None";"None";"None";"1";"3";"Dépendance";"nan";"0.0";"None";"None";"None";"None";"nan";"7.250655";"43.693744";"000MO"
"2024-41575";"2024-02-28";"1";"Vente";"116600.0";"118";"None";"RUE DE FRANCE";"2595";"06000";"06088";"Nice";"06";"None";"None";"06088000MO0550";"None";"None";"288";"nan";"None";"nan";"None";"nan";"None";"None";"None";"None";"1";"3";"Dépendance";"nan";"0.0";"None";"None";"None";"None";"nan";"7.250655";"43.693744";"000MO"
"2024-41340";"2024-02-23";"1";"Vente";"95000.0";"33";"None";"AV EMILE HENRIOT";"2253";"06000";"06088";"Nice";"06";"None";"None";"06088000MO0246";"None";"None";"7";"20.43";"None";"nan";"None";"nan";"None";"None";"None";"None";"1";"2";"Appartement";"21.0";"1.0";"None";"None";"None";"None";"nan";"7.24487";"43.694383";"000MO"
"2024-41413";"2024-02-23";"1";"Vente";"93500.0";"145";"B";"RUE DE FRANCE";"2595";"06000";"06088";"Nice";"06";"None";"None";"06088000MO0174";"None";"None";"57";"nan";"None";"nan";"None";"nan";"None";"None";"None";"None";"1";"4";"Local industriel. commercial ou assimilé";"16.0";"0.0";"None";"None";"None";"None";"nan";"7.250034";"43.692941";"000MO"
"2024-41328";"2024-02-19";"1";"Vente";"290000.0";"3";"None";"RUE POINCARE";"5190";"06000";"06088";"Nice";"06";"None";"None";"06088000MO0185";"None";"None";"3";"nan";"56";"76.35";"None";"nan";"None";"None";"None";"None";"2";"2";"Appartement";"75.0";"3.0";"None";"None";"None";"None";"nan";"7.248177";"43.692124";"000MO"
"2024-41328";"2024-02-19";"1";"Vente";"290000.0";"3";"None";"RUE POINCARE";"5190";"06000";"06088";"Nice";"06";"None";"None";"06088000MO0185";"None";"None";"3";"nan";"56";"76.35";"None";"nan";"None";"None";"None";"None";"2";"3";"Dépendance";"nan";"0.0";"None";"None";"None";"None";"nan";"7.248177";"43.692124";"000MO"
"2024-41332";"2024-02-16";"1";"Vente";"1000.0";"134";"None";"RUE DE FRANCE";"2595";"06000";"06088";"Nice";"06";"None";"None";"06088000MO0442";"None";"None";"1051";"nan";"None";"nan";"None";"nan";"None";"None";"None";"None";"1";"3";"Dépendance";"nan";"0.0";"None";"None";"None";"None";"nan";"7.249074";"43.693077";"000MO"
"2024-41130";"2024-02-16";"1";"Vente";"84000.0";"145";"B";"RUE DE FRANCE";"2595";"06000";"06088";"Nice";"06";"None";"None";"06088000MO0174";"None";"None";"59";"11.05";"None";"nan";"None";"nan";"None";"None";"None";"None";"1";"4";"Local industriel. commercial ou assimilé";"16.0";"0.0";"None";"None";"None";"None";"nan";"7.250034";"43.692941";"000MO"
"2024-40846";"2024-02-14";"1";"Vente";"325000.0";"28";"None";"RUE AUGUSTE RENOIR";"0470";"06000";"06088";"Nice";"06";"None";"None";"06088000MO0458";"None";"None";"8";"nan";"None";"nan";"None";"nan";"None";"None";"None";"None";"1";"2";"Appartement";"56.0";"3.0";"None";"None";"None";"None";"nan";"7.248671";"43.693801";"000MO"
"2024-41121";"2024-02-13";"1";"Vente";"264000.0";"144";"None";"RUE DE FRANCE";"2595";"06000";"06088";"Nice";"06";"None";"None";"06088000MO0442";"None";"None";"6389";"nan";"6690";"nan";"None";"nan";"None";"None";"None";"None";"2";"2";"Appartement";"42.0";"2.0";"None";"None";"None";"None";"nan";"7.249074";"43.693077";"000MO"
"2024-41121";"2024-02-13";"1";"Vente";"264000.0";"144";"None";"RUE DE FRANCE";"2595";"06000";"06088";"Nice";"06";"None";"None";"06088000MO0442";"None";"None";"6389";"nan";"6690";"nan";"None";"nan";"None";"None";"None";"None";"2";"3";"Dépendance";"nan";"0.0";"None";"None";"None";"None";"nan";"7.249074";"43.693077";"000MO"
"2024-41022";"2024-02-12";"1";"Vente";"212385.0";"3";"None";"RUE POINCARE";"5190";"06000";"06088";"Nice";"06";"None";"None";"06088000MO0185";"None";"None";"29";"nan";"70";"39.0";"None";"nan";"None";"None";"None";"None";"2";"2";"Appartement";"40.0";"1.0";"None";"None";"None";"None";"nan";"7.248177";"43.692124";"000MO"
"2024-41022";"2024-02-12";"1";"Vente";"212385.0";"3";"None";"RUE POINCARE";"5190";"06000";"06088";"Nice";"06";"None";"None";"06088000MO0185";"None";"None";"29";"nan";"70";"39.0";"None";"nan";"None";"None";"None";"None";"2";"3";"Dépendance";"nan";"0.0";"None";"None";"None";"None";"nan";"7.248177";"43.692124";"000MO"
"2024-41266";"2024-02-07";"1";"Vente";"180000.0";"4";"None";"RUE HENRI CORDIER";"3205";"06000";"06088";"Nice";"06";"None";"None";"06088000MO0467";"None";"None";"19";"nan";"68";"nan";"None";"nan";"None";"None";"None";"None";"2";"2";"Appartement";"29.0";"1.0";"None";"None";"None";"None";"nan";"7.248175";"43.693759";"000MO"
"2024-41266";"2024-02-07";"1";"Vente";"180000.0";"4";"None";"RUE HENRI CORDIER";"3205";"06000";"06088";"Nice";"06";"None";"None";"06088000MO0467";"None";"None";"19";"nan";"68";"nan";"None";"nan";"None";"None";"None";"None";"2";"3";"Dépendance";"nan";"0.0";"None";"None";"None";"None";"nan";"7.248175";"43.693759";"000MO"
"2024-41221";"2024-02-06";"1";"Vente";"1200000.0";"10";"None";"RUE AUGUSTE RENOIR";"0470";"06000";"06088";"Nice";"06";"None";"None";"06088000MO0473";"None";"None";"None";"nan";"None";"nan";"None";"nan";"None";"None";"None";"None";"0";"1";"Maison";"200.0";"8.0";"S";"sols";"None";"None";"236.0";"7.249835";"43.693985";"000MO"
"2024-41221";"2024-02-06";"1";"Vente";"1200000.0";"10";"None";"RUE AUGUSTE RENOIR";"0470";"06000";"06088";"Nice";"06";"None";"None";"06088000MO0473";"None";"None";"None";"nan";"None";"nan";"None";"nan";"None";"None";"None";"None";"0";"1";"Maison";"44.0";"2.0";"AG";"terrains d'agrément";"None";"None";"890.0";"7.249835";"43.693985";"000MO"
"2024-41221";"2024-02-06";"1";"Vente";"1200000.0";"10";"None";"RUE AUGUSTE RENOIR";"0470";"06000";"06088";"Nice";"06";"None";"None";"06088000MO0473";"None";"None";"None";"nan";"None";"nan";"None";"nan";"None";"None";"None";"None";"0";"1";"Maison";"200.0";"8.0";"AG";"terrains d'agrément";"None";"None";"890.0";"7.249835";"43.693985";"000MO"
"2024-41221";"2024-02-06";"1";"Vente";"1200000.0";"10";"None";"RUE AUGUSTE RENOIR";"0470";"06000";"06088";"Nice";"06";"None";"None";"06088000MO0473";"None";"None";"None";"nan";"None";"nan";"None";"nan";"None";"None";"None";"None";"0";"1";"Maison";"44.0";"2.0";"S";"sols";"None";"None";"236.0";"7.249835";"43.693985";"000MO"
"2024-41072";"2024-02-06";"1";"Vente";"190000.0";"145";"None";"RUE DE FRANCE";"2595";"06000";"06088";"Nice";"06";"None";"None";"06088000MO0171";"None";"None";"13";"nan";"34";"nan";"None";"nan";"None";"None";"None";"None";"2";"2";"Appartement";"39.0";"1.0";"None";"None";"None";"None";"nan";"7.250193";"43.692988";"000MO"
"2024-41072";"2024-02-06";"1";"Vente";"190000.0";"145";"None";"RUE DE FRANCE";"2595";"06000";"06088";"Nice";"06";"None";"None";"06088000MO0171";"None";"None";"13";"nan";"34";"nan";"None";"nan";"None";"None";"None";"None";"2";"3";"Dépendance";"nan";"0.0";"None";"None";"None";"None";"nan";"7.250193";"43.692988";"000MO"
"2024-41219";"2024-02-06";"1";"Vente";"50000.0";"8";"None";"RUE AUGUSTE RENOIR";"0470";"06000";"06088";"Nice";"06";"None";"None";"06088000MO0471";"None";"None";"119";"nan";"None";"nan";"None";"nan";"None";"None";"None";"None";"1";"3";"Dépendance";"nan";"0.0";"None";"None";"None";"None";"nan";"7.24985";"43.693748";"000MO"
"2024-41221";"2024-02-06";"1";"Vente";"1200000.0";"10";"None";"RUE AUGUSTE RENOIR";"0470";"06000";"06088";"Nice";"06";"None";"None";"06088000MO0473";"None";"None";"None";"nan";"None";"nan";"None";"nan";"None";"None";"None";"None";"0";"3";"Dépendance";"nan";"0.0";"S";"sols";"None";"None";"236.0";"7.249835";"43.693985";"000MO"
"2024-41221";"2024-02-06";"1";"Vente";"1200000.0";"10";"None";"RUE AUGUSTE RENOIR";"0470";"06000";"06088";"Nice";"06";"None";"None";"06088000MO0473";"None";"None";"None";"nan";"None";"nan";"None";"nan";"None";"None";"None";"None";"0";"3";"Dépendance";"nan";"0.0";"AG";"terrains d'agrément";"None";"None";"890.0";"7.249835";"43.693985";"000MO"
"2024-40840";"2024-02-02";"1";"Vente";"75000.0";"21";"None";"AV EMILE HENRIOT";"2253";"06000";"06088";"Nice";"06";"None";"None";"06088000MO0254";"None";"None";"6";"nan";"None";"nan";"None";"nan";"None";"None";"None";"None";"1";"2";"Appartement";"23.0";"2.0";"None";"None";"None";"None";"nan";"7.245751";"43.693468";"000MO"
"2024-40877";"2024-02-02";"1";"Vente";"450000.0";"187";"None";"RUE DE FRANCE";"2595";"06000";"06088";"Nice";"06";"None";"None";"06088000MO0488";"None";"None";"50";"nan";"None";"nan";"None";"nan";"None";"None";"None";"None";"1";"2";"Appartement";"60.0";"2.0";"None";"None";"None";"None";"nan";"7.246306";"43.691623";"000MO"
"2024-40877";"2024-02-02";"1";"Vente";"450000.0";"185";"None";"RUE DE FRANCE";"2595";"06000";"06088";"Nice";"06";"None";"None";"06088000MO0488";"None";"None";"26";"nan";"None";"nan";"None";"nan";"None";"None";"None";"None";"1";"3";"Dépendance";"nan";"0.0";"None";"None";"None";"None";"nan";"7.246306";"43.691623";"000MO"
"2024-40452";"2024-01-31";"1";"Vente";"235000.0";"3";"B";"AV DES BAUMETTES";"0660";"06000";"06088";"Nice";"06";"None";"None";"06088000MO0281";"None";"None";"2";"nan";"None";"nan";"None";"nan";"None";"None";"None";"None";"1";"2";"Appartement";"55.0";"2.0";"None";"None";"None";"None";"nan";"7.250892";"43.694404";"000MO"
"2024-40498";"2024-01-31";"1";"Vente";"220360.0";"169";"None";"RUE DE FRANCE";"2595";"06000";"06088";"Nice";"06";"None";"None";"06088000MO0187";"None";"None";"46";"nan";"None";"nan";"None";"nan";"None";"None";"None";"None";"1";"2";"Appartement";"25.0";"1.0";"None";"None";"None";"None";"nan";"7.247818";"43.692107";"000MO"
"2024-40498";"2024-01-31";"1";"Vente";"220360.0";"169";"None";"RUE DE FRANCE";"2595";"06000";"06088";"Nice";"06";"None";"None";"06088000MO0187";"None";"None";"45";"nan";"None";"nan";"None";"nan";"None";"None";"None";"None";"1";"2";"Appartement";"30.0";"1.0";"None";"None";"None";"None";"nan";"7.247818";"43.692107";"000MO"
"2024-41068";"2024-01-31";"1";"Vente";"1500.0";"169";"None";"RUE DE FRANCE";"2595";"06000";"06088";"Nice";"06";"None";"None";"06088000MO0187";"None";"None";"27";"nan";"None";"nan";"None";"nan";"None";"None";"None";"None";"1";"2";"Appartement";"25.0";"1.0";"None";"None";"None";"None";"nan";"7.247818";"43.692107";"000MO"
"2024-40640";"2024-01-26";"1";"Vente";"97500.0";"20";"None";"BD DE LA MADELEINE";"3820";"06000";"06088";"Nice";"06";"None";"None";"06088000MO0007";"None";"None";"15";"44.32";"5";"nan";"None";"nan";"None";"None";"None";"None";"2";"2";"Appartement";"46.0";"2.0";"None";"None";"None";"None";"nan";"7.24373";"43.694376";"000MO"
"2024-40640";"2024-01-26";"1";"Vente";"97500.0";"20";"None";"BD DE LA MADELEINE";"3820";"06000";"06088";"Nice";"06";"None";"None";"06088000MO0007";"None";"None";"15";"44.32";"5";"nan";"None";"nan";"None";"None";"None";"None";"2";"3";"Dépendance";"nan";"0.0";"None";"None";"None";"None";"nan";"7.24373";"43.694376";"000MO"
"2024-40397";"2024-01-25";"1";"Vente";"1235000.0";"69";"None";"PROM DES ANGLAIS";"0240";"06000";"06088";"Nice";"06";"None";"None";"06088000MO0167";"None";"None";"100";"nan";"18";"nan";"None";"nan";"None";"None";"None";"None";"2";"2";"Appartement";"95.0";"3.0";"None";"None";"None";"None";"nan";"7.251029";"43.693045";"000MO"
"2024-40397";"2024-01-25";"1";"Vente";"1235000.0";"69";"None";"PROM DES ANGLAIS";"0240";"06000";"06088";"Nice";"06";"None";"None";"06088000MO0167";"None";"None";"100";"nan";"18";"nan";"None";"nan";"None";"None";"None";"None";"2";"3";"Dépendance";"nan";"0.0";"None";"None";"None";"None";"nan";"7.251029";"43.693045";"000MO"
"2024-40270";"2024-01-24";"1";"Vente";"154800.0";"139";"None";"RUE DE FRANCE";"2595";"06000";"06088";"Nice";"06";"None";"None";"06088000MO0168";"None";"None";"53";"24.81";"None";"nan";"None";"nan";"None";"None";"None";"None";"1";"2";"Appartement";"21.0";"1.0";"None";"None";"None";"None";"nan";"7.250703";"43.693101";"000MO"
"2024-40106";"2024-01-22";"1";"Vente";"20000.0";"92";"None";"PROM DES ANGLAIS";"0240";"06000";"06088";"Nice";"06";"None";"None";"06088000MO0188";"None";"None";"125";"8.5";"None";"nan";"None";"nan";"None";"None";"None";"None";"1";"3";"Dépendance";"nan";"0.0";"None";"None";"None";"None";"nan";"7.247982";"43.691897";"000MO"
"2024-40139";"2024-01-19";"1";"Vente";"733000.0";"69";"None";"PROM DES ANGLAIS";"0240";"06000";"06088";"Nice";"06";"None";"None";"06088000MO0167";"None";"None";"39";"nan";"91";"72.14";"None";"nan";"None";"None";"None";"None";"2";"2";"Appartement";"72.0";"2.0";"None";"None";"None";"None";"nan";"7.251029";"43.693045";"000MO"
"2024-40139";"2024-01-19";"1";"Vente";"733000.0";"69";"None";"PROM DES ANGLAIS";"0240";"06000";"06088";"Nice";"06";"None";"None";"06088000MO0167";"None";"None";"39";"nan";"91";"72.14";"None";"nan";"None";"None";"None";"None";"2";"3";"Dépendance";"nan";"0.0";"None";"None";"None";"None";"nan";"7.251029";"43.693045";"000MO"
"2024-40139";"2024-01-19";"1";"Vente";"733000.0";"135";"None";"RUE DE FRANCE";"2595";"06000";"06088";"Nice";"06";"None";"None";"06088000MO0167";"None";"None";"231";"nan";"None";"nan";"None";"nan";"None";"None";"None";"None";"1";"3";"Dépendance";"nan";"0.0";"None";"None";"None";"None";"nan";"7.251029";"43.693045";"000MO"
"2024-40245";"2024-01-18";"1";"Vente";"170000.0";"111";"None";"PROM DES ANGLAIS";"0240";"06000";"06088";"Nice";"06";"None";"None";"06088000MO0213";"None";"None";"28";"nan";"91";"nan";"None";"nan";"None";"None";"None";"None";"2";"2";"Appartement";"36.0";"2.0";"None";"None";"None";"None";"nan";"7.245852";"43.691165";"000MO"
"2024-40245";"2024-01-18";"1";"Vente";"170000.0";"111";"None";"PROM DES ANGLAIS";"0240";"06000";"06088";"Nice";"06";"None";"None";"06088000MO0213";"None";"None";"28";"nan";"91";"nan";"None";"nan";"None";"None";"None";"None";"2";"3";"Dépendance";"nan";"0.0";"None";"None";"None";"None";"nan";"7.245852";"43.691165";"000MO"
"2024-39979";"2024-01-17";"1";"Vente";"107000.0";"137";"None";"RUE DE FRANCE";"2595";"06000";"06088";"Nice";"06";"None";"None";"06088000MO0168";"None";"None";"48";"11.4";"None";"nan";"None";"nan";"None";"None";"None";"None";"1";"2";"Appartement";"15.0";"1.0";"None";"None";"None";"None";"nan";"7.250703";"43.693101";"000MO"
"2024-39981";"2024-01-16";"1";"Vente";"126000.0";"137";"None";"RUE DE FRANCE";"2595";"06000";"06088";"Nice";"06";"None";"None";"06088000MO0168";"None";"None";"43";"nan";"None";"nan";"None";"nan";"None";"None";"None";"None";"1";"2";"Appartement";"36.0";"1.0";"None";"None";"None";"None";"nan";"7.250703";"43.693101";"000MO"
"2024-40337";"2024-01-16";"1";"Vente";"86000.0";"137";"None";"RUE DE FRANCE";"2595";"06000";"06088";"Nice";"06";"None";"None";"06088000MO0168";"None";"None";"27";"15.78";"None";"nan";"None";"nan";"None";"None";"None";"None";"1";"2";"Appartement";"16.0";"1.0";"None";"None";"None";"None";"nan";"7.250703";"43.693101";"000MO"
"2024-40611";"2024-01-15";"1";"Vente";"420000.0";"187";"None";"RUE DE FRANCE";"2595";"06000";"06088";"Nice";"06";"None";"None";"06088000MO0488";"None";"None";"55";"nan";"None";"nan";"None";"nan";"None";"None";"None";"None";"1";"2";"Appartement";"89.0";"3.0";"None";"None";"None";"None";"nan";"7.246306";"43.691623";"000MO"
"2024-40611";"2024-01-15";"1";"Vente";"420000.0";"185";"None";"RUE DE FRANCE";"2595";"06000";"06088";"Nice";"06";"None";"None";"06088000MO0488";"None";"None";"33";"nan";"None";"nan";"None";"nan";"None";"None";"None";"None";"1";"3";"Dépendance";"nan";"0.0";"None";"None";"None";"None";"nan";"7.246306";"43.691623";"000MO"
"2024-39838";"2024-01-09";"1";"Vente";"165000.0";"7";"None";"IMP SAINT LAURENT";"5845";"06000";"06088";"Nice";"06";"None";"None";"06088000MO0059";"None";"None";"10";"nan";"6";"nan";"None";"nan";"None";"None";"None";"None";"2";"2";"Appartement";"35.0";"2.0";"None";"None";"None";"None";"nan";"7.245995";"43.693856";"000MO"
"2024-39716";"2024-01-04";"1";"Vente";"80000.0";"145";"B";"RUE DE FRANCE";"2595";"06000";"06088";"Nice";"06";"None";"None";"06088000MO0174";"None";"None";"54";"11.1";"None";"nan";"None";"nan";"None";"None";"None";"None";"1";"4";"Local industriel. commercial ou assimilé";"16.0";"0.0";"None";"None";"None";"None";"nan";"7.250034";"43.692941";"000MO"
"2024-39733";"2024-01-03";"1";"Vente";"260000.0";"144";"None";"RUE DE FRANCE";"2595";"06000";"06088";"Nice";"06";"None";"None";"06088000MO0442";"None";"None";"6740";"nan";"None";"nan";"None";"nan";"None";"None";"None";"None";"1";"2";"Appartement";"33.0";"2.0";"None";"None";"None";"None";"nan";"7.249074";"43.693077";"000MO"
"2024-39733";"2024-01-03";"1";"Vente";"260000.0";"144";"None";"RUE DE FRANCE";"2595";"06000";"06088";"Nice";"06";"None";"None";"06088000MO0442";"None";"None";"6070";"nan";"None";"nan";"None";"nan";"None";"None";"None";"None";"1";"3";"Dépendance";"nan";"0.0";"None";"None";"None";"None";"nan";"7.249074";"43.693077";"000MO"
"2023-60438";"2023-12-29";"1";"Vente";"95000.0";"169";"None";"RUE DE FRANCE";"2595";"06000";"06088";"Nice";"06";"None";"None";"06088000MO0187";"None";"None";"42";"20.56";"None";"nan";"None";"nan";"None";"None";"None";"None";"1";"2";"Appartement";"21.0";"1.0";"None";"None";"None";"None";"nan";"7.247818";"43.692107";"000MO"
"2023-60105";"2023-12-28";"1";"Vente";"410000.0";"83";"None";"PROM DES ANGLAIS";"0240";"06000";"06088";"Nice";"06";"None";"None";"06088000MO0178";"None";"None";"154";"nan";"28";"nan";"None";"nan";"None";"None";"None";"None";"2";"2";"Appartement";"27.0";"1.0";"None";"None";"None";"None";"nan";"7.249108";"43.692398";"000MO"
"2023-60195";"2023-12-28";"1";"Vente";"185000.0";"134";"None";"RUE DE FRANCE";"2595";"06000";"06088";"Nice";"06";"None";"None";"06088000MO0442";"None";"None";"1106";"nan";"None";"nan";"None";"nan";"None";"None";"None";"None";"1";"2";"Appartement";"44.0";"2.0";"None";"None";"None";"None";"nan";"7.249074";"43.693077";"000MO"
"2023-60105";"2023-12-28";"1";"Vente";"410000.0";"83";"None";"PROM DES ANGLAIS";"0240";"06000";"06088";"Nice";"06";"None";"None";"06088000MO0178";"None";"None";"154";"nan";"28";"nan";"None";"nan";"None";"None";"None";"None";"2";"3";"Dépendance";"nan";"0.0";"None";"None";"None";"None";"nan";"7.249108";"43.692398";"000MO"
"2023-60105";"2023-12-28";"1";"Vente";"410000.0";"83";"None";"PROM DES ANGLAIS";"0240";"06000";"06088";"Nice";"06";"None";"None";"06088000MO0178";"None";"None";"73";"nan";"None";"nan";"None";"nan";"None";"None";"None";"None";"1";"3";"Dépendance";"nan";"0.0";"None";"None";"None";"None";"nan";"7.249108";"43.692398";"000MO"
"2023-60258";"2023-12-21";"1";"Vente";"371000.0";"187";"None";"RUE DE FRANCE";"2595";"06000";"06088";"Nice";"06";"None";"None";"06088000MO0488";"None";"None";"63";"nan";"None";"nan";"None";"nan";"None";"None";"None";"None";"1";"2";"Appartement";"65.0";"2.0";"None";"None";"None";"None";"nan";"7.246306";"43.691623";"000MO"
"2023-60258";"2023-12-21";"1";"Vente";"371000.0";"185";"None";"RUE DE FRANCE";"2595";"06000";"06088";"Nice";"06";"None";"None";"06088000MO0488";"None";"None";"17";"nan";"None";"nan";"None";"nan";"None";"None";"None";"None";"1";"3";"Dépendance";"nan";"0.0";"None";"None";"None";"None";"nan";"7.246306";"43.691623";"000MO"
"2023-59476";"2023-12-20";"1";"Vente";"50000.0";"37";"None";"AV DES BAUMETTES";"0660";"06000";"06088";"Nice";"06";"None";"None";"06088000MO0117";"None";"None";"45";"nan";"None";"nan";"None";"nan";"None";"None";"None";"None";"1";"3";"Dépendance";"nan";"0.0";"None";"None";"None";"None";"nan";"7.248379";"43.694701";"000MO"
"2023-60196";"2023-12-19";"1";"Vente";"440000.0";"37";"None";"AV DES BAUMETTES";"0660";"06000";"06088";"Nice";"06";"None";"None";"06088000MO0117";"None";"None";"30";"nan";"84";"nan";"None";"nan";"None";"None";"None";"None";"2";"2";"Appartement";"90.0";"3.0";"None";"None";"None";"None";"nan";"7.248379";"43.694701";"000MO"
"2023-60196";"2023-12-19";"1";"Vente";"440000.0";"37";"None";"AV DES BAUMETTES";"0660";"06000";"06088";"Nice";"06";"None";"None";"06088000MO0117";"None";"None";"30";"nan";"84";"nan";"None";"nan";"None";"None";"None";"None";"2";"3";"Dépendance";"nan";"0.0";"None";"None";"None";"None";"nan";"7.248379";"43.694701";"000MO"
"2023-59950";"2023-12-18";"1";"Vente";"268000.0";"139";"None";"RUE DE FRANCE";"2595";"06000";"06088";"Nice";"06";"None";"None";"06088000MO0168";"None";"None";"20";"nan";"None";"nan";"None";"nan";"None";"None";"None";"None";"1";"2";"Appartement";"65.0";"3.0";"None";"None";"None";"None";"nan";"7.250703";"43.693101";"000MO"
"2023-59948";"2023-12-15";"1";"Vente";"140000.0";"144";"None";"RUE DE FRANCE";"2595";"06000";"06088";"Nice";"06";"None";"None";"06088000MO0442";"None";"None";"6497";"nan";"None";"nan";"None";"nan";"None";"None";"None";"None";"1";"2";"Appartement";"21.0";"1.0";"None";"None";"None";"None";"nan";"7.249074";"43.693077";"000MO"
"2023-59184";"2023-12-13";"1";"Vente";"218951.0";"1";"None";"BD FRANCOIS GROSSO";"2630";"06000";"06088";"Nice";"06";"None";"None";"06088000MO0156";"None";"None";"21";"nan";"37";"nan";"None";"nan";"None";"None";"None";"None";"2";"2";"Appartement";"40.0";"1.0";"None";"None";"None";"None";"nan";"7.251786";"43.694394";"000MO"
"2023-59184";"2023-12-13";"1";"Vente";"218951.0";"1";"None";"BD FRANCOIS GROSSO";"2630";"06000";"06088";"Nice";"06";"None";"None";"06088000MO0156";"None";"None";"21";"nan";"37";"nan";"None";"nan";"None";"None";"None";"None";"2";"3";"Dépendance";"nan";"0.0";"None";"None";"None";"None";"nan";"7.251786";"43.694394";"000MO"
"2023-58810";"2023-12-11";"1";"Vente";"260000.0";"133";"None";"RUE DE FRANCE";"2595";"06000";"06088";"Nice";"06";"None";"None";"06088000MO0166";"None";"None";"10";"nan";"None";"nan";"None";"nan";"None";"None";"None";"None";"1";"2";"Appartement";"43.0";"2.0";"None";"None";"None";"None";"nan";"7.250997";"43.693349";"000MO"
"2023-60478";"2023-12-08";"1";"Vente";"100000.0";"18";"None";"IMP SAINT LAURENT";"5845";"06000";"06088";"Nice";"06";"None";"None";"06088000MO0053";"None";"None";"19";"25.02";"None";"nan";"None";"nan";"None";"None";"None";"None";"1";"2";"Appartement";"26.0";"2.0";"None";"None";"None";"None";"nan";"7.246228";"43.693925";"000MO"
"2023-59028";"2023-12-04";"1";"Vente";"506000.0";"185";"None";"RUE DE FRANCE";"2595";"06000";"06088";"Nice";"06";"None";"None";"06088000MO0488";"None";"None";"42";"nan";"46";"nan";"None";"nan";"None";"None";"None";"None";"2";"2";"Appartement";"56.0";"2.0";"None";"None";"None";"None";"nan";"7.246306";"43.691623";"000MO"
"2023-59028";"2023-12-04";"1";"Vente";"506000.0";"185";"None";"RUE DE FRANCE";"2595";"06000";"06088";"Nice";"06";"None";"None";"06088000MO0488";"None";"None";"42";"nan";"46";"nan";"None";"nan";"None";"None";"None";"None";"2";"3";"Dépendance";"nan";"0.0";"None";"None";"None";"None";"nan";"7.246306";"43.691623";"000MO"
"2023-59028";"2023-12-04";"1";"Vente";"506000.0";"185";"None";"RUE DE FRANCE";"2595";"06000";"06088";"Nice";"06";"None";"None";"06088000MO0488";"None";"None";"13";"nan";"None";"nan";"None";"nan";"None";"None";"None";"None";"1";"3";"Dépendance";"nan";"0.0";"None";"None";"None";"None";"nan";"7.246306";"43.691623";"000MO"
"2023-59091";"2023-12-01";"1";"Vente";"137000.0";"9";"None";"AV EMILE HENRIOT";"2253";"06000";"06088";"Nice";"06";"None";"None";"06088000MO0260";"None";"None";"6";"nan";"None";"nan";"None";"nan";"None";"None";"None";"None";"1";"2";"Appartement";"19.0";"1.0";"None";"None";"None";"None";"nan";"7.246224";"43.693111";"000MO"
"2023-59286";"2023-12-01";"1";"Vente";"42000.0";"3";"B";"AV DES BAUMETTES";"0660";"06000";"06088";"Nice";"06";"None";"None";"06088000MO0302";"None";"None";"14";"nan";"None";"nan";"None";"nan";"None";"None";"None";"None";"1";"3";"Dépendance";"nan";"0.0";"None";"None";"None";"None";"nan";"7.250749";"43.694365";"000MO"
"2023-59357";"2023-12-01";"1";"Vente";"20000.0";"147";"None";"RUE DE FRANCE";"2595";"06000";"06088";"Nice";"06";"None";"None";"06088000MO0237";"None";"None";"191";"nan";"None";"nan";"None";"nan";"None";"None";"None";"None";"1";"3";"Dépendance";"nan";"0.0";"None";"None";"None";"None";"nan";"7.249728";"43.692755";"000MO"
"2023-58498";"2023-11-29";"1";"Vente";"155000.0";"175";"None";"RUE DE FRANCE";"2595";"06000";"06088";"Nice";"06";"None";"None";"06088000MO0564";"None";"None";"94";"nan";"None";"nan";"None";"nan";"None";"None";"None";"None";"1";"2";"Appartement";"29.0";"1.0";"None";"None";"None";"None";"nan";"7.247167";"43.691854";"000MO"
"2023-58392";"2023-11-24";"1";"Vente";"171386.9";"73";"None";"PROM DES ANGLAIS";"0240";"06000";"06088";"Nice";"06";"None";"None";"06088000MO0170";"None";"None";"48";"nan";"8";"nan";"None";"nan";"None";"None";"None";"None";"2";"2";"Appartement";"28.0";"1.0";"None";"None";"None";"None";"nan";"7.250586";"43.692851";"000MO"
"2023-58392";"2023-11-24";"1";"Vente";"171386.9";"73";"None";"PROM DES ANGLAIS";"0240";"06000";"06088";"Nice";"06";"None";"None";"06088000MO0170";"None";"None";"48";"nan";"8";"nan";"None";"nan";"None";"None";"None";"None";"2";"3";"Dépendance";"nan";"0.0";"None";"None";"None";"None";"nan";"7.250586";"43.692851";"000MO"
"2023-58170";"2023-11-14";"1";"Vente";"35000.0";"144";"None";"RUE DE FRANCE";"2595";"06000";"06088";"Nice";"06";"None";"None";"06088000MO0442";"None";"None";"6185";"nan";"None";"nan";"None";"nan";"None";"None";"None";"None";"1";"3";"Dépendance";"nan";"0.0";"None";"None";"None";"None";"nan";"7.249074";"43.693077";"000MO"
"2023-57778";"2023-11-13";"1";"Vente";"622600.0";"143";"None";"RUE DE FRANCE";"2595";"06000";"06088";"Nice";"06";"None";"None";"06088000MO0170";"None";"None";"122";"nan";"188";"nan";"None";"nan";"None";"None";"None";"None";"2";"2";"Appartement";"28.0";"1.0";"None";"None";"None";"None";"nan";"7.250586";"43.692851";"000MO"
"2023-57778";"2023-11-13";"1";"Vente";"622600.0";"143";"None";"RUE DE FRANCE";"2595";"06000";"06088";"Nice";"06";"None";"None";"06088000MO0170";"None";"None";"122";"nan";"188";"nan";"None";"nan";"None";"None";"None";"None";"2";"3";"Dépendance";"nan";"0.0";"None";"None";"None";"None";"nan";"7.250586";"43.692851";"000MO"
"2023-57778";"2023-11-13";"1";"Vente";"622600.0";"145";"None";"RUE DE FRANCE";"2595";"06000";"06088";"Nice";"06";"None";"None";"06088000MO0171";"None";"None";"60";"nan";"None";"nan";"None";"nan";"None";"None";"None";"None";"1";"3";"Dépendance";"nan";"0.0";"None";"None";"None";"None";"nan";"7.250193";"43.692988";"000MO"
"2023-57513";"2023-11-02";"1";"Vente";"191296.0";"139";"None";"RUE DE FRANCE";"2595";"06000";"06088";"Nice";"06";"None";"None";"06088000MO0168";"None";"None";"55";"nan";"57";"25.91";"None";"nan";"None";"None";"None";"None";"2";"2";"Appartement";"61.0";"2.0";"None";"None";"None";"None";"nan";"7.250703";"43.693101";"000MO"
"2023-57558";"2023-10-31";"1";"Vente";"615000.0";"92";"None";"PROM DES ANGLAIS";"0240";"06000";"06088";"Nice";"06";"None";"None";"06088000MO0188";"None";"None";"13";"nan";"73";"nan";"None";"nan";"None";"None";"None";"None";"2";"2";"Appartement";"70.0";"2.0";"None";"None";"None";"None";"nan";"7.247982";"43.691897";"000MO"
"2023-57558";"2023-10-31";"1";"Vente";"615000.0";"92";"None";"PROM DES ANGLAIS";"0240";"06000";"06088";"Nice";"06";"None";"None";"06088000MO0188";"None";"None";"13";"nan";"73";"nan";"None";"nan";"None";"None";"None";"None";"2";"3";"Dépendance";"nan";"0.0";"None";"None";"None";"None";"nan";"7.247982";"43.691897";"000MO"
"2023-57558";"2023-10-31";"1";"Vente";"615000.0";"144";"None";"RUE DE FRANCE";"2595";"06000";"06088";"Nice";"06";"None";"None";"06088000MO0442";"None";"None";"6217";"nan";"None";"nan";"None";"nan";"None";"None";"None";"None";"1";"3";"Dépendance";"nan";"0.0";"None";"None";"None";"None";"nan";"7.249074";"43.693077";"000MO"
"2023-57471";"2023-10-31";"1";"Vente";"70000.0";"145";"B";"RUE DE FRANCE";"2595";"06000";"06088";"Nice";"06";"None";"None";"06088000MO0174";"None";"None";"5";"18.2";"None";"nan";"None";"nan";"None";"None";"None";"None";"1";"4";"Local industriel. commercial ou assimilé";"16.0";"0.0";"None";"None";"None";"None";"nan";"7.250034";"43.692941";"000MO"
"2023-58128";"2023-10-30";"1";"Vente";"370000.0";"3";"None";"RUE POINCARE";"5190";"06000";"06088";"Nice";"06";"None";"None";"06088000MO0185";"None";"None";"35";"nan";"93";"nan";"None";"nan";"None";"None";"None";"None";"2";"2";"Appartement";"53.0";"2.0";"None";"None";"None";"None";"nan";"7.248177";"43.692124";"000MO"
"2023-58128";"2023-10-30";"1";"Vente";"370000.0";"3";"None";"RUE POINCARE";"5190";"06000";"06088";"Nice";"06";"None";"None";"06088000MO0185";"None";"None";"35";"nan";"93";"nan";"None";"nan";"None";"None";"None";"None";"2";"3";"Dépendance";"nan";"0.0";"None";"None";"None";"None";"nan";"7.248177";"43.692124";"000MO"
"2023-57446";"2023-10-27";"1";"Vente";"365000.0";"135";"None";"RUE DE FRANCE";"2595";"06000";"06088";"Nice";"06";"None";"None";"06088000MO0167";"None";"None";"202";"nan";"258";"nan";"None";"nan";"None";"None";"None";"None";"2";"2";"Appartement";"74.0";"3.0";"None";"None";"None";"None";"nan";"7.251029";"43.693045";"000MO"
"2023-57717";"2023-10-27";"1";"Vente";"325000.0";"134";"None";"RUE DE FRANCE";"2595";"06000";"06088";"Nice";"06";"None";"None";"06088000MO0442";"None";"None";"1127";"nan";"None";"nan";"None";"nan";"None";"None";"None";"None";"1";"2";"Appartement";"69.0";"3.0";"None";"None";"None";"None";"nan";"7.249074";"43.693077";"000MO"
"2023-57446";"2023-10-27";"1";"Vente";"365000.0";"135";"None";"RUE DE FRANCE";"2595";"06000";"06088";"Nice";"06";"None";"None";"06088000MO0167";"None";"None";"202";"nan";"258";"nan";"None";"nan";"None";"None";"None";"None";"2";"3";"Dépendance";"nan";"0.0";"None";"None";"None";"None";"nan";"7.251029";"43.693045";"000MO"
"2023-60471";"2023-10-26";"1";"Adjudication";"198000.0";"137";"None";"RUE DE FRANCE";"2595";"06000";"06088";"Nice";"06";"None";"None";"06088000MO0168";"None";"None";"8";"nan";"None";"nan";"None";"nan";"None";"None";"None";"None";"1";"2";"Appartement";"55.0";"3.0";"None";"None";"None";"None";"nan";"7.250703";"43.693101";"000MO"
"2023-57150";"2023-10-26";"1";"Vente";"35000.0";"144";"None";"RUE DE FRANCE";"2595";"06000";"06088";"Nice";"06";"None";"None";"06088000MO0442";"None";"None";"6173";"15.0";"None";"nan";"None";"nan";"None";"None";"None";"None";"1";"3";"Dépendance";"nan";"0.0";"None";"None";"None";"None";"nan";"7.249074";"43.693077";"000MO"
"2023-57203";"2023-10-23";"1";"Vente";"42000.0";"3";"B";"AV DES BAUMETTES";"0660";"06000";"06088";"Nice";"06";"None";"None";"06088000MO0302";"None";"None";"47";"nan";"None";"nan";"None";"nan";"None";"None";"None";"None";"1";"3";"Dépendance";"nan";"0.0";"None";"None";"None";"None";"nan";"7.250749";"43.694365";"000MO"
"2023-57377";"2023-10-18";"1";"Vente";"36500.0";"147";"None";"RUE DE FRANCE";"2595";"06000";"06088";"Nice";"06";"None";"None";"06088000MO0237";"None";"None";"171";"nan";"None";"nan";"None";"nan";"None";"None";"None";"None";"1";"3";"Dépendance";"nan";"0.0";"None";"None";"None";"None";"nan";"7.249728";"43.692755";"000MO"
"2023-57114";"2023-10-17";"1";"Vente";"60000.0";"137";"None";"RUE DE FRANCE";"2595";"06000";"06088";"Nice";"06";"None";"None";"06088000MO0168";"None";"None";"24";"nan";"None";"nan";"None";"nan";"None";"None";"None";"None";"1";"2";"Appartement";"16.0";"1.0";"None";"None";"None";"None";"nan";"7.250703";"43.693101";"000MO"
"2023-57131";"2023-10-13";"1";"Vente";"189000.0";"14";"None";"IMP SAINT LAURENT";"5845";"06000";"06088";"Nice";"06";"None";"None";"06088000MO0055";"None";"None";"12";"nan";"17";"nan";"None";"nan";"None";"None";"None";"None";"2";"2";"Appartement";"31.0";"3.0";"None";"None";"None";"None";"nan";"7.246384";"43.693591";"000MO"
"2023-57167";"2023-10-13";"1";"Vente";"302000.0";"37";"None";"AV DES BAUMETTES";"0660";"06000";"06088";"Nice";"06";"None";"None";"06088000MO0117";"None";"None";"22";"nan";"69";"nan";"None";"nan";"None";"None";"None";"None";"2";"2";"Appartement";"63.0";"2.0";"None";"None";"None";"None";"nan";"7.248379";"43.694701";"000MO"
"2023-57167";"2023-10-13";"1";"Vente";"302000.0";"37";"None";"AV DES BAUMETTES";"0660";"06000";"06088";"Nice";"06";"None";"None";"06088000MO0117";"None";"None";"22";"nan";"69";"nan";"None";"nan";"None";"None";"None";"None";"2";"3";"Dépendance";"nan";"0.0";"None";"None";"None";"None";"nan";"7.248379";"43.694701";"000MO"
"2023-56277";"2023-10-06";"1";"Vente";"295000.0";"5";"None";"RUE HENRI CORDIER";"3205";"06000";"06088";"Nice";"06";"None";"None";"06088000MO0077";"None";"None";"11";"nan";"None";"nan";"None";"nan";"None";"None";"None";"None";"1";"2";"Appartement";"41.0";"2.0";"None";"None";"None";"None";"nan";"7.248463";"43.693395";"000MO"
"2023-56277";"2023-10-06";"1";"Vente";"295000.0";"5";"None";"RUE HENRI CORDIER";"3205";"06000";"06088";"Nice";"06";"None";"None";"06088000MO0077";"None";"None";"11";"nan";"None";"nan";"None";"nan";"None";"None";"None";"None";"1";"3";"Dépendance";"nan";"0.0";"None";"None";"None";"None";"nan";"7.248463";"43.693395";"000MO"
"2023-56511";"2023-10-03";"1";"Vente";"655000.0";"75";"None";"PROM DES ANGLAIS";"0240";"06000";"06088";"Nice";"06";"None";"None";"06088000MO0172";"None";"None";"3";"nan";"93";"nan";"None";"nan";"None";"None";"None";"None";"2";"2";"Appartement";"86.0";"2.0";"None";"None";"None";"None";"nan";"7.250454";"43.69266";"000MO"
"2023-56511";"2023-10-03";"1";"Vente";"655000.0";"75";"None";"PROM DES ANGLAIS";"0240";"06000";"06088";"Nice";"06";"None";"None";"06088000MO0172";"None";"None";"3";"nan";"93";"nan";"None";"nan";"None";"None";"None";"None";"2";"3";"Dépendance";"nan";"0.0";"None";"None";"None";"None";"nan";"7.250454";"43.69266";"000MO"
"2023-56511";"2023-10-03";"1";"Vente";"655000.0";"75";"None";"PROM DES ANGLAIS";"0240";"06000";"06088";"Nice";"06";"None";"None";"06088000MO0172";"None";"None";"60";"nan";"None";"nan";"None";"nan";"None";"None";"None";"None";"1";"3";"Dépendance";"nan";"0.0";"None";"None";"None";"None";"nan";"7.250454";"43.69266";"000MO"
"2023-56088";"2023-09-27";"1";"Vente";"1080000.0";"69";"None";"PROM DES ANGLAIS";"0240";"06000";"06088";"Nice";"06";"None";"None";"06088000MO0167";"None";"None";"100";"96.02";"18";"nan";"None";"nan";"None";"None";"None";"None";"2";"2";"Appartement";"95.0";"3.0";"None";"None";"None";"None";"nan";"7.251029";"43.693045";"000MO"
"2023-56991";"2023-09-27";"1";"Vente";"461100.0";"175";"None";"RUE DE FRANCE";"2595";"06000";"06088";"Nice";"06";"None";"None";"06088000MO0564";"None";"None";"132";"nan";"164";"65.04";"None";"nan";"None";"None";"None";"None";"2";"2";"Appartement";"61.0";"3.0";"None";"None";"None";"None";"nan";"7.247167";"43.691854";"000MO"
"2023-56088";"2023-09-27";"1";"Vente";"1080000.0";"69";"None";"PROM DES ANGLAIS";"0240";"06000";"06088";"Nice";"06";"None";"None";"06088000MO0167";"None";"None";"100";"96.02";"18";"nan";"None";"nan";"None";"None";"None";"None";"2";"3";"Dépendance";"nan";"0.0";"None";"None";"None";"None";"nan";"7.251029";"43.693045";"000MO"
"2023-56088";"2023-09-27";"1";"Vente";"1080000.0";"69";"None";"PROM DES ANGLAIS";"0240";"06000";"06088";"Nice";"06";"None";"None";"06088000MO0167";"None";"None";"49";"nan";"None";"nan";"None";"nan";"None";"None";"None";"None";"1";"3";"Dépendance";"nan";"0.0";"None";"None";"None";"None";"nan";"7.251029";"43.693045";"000MO"
"2023-56991";"2023-09-27";"1";"Vente";"461100.0";"175";"None";"RUE DE FRANCE";"2595";"06000";"06088";"Nice";"06";"None";"None";"06088000MO0564";"None";"None";"132";"nan";"164";"65.04";"None";"nan";"None";"None";"None";"None";"2";"3";"Dépendance";"nan";"0.0";"None";"None";"None";"None";"nan";"7.247167";"43.691854";"000MO"
"2023-56991";"2023-09-27";"1";"Vente";"461100.0";"175";"None";"RUE DE FRANCE";"2595";"06000";"06088";"Nice";"06";"None";"None";"06088000MO0564";"None";"None";"132";"nan";"164";"65.04";"None";"nan";"None";"None";"None";"None";"2";"3";"Dépendance";"nan";"0.0";"None";"None";"None";"None";"nan";"7.247167";"43.691854";"000MO"
"2023-56991";"2023-09-27";"1";"Vente";"461100.0";"9001";"None";"RUE GARDON";"2760";"06000";"06088";"Nice";"06";"None";"None";"06088000MO0564";"None";"None";"115";"nan";"None";"nan";"None";"nan";"None";"None";"None";"None";"1";"3";"Dépendance";"nan";"0.0";"None";"None";"None";"None";"nan";"7.247167";"43.691854";"000MO"
"2023-56065";"2023-09-25";"1";"Vente";"550000.0";"171";"None";"RUE DE FRANCE";"2595";"06000";"06088";"Nice";"06";"None";"None";"06088000MO0190";"None";"None";"22";"nan";"None";"nan";"None";"nan";"None";"None";"None";"None";"1";"2";"Appartement";"90.0";"4.0";"None";"None";"None";"None";"nan";"7.247575";"43.691992";"000MO"
"2023-56065";"2023-09-25";"1";"Vente";"550000.0";"171";"None";"RUE DE FRANCE";"2595";"06000";"06088";"Nice";"06";"None";"None";"06088000MO0190";"None";"None";"22";"nan";"None";"nan";"None";"nan";"None";"None";"None";"None";"1";"3";"Dépendance";"nan";"0.0";"None";"None";"None";"None";"nan";"7.247575";"43.691992";"000MO"
"2023-56209";"2023-09-22";"1";"Vente";"305000.0";"154";"None";"RUE DE FRANCE";"2595";"06000";"06088";"Nice";"06";"None";"None";"06088000MO0566";"None";"None";"12";"nan";"163";"nan";"None";"nan";"None";"None";"None";"None";"2";"2";"Appartement";"37.0";"1.0";"None";"None";"None";"None";"nan";"7.247686";"43.692714";"000MO"
"2023-56209";"2023-09-22";"1";"Vente";"305000.0";"154";"None";"RUE DE FRANCE";"2595";"06000";"06088";"Nice";"06";"None";"None";"06088000MO0566";"None";"None";"123";"nan";"None";"nan";"None";"nan";"None";"None";"None";"None";"1";"3";"Dépendance";"nan";"0.0";"None";"None";"None";"None";"nan";"7.247686";"43.692714";"000MO"
"2023-56209";"2023-09-22";"1";"Vente";"305000.0";"154";"None";"RUE DE FRANCE";"2595";"06000";"06088";"Nice";"06";"None";"None";"06088000MO0566";"None";"None";"12";"nan";"163";"nan";"None";"nan";"None";"None";"None";"None";"2";"3";"Dépendance";"nan";"0.0";"None";"None";"None";"None";"nan";"7.247686";"43.692714";"000MO"
"2023-55643";"2023-09-21";"1";"Vente";"420000.0";"71";"None";"PROM DES ANGLAIS";"0240";"06000";"06088";"Nice";"06";"None";"None";"06088000MO0169";"None";"None";"44";"nan";"None";"nan";"None";"nan";"None";"None";"None";"None";"1";"2";"Appartement";"100.0";"3.0";"None";"None";"None";"None";"nan";"7.250868";"43.692819";"000MO"
"2023-55643";"2023-09-21";"1";"Vente";"420000.0";"71";"None";"PROM DES ANGLAIS";"0240";"06000";"06088";"Nice";"06";"None";"None";"06088000MO0169";"None";"None";"7";"nan";"None";"nan";"None";"nan";"None";"None";"None";"None";"1";"3";"Dépendance";"nan";"0.0";"None";"None";"None";"None";"nan";"7.250868";"43.692819";"000MO"
"2023-55643";"2023-09-21";"1";"Vente";"420000.0";"71";"None";"PROM DES ANGLAIS";"0240";"06000";"06088";"Nice";"06";"None";"None";"06088000MO0169";"None";"None";"44";"nan";"None";"nan";"None";"nan";"None";"None";"None";"None";"1";"3";"Dépendance";"nan";"0.0";"None";"None";"None";"None";"nan";"7.250868";"43.692819";"000MO"
"2023-55643";"2023-09-21";"1";"Vente";"420000.0";"71";"None";"PROM DES ANGLAIS";"0240";"06000";"06088";"Nice";"06";"None";"None";"06088000MO0169";"None";"None";"44";"nan";"None";"nan";"None";"nan";"None";"None";"None";"None";"1";"3";"Dépendance";"nan";"0.0";"None";"None";"None";"None";"nan";"7.250868";"43.692819";"000MO"
"2023-55829";"2023-09-21";"1";"Vente";"45000.0";"3";"B";"AV DES BAUMETTES";"0660";"06000";"06088";"Nice";"06";"None";"None";"06088000MO0302";"None";"None";"112";"nan";"None";"nan";"None";"nan";"None";"None";"None";"None";"1";"3";"Dépendance";"nan";"0.0";"None";"None";"None";"None";"nan";"7.250749";"43.694365";"000MO"
"2023-56588";"2023-09-19";"1";"Vente";"379000.0";"120";"None";"RUE DE FRANCE";"2595";"06000";"06088";"Nice";"06";"None";"None";"06088000MO0550";"None";"None";"214";"nan";"None";"nan";"None";"nan";"None";"None";"None";"None";"1";"2";"Appartement";"48.0";"2.0";"None";"None";"None";"None";"nan";"7.250655";"43.693744";"000MO"
"2023-56588";"2023-09-19";"1";"Vente";"379000.0";"126";"None";"RUE DE FRANCE";"2595";"06000";"06088";"Nice";"06";"None";"None";"06088000MO0550";"None";"None";"123";"nan";"None";"nan";"None";"nan";"None";"None";"None";"None";"1";"3";"Dépendance";"nan";"0.0";"None";"None";"None";"None";"nan";"7.250655";"43.693744";"000MO"
"2023-55962";"2023-09-18";"1";"Vente";"180000.0";"22";"None";"RUE LOUIS DE COPPET";"3745";"06000";"06088";"Nice";"06";"None";"None";"06088000MO0070";"None";"None";"59";"46.05";"None";"nan";"None";"nan";"None";"None";"None";"None";"1";"2";"Appartement";"46.0";"2.0";"None";"None";"None";"None";"nan";"7.246825";"43.69279";"000MO"
"2023-55962";"2023-09-18";"1";"Vente";"180000.0";"22";"None";"RUE LOUIS DE COPPET";"3745";"06000";"06088";"Nice";"06";"None";"None";"06088000MO0070";"None";"None";"59";"46.05";"None";"nan";"None";"nan";"None";"None";"None";"None";"1";"3";"Dépendance";"nan";"0.0";"None";"None";"None";"None";"nan";"7.246825";"43.69279";"000MO"
"2023-55335";"2023-09-14";"1";"Vente";"144232.0";"139";"None";"RUE DE FRANCE";"2595";"06000";"06088";"Nice";"06";"None";"None";"06088000MO0168";"None";"None";"55";"nan";"56";"24.63";"None";"nan";"None";"None";"None";"None";"2";"2";"Appartement";"61.0";"2.0";"None";"None";"None";"None";"nan";"7.250703";"43.693101";"000MO"
"2023-55437";"2023-09-14";"1";"Vente";"138000.0";"154";"None";"RUE DE FRANCE";"2595";"06000";"06088";"Nice";"06";"None";"None";"06088000MO0566";"None";"None";"18";"nan";"None";"nan";"None";"nan";"None";"None";"None";"None";"1";"2";"Appartement";"37.0";"1.0";"None";"None";"None";"None";"nan";"7.247686";"43.692714";"000MO"
"2023-55317";"2023-09-14";"1";"Vente";"42000.0";"3";"B";"AV DES BAUMETTES";"0660";"06000";"06088";"Nice";"06";"None";"None";"06088000MO0302";"None";"None";"46";"nan";"None";"nan";"None";"nan";"None";"None";"None";"None";"1";"3";"Dépendance";"nan";"0.0";"None";"None";"None";"None";"nan";"7.250749";"43.694365";"000MO"
"2023-55417";"2023-09-12";"1";"Vente";"111800.0";"21";"None";"AV EMILE HENRIOT";"2253";"06000";"06088";"Nice";"06";"None";"None";"06088000MO0254";"None";"None";"3";"37.64";"None";"nan";"None";"nan";"None";"None";"None";"None";"1";"2";"Appartement";"31.0";"3.0";"None";"None";"None";"None";"nan";"7.245751";"43.693468";"000MO"
"2023-54846";"2023-09-07";"1";"Vente";"305000.0";"144";"None";"RUE DE FRANCE";"2595";"06000";"06088";"Nice";"06";"None";"None";"06088000MO0442";"None";"None";"6450";"nan";"6522";"36.09";"None";"nan";"None";"None";"None";"None";"2";"2";"Appartement";"35.0";"2.0";"None";"None";"None";"None";"nan";"7.249074";"43.693077";"000MO"
"2023-54846";"2023-09-07";"1";"Vente";"305000.0";"144";"None";"RUE DE FRANCE";"2595";"06000";"06088";"Nice";"06";"None";"None";"06088000MO0442";"None";"None";"6450";"nan";"6522";"36.09";"None";"nan";"None";"None";"None";"None";"2";"3";"Dépendance";"nan";"0.0";"None";"None";"None";"None";"nan";"7.249074";"43.693077";"000MO"
"2023-54846";"2023-09-07";"1";"Vente";"305000.0";"144";"None";"RUE DE FRANCE";"2595";"06000";"06088";"Nice";"06";"None";"None";"06088000MO0442";"None";"None";"6149";"nan";"None";"nan";"None";"nan";"None";"None";"None";"None";"1";"3";"Dépendance";"nan";"0.0";"None";"None";"None";"None";"nan";"7.249074";"43.693077";"000MO"
"2023-54643";"2023-08-29";"1";"Vente";"130276.64";"169";"None";"RUE DE FRANCE";"2595";"06000";"06088";"Nice";"06";"None";"None";"06088000MO0187";"None";"None";"51";"15.02";"None";"nan";"None";"nan";"None";"None";"None";"None";"1";"2";"Appartement";"11.0";"1.0";"None";"None";"None";"None";"nan";"7.247818";"43.692107";"000MO"
"2023-54610";"2023-08-29";"1";"Vente";"85000.0";"145";"B";"RUE DE FRANCE";"2595";"06000";"06088";"Nice";"06";"None";"None";"06088000MO0174";"None";"None";"56";"nan";"None";"nan";"None";"nan";"None";"None";"None";"None";"1";"4";"Local industriel. commercial ou assimilé";"16.0";"0.0";"None";"None";"None";"None";"nan";"7.250034";"43.692941";"000MO"
"2023-54699";"2023-08-28";"1";"Vente";"750000.0";"187";"None";"RUE DE FRANCE";"2595";"06000";"06088";"Nice";"06";"None";"None";"06088000MO0488";"None";"None";"61";"88.45";"None";"nan";"None";"nan";"None";"None";"None";"None";"1";"2";"Appartement";"88.0";"3.0";"None";"None";"None";"None";"nan";"7.246306";"43.691623";"000MO"
"2023-55122";"2023-08-28";"1";"Vente";"1000000.0";"83";"None";"PROM DES ANGLAIS";"0240";"06000";"06088";"Nice";"06";"None";"None";"06088000MO0178";"None";"None";"301";"nan";"302";"nan";"99";"nan";"None";"None";"None";"None";"3";"2";"Appartement";"216.0";"5.0";"None";"None";"None";"None";"nan";"7.249108";"43.692398";"000MO"
"2023-54699";"2023-08-28";"1";"Vente";"750000.0";"185";"None";"RUE DE FRANCE";"2595";"06000";"06088";"Nice";"06";"None";"None";"06088000MO0488";"None";"None";"11";"nan";"None";"nan";"None";"nan";"None";"None";"None";"None";"1";"3";"Dépendance";"nan";"0.0";"None";"None";"None";"None";"nan";"7.246306";"43.691623";"000MO"
"2023-55122";"2023-08-28";"1";"Vente";"1000000.0";"83";"None";"PROM DES ANGLAIS";"0240";"06000";"06088";"Nice";"06";"None";"None";"06088000MO0178";"None";"None";"7";"nan";"None";"nan";"None";"nan";"None";"None";"None";"None";"1";"3";"Dépendance";"nan";"0.0";"None";"None";"None";"None";"nan";"7.249108";"43.692398";"000MO"
"2023-55122";"2023-08-28";"1";"Vente";"1000000.0";"83";"None";"PROM DES ANGLAIS";"0240";"06000";"06088";"Nice";"06";"None";"None";"06088000MO0178";"None";"None";"88";"nan";"None";"nan";"None";"nan";"None";"None";"None";"None";"1";"3";"Dépendance";"nan";"0.0";"None";"None";"None";"None";"nan";"7.249108";"43.692398";"000MO"
"2023-53972";"2023-08-16";"1";"Vente";"154960.0";"147";"None";"RUE DE FRANCE";"2595";"06000";"06088";"Nice";"06";"None";"None";"06088000MO0237";"None";"None";"118";"nan";"56";"29.16";"None";"nan";"None";"None";"None";"None";"2";"2";"Appartement";"29.0";"1.0";"None";"None";"None";"None";"nan";"7.249728";"43.692755";"000MO"
"2023-53972";"2023-08-16";"1";"Vente";"154960.0";"147";"None";"RUE DE FRANCE";"2595";"06000";"06088";"Nice";"06";"None";"None";"06088000MO0237";"None";"None";"118";"nan";"56";"29.16";"None";"nan";"None";"None";"None";"None";"2";"3";"Dépendance";"nan";"0.0";"None";"None";"None";"None";"nan";"7.249728";"43.692755";"000MO"
"2023-54239";"2023-08-10";"1";"Vente";"76500.0";"147";"None";"RUE DE FRANCE";"2595";"06000";"06088";"Nice";"06";"None";"None";"06088000MO0237";"None";"None";"65";"nan";"None";"nan";"None";"nan";"None";"None";"None";"None";"1";"2";"Appartement";"14.0";"1.0";"None";"None";"None";"None";"nan";"7.249728";"43.692755";"000MO"
"2023-53795";"2023-08-09";"1";"Vente";"700040.0";"91";"None";"PROM DES ANGLAIS";"0240";"06000";"06088";"Nice";"06";"None";"None";"06088000MO0184";"None";"None";"23";"nan";"68";"nan";"None";"nan";"None";"None";"None";"None";"2";"2";"Appartement";"43.0";"1.0";"None";"None";"None";"None";"nan";"7.248366";"43.691919";"000MO"
"2023-53795";"2023-08-09";"1";"Vente";"700040.0";"91";"None";"PROM DES ANGLAIS";"0240";"06000";"06088";"Nice";"06";"None";"None";"06088000MO0184";"None";"None";"69";"nan";"None";"nan";"None";"nan";"None";"None";"None";"None";"1";"2";"Appartement";"30.0";"1.0";"None";"None";"None";"None";"nan";"7.248366";"43.691919";"000MO"
"2023-53795";"2023-08-09";"1";"Vente";"700040.0";"91";"None";"PROM DES ANGLAIS";"0240";"06000";"06088";"Nice";"06";"None";"None";"06088000MO0184";"None";"None";"23";"nan";"68";"nan";"None";"nan";"None";"None";"None";"None";"2";"3";"Dépendance";"nan";"0.0";"None";"None";"None";"None";"nan";"7.248366";"43.691919";"000MO"
"2023-53694";"2023-08-04";"1";"Vente";"956800.0";"79";"None";"PROM DES ANGLAIS";"0240";"06000";"06088";"Nice";"06";"None";"None";"06088000MO0238";"None";"None";"18";"nan";"88";"nan";"None";"nan";"None";"None";"None";"None";"2";"2";"Appartement";"104.0";"3.0";"None";"None";"None";"None";"nan";"7.249911";"43.692436";"000MO"
"2023-54344";"2023-08-04";"1";"Vente";"300800.0";"71";"None";"PROM DES ANGLAIS";"0240";"06000";"06088";"Nice";"06";"None";"None";"06088000MO0169";"None";"None";"43";"nan";"None";"nan";"None";"nan";"None";"None";"None";"None";"1";"2";"Appartement";"32.0";"1.0";"None";"None";"None";"None";"nan";"7.250868";"43.692819";"000MO"
"2023-53692";"2023-08-04";"1";"Vente";"56000.0";"79";"None";"PROM DES ANGLAIS";"0240";"06000";"06088";"Nice";"06";"None";"None";"06088000MO0238";"None";"None";"127";"nan";"None";"nan";"None";"nan";"None";"None";"None";"None";"1";"3";"Dépendance";"nan";"0.0";"None";"None";"None";"None";"nan";"7.249911";"43.692436";"000MO"
"2023-53694";"2023-08-04";"1";"Vente";"956800.0";"79";"None";"PROM DES ANGLAIS";"0240";"06000";"06088";"Nice";"06";"None";"None";"06088000MO0238";"None";"None";"18";"nan";"88";"nan";"None";"nan";"None";"None";"None";"None";"2";"3";"Dépendance";"nan";"0.0";"None";"None";"None";"None";"nan";"7.249911";"43.692436";"000MO"
"2023-54344";"2023-08-04";"1";"Vente";"300800.0";"71";"None";"PROM DES ANGLAIS";"0240";"06000";"06088";"Nice";"06";"None";"None";"06088000MO0169";"None";"None";"24";"nan";"None";"nan";"None";"nan";"None";"None";"None";"None";"1";"3";"Dépendance";"nan";"0.0";"None";"None";"None";"None";"nan";"7.250868";"43.692819";"000MO"
"2023-54407";"2023-08-01";"1";"Vente";"283330.0";"144";"None";"RUE DE FRANCE";"2595";"06000";"06088";"Nice";"06";"None";"None";"06088000MO0442";"None";"None";"6304";"nan";"6600";"nan";"None";"nan";"None";"None";"None";"None";"2";"2";"Appartement";"46.0";"3.0";"None";"None";"None";"None";"nan";"7.249074";"43.693077";"000MO"
"2023-54407";"2023-08-01";"1";"Vente";"283330.0";"144";"None";"RUE DE FRANCE";"2595";"06000";"06088";"Nice";"06";"None";"None";"06088000MO0442";"None";"None";"6304";"nan";"6600";"nan";"None";"nan";"None";"None";"None";"None";"2";"3";"Dépendance";"nan";"0.0";"None";"None";"None";"None";"nan";"7.249074";"43.693077";"000MO"
"2023-53548";"2023-07-31";"1";"Vente";"200000.0";"45";"None";"AV DES BAUMETTES";"0660";"06000";"06088";"Nice";"06";"None";"None";"06088000MO0045";"None";"None";"217";"nan";"263";"nan";"None";"nan";"None";"None";"None";"None";"2";"2";"Appartement";"60.0";"2.0";"None";"None";"None";"None";"nan";"7.247845";"43.69594";"000MO"
"2023-53548";"2023-07-31";"1";"Vente";"200000.0";"45";"None";"AV DES BAUMETTES";"0660";"06000";"06088";"Nice";"06";"None";"None";"06088000MO0045";"None";"None";"217";"nan";"263";"nan";"None";"nan";"None";"None";"None";"None";"2";"3";"Dépendance";"nan";"0.0";"None";"None";"None";"None";"nan";"7.247845";"43.69594";"000MO"
"2023-53121";"2023-07-28";"1";"Vente";"155000.0";"144";"None";"RUE DE FRANCE";"2595";"06000";"06088";"Nice";"06";"None";"None";"06088000MO0442";"None";"None";"6488";"21.01";"None";"nan";"None";"nan";"None";"None";"None";"None";"1";"2";"Appartement";"21.0";"1.0";"None";"None";"None";"None";"nan";"7.249074";"43.693077";"000MO"
"2023-53121";"2023-07-28";"1";"Vente";"155000.0";"144";"None";"RUE DE FRANCE";"2595";"06000";"06088";"Nice";"06";"None";"None";"06088000MO0442";"None";"None";"6053";"nan";"None";"nan";"None";"nan";"None";"None";"None";"None";"1";"3";"Dépendance";"nan";"0.0";"None";"None";"None";"None";"nan";"7.249074";"43.693077";"000MO"
"2023-53292";"2023-07-27";"1";"Vente";"138000.0";"14";"None";"IMP SAINT LAURENT";"5845";"06000";"06088";"Nice";"06";"None";"None";"06088000MO0055";"None";"None";"15";"nan";"29";"nan";"None";"nan";"None";"None";"None";"None";"2";"2";"Appartement";"26.0";"2.0";"None";"None";"None";"None";"nan";"7.246384";"43.693591";"000MO"
"2023-53825";"2023-07-27";"1";"Vente";"190000.0";"144";"None";"RUE DE FRANCE";"2595";"06000";"06088";"Nice";"06";"None";"None";"06088000MO0442";"None";"None";"6486";"nan";"None";"nan";"None";"nan";"None";"None";"None";"None";"1";"2";"Appartement";"30.0";"2.0";"None";"None";"None";"None";"nan";"7.249074";"43.693077";"000MO"
"2023-53292";"2023-07-27";"1";"Vente";"138000.0";"14";"None";"IMP SAINT LAURENT";"5845";"06000";"06088";"Nice";"06";"None";"None";"06088000MO0055";"None";"None";"15";"nan";"29";"nan";"None";"nan";"None";"None";"None";"None";"2";"3";"Dépendance";"nan";"0.0";"None";"None";"None";"None";"nan";"7.246384";"43.693591";"000MO"
"2023-53825";"2023-07-27";"1";"Vente";"190000.0";"144";"None";"RUE DE FRANCE";"2595";"06000";"06088";"Nice";"06";"None";"None";"06088000MO0442";"None";"None";"6150";"nan";"None";"nan";"None";"nan";"None";"None";"None";"None";"1";"3";"Dépendance";"nan";"0.0";"None";"None";"None";"None";"nan";"7.249074";"43.693077";"000MO"
"2023-53634";"2023-07-26";"1";"Vente";"20000.0";"132";"None";"RUE DE FRANCE";"2595";"06000";"06088";"Nice";"06";"None";"None";"06088000MO0131";"None";"None";"5";"nan";"None";"nan";"None";"nan";"None";"None";"None";"None";"1";"3";"Dépendance";"nan";"0.0";"None";"None";"None";"None";"nan";"7.250383";"43.693592";"000MO"
"2023-53111";"2023-07-25";"1";"Vente";"189300.0";"158";"None";"RUE DE FRANCE";"2595";"06000";"06088";"Nice";"06";"None";"None";"06088000MO0399";"None";"None";"135";"nan";"51";"32.65";"None";"nan";"None";"None";"None";"None";"2";"2";"Appartement";"33.0";"1.0";"None";"None";"None";"None";"nan";"7.247758";"43.693082";"000MO"
"2023-53111";"2023-07-25";"1";"Vente";"189300.0";"158";"None";"RUE DE FRANCE";"2595";"06000";"06088";"Nice";"06";"None";"None";"06088000MO0399";"None";"None";"135";"nan";"51";"32.65";"None";"nan";"None";"None";"None";"None";"2";"3";"Dépendance";"nan";"0.0";"None";"None";"None";"None";"nan";"7.247758";"43.693082";"000MO"
"2023-53894";"2023-07-21";"1";"Vente";"120000.0";"144";"None";"RUE DE FRANCE";"2595";"06000";"06088";"Nice";"06";"None";"None";"06088000MO0442";"None";"None";"6295";"nan";"6300";"nan";"6557";"nan";"None";"None";"None";"None";"3";"2";"Appartement";"37.0";"2.0";"None";"None";"None";"None";"nan";"7.249074";"43.693077";"000MO"
"2023-53894";"2023-07-21";"1";"Vente";"120000.0";"144";"None";"RUE DE FRANCE";"2595";"06000";"06088";"Nice";"06";"None";"None";"06088000MO0442";"None";"None";"6067";"nan";"None";"nan";"None";"nan";"None";"None";"None";"None";"1";"3";"Dépendance";"nan";"0.0";"None";"None";"None";"None";"nan";"7.249074";"43.693077";"000MO"
"2023-53894";"2023-07-21";"1";"Vente";"120000.0";"144";"None";"RUE DE FRANCE";"2595";"06000";"06088";"Nice";"06";"None";"None";"06088000MO0442";"None";"None";"6295";"nan";"6300";"nan";"6557";"nan";"None";"None";"None";"None";"3";"3";"Dépendance";"nan";"0.0";"None";"None";"None";"None";"nan";"7.249074";"43.693077";"000MO"
"2023-53894";"2023-07-21";"1";"Vente";"120000.0";"144";"None";"RUE DE FRANCE";"2595";"06000";"06088";"Nice";"06";"None";"None";"06088000MO0442";"None";"None";"6295";"nan";"6300";"nan";"6557";"nan";"None";"None";"None";"None";"3";"3";"Dépendance";"nan";"0.0";"None";"None";"None";"None";"nan";"7.249074";"43.693077";"000MO"
"2023-53208";"2023-07-20";"1";"Vente";"365000.0";"159";"None";"RUE DE FRANCE";"2595";"06000";"06088";"Nice";"06";"None";"None";"06088000MO0178";"None";"None";"221";"nan";"263";"79.05";"None";"nan";"None";"None";"None";"None";"2";"2";"Appartement";"73.0";"4.0";"None";"None";"None";"None";"nan";"7.249108";"43.692398";"000MO"
"2023-53523";"2023-07-20";"1";"Vente";"330000.0";"28";"None";"RUE AUGUSTE RENOIR";"0470";"06000";"06088";"Nice";"06";"None";"None";"06088000MO0458";"None";"None";"5";"99.36";"None";"nan";"None";"nan";"None";"None";"None";"None";"1";"2";"Appartement";"82.0";"3.0";"None";"None";"None";"None";"nan";"7.248671";"43.693801";"000MO"
"2023-53208";"2023-07-20";"1";"Vente";"365000.0";"159";"None";"RUE DE FRANCE";"2595";"06000";"06088";"Nice";"06";"None";"None";"06088000MO0178";"None";"None";"221";"nan";"263";"79.05";"None";"nan";"None";"None";"None";"None";"2";"3";"Dépendance";"nan";"0.0";"None";"None";"None";"None";"nan";"7.249108";"43.692398";"000MO"
"2023-53090";"2023-07-18";"1";"Vente";"150230.0";"16";"None";"IMP SAINT LAURENT";"5845";"06000";"06088";"Nice";"06";"None";"None";"06088000MO0054";"None";"None";"24";"34.88";"None";"nan";"None";"nan";"None";"None";"None";"None";"1";"2";"Appartement";"32.0";"2.0";"None";"None";"None";"None";"nan";"7.246314";"43.693814";"000MO"
"2023-52768";"2023-07-17";"1";"Vente";"192000.0";"144";"None";"RUE DE FRANCE";"2595";"06000";"06088";"Nice";"06";"None";"None";"06088000MO0442";"None";"None";"6525";"28.48";"None";"nan";"None";"nan";"None";"None";"None";"None";"1";"2";"Appartement";"28.0";"2.0";"None";"None";"None";"None";"nan";"7.249074";"43.693077";"000MO"
"2023-52669";"2023-07-12";"1";"Vente";"375000.0";"118";"None";"RUE DE FRANCE";"2595";"06000";"06088";"Nice";"06";"None";"None";"06088000MO0550";"None";"None";"261";"49.85";"None";"nan";"None";"nan";"None";"None";"None";"None";"1";"2";"Appartement";"80.0";"3.0";"None";"None";"None";"None";"nan";"7.250655";"43.693744";"000MO"
"2023-53082";"2023-07-12";"1";"Vente";"158500.0";"3";"None";"RUE POINCARE";"5190";"06000";"06088";"Nice";"06";"None";"None";"06088000MO0185";"None";"None";"14";"nan";"62";"35.38";"None";"nan";"None";"None";"None";"None";"2";"2";"Appartement";"35.0";"1.0";"None";"None";"None";"None";"nan";"7.248177";"43.692124";"000MO"
"2023-52423";"2023-07-12";"1";"Vente";"37500.0";"111";"None";"PROM DES ANGLAIS";"0240";"06000";"06088";"Nice";"06";"None";"None";"06088000MO0213";"None";"None";"4";"8.72";"None";"nan";"None";"nan";"None";"None";"None";"None";"1";"3";"Dépendance";"nan";"0.0";"None";"None";"None";"None";"nan";"7.245852";"43.691165";"000MO"
"2023-53082";"2023-07-12";"1";"Vente";"158500.0";"3";"None";"RUE POINCARE";"5190";"06000";"06088";"Nice";"06";"None";"None";"06088000MO0185";"None";"None";"14";"nan";"62";"35.38";"None";"nan";"None";"None";"None";"None";"2";"3";"Dépendance";"nan";"0.0";"None";"None";"None";"None";"nan";"7.248177";"43.692124";"000MO"
"2023-52326";"2023-07-11";"1";"Vente";"156700.0";"139";"None";"RUE DE FRANCE";"2595";"06000";"06088";"Nice";"06";"None";"None";"06088000MO0168";"None";"None";"52";"nan";"None";"nan";"None";"nan";"None";"None";"None";"None";"1";"2";"Appartement";"19.0";"1.0";"None";"None";"None";"None";"nan";"7.250703";"43.693101";"000MO"
"2023-53017";"2023-07-11";"1";"Vente";"657407.0";"91";"None";"PROM DES ANGLAIS";"0240";"06000";"06088";"Nice";"06";"None";"None";"06088000MO0184";"None";"None";"33";"nan";"78";"75.25";"None";"nan";"None";"None";"None";"None";"2";"2";"Appartement";"73.0";"2.0";"None";"None";"None";"None";"nan";"7.248366";"43.691919";"000MO"
"2023-53017";"2023-07-11";"1";"Vente";"657407.0";"91";"None";"PROM DES ANGLAIS";"0240";"06000";"06088";"Nice";"06";"None";"None";"06088000MO0184";"None";"None";"33";"nan";"78";"75.25";"None";"nan";"None";"None";"None";"None";"2";"3";"Dépendance";"nan";"0.0";"None";"None";"None";"None";"nan";"7.248366";"43.691919";"000MO"
"2023-53913";"2023-07-07";"1";"Vente";"304524.0";"73";"None";"PROM DES ANGLAIS";"0240";"06000";"06088";"Nice";"06";"None";"None";"06088000MO0170";"None";"None";"6";"nan";"82";"nan";"None";"nan";"None";"None";"None";"None";"2";"2";"Appartement";"34.0";"1.0";"None";"None";"None";"None";"nan";"7.250586";"43.692851";"000MO"
"2023-52424";"2023-07-07";"1";"Vente";"20000.0";"144";"None";"RUE DE FRANCE";"2595";"06000";"06088";"Nice";"06";"None";"None";"06088000MO0442";"None";"None";"6066";"nan";"None";"nan";"None";"nan";"None";"None";"None";"None";"1";"3";"Dépendance";"nan";"0.0";"None";"None";"None";"None";"nan";"7.249074";"43.693077";"000MO"
"2023-53197";"2023-07-07";"1";"Vente";"38700.0";"9001";"None";"RUE GARDON";"2760";"06000";"06088";"Nice";"06";"None";"None";"06088000MO0564";"None";"None";"5";"nan";"None";"nan";"None";"nan";"None";"None";"None";"None";"1";"3";"Dépendance";"nan";"0.0";"None";"None";"None";"None";"nan";"7.247167";"43.691854";"000MO"
"2023-52400";"2023-07-05";"1";"Vente";"40000.0";"144";"None";"RUE DE FRANCE";"2595";"06000";"06088";"Nice";"06";"None";"None";"06088000MO0442";"None";"None";"6206";"nan";"None";"nan";"None";"nan";"None";"None";"None";"None";"1";"3";"Dépendance";"nan";"0.0";"None";"None";"None";"None";"nan";"7.249074";"43.693077";"000MO"
"2023-51569";"2023-06-30";"1";"Vente";"215724.0";"5";"None";"IMP SAINT LAURENT";"5845";"06000";"06088";"Nice";"06";"None";"None";"06088000MO0058";"None";"None";"15";"nan";"2";"nan";"None";"nan";"None";"None";"None";"None";"2";"2";"Appartement";"32.0";"2.0";"None";"None";"None";"None";"nan";"7.246096";"43.693638";"000MO"
"2023-51569";"2023-06-30";"1";"Vente";"215724.0";"5";"None";"IMP SAINT LAURENT";"5845";"06000";"06088";"Nice";"06";"None";"None";"06088000MO0058";"None";"None";"15";"nan";"2";"nan";"None";"nan";"None";"None";"None";"None";"2";"3";"Dépendance";"nan";"0.0";"None";"None";"None";"None";"nan";"7.246096";"43.693638";"000MO"
"2023-52932";"2023-06-29";"1";"Vente";"1085000.0";"63";"None";"PROM DES ANGLAIS";"0240";"06000";"06088";"Nice";"06";"None";"None";"06088000MO0160";"None";"None";"23";"89.38";"53";"nan";"None";"nan";"None";"None";"None";"None";"2";"2";"Appartement";"83.0";"3.0";"None";"None";"None";"None";"nan";"7.252144";"43.693193";"000MO"
"2023-51906";"2023-06-29";"1";"Vente";"20000.0";"4";"None";"RUE AUGUSTE RENOIR";"0470";"06000";"06088";"Nice";"06";"None";"None";"06088000MO0471";"None";"None";"126";"nan";"None";"nan";"None";"nan";"None";"None";"None";"None";"1";"3";"Dépendance";"nan";"0.0";"None";"None";"None";"None";"nan";"7.24985";"43.693748";"000MO"
"2023-52932";"2023-06-29";"1";"Vente";"1085000.0";"63";"None";"PROM DES ANGLAIS";"0240";"06000";"06088";"Nice";"06";"None";"None";"06088000MO0160";"None";"None";"38";"nan";"None";"nan";"None";"nan";"None";"None";"None";"None";"1";"3";"Dépendance";"nan";"0.0";"None";"None";"None";"None";"nan";"7.252144";"43.693193";"000MO"
"2023-52932";"2023-06-29";"1";"Vente";"1085000.0";"63";"None";"PROM DES ANGLAIS";"0240";"06000";"06088";"Nice";"06";"None";"None";"06088000MO0160";"None";"None";"23";"89.38";"53";"nan";"None";"nan";"None";"None";"None";"None";"2";"3";"Dépendance";"nan";"0.0";"None";"None";"None";"None";"nan";"7.252144";"43.693193";"000MO"
"2023-52932";"2023-06-29";"1";"Vente";"1085000.0";"63";"None";"PROM DES ANGLAIS";"0240";"06000";"06088";"Nice";"06";"None";"None";"06088000MO0160";"None";"None";"40";"nan";"None";"nan";"None";"nan";"None";"None";"None";"None";"1";"3";"Dépendance";"nan";"0.0";"None";"None";"None";"None";"nan";"7.252144";"43.693193";"000MO"
"2023-51370";"2023-06-21";"1";"Vente";"162000.0";"175";"None";"RUE DE FRANCE";"2595";"06000";"06088";"Nice";"06";"None";"None";"06088000MO0564";"None";"None";"153";"nan";"32";"nan";"None";"nan";"None";"None";"None";"None";"2";"2";"Appartement";"34.0";"1.0";"None";"None";"None";"None";"nan";"7.247167";"43.691854";"000MO"
"2023-51370";"2023-06-21";"1";"Vente";"162000.0";"175";"None";"RUE DE FRANCE";"2595";"06000";"06088";"Nice";"06";"None";"None";"06088000MO0564";"None";"None";"153";"nan";"32";"nan";"None";"nan";"None";"None";"None";"None";"2";"3";"Dépendance";"nan";"0.0";"None";"None";"None";"None";"nan";"7.247167";"43.691854";"000MO"
"2023-52389";"2023-06-20";"1";"Vente";"160000.0";"143";"None";"RUE DE FRANCE";"2595";"06000";"06088";"Nice";"06";"None";"None";"06088000MO0170";"None";"None";"166";"26.8";"99";"nan";"None";"nan";"None";"None";"None";"None";"2";"2";"Appartement";"26.0";"1.0";"None";"None";"None";"None";"nan";"7.250586";"43.692851";"000MO"
"2023-52389";"2023-06-20";"1";"Vente";"160000.0";"143";"None";"RUE DE FRANCE";"2595";"06000";"06088";"Nice";"06";"None";"None";"06088000MO0170";"None";"None";"166";"26.8";"99";"nan";"None";"nan";"None";"None";"None";"None";"2";"3";"Dépendance";"nan";"0.0";"None";"None";"None";"None";"nan";"7.250586";"43.692851";"000MO"
"2023-50875";"2023-06-19";"1";"Vente";"1589000.0";"87";"None";"PROM DES ANGLAIS";"0240";"06000";"06088";"Nice";"06";"None";"None";"06088000MO0180";"None";"None";"16";"nan";"33";"nan";"None";"nan";"None";"None";"None";"None";"2";"2";"Appartement";"145.0";"4.0";"None";"None";"None";"None";"nan";"7.248888";"43.692216";"000MO"
"2023-51493";"2023-06-19";"1";"Vente";"185000.0";"37";"None";"AV DES BAUMETTES";"0660";"06000";"06088";"Nice";"06";"None";"None";"06088000MO0117";"None";"None";"32";"nan";"60";"nan";"None";"nan";"None";"None";"None";"None";"2";"2";"Appartement";"45.0";"1.0";"None";"None";"None";"None";"nan";"7.248379";"43.694701";"000MO"
"2023-51807";"2023-06-19";"1";"Vente";"405000.0";"31";"None";"AV DES BAUMETTES";"0660";"06000";"06088";"Nice";"06";"None";"None";"06088000MO0120";"None";"None";"27";"nan";"4";"nan";"None";"nan";"None";"None";"None";"None";"2";"2";"Appartement";"65.0";"3.0";"None";"None";"None";"None";"nan";"7.249428";"43.694455";"000MO"
"2023-50875";"2023-06-19";"1";"Vente";"1589000.0";"87";"None";"PROM DES ANGLAIS";"0240";"06000";"06088";"Nice";"06";"None";"None";"06088000MO0180";"None";"None";"16";"nan";"33";"nan";"None";"nan";"None";"None";"None";"None";"2";"3";"Dépendance";"nan";"0.0";"None";"None";"None";"None";"nan";"7.248888";"43.692216";"000MO"
"2023-51493";"2023-06-19";"1";"Vente";"185000.0";"37";"None";"AV DES BAUMETTES";"0660";"06000";"06088";"Nice";"06";"None";"None";"06088000MO0117";"None";"None";"32";"nan";"60";"nan";"None";"nan";"None";"None";"None";"None";"2";"3";"Dépendance";"nan";"0.0";"None";"None";"None";"None";"nan";"7.248379";"43.694701";"000MO"
"2023-51807";"2023-06-19";"1";"Vente";"405000.0";"31";"None";"AV DES BAUMETTES";"0660";"06000";"06088";"Nice";"06";"None";"None";"06088000MO0120";"None";"None";"27";"nan";"4";"nan";"None";"nan";"None";"None";"None";"None";"2";"3";"Dépendance";"nan";"0.0";"None";"None";"None";"None";"nan";"7.249428";"43.694455";"000MO"
"2023-51185";"2023-06-15";"1";"Vente";"40000.0";"144";"None";"RUE DE FRANCE";"2595";"06000";"06088";"Nice";"06";"None";"None";"06088000MO0442";"None";"None";"6020";"nan";"None";"nan";"None";"nan";"None";"None";"None";"None";"1";"3";"Dépendance";"nan";"0.0";"None";"None";"None";"None";"nan";"7.249074";"43.693077";"000MO"
"2023-51167";"2023-06-14";"1";"Vente";"190000.0";"144";"None";"RUE DE FRANCE";"2595";"06000";"06088";"Nice";"06";"None";"None";"06088000MO0442";"None";"None";"6436";"nan";"6580";"nan";"None";"nan";"None";"None";"None";"None";"2";"2";"Appartement";"27.0";"1.0";"None";"None";"None";"None";"nan";"7.249074";"43.693077";"000MO"
"2023-51167";"2023-06-14";"1";"Vente";"190000.0";"144";"None";"RUE DE FRANCE";"2595";"06000";"06088";"Nice";"06";"None";"None";"06088000MO0442";"None";"None";"6146";"nan";"None";"nan";"None";"nan";"None";"None";"None";"None";"1";"3";"Dépendance";"nan";"0.0";"None";"None";"None";"None";"nan";"7.249074";"43.693077";"000MO"
"2023-51167";"2023-06-14";"1";"Vente";"190000.0";"144";"None";"RUE DE FRANCE";"2595";"06000";"06088";"Nice";"06";"None";"None";"06088000MO0442";"None";"None";"6436";"nan";"6580";"nan";"None";"nan";"None";"None";"None";"None";"2";"3";"Dépendance";"nan";"0.0";"None";"None";"None";"None";"nan";"7.249074";"43.693077";"000MO"
"2023-51178";"2023-06-14";"1";"Vente";"91000.0";"145";"B";"RUE DE FRANCE";"2595";"06000";"06088";"Nice";"06";"None";"None";"06088000MO0174";"None";"None";"55";"nan";"None";"nan";"None";"nan";"None";"None";"None";"None";"1";"4";"Local industriel. commercial ou assimilé";"16.0";"0.0";"None";"None";"None";"None";"nan";"7.250034";"43.692941";"000MO"
"2023-51459";"2023-06-12";"1";"Vente";"255000.0";"144";"None";"RUE DE FRANCE";"2595";"06000";"06088";"Nice";"06";"None";"None";"06088000MO0442";"None";"None";"6341";"nan";"6498";"35.05";"None";"nan";"None";"None";"None";"None";"2";"2";"Appartement";"35.0";"2.0";"None";"None";"None";"None";"nan";"7.249074";"43.693077";"000MO"
"2023-51459";"2023-06-12";"1";"Vente";"255000.0";"144";"None";"RUE DE FRANCE";"2595";"06000";"06088";"Nice";"06";"None";"None";"06088000MO0442";"None";"None";"6129";"nan";"None";"nan";"None";"nan";"None";"None";"None";"None";"1";"3";"Dépendance";"nan";"0.0";"None";"None";"None";"None";"nan";"7.249074";"43.693077";"000MO"
"2023-51459";"2023-06-12";"1";"Vente";"255000.0";"144";"None";"RUE DE FRANCE";"2595";"06000";"06088";"Nice";"06";"None";"None";"06088000MO0442";"None";"None";"6341";"nan";"6498";"35.05";"None";"nan";"None";"None";"None";"None";"2";"3";"Dépendance";"nan";"0.0";"None";"None";"None";"None";"nan";"7.249074";"43.693077";"000MO"
"2023-51386";"2023-06-08";"1";"Vente";"94000.0";"145";"B";"RUE DE FRANCE";"2595";"06000";"06088";"Nice";"06";"None";"None";"06088000MO0174";"None";"None";"53";"nan";"None";"nan";"None";"nan";"None";"None";"None";"None";"1";"4";"Local industriel. commercial ou assimilé";"16.0";"0.0";"None";"None";"None";"None";"nan";"7.250034";"43.692941";"000MO"
"2023-50418";"2023-06-05";"1";"Vente";"130000.0";"14";"None";"IMP SAINT LAURENT";"5845";"06000";"06088";"Nice";"06";"None";"None";"06088000MO0055";"None";"None";"10";"nan";"27";"nan";"None";"nan";"None";"None";"None";"None";"2";"2";"Appartement";"32.0";"2.0";"None";"None";"None";"None";"nan";"7.246384";"43.693591";"000MO"
"2023-50761";"2023-06-05";"1";"Vente";"325000.0";"4";"None";"RUE POINCARE";"5190";"06000";"06088";"Nice";"06";"None";"None";"06088000MO0546";"None";"None";"33";"nan";"6";"nan";"None";"nan";"None";"None";"None";"None";"2";"2";"Appartement";"124.0";"4.0";"None";"None";"None";"None";"nan";"7.24858";"43.692397";"000MO"
"2023-50765";"2023-06-05";"1";"Vente";"331000.0";"144";"None";"RUE DE FRANCE";"2595";"06000";"06088";"Nice";"06";"None";"None";"06088000MO0442";"None";"None";"6387";"nan";"6603";"nan";"None";"nan";"None";"None";"None";"None";"2";"2";"Appartement";"20.0";"1.0";"None";"None";"None";"None";"nan";"7.249074";"43.693077";"000MO"
"2023-50765";"2023-06-05";"1";"Vente";"331000.0";"144";"None";"RUE DE FRANCE";"2595";"06000";"06088";"Nice";"06";"None";"None";"06088000MO0442";"None";"None";"6318";"nan";"6613";"nan";"None";"nan";"None";"None";"None";"None";"2";"2";"Appartement";"35.0";"2.0";"None";"None";"None";"None";"nan";"7.249074";"43.693077";"000MO"
"2023-50418";"2023-06-05";"1";"Vente";"130000.0";"14";"None";"IMP SAINT LAURENT";"5845";"06000";"06088";"Nice";"06";"None";"None";"06088000MO0055";"None";"None";"10";"nan";"27";"nan";"None";"nan";"None";"None";"None";"None";"2";"3";"Dépendance";"nan";"0.0";"None";"None";"None";"None";"nan";"7.246384";"43.693591";"000MO"
"2023-50761";"2023-06-05";"1";"Vente";"325000.0";"4";"None";"RUE POINCARE";"5190";"06000";"06088";"Nice";"06";"None";"None";"06088000MO0546";"None";"None";"33";"nan";"6";"nan";"None";"nan";"None";"None";"None";"None";"2";"3";"Dépendance";"nan";"0.0";"None";"None";"None";"None";"nan";"7.24858";"43.692397";"000MO"
"2023-50765";"2023-06-05";"1";"Vente";"331000.0";"144";"None";"RUE DE FRANCE";"2595";"06000";"06088";"Nice";"06";"None";"None";"06088000MO0442";"None";"None";"6387";"nan";"6603";"nan";"None";"nan";"None";"None";"None";"None";"2";"3";"Dépendance";"nan";"0.0";"None";"None";"None";"None";"nan";"7.249074";"43.693077";"000MO"
"2023-50765";"2023-06-05";"1";"Vente";"331000.0";"144";"None";"RUE DE FRANCE";"2595";"06000";"06088";"Nice";"06";"None";"None";"06088000MO0442";"None";"None";"6216";"nan";"None";"nan";"None";"nan";"None";"None";"None";"None";"1";"3";"Dépendance";"nan";"0.0";"None";"None";"None";"None";"nan";"7.249074";"43.693077";"000MO"
"2023-50765";"2023-06-05";"1";"Vente";"331000.0";"144";"None";"RUE DE FRANCE";"2595";"06000";"06088";"Nice";"06";"None";"None";"06088000MO0442";"None";"None";"6138";"nan";"None";"nan";"None";"nan";"None";"None";"None";"None";"1";"3";"Dépendance";"nan";"0.0";"None";"None";"None";"None";"nan";"7.249074";"43.693077";"000MO"
"2023-50765";"2023-06-05";"1";"Vente";"331000.0";"144";"None";"RUE DE FRANCE";"2595";"06000";"06088";"Nice";"06";"None";"None";"06088000MO0442";"None";"None";"6318";"nan";"6613";"nan";"None";"nan";"None";"None";"None";"None";"2";"3";"Dépendance";"nan";"0.0";"None";"None";"None";"None";"nan";"7.249074";"43.693077";"000MO"
"2023-50668";"2023-06-02";"1";"Vente";"102500.0";"20";"None";"BD DE LA MADELEINE";"3820";"06000";"06088";"Nice";"06";"None";"None";"06088000MO0007";"None";"None";"6";"nan";"7";"nan";"None";"nan";"None";"None";"None";"None";"2";"2";"Appartement";"15.0";"1.0";"None";"None";"None";"None";"nan";"7.24373";"43.694376";"000MO"
"2023-50668";"2023-06-02";"1";"Vente";"102500.0";"20";"None";"BD DE LA MADELEINE";"3820";"06000";"06088";"Nice";"06";"None";"None";"06088000MO0007";"None";"None";"6";"nan";"7";"nan";"None";"nan";"None";"None";"None";"None";"2";"3";"Dépendance";"nan";"0.0";"None";"None";"None";"None";"nan";"7.24373";"43.694376";"000MO"
"2023-50041";"2023-06-01";"1";"Vente";"265000.0";"158";"None";"RUE DE FRANCE";"2595";"06000";"06088";"Nice";"06";"None";"None";"06088000MO0399";"None";"None";"56";"44.48";"None";"nan";"None";"nan";"None";"None";"None";"None";"1";"2";"Appartement";"44.0";"2.0";"None";"None";"None";"None";"nan";"7.247758";"43.693082";"000MO"
"2023-50456";"2023-06-01";"1";"Vente";"1020000.0";"79";"None";"PROM DES ANGLAIS";"0240";"06000";"06088";"Nice";"06";"None";"None";"06088000MO0238";"None";"None";"10";"nan";"132";"nan";"None";"nan";"None";"None";"None";"None";"2";"2";"Appartement";"104.0";"3.0";"None";"None";"None";"None";"nan";"7.249911";"43.692436";"000MO"
"2023-50041";"2023-06-01";"1";"Vente";"265000.0";"160";"None";"RUE DE FRANCE";"2595";"06000";"06088";"Nice";"06";"None";"None";"06088000MO0399";"None";"None";"125";"nan";"None";"nan";"None";"nan";"None";"None";"None";"None";"1";"3";"Dépendance";"nan";"0.0";"None";"None";"None";"None";"nan";"7.247758";"43.693082";"000MO"
"2023-50041";"2023-06-01";"1";"Vente";"265000.0";"158";"None";"RUE DE FRANCE";"2595";"06000";"06088";"Nice";"06";"None";"None";"06088000MO0399";"None";"None";"56";"44.48";"None";"nan";"None";"nan";"None";"None";"None";"None";"1";"3";"Dépendance";"nan";"0.0";"None";"None";"None";"None";"nan";"7.247758";"43.693082";"000MO"
"2023-50456";"2023-06-01";"1";"Vente";"1020000.0";"79";"None";"PROM DES ANGLAIS";"0240";"06000";"06088";"Nice";"06";"None";"None";"06088000MO0238";"None";"None";"10";"nan";"132";"nan";"None";"nan";"None";"None";"None";"None";"2";"3";"Dépendance";"nan";"0.0";"None";"None";"None";"None";"nan";"7.249911";"43.692436";"000MO"
"2023-51361";"2023-05-31";"1";"Vente";"109500.0";"18";"None";"IMP SAINT LAURENT";"5845";"06000";"06088";"Nice";"06";"None";"None";"06088000MO0053";"None";"None";"20";"nan";"None";"nan";"None";"nan";"None";"None";"None";"None";"1";"2";"Appartement";"18.0";"2.0";"None";"None";"None";"None";"nan";"7.246228";"43.693925";"000MO"
"2023-51361";"2023-05-31";"1";"Vente";"109500.0";"18";"None";"IMP SAINT LAURENT";"5845";"06000";"06088";"Nice";"06";"None";"None";"06088000MO0053";"None";"None";"20";"nan";"None";"nan";"None";"nan";"None";"None";"None";"None";"1";"3";"Dépendance";"nan";"0.0";"None";"None";"None";"None";"nan";"7.246228";"43.693925";"000MO"
"2023-50425";"2023-05-30";"1";"Vente";"133000.0";"5";"None";"RUE PAUL VALERY";"4910";"06000";"06088";"Nice";"06";"None";"None";"06088000MO0407";"None";"None";"7";"nan";"None";"nan";"None";"nan";"None";"None";"None";"None";"1";"2";"Appartement";"19.0";"1.0";"None";"None";"None";"None";"nan";"7.251133";"43.693409";"000MO"
"2023-49946";"2023-05-23";"1";"Vente";"345000.0";"98";"None";"RUE DE FRANCE";"2595";"06000";"06088";"Nice";"06";"None";"None";"06088000MO0544";"None";"None";"109";"nan";"40";"nan";"None";"nan";"None";"None";"None";"None";"2";"2";"Appartement";"70.0";"3.0";"None";"None";"None";"None";"nan";"7.251874";"43.694138";"000MO"
"2023-49789";"2023-05-17";"1";"Vente";"305000.0";"171";"None";"RUE DE FRANCE";"2595";"06000";"06088";"Nice";"06";"None";"None";"06088000MO0190";"None";"None";"25";"81.82";"None";"nan";"None";"nan";"None";"None";"None";"None";"1";"2";"Appartement";"78.0";"3.0";"None";"None";"None";"None";"nan";"7.247575";"43.691992";"000MO"
"2023-49652";"2023-05-17";"1";"Vente";"142000.0";"111";"None";"PROM DES ANGLAIS";"0240";"06000";"06088";"Nice";"06";"None";"None";"06088000MO0213";"None";"None";"2";"nan";"None";"nan";"None";"nan";"None";"None";"None";"None";"1";"3";"Dépendance";"nan";"0.0";"None";"None";"None";"None";"nan";"7.245852";"43.691165";"000MO"
"2023-49789";"2023-05-17";"1";"Vente";"305000.0";"171";"None";"RUE DE FRANCE";"2595";"06000";"06088";"Nice";"06";"None";"None";"06088000MO0190";"None";"None";"25";"81.82";"None";"nan";"None";"nan";"None";"None";"None";"None";"1";"3";"Dépendance";"nan";"0.0";"None";"None";"None";"None";"nan";"7.247575";"43.691992";"000MO"
"2023-50174";"2023-05-17";"1";"Vente";"145000.0";"137";"None";"RUE DE FRANCE";"2595";"06000";"06088";"Nice";"06";"None";"None";"06088000MO0168";"None";"None";"1";"34.07";"None";"nan";"None";"nan";"None";"None";"None";"None";"1";"4";"Local industriel. commercial ou assimilé";"50.0";"0.0";"None";"None";"None";"None";"nan";"7.250703";"43.693101";"000MO"
"2023-49341";"2023-05-11";"1";"Vente";"530000.0";"1";"None";"RUE PAUL VALERY";"4910";"06000";"06088";"Nice";"06";"None";"None";"06088000MO0164";"None";"None";"67";"nan";"84";"nan";"None";"nan";"None";"None";"None";"None";"2";"2";"Appartement";"45.0";"2.0";"None";"None";"None";"None";"nan";"7.251248";"43.693077";"000MO"
"2023-49341";"2023-05-11";"1";"Vente";"530000.0";"1";"None";"RUE PAUL VALERY";"4910";"06000";"06088";"Nice";"06";"None";"None";"06088000MO0164";"None";"None";"67";"nan";"84";"nan";"None";"nan";"None";"None";"None";"None";"2";"3";"Dépendance";"nan";"0.0";"None";"None";"None";"None";"nan";"7.251248";"43.693077";"000MO"
"2023-49341";"2023-05-11";"1";"Vente";"530000.0";"1";"None";"RUE PAUL VALERY";"4910";"06000";"06088";"Nice";"06";"None";"None";"06088000MO0164";"None";"None";"67";"nan";"84";"nan";"None";"nan";"None";"None";"None";"None";"2";"3";"Dépendance";"nan";"0.0";"None";"None";"None";"None";"nan";"7.251248";"43.693077";"000MO"
"2023-49400";"2023-05-09";"1";"Vente";"78000.0";"22";"None";"RUE LOUIS DE COPPET";"3745";"06000";"06088";"Nice";"06";"None";"None";"06088000MO0070";"None";"None";"69";"nan";"None";"nan";"None";"nan";"None";"None";"None";"None";"1";"2";"Appartement";"30.0";"2.0";"None";"None";"None";"None";"nan";"7.246825";"43.69279";"000MO"
"2023-49521";"2023-05-04";"1";"Vente";"38500.0";"126";"None";"RUE DE FRANCE";"2595";"06000";"06088";"Nice";"06";"None";"None";"06088000MO0550";"None";"None";"107";"nan";"None";"nan";"None";"nan";"None";"None";"None";"None";"1";"3";"Dépendance";"nan";"0.0";"None";"None";"None";"None";"nan";"7.250655";"43.693744";"000MO"
"2023-48631";"2023-05-02";"1";"Vente";"710000.0";"37";"None";"AV DES BAUMETTES";"0660";"06000";"06088";"Nice";"06";"None";"None";"06088000MO0117";"None";"None";"3";"nan";"79";"85.6";"None";"nan";"None";"None";"None";"None";"2";"2";"Appartement";"90.0";"3.0";"None";"None";"None";"None";"nan";"7.248379";"43.694701";"000MO"
"2023-48631";"2023-05-02";"1";"Vente";"710000.0";"37";"None";"AV DES BAUMETTES";"0660";"06000";"06088";"Nice";"06";"None";"None";"06088000MO0117";"None";"None";"3";"nan";"79";"85.6";"None";"nan";"None";"None";"None";"None";"2";"3";"Dépendance";"nan";"0.0";"None";"None";"None";"None";"nan";"7.248379";"43.694701";"000MO"
"2023-48631";"2023-05-02";"1";"Vente";"710000.0";"37";"None";"AV DES BAUMETTES";"0660";"06000";"06088";"Nice";"06";"None";"None";"06088000MO0117";"None";"None";"47";"nan";"None";"nan";"None";"nan";"None";"None";"None";"None";"1";"3";"Dépendance";"nan";"0.0";"None";"None";"None";"None";"nan";"7.248379";"43.694701";"000MO"
"2023-49654";"2023-04-28";"1";"Vente";"145000.0";"3";"None";"RUE POINCARE";"5190";"06000";"06088";"Nice";"06";"None";"None";"06088000MO0185";"None";"None";"14";"nan";"62";"35.38";"None";"nan";"None";"None";"None";"None";"2";"2";"Appartement";"35.0";"1.0";"None";"None";"None";"None";"nan";"7.248177";"43.692124";"000MO"
"2023-49654";"2023-04-28";"1";"Vente";"145000.0";"3";"None";"RUE POINCARE";"5190";"06000";"06088";"Nice";"06";"None";"None";"06088000MO0185";"None";"None";"14";"nan";"62";"35.38";"None";"nan";"None";"None";"None";"None";"2";"3";"Dépendance";"nan";"0.0";"None";"None";"None";"None";"nan";"7.248177";"43.692124";"000MO"
"2023-49114";"2023-04-26";"1";"Vente";"32000.0";"144";"None";"RUE DE FRANCE";"2595";"06000";"06088";"Nice";"06";"None";"None";"06088000MO0442";"None";"None";"6051";"nan";"None";"nan";"None";"nan";"None";"None";"None";"None";"1";"3";"Dépendance";"nan";"0.0";"None";"None";"None";"None";"nan";"7.249074";"43.693077";"000MO"
"2023-48950";"2023-04-25";"1";"Vente";"187000.0";"18";"None";"BD DE LA MADELEINE";"3820";"06000";"06088";"Nice";"06";"None";"None";"06088000MO0008";"None";"None";"6";"nan";"8";"nan";"None";"nan";"None";"None";"None";"None";"2";"4";"Local industriel. commercial ou assimilé";"22.0";"0.0";"None";"None";"None";"None";"nan";"7.243677";"43.694265";"000MO"
"2023-49100";"2023-04-24";"1";"Vente";"608541.0";"27";"None";"AV DES BAUMETTES";"0660";"06000";"06088";"Nice";"06";"None";"None";"06088000MO0122";"None";"None";"9";"nan";"None";"nan";"None";"nan";"None";"None";"None";"None";"1";"2";"Appartement";"104.0";"4.0";"None";"None";"None";"None";"nan";"7.249816";"43.694408";"000MO"
"2023-49100";"2023-04-24";"1";"Vente";"608541.0";"27";"None";"AV DES BAUMETTES";"0660";"06000";"06088";"Nice";"06";"None";"None";"06088000MO0122";"None";"None";"14";"nan";"None";"nan";"None";"nan";"None";"None";"None";"None";"1";"3";"Dépendance";"nan";"0.0";"None";"None";"None";"None";"nan";"7.249816";"43.694408";"000MO"
"2023-49100";"2023-04-24";"1";"Vente";"608541.0";"27";"None";"AV DES BAUMETTES";"0660";"06000";"06088";"Nice";"06";"None";"None";"06088000MO0122";"None";"None";"9";"nan";"None";"nan";"None";"nan";"None";"None";"None";"None";"1";"3";"Dépendance";"nan";"0.0";"None";"None";"None";"None";"nan";"7.249816";"43.694408";"000MO"
"2023-49100";"2023-04-24";"1";"Vente";"608541.0";"3";"B";"AV DES BAUMETTES";"0660";"06000";"06088";"Nice";"06";"None";"None";"06088000MO0302";"None";"None";"33";"nan";"None";"nan";"None";"nan";"None";"None";"None";"None";"1";"3";"Dépendance";"nan";"0.0";"None";"None";"None";"None";"nan";"7.250749";"43.694365";"000MO"
"2023-48416";"2023-04-21";"1";"Vente";"257100.0";"1";"None";"AV DES BAUMETTES";"0660";"06000";"06088";"Nice";"06";"None";"None";"06088000MO0155";"None";"None";"44";"nan";"6";"nan";"None";"nan";"None";"None";"None";"None";"2";"2";"Appartement";"60.0";"2.0";"None";"None";"None";"None";"nan";"7.251574";"43.694519";"000MO"
"2023-48559";"2023-04-21";"1";"Vente";"155000.0";"2";"None";"IMP SAINT LAURENT";"5845";"06000";"06088";"Nice";"06";"None";"None";"06088000MO0069";"None";"None";"26";"nan";"None";"nan";"None";"nan";"None";"None";"None";"None";"1";"2";"Appartement";"39.0";"2.0";"None";"None";"None";"None";"nan";"7.246694";"43.692993";"000MO"
"2023-48416";"2023-04-21";"1";"Vente";"257100.0";"1";"None";"AV DES BAUMETTES";"0660";"06000";"06088";"Nice";"06";"None";"None";"06088000MO0155";"None";"None";"44";"nan";"6";"nan";"None";"nan";"None";"None";"None";"None";"2";"3";"Dépendance";"nan";"0.0";"None";"None";"None";"None";"nan";"7.251574";"43.694519";"000MO"
"2023-48559";"2023-04-21";"1";"Vente";"155000.0";"2";"None";"IMP SAINT LAURENT";"5845";"06000";"06088";"Nice";"06";"None";"None";"06088000MO0069";"None";"None";"26";"nan";"None";"nan";"None";"nan";"None";"None";"None";"None";"1";"3";"Dépendance";"nan";"0.0";"None";"None";"None";"None";"nan";"7.246694";"43.692993";"000MO"
"2023-48595";"2023-04-19";"1";"Vente";"117983.0";"145";"B";"RUE DE FRANCE";"2595";"06000";"06088";"Nice";"06";"None";"None";"06088000MO0174";"None";"None";"22";"18.23";"None";"nan";"None";"nan";"None";"None";"None";"None";"1";"4";"Local industriel. commercial ou assimilé";"17.0";"0.0";"None";"None";"None";"None";"nan";"7.250034";"43.692941";"000MO"
"2023-48000";"2023-04-17";"1";"Vente";"419000.0";"134";"None";"RUE DE FRANCE";"2595";"06000";"06088";"Nice";"06";"None";"None";"06088000MO0442";"None";"None";"1103";"nan";"None";"nan";"None";"nan";"None";"None";"None";"None";"1";"2";"Appartement";"69.0";"3.0";"None";"None";"None";"None";"nan";"7.249074";"43.693077";"000MO"
"2023-48502";"2023-04-17";"1";"Vente";"305000.0";"78";"None";"PROM DES ANGLAIS";"0240";"06000";"06088";"Nice";"06";"None";"None";"06088000MO0238";"None";"None";"19";"nan";"84";"nan";"None";"nan";"None";"None";"None";"None";"2";"2";"Appartement";"42.0";"2.0";"None";"None";"None";"None";"nan";"7.249911";"43.692436";"000MO"
"2023-48502";"2023-04-17";"1";"Vente";"305000.0";"78";"None";"PROM DES ANGLAIS";"0240";"06000";"06088";"Nice";"06";"None";"None";"06088000MO0238";"None";"None";"19";"nan";"84";"nan";"None";"nan";"None";"None";"None";"None";"2";"3";"Dépendance";"nan";"0.0";"None";"None";"None";"None";"nan";"7.249911";"43.692436";"000MO"
"2023-48661";"2023-04-12";"1";"Vente";"362500.0";"147";"None";"RUE DE FRANCE";"2595";"06000";"06088";"Nice";"06";"None";"None";"06088000MO0237";"None";"None";"105";"nan";"37";"nan";"None";"nan";"None";"None";"None";"None";"2";"2";"Appartement";"82.0";"3.0";"None";"None";"None";"None";"nan";"7.249728";"43.692755";"000MO"
"2023-48661";"2023-04-12";"1";"Vente";"362500.0";"147";"None";"RUE DE FRANCE";"2595";"06000";"06088";"Nice";"06";"None";"None";"06088000MO0237";"None";"None";"105";"nan";"37";"nan";"None";"nan";"None";"None";"None";"None";"2";"3";"Dépendance";"nan";"0.0";"None";"None";"None";"None";"nan";"7.249728";"43.692755";"000MO"
"2023-47877";"2023-04-11";"1";"Vente";"263000.0";"135";"None";"RUE DE FRANCE";"2595";"06000";"06088";"Nice";"06";"None";"None";"06088000MO0167";"None";"None";"219";"nan";"242";"46.57";"None";"nan";"None";"None";"None";"None";"2";"2";"Appartement";"48.0";"2.0";"None";"None";"None";"None";"nan";"7.251029";"43.693045";"000MO"
"2023-48333";"2023-04-11";"1";"Vente";"230000.0";"109";"None";"PROM DES ANGLAIS";"0240";"06000";"06088";"Nice";"06";"None";"None";"06088000MO0212";"None";"None";"26";"nan";"None";"nan";"None";"nan";"None";"None";"None";"None";"1";"2";"Appartement";"35.0";"1.0";"None";"None";"None";"None";"nan";"7.246098";"43.691143";"000MO"
"2023-47877";"2023-04-11";"1";"Vente";"263000.0";"135";"None";"RUE DE FRANCE";"2595";"06000";"06088";"Nice";"06";"None";"None";"06088000MO0167";"None";"None";"219";"nan";"242";"46.57";"None";"nan";"None";"None";"None";"None";"2";"3";"Dépendance";"nan";"0.0";"None";"None";"None";"None";"nan";"7.251029";"43.693045";"000MO"
"2023-48333";"2023-04-11";"1";"Vente";"230000.0";"109";"None";"PROM DES ANGLAIS";"0240";"06000";"06088";"Nice";"06";"None";"None";"06088000MO0212";"None";"None";"14";"nan";"None";"nan";"None";"nan";"None";"None";"None";"None";"1";"3";"Dépendance";"nan";"0.0";"None";"None";"None";"None";"nan";"7.246098";"43.691143";"000MO"
"2023-47921";"2023-04-07";"1";"Vente";"240000.0";"145";"B";"RUE DE FRANCE";"2595";"06000";"06088";"Nice";"06";"None";"None";"06088000MO0174";"None";"None";"3";"nan";"None";"nan";"None";"nan";"None";"None";"None";"None";"1";"4";"Local industriel. commercial ou assimilé";"16.0";"0.0";"None";"None";"None";"None";"nan";"7.250034";"43.692941";"000MO"
"2023-47921";"2023-04-07";"1";"Vente";"240000.0";"145";"B";"RUE DE FRANCE";"2595";"06000";"06088";"Nice";"06";"None";"None";"06088000MO0174";"None";"None";"4";"nan";"None";"nan";"None";"nan";"None";"None";"None";"None";"1";"4";"Local industriel. commercial ou assimilé";"16.0";"0.0";"None";"None";"None";"None";"nan";"7.250034";"43.692941";"000MO"
"2023-47921";"2023-04-07";"1";"Vente";"240000.0";"145";"B";"RUE DE FRANCE";"2595";"06000";"06088";"Nice";"06";"None";"None";"06088000MO0174";"None";"None";"2";"nan";"None";"nan";"None";"nan";"None";"None";"None";"None";"1";"4";"Local industriel. commercial ou assimilé";"16.0";"0.0";"None";"None";"None";"None";"nan";"7.250034";"43.692941";"000MO"
"2023-47921";"2023-04-07";"1";"Vente";"240000.0";"145";"B";"RUE DE FRANCE";"2595";"06000";"06088";"Nice";"06";"None";"None";"06088000MO0174";"None";"None";"5";"nan";"None";"nan";"None";"nan";"None";"None";"None";"None";"1";"4";"Local industriel. commercial ou assimilé";"16.0";"0.0";"None";"None";"None";"None";"nan";"7.250034";"43.692941";"000MO"
"2023-47791";"2023-03-30";"1";"Vente";"320000.0";"160";"None";"RUE DE FRANCE";"2595";"06000";"06088";"Nice";"06";"None";"None";"06088000MO0399";"None";"None";"106";"nan";"41";"nan";"None";"nan";"None";"None";"None";"None";"2";"2";"Appartement";"61.0";"3.0";"None";"None";"None";"None";"nan";"7.247758";"43.693082";"000MO"
"2023-47791";"2023-03-30";"1";"Vente";"320000.0";"160";"None";"RUE DE FRANCE";"2595";"06000";"06088";"Nice";"06";"None";"None";"06088000MO0399";"None";"None";"106";"nan";"41";"nan";"None";"nan";"None";"None";"None";"None";"2";"3";"Dépendance";"nan";"0.0";"None";"None";"None";"None";"nan";"7.247758";"43.693082";"000MO"
"2023-47791";"2023-03-30";"1";"Vente";"320000.0";"160";"None";"RUE DE FRANCE";"2595";"06000";"06088";"Nice";"06";"None";"None";"06088000MO0399";"None";"None";"90";"nan";"None";"nan";"None";"nan";"None";"None";"None";"None";"1";"3";"Dépendance";"nan";"0.0";"None";"None";"None";"None";"nan";"7.247758";"43.693082";"000MO"
"2023-48474";"2023-03-28";"1";"Vente";"167000.0";"149";"None";"RUE DE FRANCE";"2595";"06000";"06088";"Nice";"06";"None";"None";"06088000MO0237";"None";"None";"125";"nan";"82";"36.4";"None";"nan";"None";"None";"None";"None";"2";"2";"Appartement";"37.0";"1.0";"None";"None";"None";"None";"nan";"7.249728";"43.692755";"000MO"
"2023-48474";"2023-03-28";"1";"Vente";"167000.0";"149";"None";"RUE DE FRANCE";"2595";"06000";"06088";"Nice";"06";"None";"None";"06088000MO0237";"None";"None";"125";"nan";"82";"36.4";"None";"nan";"None";"None";"None";"None";"2";"3";"Dépendance";"nan";"0.0";"None";"None";"None";"None";"nan";"7.249728";"43.692755";"000MO"
"2023-47939";"2023-03-27";"1";"Vente";"85000.0";"169";"None";"RUE DE FRANCE";"2595";"06000";"06088";"Nice";"06";"None";"None";"06088000MO0187";"None";"None";"21";"16.54";"None";"nan";"None";"nan";"None";"None";"None";"None";"1";"2";"Appartement";"19.0";"1.0";"None";"None";"None";"None";"nan";"7.247818";"43.692107";"000MO"
"2023-47006";"2023-03-20";"1";"Vente";"195000.0";"189";"None";"RUE DE FRANCE";"2595";"06000";"06088";"Nice";"06";"None";"None";"06088000MO0208";"None";"None";"1";"47.53";"None";"nan";"None";"nan";"None";"None";"None";"None";"1";"2";"Appartement";"43.0";"2.0";"None";"None";"None";"None";"nan";"7.245848";"43.691464";"000MO"
"2023-47006";"2023-03-20";"1";"Vente";"195000.0";"189";"None";"RUE DE FRANCE";"2595";"06000";"06088";"Nice";"06";"None";"None";"06088000MO0208";"None";"None";"1";"47.53";"None";"nan";"None";"nan";"None";"None";"None";"None";"1";"3";"Dépendance";"nan";"0.0";"None";"None";"None";"None";"nan";"7.245848";"43.691464";"000MO"
"2023-47012";"2023-03-17";"1";"Vente";"550000.0";"105";"None";"PROM DES ANGLAIS";"0240";"06000";"06088";"Nice";"06";"None";"None";"06088000MO0207";"None";"None";"15";"nan";"4";"nan";"None";"nan";"None";"None";"None";"None";"2";"2";"Appartement";"80.0";"3.0";"None";"None";"None";"None";"nan";"7.246034";"43.691534";"000MO"
"2023-47012";"2023-03-17";"1";"Vente";"550000.0";"105";"None";"PROM DES ANGLAIS";"0240";"06000";"06088";"Nice";"06";"None";"None";"06088000MO0207";"None";"None";"15";"nan";"4";"nan";"None";"nan";"None";"None";"None";"None";"2";"3";"Dépendance";"nan";"0.0";"None";"None";"None";"None";"nan";"7.246034";"43.691534";"000MO"
"2023-47002";"2023-03-15";"1";"Vente";"165000.0";"3";"None";"RUE POINCARE";"5190";"06000";"06088";"Nice";"06";"None";"None";"06088000MO0185";"None";"None";"29";"nan";"70";"40.18";"None";"nan";"None";"None";"None";"None";"2";"2";"Appartement";"40.0";"1.0";"None";"None";"None";"None";"nan";"7.248177";"43.692124";"000MO"
"2023-47002";"2023-03-15";"1";"Vente";"165000.0";"3";"None";"RUE POINCARE";"5190";"06000";"06088";"Nice";"06";"None";"None";"06088000MO0185";"None";"None";"29";"nan";"70";"40.18";"None";"nan";"None";"None";"None";"None";"2";"3";"Dépendance";"nan";"0.0";"None";"None";"None";"None";"nan";"7.248177";"43.692124";"000MO"
"2023-46846";"2023-03-13";"1";"Vente";"265000.0";"145";"None";"RUE DE FRANCE";"2595";"06000";"06088";"Nice";"06";"None";"None";"06088000MO0171";"None";"None";"29";"60.8";"7";"nan";"None";"nan";"None";"None";"None";"None";"2";"2";"Appartement";"60.0";"2.0";"None";"None";"None";"None";"nan";"7.250193";"43.692988";"000MO"
"2023-46846";"2023-03-13";"1";"Vente";"265000.0";"145";"None";"RUE DE FRANCE";"2595";"06000";"06088";"Nice";"06";"None";"None";"06088000MO0171";"None";"None";"29";"60.8";"7";"nan";"None";"nan";"None";"None";"None";"None";"2";"3";"Dépendance";"nan";"0.0";"None";"None";"None";"None";"nan";"7.250193";"43.692988";"000MO"
"2023-46186";"2023-03-07";"1";"Vente";"607000.0";"162";"None";"RUE DE FRANCE";"2595";"06000";"06088";"Nice";"06";"None";"None";"06088000MO0092";"None";"None";"177";"nan";"183";"nan";"26";"109.69";"None";"None";"None";"None";"3";"2";"Appartement";"114.0";"5.0";"None";"None";"None";"None";"nan";"7.247253";"43.692571";"000MO"
"2023-46186";"2023-03-07";"1";"Vente";"607000.0";"162";"None";"RUE DE FRANCE";"2595";"06000";"06088";"Nice";"06";"None";"None";"06088000MO0092";"None";"None";"177";"nan";"183";"nan";"26";"109.69";"None";"None";"None";"None";"3";"3";"Dépendance";"nan";"0.0";"None";"None";"None";"None";"nan";"7.247253";"43.692571";"000MO"
"2023-46186";"2023-03-07";"1";"Vente";"607000.0";"162";"None";"RUE DE FRANCE";"2595";"06000";"06088";"Nice";"06";"None";"None";"06088000MO0092";"None";"None";"92";"nan";"None";"nan";"None";"nan";"None";"None";"None";"None";"1";"3";"Dépendance";"nan";"0.0";"None";"None";"None";"None";"nan";"7.247253";"43.692571";"000MO"
"2023-46186";"2023-03-07";"1";"Vente";"607000.0";"162";"None";"RUE DE FRANCE";"2595";"06000";"06088";"Nice";"06";"None";"None";"06088000MO0092";"None";"None";"91";"nan";"None";"nan";"None";"nan";"None";"None";"None";"None";"1";"3";"Dépendance";"nan";"0.0";"None";"None";"None";"None";"nan";"7.247253";"43.692571";"000MO"
"2023-46587";"2023-03-06";"1";"Vente";"410000.0";"120";"None";"RUE DE FRANCE";"2595";"06000";"06088";"Nice";"06";"None";"None";"06088000MO0550";"None";"None";"223";"nan";"None";"nan";"None";"nan";"None";"None";"None";"None";"1";"2";"Appartement";"67.0";"3.0";"None";"None";"None";"None";"nan";"7.250655";"43.693744";"000MO"
"2023-46591";"2023-03-06";"1";"Vente";"50000.0";"118";"None";"RUE DE FRANCE";"2595";"06000";"06088";"Nice";"06";"None";"None";"06088000MO0550";"None";"None";"297";"nan";"None";"nan";"None";"nan";"None";"None";"None";"None";"1";"3";"Dépendance";"nan";"0.0";"None";"None";"None";"None";"nan";"7.250655";"43.693744";"000MO"
"2023-46086";"2023-02-28";"1";"Vente";"480000.0";"118";"None";"RUE DE FRANCE";"2595";"06000";"06088";"Nice";"06";"None";"None";"06088000MO0550";"None";"None";"270";"nan";"None";"nan";"None";"nan";"None";"None";"None";"None";"1";"2";"Appartement";"33.0";"1.0";"None";"None";"None";"None";"nan";"7.250655";"43.693744";"000MO"
"2023-46086";"2023-02-28";"1";"Vente";"480000.0";"118";"None";"RUE DE FRANCE";"2595";"06000";"06088";"Nice";"06";"None";"None";"06088000MO0550";"None";"None";"270";"nan";"None";"nan";"None";"nan";"None";"None";"None";"None";"1";"2";"Appartement";"65.0";"3.0";"None";"None";"None";"None";"nan";"7.250655";"43.693744";"000MO"
"2023-45732";"2023-02-21";"1";"Vente";"600000.0";"145";"B";"RUE DE FRANCE";"2595";"06000";"06088";"Nice";"06";"None";"None";"06088000MO0174";"None";"None";"59";"11.2";"None";"nan";"None";"nan";"None";"None";"None";"None";"1";"4";"Local industriel. commercial ou assimilé";"16.0";"0.0";"None";"None";"None";"None";"nan";"7.250034";"43.692941";"000MO"
"2023-45732";"2023-02-21";"1";"Vente";"600000.0";"145";"B";"RUE DE FRANCE";"2595";"06000";"06088";"Nice";"06";"None";"None";"06088000MO0174";"None";"None";"52";"9.64";"None";"nan";"None";"nan";"None";"None";"None";"None";"1";"4";"Local industriel. commercial ou assimilé";"16.0";"0.0";"None";"None";"None";"None";"nan";"7.250034";"43.692941";"000MO"
"2023-45732";"2023-02-21";"1";"Vente";"600000.0";"145";"B";"RUE DE FRANCE";"2595";"06000";"06088";"Nice";"06";"None";"None";"06088000MO0174";"None";"None";"53";"11.23";"None";"nan";"None";"nan";"None";"None";"None";"None";"1";"4";"Local industriel. commercial ou assimilé";"16.0";"0.0";"None";"None";"None";"None";"nan";"7.250034";"43.692941";"000MO"
"2023-45732";"2023-02-21";"1";"Vente";"600000.0";"145";"B";"RUE DE FRANCE";"2595";"06000";"06088";"Nice";"06";"None";"None";"06088000MO0174";"None";"None";"54";"11.18";"None";"nan";"None";"nan";"None";"None";"None";"None";"1";"4";"Local industriel. commercial ou assimilé";"16.0";"0.0";"None";"None";"None";"None";"nan";"7.250034";"43.692941";"000MO"
"2023-45732";"2023-02-21";"1";"Vente";"600000.0";"145";"B";"RUE DE FRANCE";"2595";"06000";"06088";"Nice";"06";"None";"None";"06088000MO0174";"None";"None";"55";"11.35";"None";"nan";"None";"nan";"None";"None";"None";"None";"1";"4";"Local industriel. commercial ou assimilé";"16.0";"0.0";"None";"None";"None";"None";"nan";"7.250034";"43.692941";"000MO"
"2023-45732";"2023-02-21";"1";"Vente";"600000.0";"145";"B";"RUE DE FRANCE";"2595";"06000";"06088";"Nice";"06";"None";"None";"06088000MO0174";"None";"None";"56";"10.35";"None";"nan";"None";"nan";"None";"None";"None";"None";"1";"4";"Local industriel. commercial ou assimilé";"16.0";"0.0";"None";"None";"None";"None";"nan";"7.250034";"43.692941";"000MO"
"2023-45732";"2023-02-21";"1";"Vente";"600000.0";"145";"B";"RUE DE FRANCE";"2595";"06000";"06088";"Nice";"06";"None";"None";"06088000MO0174";"None";"None";"57";"12.79";"None";"nan";"None";"nan";"None";"None";"None";"None";"1";"4";"Local industriel. commercial ou assimilé";"16.0";"0.0";"None";"None";"None";"None";"nan";"7.250034";"43.692941";"000MO"
"2023-45732";"2023-02-21";"1";"Vente";"600000.0";"145";"B";"RUE DE FRANCE";"2595";"06000";"06088";"Nice";"06";"None";"None";"06088000MO0174";"None";"None";"58";"14.71";"None";"nan";"None";"nan";"None";"None";"None";"None";"1";"4";"Local industriel. commercial ou assimilé";"16.0";"0.0";"None";"None";"None";"None";"nan";"7.250034";"43.692941";"000MO"
"2023-45390";"2023-02-17";"1";"Vente";"263000.0";"144";"None";"RUE DE FRANCE";"2595";"06000";"06088";"Nice";"06";"None";"None";"06088000MO0442";"None";"None";"6504";"nan";"None";"nan";"None";"nan";"None";"None";"None";"None";"1";"2";"Appartement";"32.0";"2.0";"None";"None";"None";"None";"nan";"7.249074";"43.693077";"000MO"
"2023-46125";"2023-02-17";"1";"Vente";"262473.0";"135";"None";"RUE DE FRANCE";"2595";"06000";"06088";"Nice";"06";"None";"None";"06088000MO0167";"None";"None";"220";"nan";"260";"nan";"None";"nan";"None";"None";"None";"None";"2";"2";"Appartement";"44.0";"1.0";"None";"None";"None";"None";"nan";"7.251029";"43.693045";"000MO"
"2023-45390";"2023-02-17";"1";"Vente";"263000.0";"144";"None";"RUE DE FRANCE";"2595";"06000";"06088";"Nice";"06";"None";"None";"06088000MO0442";"None";"None";"6504";"nan";"None";"nan";"None";"nan";"None";"None";"None";"None";"1";"3";"Dépendance";"nan";"0.0";"None";"None";"None";"None";"nan";"7.249074";"43.693077";"000MO"
"2023-46125";"2023-02-17";"1";"Vente";"262473.0";"135";"None";"RUE DE FRANCE";"2595";"06000";"06088";"Nice";"06";"None";"None";"06088000MO0167";"None";"None";"220";"nan";"260";"nan";"None";"nan";"None";"None";"None";"None";"2";"3";"Dépendance";"nan";"0.0";"None";"None";"None";"None";"nan";"7.251029";"43.693045";"000MO"
"2023-46136";"2023-02-16";"1";"Vente";"75000.0";"5";"None";"AV ADOLPHE ISNARD SERRAT";"0043";"06000";"06088";"Nice";"06";"None";"None";"06088000MO0006";"None";"None";"24";"nan";"None";"nan";"None";"nan";"None";"None";"None";"None";"1";"2";"Appartement";"8.0";"1.0";"None";"None";"None";"None";"nan";"7.243913";"43.694377";"000MO"
"2023-46136";"2023-02-16";"1";"Vente";"75000.0";"5";"None";"AV ADOLPHE ISNARD SERRAT";"0043";"06000";"06088";"Nice";"06";"None";"None";"06088000MO0006";"None";"None";"15";"nan";"None";"nan";"None";"nan";"None";"None";"None";"None";"1";"2";"Appartement";"10.0";"1.0";"None";"None";"None";"None";"nan";"7.243913";"43.694377";"000MO"
"2023-46136";"2023-02-16";"1";"Vente";"75000.0";"5";"None";"AV ADOLPHE ISNARD SERRAT";"0043";"06000";"06088";"Nice";"06";"None";"None";"06088000MO0006";"None";"None";"24";"nan";"None";"nan";"None";"nan";"None";"None";"None";"None";"1";"2";"Appartement";"8.0";"1.0";"None";"None";"None";"None";"nan";"7.243913";"43.694377";"000MO"
"2023-45697";"2023-02-14";"1";"Vente";"310000.0";"109";"None";"PROM DES ANGLAIS";"0240";"06000";"06088";"Nice";"06";"None";"None";"06088000MO0212";"None";"None";"32";"nan";"None";"nan";"None";"nan";"None";"None";"None";"None";"1";"2";"Appartement";"35.0";"1.0";"None";"None";"None";"None";"nan";"7.246098";"43.691143";"000MO"
"2023-44955";"2023-02-10";"1";"Vente";"20000.0";"91";"None";"PROM DES ANGLAIS";"0240";"06000";"06088";"Nice";"06";"None";"None";"06088000MO0184";"None";"None";"7";"nan";"None";"nan";"None";"nan";"None";"None";"None";"None";"1";"3";"Dépendance";"nan";"0.0";"None";"None";"None";"None";"nan";"7.248366";"43.691919";"000MO"
"2023-45288";"2023-02-06";"1";"Vente";"30000.0";"144";"None";"RUE DE FRANCE";"2595";"06000";"06088";"Nice";"06";"None";"None";"06088000MO0442";"None";"None";"6231";"nan";"None";"nan";"None";"nan";"None";"None";"None";"None";"1";"3";"Dépendance";"nan";"0.0";"None";"None";"None";"None";"nan";"7.249074";"43.693077";"000MO"
"2023-45156";"2023-02-03";"1";"Vente";"100000.0";"14";"None";"IMP SAINT LAURENT";"5845";"06000";"06088";"Nice";"06";"None";"None";"06088000MO0055";"None";"None";"12";"33.08";"17";"nan";"None";"nan";"None";"None";"None";"None";"2";"2";"Appartement";"31.0";"3.0";"None";"None";"None";"None";"nan";"7.246384";"43.693591";"000MO"
"2023-45273";"2023-02-01";"1";"Vente";"200000.0";"22";"None";"RUE LOUIS DE COPPET";"3745";"06000";"06088";"Nice";"06";"None";"None";"06088000MO0070";"None";"None";"6";"nan";"66";"nan";"None";"nan";"None";"None";"None";"None";"2";"2";"Appartement";"44.0";"2.0";"None";"None";"None";"None";"nan";"7.246825";"43.69279";"000MO"
"2023-45273";"2023-02-01";"1";"Vente";"200000.0";"22";"None";"RUE LOUIS DE COPPET";"3745";"06000";"06088";"Nice";"06";"None";"None";"06088000MO0070";"None";"None";"6";"nan";"66";"nan";"None";"nan";"None";"None";"None";"None";"2";"3";"Dépendance";"nan";"0.0";"None";"None";"None";"None";"nan";"7.246825";"43.69279";"000MO"
"2023-45357";"2023-01-31";"1";"Vente";"185000.0";"152";"None";"RUE DE FRANCE";"2595";"06000";"06088";"Nice";"06";"None";"None";"06088000MO0566";"None";"None";"56";"nan";"None";"nan";"None";"nan";"None";"None";"None";"None";"1";"2";"Appartement";"48.0";"2.0";"None";"None";"None";"None";"nan";"7.247686";"43.692714";"000MO"
"2023-44529";"2023-01-24";"1";"Vente";"570020.0";"73";"None";"PROM DES ANGLAIS";"0240";"06000";"06088";"Nice";"06";"None";"None";"06088000MO0170";"None";"None";"10";"nan";"59";"nan";"None";"nan";"None";"None";"None";"None";"2";"2";"Appartement";"68.0";"2.0";"None";"None";"None";"None";"nan";"7.250586";"43.692851";"000MO"
"2023-44529";"2023-01-24";"1";"Vente";"570020.0";"73";"None";"PROM DES ANGLAIS";"0240";"06000";"06088";"Nice";"06";"None";"None";"06088000MO0170";"None";"None";"10";"nan";"59";"nan";"None";"nan";"None";"None";"None";"None";"2";"3";"Dépendance";"nan";"0.0";"None";"None";"None";"None";"nan";"7.250586";"43.692851";"000MO"
"2023-44460";"2023-01-23";"1";"Vente";"55000.0";"133";"None";"RUE DE FRANCE";"2595";"06000";"06088";"Nice";"06";"None";"None";"06088000MO0166";"None";"None";"4";"nan";"None";"nan";"None";"nan";"None";"None";"None";"None";"1";"2";"Appartement";"19.0";"1.0";"None";"None";"None";"None";"nan";"7.250997";"43.693349";"000MO"
"2023-44525";"2023-01-20";"1";"Vente";"194750.0";"26";"None";"BD DE LA MADELEINE";"3820";"06000";"06088";"Nice";"06";"None";"None";"06088000MO0001";"None";"None";"11";"nan";"None";"nan";"None";"nan";"None";"None";"None";"None";"1";"2";"Appartement";"46.0";"3.0";"None";"None";"None";"None";"nan";"7.243772";"43.694723";"000MO"
"2023-43859";"2023-01-17";"1";"Vente";"30000.0";"3";"B";"AV DES BAUMETTES";"0660";"06000";"06088";"Nice";"06";"None";"None";"06088000MO0302";"None";"None";"138";"nan";"None";"nan";"None";"nan";"None";"None";"None";"None";"1";"3";"Dépendance";"nan";"0.0";"None";"None";"None";"None";"nan";"7.250749";"43.694365";"000MO"
"2022-71387";"2022-12-29";"1";"Vente";"116500.0";"171";"None";"RUE DE FRANCE";"2595";"06000";"06088";"Nice";"06";"None";"None";"06088000MO0190";"None";"None";"20";"36.81";"None";"nan";"None";"nan";"None";"None";"None";"None";"1";"2";"Appartement";"35.0";"1.0";"None";"None";"None";"None";"nan";"7.247575";"43.691992";"000MO"
"2022-71387";"2022-12-29";"1";"Vente";"116500.0";"171";"None";"RUE DE FRANCE";"2595";"06000";"06088";"Nice";"06";"None";"None";"06088000MO0190";"None";"None";"20";"36.81";"None";"nan";"None";"nan";"None";"None";"None";"None";"1";"3";"Dépendance";"nan";"0.0";"None";"None";"None";"None";"nan";"7.247575";"43.691992";"000MO"
"2022-71600";"2022-12-29";"1";"Vente";"220000.0";"145";"B";"RUE DE FRANCE";"2595";"06000";"06088";"Nice";"06";"None";"None";"06088000MO0174";"None";"None";"23";"14.96";"None";"nan";"None";"nan";"None";"None";"None";"None";"1";"4";"Local industriel. commercial ou assimilé";"15.0";"0.0";"None";"None";"None";"None";"nan";"7.250034";"43.692941";"000MO"
"2022-71600";"2022-12-29";"1";"Vente";"220000.0";"145";"B";"RUE DE FRANCE";"2595";"06000";"06088";"Nice";"06";"None";"None";"06088000MO0174";"None";"None";"24";"14.2";"None";"nan";"None";"nan";"None";"None";"None";"None";"1";"4";"Local industriel. commercial ou assimilé";"14.0";"0.0";"None";"None";"None";"None";"nan";"7.250034";"43.692941";"000MO"
"2022-71179";"2022-12-22";"1";"Vente";"50000.0";"105";"None";"PROM DES ANGLAIS";"0240";"06000";"06088";"Nice";"06";"None";"None";"06088000MO0209";"None";"None";"102";"nan";"None";"nan";"None";"nan";"None";"None";"None";"None";"1";"2";"Appartement";"16.0";"1.0";"None";"None";"None";"None";"nan";"7.246044";"43.691236";"000MO"
"2022-71500";"2022-12-22";"1";"Vente";"35000.0";"162";"None";"RUE DE FRANCE";"2595";"06000";"06088";"Nice";"06";"None";"None";"06088000MO0092";"None";"None";"98";"nan";"None";"nan";"None";"nan";"None";"None";"None";"None";"1";"3";"Dépendance";"nan";"0.0";"None";"None";"None";"None";"nan";"7.247253";"43.692571";"000MO"
"2022-71225";"2022-12-20";"1";"Vente";"145000.0";"1";"None";"BD FRANCOIS GROSSO";"2630";"06000";"06088";"Nice";"06";"None";"None";"06088000MO0156";"None";"None";"11";"nan";"38";"nan";"None";"nan";"None";"None";"None";"None";"2";"2";"Appartement";"30.0";"2.0";"None";"None";"None";"None";"nan";"7.251786";"43.694394";"000MO"
"2022-71454";"2022-12-20";"1";"Vente";"207287.0";"99";"None";"PROM DES ANGLAIS";"0240";"06000";"06088";"Nice";"06";"None";"None";"06088000MO0197";"None";"None";"15";"nan";"None";"nan";"None";"nan";"None";"None";"None";"None";"1";"2";"Appartement";"40.0";"1.0";"None";"None";"None";"None";"nan";"7.247064";"43.691497";"000MO"
"2022-71225";"2022-12-20";"1";"Vente";"145000.0";"1";"None";"BD FRANCOIS GROSSO";"2630";"06000";"06088";"Nice";"06";"None";"None";"06088000MO0156";"None";"None";"11";"nan";"38";"nan";"None";"nan";"None";"None";"None";"None";"2";"3";"Dépendance";"nan";"0.0";"None";"None";"None";"None";"nan";"7.251786";"43.694394";"000MO"
"2022-71314";"2022-12-20";"1";"Vente";"42000.0";"144";"None";"RUE DE FRANCE";"2595";"06000";"06088";"Nice";"06";"None";"None";"06088000MO0442";"None";"None";"6011";"nan";"None";"nan";"None";"nan";"None";"None";"None";"None";"1";"3";"Dépendance";"nan";"0.0";"None";"None";"None";"None";"nan";"7.249074";"43.693077";"000MO"
"2022-71454";"2022-12-20";"1";"Vente";"207287.0";"99";"None";"PROM DES ANGLAIS";"0240";"06000";"06088";"Nice";"06";"None";"None";"06088000MO0197";"None";"None";"15";"nan";"None";"nan";"None";"nan";"None";"None";"None";"None";"1";"3";"Dépendance";"nan";"0.0";"None";"None";"None";"None";"nan";"7.247064";"43.691497";"000MO"
"2022-71240";"2022-12-19";"1";"Vente";"285000.0";"4";"None";"RUE AUGUSTE RENOIR";"0470";"06000";"06088";"Nice";"06";"None";"None";"06088000MO0471";"None";"None";"14";"67.67";"43";"nan";"None";"nan";"None";"None";"None";"None";"2";"2";"Appartement";"65.0";"4.0";"None";"None";"None";"None";"nan";"7.24985";"43.693748";"000MO"
"2022-71240";"2022-12-19";"1";"Vente";"285000.0";"4";"None";"RUE AUGUSTE RENOIR";"0470";"06000";"06088";"Nice";"06";"None";"None";"06088000MO0471";"None";"None";"14";"67.67";"43";"nan";"None";"nan";"None";"None";"None";"None";"2";"3";"Dépendance";"nan";"0.0";"None";"None";"None";"None";"nan";"7.24985";"43.693748";"000MO"
"2022-71070";"2022-12-15";"1";"Vente";"430000.0";"100";"None";"RUE DE FRANCE";"2595";"06000";"06088";"Nice";"06";"None";"None";"06088000MO0348";"None";"None";"104";"nan";"52";"nan";"None";"nan";"None";"None";"None";"None";"2";"2";"Appartement";"71.0";"3.0";"None";"None";"None";"None";"nan";"7.251572";"43.694041";"000MO"
"2022-71070";"2022-12-15";"1";"Vente";"430000.0";"100";"None";"RUE DE FRANCE";"2595";"06000";"06088";"Nice";"06";"None";"None";"06088000MO0348";"None";"None";"104";"nan";"52";"nan";"None";"nan";"None";"None";"None";"None";"2";"3";"Dépendance";"nan";"0.0";"None";"None";"None";"None";"nan";"7.251572";"43.694041";"000MO"
"2022-70682";"2022-12-14";"1";"Vente";"365000.0";"4";"None";"RUE POINCARE";"5190";"06000";"06088";"Nice";"06";"None";"None";"06088000MO0546";"None";"None";"23";"141.85";"5";"nan";"None";"nan";"None";"None";"None";"None";"2";"2";"Appartement";"144.0";"4.0";"None";"None";"None";"None";"nan";"7.24858";"43.692397";"000MO"
"2022-70689";"2022-12-14";"1";"Vente";"120000.0";"4";"None";"RUE POINCARE";"5190";"06000";"06088";"Nice";"06";"None";"None";"06088000MO0546";"None";"None";"21";"53.74";"7";"nan";"None";"nan";"None";"None";"None";"None";"2";"2";"Appartement";"53.0";"2.0";"None";"None";"None";"None";"nan";"7.24858";"43.692397";"000MO"
"2022-70695";"2022-12-14";"1";"Vente";"335491.0";"67";"None";"PROM DES ANGLAIS";"0240";"06000";"06088";"Nice";"06";"None";"None";"06088000MO0164";"None";"None";"9";"nan";"None";"nan";"None";"nan";"None";"None";"None";"None";"1";"2";"Appartement";"33.0";"1.0";"None";"None";"None";"None";"nan";"7.251248";"43.693077";"000MO"
"2022-70702";"2022-12-14";"1";"Vente";"371000.0";"4";"None";"RUE POINCARE";"5190";"06000";"06088";"Nice";"06";"None";"None";"06088000MO0546";"None";"None";"25";"143.81";"None";"nan";"None";"nan";"None";"None";"None";"None";"1";"2";"Appartement";"144.0";"4.0";"None";"None";"None";"None";"nan";"7.24858";"43.692397";"000MO"
"2022-70702";"2022-12-14";"1";"Vente";"371000.0";"4";"None";"RUE POINCARE";"5190";"06000";"06088";"Nice";"06";"None";"None";"06088000MO0546";"None";"None";"3";"nan";"None";"nan";"None";"nan";"None";"None";"None";"None";"1";"2";"Appartement";"112.0";"3.0";"None";"None";"None";"None";"nan";"7.24858";"43.692397";"000MO"
"2022-70682";"2022-12-14";"1";"Vente";"365000.0";"4";"None";"RUE POINCARE";"5190";"06000";"06088";"Nice";"06";"None";"None";"06088000MO0546";"None";"None";"23";"141.85";"5";"nan";"None";"nan";"None";"None";"None";"None";"2";"3";"Dépendance";"nan";"0.0";"None";"None";"None";"None";"nan";"7.24858";"43.692397";"000MO"
"2022-70689";"2022-12-14";"1";"Vente";"120000.0";"4";"None";"RUE POINCARE";"5190";"06000";"06088";"Nice";"06";"None";"None";"06088000MO0546";"None";"None";"21";"53.74";"7";"nan";"None";"nan";"None";"None";"None";"None";"2";"3";"Dépendance";"nan";"0.0";"None";"None";"None";"None";"nan";"7.24858";"43.692397";"000MO"
"2022-70695";"2022-12-14";"1";"Vente";"335491.0";"67";"None";"PROM DES ANGLAIS";"0240";"06000";"06088";"Nice";"06";"None";"None";"06088000MO0164";"None";"None";"9";"nan";"None";"nan";"None";"nan";"None";"None";"None";"None";"1";"3";"Dépendance";"nan";"0.0";"None";"None";"None";"None";"nan";"7.251248";"43.693077";"000MO"
"2022-70702";"2022-12-14";"1";"Vente";"371000.0";"4";"None";"RUE POINCARE";"5190";"06000";"06088";"Nice";"06";"None";"None";"06088000MO0546";"None";"None";"25";"143.81";"None";"nan";"None";"nan";"None";"None";"None";"None";"1";"3";"Dépendance";"nan";"0.0";"None";"None";"None";"None";"nan";"7.24858";"43.692397";"000MO"
"2022-70702";"2022-12-14";"1";"Vente";"371000.0";"4";"None";"RUE POINCARE";"5190";"06000";"06088";"Nice";"06";"None";"None";"06088000MO0546";"None";"None";"3";"nan";"None";"nan";"None";"nan";"None";"None";"None";"None";"1";"3";"Dépendance";"nan";"0.0";"None";"None";"None";"None";"nan";"7.24858";"43.692397";"000MO"
"2022-70101";"2022-12-09";"1";"Vente";"105000.0";"145";"B";"RUE DE FRANCE";"2595";"06000";"06088";"Nice";"06";"None";"None";"06088000MO0174";"None";"None";"46";"nan";"None";"nan";"None";"nan";"None";"None";"None";"None";"1";"4";"Local industriel. commercial ou assimilé";"16.0";"0.0";"None";"None";"None";"None";"nan";"7.250034";"43.692941";"000MO"
"2022-69934";"2022-12-08";"1";"Vente";"113350.0";"145";"B";"RUE DE FRANCE";"2595";"06000";"06088";"Nice";"06";"None";"None";"06088000MO0174";"None";"None";"45";"14.65";"None";"nan";"None";"nan";"None";"None";"None";"None";"1";"4";"Local industriel. commercial ou assimilé";"16.0";"0.0";"None";"None";"None";"None";"nan";"7.250034";"43.692941";"000MO"
"2022-69712";"2022-12-07";"1";"Vente";"85000.0";"26";"None";"BD DE LA MADELEINE";"3820";"06000";"06088";"Nice";"06";"None";"None";"06088000MO0001";"None";"None";"4";"14.71";"5";"nan";"None";"nan";"None";"None";"None";"None";"2";"2";"Appartement";"24.0";"1.0";"None";"None";"None";"None";"nan";"7.243772";"43.694723";"000MO"
"2022-69712";"2022-12-07";"1";"Vente";"85000.0";"26";"None";"BD DE LA MADELEINE";"3820";"06000";"06088";"Nice";"06";"None";"None";"06088000MO0001";"None";"None";"3";"38.83";"None";"nan";"None";"nan";"None";"None";"None";"None";"1";"2";"Appartement";"25.0";"2.0";"None";"None";"None";"None";"nan";"7.243772";"43.694723";"000MO"
"2022-69301";"2022-12-05";"1";"Vente";"91500.0";"147";"None";"RUE DE FRANCE";"2595";"06000";"06088";"Nice";"06";"None";"None";"06088000MO0237";"None";"None";"20";"14.78";"None";"nan";"None";"nan";"None";"None";"None";"None";"1";"2";"Appartement";"14.0";"1.0";"None";"None";"None";"None";"nan";"7.249728";"43.692755";"000MO"
"2022-70058";"2022-12-02";"1";"Vente";"185000.0";"5";"None";"RUE PAUL VALERY";"4910";"06000";"06088";"Nice";"06";"None";"None";"06088000MO0408";"None";"None";"11";"nan";"None";"nan";"None";"nan";"None";"None";"None";"None";"1";"2";"Appartement";"40.0";"2.0";"None";"None";"None";"None";"nan";"7.251112";"43.693284";"000MO"
"2022-69828";"2022-12-01";"1";"Vente";"451000.0";"102";"None";"RUE DE FRANCE";"2595";"06000";"06088";"Nice";"06";"None";"None";"06088000MO0348";"None";"None";"5";"nan";"93";"nan";"None";"nan";"None";"None";"None";"None";"2";"2";"Appartement";"75.0";"3.0";"None";"None";"None";"None";"nan";"7.251572";"43.694041";"000MO"
"2022-69828";"2022-12-01";"1";"Vente";"451000.0";"102";"None";"RUE DE FRANCE";"2595";"06000";"06088";"Nice";"06";"None";"None";"06088000MO0348";"None";"None";"5";"nan";"93";"nan";"None";"nan";"None";"None";"None";"None";"2";"3";"Dépendance";"nan";"0.0";"None";"None";"None";"None";"nan";"7.251572";"43.694041";"000MO"
"2022-69867";"2022-12-01";"1";"Vente";"133750.0";"145";"B";"RUE DE FRANCE";"2595";"06000";"06088";"Nice";"06";"None";"None";"06088000MO0174";"None";"None";"27";"15.63";"None";"nan";"None";"nan";"None";"None";"None";"None";"1";"4";"Local industriel. commercial ou assimilé";"15.0";"0.0";"None";"None";"None";"None";"nan";"7.250034";"43.692941";"000MO"
"2022-70653";"2022-11-30";"1";"Vente";"186000.0";"77";"None";"PROM DES ANGLAIS";"0240";"06000";"06088";"Nice";"06";"None";"None";"06088000MO0238";"None";"None";"66";"nan";"None";"nan";"None";"nan";"None";"None";"None";"None";"1";"2";"Appartement";"25.0";"1.0";"None";"None";"None";"None";"nan";"7.249911";"43.692436";"000MO"
"2022-69660";"2022-11-30";"1";"Vente";"674100.0";"25";"None";"AV DES BAUMETTES";"0660";"06000";"06088";"Nice";"06";"None";"None";"06088000MO0422";"None";"None";"None";"nan";"None";"nan";"None";"nan";"None";"None";"None";"None";"0";"None";"None";"nan";"nan";"S";"sols";"None";"None";"1311.0";"7.250146";"43.694337";"000MO"
"2022-69453";"2022-11-25";"1";"Vente";"173000.0";"5";"None";"IMP SAINT LAURENT";"5845";"06000";"06088";"Nice";"06";"None";"None";"06088000MO0058";"None";"None";"21";"nan";"9";"nan";"None";"nan";"None";"None";"None";"None";"2";"2";"Appartement";"40.0";"2.0";"None";"None";"None";"None";"nan";"7.246096";"43.693638";"000MO"
"2022-69571";"2022-11-25";"1";"Vente";"220000.0";"147";"None";"RUE DE FRANCE";"2595";"06000";"06088";"Nice";"06";"None";"None";"06088000MO0237";"None";"None";"116";"nan";"38";"nan";"None";"nan";"None";"None";"None";"None";"2";"2";"Appartement";"34.0";"1.0";"None";"None";"None";"None";"nan";"7.249728";"43.692755";"000MO"
"2022-69681";"2022-11-25";"1";"Vente";"149000.0";"5";"None";"RUE PAUL VALERY";"4910";"06000";"06088";"Nice";"06";"None";"None";"06088000MO0407";"None";"None";"15";"nan";"None";"nan";"None";"nan";"None";"None";"None";"None";"1";"2";"Appartement";"19.0";"1.0";"None";"None";"None";"None";"nan";"7.251133";"43.693409";"000MO"
"2022-69453";"2022-11-25";"1";"Vente";"173000.0";"5";"None";"IMP SAINT LAURENT";"5845";"06000";"06088";"Nice";"06";"None";"None";"06088000MO0058";"None";"None";"21";"nan";"9";"nan";"None";"nan";"None";"None";"None";"None";"2";"3";"Dépendance";"nan";"0.0";"None";"None";"None";"None";"nan";"7.246096";"43.693638";"000MO"
"2022-69571";"2022-11-25";"1";"Vente";"220000.0";"147";"None";"RUE DE FRANCE";"2595";"06000";"06088";"Nice";"06";"None";"None";"06088000MO0237";"None";"None";"116";"nan";"38";"nan";"None";"nan";"None";"None";"None";"None";"2";"3";"Dépendance";"nan";"0.0";"None";"None";"None";"None";"nan";"7.249728";"43.692755";"000MO"
"2022-69571";"2022-11-25";"1";"Vente";"220000.0";"147";"None";"RUE DE FRANCE";"2595";"06000";"06088";"Nice";"06";"None";"None";"06088000MO0237";"None";"None";"116";"nan";"38";"nan";"None";"nan";"None";"None";"None";"None";"2";"3";"Dépendance";"nan";"0.0";"None";"None";"None";"None";"nan";"7.249728";"43.692755";"000MO"
"2022-69061";"2022-11-23";"1";"Vente";"110000.0";"145";"B";"RUE DE FRANCE";"2595";"06000";"06088";"Nice";"06";"None";"None";"06088000MO0174";"None";"None";"20";"15.0";"None";"nan";"None";"nan";"None";"None";"None";"None";"1";"4";"Local industriel. commercial ou assimilé";"15.0";"0.0";"None";"None";"None";"None";"nan";"7.250034";"43.692941";"000MO"
"2022-69863";"2022-11-21";"1";"Vente";"276307.0";"92";"None";"PROM DES ANGLAIS";"0240";"06000";"06088";"Nice";"06";"None";"None";"06088000MO0188";"None";"None";"3";"28.1";"78";"nan";"None";"nan";"None";"None";"None";"None";"2";"2";"Appartement";"47.0";"1.0";"None";"None";"None";"None";"nan";"7.247982";"43.691897";"000MO"
"2022-68859";"2022-11-18";"1";"Vente";"510000.0";"171";"None";"RUE DE FRANCE";"2595";"06000";"06088";"Nice";"06";"None";"None";"06088000MO0190";"None";"None";"6";"88.41";"None";"nan";"None";"nan";"None";"None";"None";"None";"1";"2";"Appartement";"80.0";"4.0";"None";"None";"None";"None";"nan";"7.247575";"43.691992";"000MO"
"2022-68859";"2022-11-18";"1";"Vente";"510000.0";"171";"None";"RUE DE FRANCE";"2595";"06000";"06088";"Nice";"06";"None";"None";"06088000MO0190";"None";"None";"6";"88.41";"None";"nan";"None";"nan";"None";"None";"None";"None";"1";"3";"Dépendance";"nan";"0.0";"None";"None";"None";"None";"nan";"7.247575";"43.691992";"000MO"
"2022-68988";"2022-11-18";"1";"Vente";"15000.0";"8";"B";"IMP SAINT LAURENT";"5845";"06000";"06088";"Nice";"06";"None";"None";"06088000MO0243";"None";"None";"3";"nan";"None";"nan";"None";"nan";"None";"None";"None";"None";"1";"3";"Dépendance";"nan";"0.0";"None";"None";"None";"None";"nan";"7.246735";"43.693682";"000MO"
"2022-68558";"2022-11-17";"1";"Vente";"227000.0";"144";"None";"RUE DE FRANCE";"2595";"06000";"06088";"Nice";"06";"None";"None";"06088000MO0442";"None";"None";"6675";"nan";"None";"nan";"None";"nan";"None";"None";"None";"None";"1";"2";"Appartement";"32.0";"2.0";"None";"None";"None";"None";"nan";"7.249074";"43.693077";"000MO"
"2022-68558";"2022-11-17";"1";"Vente";"227000.0";"144";"None";"RUE DE FRANCE";"2595";"06000";"06088";"Nice";"06";"None";"None";"06088000MO0442";"None";"None";"6276";"nan";"None";"nan";"None";"nan";"None";"None";"None";"None";"1";"3";"Dépendance";"nan";"0.0";"None";"None";"None";"None";"nan";"7.249074";"43.693077";"000MO"
"2022-68935";"2022-11-17";"1";"Vente";"40000.0";"109";"None";"PROM DES ANGLAIS";"0240";"06000";"06088";"Nice";"06";"None";"None";"06088000MO0212";"None";"None";"17";"nan";"None";"nan";"None";"nan";"None";"None";"None";"None";"1";"3";"Dépendance";"nan";"0.0";"None";"None";"None";"None";"nan";"7.246098";"43.691143";"000MO"
"2022-68790";"2022-11-17";"1";"Vente";"107983.0";"145";"B";"RUE DE FRANCE";"2595";"06000";"06088";"Nice";"06";"None";"None";"06088000MO0174";"None";"None";"25";"15.08";"None";"nan";"None";"nan";"None";"None";"None";"None";"1";"4";"Local industriel. commercial ou assimilé";"15.0";"0.0";"None";"None";"None";"None";"nan";"7.250034";"43.692941";"000MO"
"2022-68851";"2022-11-16";"1";"Vente";"160000.0";"144";"None";"RUE DE FRANCE";"2595";"06000";"06088";"Nice";"06";"None";"None";"06088000MO0442";"None";"None";"6487";"nan";"None";"nan";"None";"nan";"None";"None";"None";"None";"1";"2";"Appartement";"21.0";"1.0";"None";"None";"None";"None";"nan";"7.249074";"43.693077";"000MO"
"2022-68933";"2022-11-16";"1";"Vente";"144235.0";"5";"None";"RUE PAUL VALERY";"4910";"06000";"06088";"Nice";"06";"None";"None";"06088000MO0408";"None";"None";"36";"26.0";"None";"nan";"None";"nan";"None";"None";"None";"None";"1";"2";"Appartement";"25.0";"1.0";"None";"None";"None";"None";"nan";"7.251112";"43.693284";"000MO"
"2022-68851";"2022-11-16";"1";"Vente";"160000.0";"144";"None";"RUE DE FRANCE";"2595";"06000";"06088";"Nice";"06";"None";"None";"06088000MO0442";"None";"None";"6487";"nan";"None";"nan";"None";"nan";"None";"None";"None";"None";"1";"3";"Dépendance";"nan";"0.0";"None";"None";"None";"None";"nan";"7.249074";"43.693077";"000MO"
"2022-68590";"2022-11-08";"1";"Vente";"570000.0";"29";"None";"AV EMILE HENRIOT";"2253";"06000";"06088";"Nice";"06";"None";"None";"06088000MO0248";"None";"None";"4";"nan";"8";"nan";"None";"nan";"None";"None";"None";"None";"2";"2";"Appartement";"107.0";"3.0";"None";"None";"None";"None";"nan";"7.244982";"43.69433";"000MO"
"2022-68590";"2022-11-08";"1";"Vente";"570000.0";"29";"None";"AV EMILE HENRIOT";"2253";"06000";"06088";"Nice";"06";"None";"None";"06088000MO0248";"None";"None";"1";"106.8";"None";"nan";"None";"nan";"None";"None";"None";"None";"1";"3";"Dépendance";"nan";"0.0";"None";"None";"None";"None";"nan";"7.244982";"43.69433";"000MO"
"2022-68590";"2022-11-08";"1";"Vente";"570000.0";"29";"None";"AV EMILE HENRIOT";"2253";"06000";"06088";"Nice";"06";"None";"None";"06088000MO0248";"None";"None";"3";"nan";"None";"nan";"None";"nan";"None";"None";"None";"None";"1";"3";"Dépendance";"nan";"0.0";"None";"None";"None";"None";"nan";"7.244982";"43.69433";"000MO"
"2022-68590";"2022-11-08";"1";"Vente";"570000.0";"29";"None";"AV EMILE HENRIOT";"2253";"06000";"06088";"Nice";"06";"None";"None";"06088000MO0248";"None";"None";"2";"nan";"None";"nan";"None";"nan";"None";"None";"None";"None";"1";"3";"Dépendance";"nan";"0.0";"None";"None";"None";"None";"nan";"7.244982";"43.69433";"000MO"
"2022-67935";"2022-11-07";"1";"Vente";"152139.0";"92";"None";"PROM DES ANGLAIS";"0240";"06000";"06088";"Nice";"06";"None";"None";"06088000MO0188";"None";"None";"25";"nan";"76";"nan";"None";"nan";"None";"None";"None";"None";"2";"2";"Appartement";"48.0";"2.0";"None";"None";"None";"None";"nan";"7.247982";"43.691897";"000MO"
"2022-67935";"2022-11-07";"1";"Vente";"152139.0";"92";"None";"PROM DES ANGLAIS";"0240";"06000";"06088";"Nice";"06";"None";"None";"06088000MO0188";"None";"None";"59";"nan";"None";"nan";"None";"nan";"None";"None";"None";"None";"1";"3";"Dépendance";"nan";"0.0";"None";"None";"None";"None";"nan";"7.247982";"43.691897";"000MO"
"2022-69517";"2022-11-07";"1";"Vente";"1000.0";"109";"None";"PROM DES ANGLAIS";"0240";"06000";"06088";"Nice";"06";"None";"None";"06088000MO0212";"None";"None";"12";"nan";"None";"nan";"None";"nan";"None";"None";"None";"None";"1";"3";"Dépendance";"nan";"0.0";"None";"None";"None";"None";"nan";"7.246098";"43.691143";"000MO"
"2022-68554";"2022-11-07";"1";"Vente";"429000.0";"109";"None";"PROM DES ANGLAIS";"0240";"06000";"06088";"Nice";"06";"None";"None";"06088000MO0212";"None";"None";"27";"nan";"6";"nan";"8";"nan";"None";"None";"None";"None";"3";"4";"Local industriel. commercial ou assimilé";"80.0";"0.0";"None";"None";"None";"None";"nan";"7.246098";"43.691143";"000MO"
"2022-68472";"2022-11-04";"1";"Vente";"151200.0";"147";"None";"RUE DE FRANCE";"2595";"06000";"06088";"Nice";"06";"None";"None";"06088000MO0237";"None";"None";"113";"nan";"89";"26.88";"None";"nan";"None";"None";"None";"None";"2";"2";"Appartement";"29.0";"1.0";"None";"None";"None";"None";"nan";"7.249728";"43.692755";"000MO"
"2022-68340";"2022-10-28";"1";"Vente";"170000.0";"144";"None";"RUE DE FRANCE";"2595";"06000";"06088";"Nice";"06";"None";"None";"06088000MO0442";"None";"None";"6653";"nan";"None";"nan";"None";"nan";"None";"None";"None";"None";"1";"2";"Appartement";"27.0";"1.0";"None";"None";"None";"None";"nan";"7.249074";"43.693077";"000MO"
"2022-68160";"2022-10-27";"1";"Vente";"157500.0";"149";"None";"RUE DE FRANCE";"2595";"06000";"06088";"Nice";"06";"None";"None";"06088000MO0237";"None";"None";"33";"18.14";"None";"nan";"None";"nan";"None";"None";"None";"None";"1";"2";"Appartement";"18.0";"1.0";"None";"None";"None";"None";"nan";"7.249728";"43.692755";"000MO"
"2022-67343";"2022-10-26";"1";"Vente";"165000.0";"5";"None";"RUE PAUL VALERY";"4910";"06000";"06088";"Nice";"06";"None";"None";"06088000MO0408";"None";"None";"21";"nan";"None";"nan";"None";"nan";"None";"None";"None";"None";"1";"2";"Appartement";"38.0";"2.0";"None";"None";"None";"None";"nan";"7.251112";"43.693284";"000MO"
"2022-67673";"2022-10-20";"1";"Vente";"276190.0";"1";"None";"AV DES BAUMETTES";"0660";"06000";"06088";"Nice";"06";"None";"None";"06088000MO0155";"None";"None";"20";"nan";"73";"nan";"None";"nan";"None";"None";"None";"None";"2";"2";"Appartement";"54.0";"2.0";"None";"None";"None";"None";"nan";"7.251574";"43.694519";"000MO"
"2022-71663";"2022-10-20";"1";"Vente";"334000.0";"102";"None";"RUE DE FRANCE";"2595";"06000";"06088";"Nice";"06";"None";"None";"06088000MO0348";"None";"None";"108";"nan";"3";"nan";"None";"nan";"None";"None";"None";"None";"2";"2";"Appartement";"71.0";"3.0";"None";"None";"None";"None";"nan";"7.251572";"43.694041";"000MO"
"2022-67673";"2022-10-20";"1";"Vente";"276190.0";"1";"None";"AV DES BAUMETTES";"0660";"06000";"06088";"Nice";"06";"None";"None";"06088000MO0155";"None";"None";"20";"nan";"73";"nan";"None";"nan";"None";"None";"None";"None";"2";"3";"Dépendance";"nan";"0.0";"None";"None";"None";"None";"nan";"7.251574";"43.694519";"000MO"
"2022-71663";"2022-10-20";"1";"Vente";"334000.0";"102";"None";"RUE DE FRANCE";"2595";"06000";"06088";"Nice";"06";"None";"None";"06088000MO0348";"None";"None";"108";"nan";"3";"nan";"None";"nan";"None";"None";"None";"None";"2";"3";"Dépendance";"nan";"0.0";"None";"None";"None";"None";"nan";"7.251572";"43.694041";"000MO"
"2022-67377";"2022-10-14";"1";"Vente";"160000.0";"143";"None";"RUE DE FRANCE";"2595";"06000";"06088";"Nice";"06";"None";"None";"06088000MO0170";"None";"None";"180";"26.56";"None";"nan";"None";"nan";"None";"None";"None";"None";"1";"2";"Appartement";"30.0";"1.0";"None";"None";"None";"None";"nan";"7.250586";"43.692851";"000MO"
"2022-67377";"2022-10-14";"1";"Vente";"160000.0";"143";"None";"RUE DE FRANCE";"2595";"06000";"06088";"Nice";"06";"None";"None";"06088000MO0170";"None";"None";"180";"26.56";"None";"nan";"None";"nan";"None";"None";"None";"None";"1";"3";"Dépendance";"nan";"0.0";"None";"None";"None";"None";"nan";"7.250586";"43.692851";"000MO"
"2022-71657";"2022-10-13";"1";"Adjudication";"280000.0";"159";"None";"RUE DE FRANCE";"2595";"06000";"06088";"Nice";"06";"None";"None";"06088000MO0178";"None";"None";"205";"nan";"266";"45.0";"None";"nan";"None";"None";"None";"None";"2";"2";"Appartement";"42.0";"2.0";"None";"None";"None";"None";"nan";"7.249108";"43.692398";"000MO"
"2022-71657";"2022-10-13";"1";"Adjudication";"280000.0";"159";"None";"RUE DE FRANCE";"2595";"06000";"06088";"Nice";"06";"None";"None";"06088000MO0178";"None";"None";"205";"nan";"266";"45.0";"None";"nan";"None";"None";"None";"None";"2";"3";"Dépendance";"nan";"0.0";"None";"None";"None";"None";"nan";"7.249108";"43.692398";"000MO"
"2022-67486";"2022-10-10";"1";"Vente";"212000.0";"144";"None";"RUE DE FRANCE";"2595";"06000";"06088";"Nice";"06";"None";"None";"06088000MO0442";"None";"None";"6544";"nan";"None";"nan";"None";"nan";"None";"None";"None";"None";"1";"2";"Appartement";"42.0";"2.0";"None";"None";"None";"None";"nan";"7.249074";"43.693077";"000MO"
"2022-67486";"2022-10-10";"1";"Vente";"212000.0";"144";"None";"RUE DE FRANCE";"2595";"06000";"06088";"Nice";"06";"None";"None";"06088000MO0442";"None";"None";"6273";"nan";"None";"nan";"None";"nan";"None";"None";"None";"None";"1";"3";"Dépendance";"nan";"0.0";"None";"None";"None";"None";"nan";"7.249074";"43.693077";"000MO"
"2022-66398";"2022-10-07";"1";"Vente";"435000.0";"152";"None";"RUE DE FRANCE";"2595";"06000";"06088";"Nice";"06";"None";"None";"06088000MO0566";"None";"None";"130";"nan";"42";"78.3";"None";"nan";"None";"None";"None";"None";"2";"2";"Appartement";"76.0";"3.0";"None";"None";"None";"None";"nan";"7.247686";"43.692714";"000MO"
"2022-66398";"2022-10-07";"1";"Vente";"435000.0";"154";"None";"RUE DE FRANCE";"2595";"06000";"06088";"Nice";"06";"None";"None";"06088000MO0566";"None";"None";"102";"nan";"None";"nan";"None";"nan";"None";"None";"None";"None";"1";"3";"Dépendance";"nan";"0.0";"None";"None";"None";"None";"nan";"7.247686";"43.692714";"000MO"
"2022-66398";"2022-10-07";"1";"Vente";"435000.0";"152";"None";"RUE DE FRANCE";"2595";"06000";"06088";"Nice";"06";"None";"None";"06088000MO0566";"None";"None";"130";"nan";"42";"78.3";"None";"nan";"None";"None";"None";"None";"2";"3";"Dépendance";"nan";"0.0";"None";"None";"None";"None";"nan";"7.247686";"43.692714";"000MO"
"2022-67445";"2022-10-04";"1";"Vente";"166600.0";"144";"None";"RUE DE FRANCE";"2595";"06000";"06088";"Nice";"06";"None";"None";"06088000MO0442";"None";"None";"6468";"nan";"6518";"21.92";"None";"nan";"None";"None";"None";"None";"2";"2";"Appartement";"22.0";"1.0";"None";"None";"None";"None";"nan";"7.249074";"43.693077";"000MO"
"2022-67445";"2022-10-04";"1";"Vente";"166600.0";"144";"None";"RUE DE FRANCE";"2595";"06000";"06088";"Nice";"06";"None";"None";"06088000MO0442";"None";"None";"6468";"nan";"6518";"21.92";"None";"nan";"None";"None";"None";"None";"2";"3";"Dépendance";"nan";"0.0";"None";"None";"None";"None";"nan";"7.249074";"43.693077";"000MO"
"2022-66507";"2022-10-03";"1";"Vente";"154000.0";"2";"None";"IMP SAINT LAURENT";"5845";"06000";"06088";"Nice";"06";"None";"None";"06088000MO0069";"None";"None";"35";"32.9";"None";"nan";"None";"nan";"None";"None";"None";"None";"1";"2";"Appartement";"32.0";"2.0";"None";"None";"None";"None";"nan";"7.246694";"43.692993";"000MO"
"2022-66507";"2022-10-03";"1";"Vente";"154000.0";"2";"None";"IMP SAINT LAURENT";"5845";"06000";"06088";"Nice";"06";"None";"None";"06088000MO0069";"None";"None";"35";"32.9";"None";"nan";"None";"nan";"None";"None";"None";"None";"1";"3";"Dépendance";"nan";"0.0";"None";"None";"None";"None";"nan";"7.246694";"43.692993";"000MO"
"2022-66428";"2022-09-30";"1";"Vente";"92000.0";"5";"None";"IMP SAINT LAURENT";"5845";"06000";"06088";"Nice";"06";"None";"None";"06088000MO0058";"None";"None";"15";"30.46";"2";"nan";"None";"nan";"None";"None";"None";"None";"2";"2";"Appartement";"32.0";"2.0";"None";"None";"None";"None";"nan";"7.246096";"43.693638";"000MO"
"2022-67049";"2022-09-30";"1";"Vente";"670000.0";"167";"None";"RUE DE FRANCE";"2595";"06000";"06088";"Nice";"06";"None";"None";"06088000MO0447";"None";"None";"104";"20.0";"None";"nan";"None";"nan";"None";"None";"None";"None";"1";"2";"Appartement";"19.0";"1.0";"None";"None";"None";"None";"nan";"7.247997";"43.692232";"000MO"
"2022-67049";"2022-09-30";"1";"Vente";"670000.0";"167";"None";"RUE DE FRANCE";"2595";"06000";"06088";"Nice";"06";"None";"None";"06088000MO0447";"None";"None";"105";"138.0";"106";"nan";"None";"nan";"None";"None";"None";"None";"2";"2";"Appartement";"140.0";"5.0";"None";"None";"None";"None";"nan";"7.247997";"43.692232";"000MO"
"2022-67421";"2022-09-30";"1";"Vente";"940000.0";"67";"None";"PROM DES ANGLAIS";"0240";"06000";"06088";"Nice";"06";"None";"None";"06088000MO0164";"None";"None";"7";"nan";"None";"nan";"None";"nan";"None";"None";"None";"None";"1";"2";"Appartement";"112.0";"5.0";"None";"None";"None";"None";"nan";"7.251248";"43.693077";"000MO"
"2022-66428";"2022-09-30";"1";"Vente";"92000.0";"5";"None";"IMP SAINT LAURENT";"5845";"06000";"06088";"Nice";"06";"None";"None";"06088000MO0058";"None";"None";"15";"30.46";"2";"nan";"None";"nan";"None";"None";"None";"None";"2";"3";"Dépendance";"nan";"0.0";"None";"None";"None";"None";"nan";"7.246096";"43.693638";"000MO"
"2022-67049";"2022-09-30";"1";"Vente";"670000.0";"167";"None";"RUE DE FRANCE";"2595";"06000";"06088";"Nice";"06";"None";"None";"06088000MO0447";"None";"None";"102";"nan";"105";"138.0";"None";"nan";"None";"None";"None";"None";"2";"3";"Dépendance";"nan";"0.0";"None";"None";"None";"None";"nan";"7.247997";"43.692232";"000MO"
"2022-67421";"2022-09-30";"1";"Vente";"940000.0";"67";"None";"PROM DES ANGLAIS";"0240";"06000";"06088";"Nice";"06";"None";"None";"06088000MO0164";"None";"None";"7";"nan";"None";"nan";"None";"nan";"None";"None";"None";"None";"1";"3";"Dépendance";"nan";"0.0";"None";"None";"None";"None";"nan";"7.251248";"43.693077";"000MO"
"2022-66765";"2022-09-27";"1";"Vente";"350000.0";"99";"None";"PROM DES ANGLAIS";"0240";"06000";"06088";"Nice";"06";"None";"None";"06088000MO0197";"None";"None";"12";"nan";"22";"60.95";"None";"nan";"None";"None";"None";"None";"2";"2";"Appartement";"65.0";"2.0";"None";"None";"None";"None";"nan";"7.247064";"43.691497";"000MO"
"2022-66765";"2022-09-27";"1";"Vente";"350000.0";"99";"None";"PROM DES ANGLAIS";"0240";"06000";"06088";"Nice";"06";"None";"None";"06088000MO0197";"None";"None";"12";"nan";"22";"60.95";"None";"nan";"None";"None";"None";"None";"2";"3";"Dépendance";"nan";"0.0";"None";"None";"None";"None";"nan";"7.247064";"43.691497";"000MO"
"2022-66555";"2022-09-26";"1";"Vente";"305000.0";"31";"None";"AV DES BAUMETTES";"0660";"06000";"06088";"Nice";"06";"None";"None";"06088000MO0120";"None";"None";"41";"nan";"9";"47.14";"None";"nan";"None";"None";"None";"None";"2";"2";"Appartement";"50.0";"2.0";"None";"None";"None";"None";"nan";"7.249428";"43.694455";"000MO"
"2022-66069";"2022-09-22";"1";"Vente";"38000.0";"162";"None";"RUE DE FRANCE";"2595";"06000";"06088";"Nice";"06";"None";"None";"06088000MO0092";"None";"None";"84";"nan";"None";"nan";"None";"nan";"None";"None";"None";"None";"1";"3";"Dépendance";"nan";"0.0";"None";"None";"None";"None";"nan";"7.247253";"43.692571";"000MO"
"2022-65948";"2022-09-22";"1";"Vente";"238125.0";"145";"B";"RUE DE FRANCE";"2595";"06000";"06088";"Nice";"06";"None";"None";"06088000MO0174";"None";"None";"26";"nan";"None";"nan";"None";"nan";"None";"None";"None";"None";"1";"4";"Local industriel. commercial ou assimilé";"16.0";"0.0";"None";"None";"None";"None";"nan";"7.250034";"43.692941";"000MO"
"2022-65948";"2022-09-22";"1";"Vente";"238125.0";"145";"B";"RUE DE FRANCE";"2595";"06000";"06088";"Nice";"06";"None";"None";"06088000MO0174";"None";"None";"30";"nan";"None";"nan";"None";"nan";"None";"None";"None";"None";"1";"4";"Local industriel. commercial ou assimilé";"15.0";"0.0";"None";"None";"None";"None";"nan";"7.250034";"43.692941";"000MO"
"2022-66253";"2022-09-21";"1";"Vente";"70000.0";"89";"None";"PROM DES ANGLAIS";"0240";"06000";"06088";"Nice";"06";"None";"None";"06088000MO0183";"None";"None";"24";"nan";"None";"nan";"None";"nan";"None";"None";"None";"None";"1";"3";"Dépendance";"nan";"0.0";"None";"None";"None";"None";"nan";"7.248773";"43.692083";"000MO"
"2022-66867";"2022-09-20";"1";"Vente";"705000.0";"69";"None";"PROM DES ANGLAIS";"0240";"06000";"06088";"Nice";"06";"None";"None";"06088000MO0167";"None";"None";"109";"nan";"20";"nan";"None";"nan";"None";"None";"None";"None";"2";"2";"Appartement";"74.0";"2.0";"None";"None";"None";"None";"nan";"7.251029";"43.693045";"000MO"
"2022-66867";"2022-09-20";"1";"Vente";"705000.0";"69";"None";"PROM DES ANGLAIS";"0240";"06000";"06088";"Nice";"06";"None";"None";"06088000MO0167";"None";"None";"67";"nan";"None";"nan";"None";"nan";"None";"None";"None";"None";"1";"3";"Dépendance";"nan";"0.0";"None";"None";"None";"None";"nan";"7.251029";"43.693045";"000MO"
"2022-65695";"2022-09-19";"1";"Vente";"113350.0";"145";"B";"RUE DE FRANCE";"2595";"06000";"06088";"Nice";"06";"None";"None";"06088000MO0174";"None";"None";"47";"nan";"None";"nan";"None";"nan";"None";"None";"None";"None";"1";"4";"Local industriel. commercial ou assimilé";"16.0";"0.0";"None";"None";"None";"None";"nan";"7.250034";"43.692941";"000MO"
"2022-65840";"2022-09-16";"1";"Vente";"535000.0";"37";"None";"AV DES BAUMETTES";"0660";"06000";"06088";"Nice";"06";"None";"None";"06088000MO0117";"None";"None";"12";"nan";"67";"nan";"None";"nan";"None";"None";"None";"None";"2";"2";"Appartement";"86.0";"3.0";"None";"None";"None";"None";"nan";"7.248379";"43.694701";"000MO"
"2022-65611";"2022-09-16";"1";"Vente";"30000.0";"161";"None";"RUE DE FRANCE";"2595";"06000";"06088";"Nice";"06";"None";"None";"06088000MO0181";"None";"None";"6";"nan";"None";"nan";"None";"nan";"None";"None";"None";"None";"1";"3";"Dépendance";"nan";"0.0";"None";"None";"None";"None";"nan";"7.248736";"43.692472";"000MO"
"2022-65840";"2022-09-16";"1";"Vente";"535000.0";"37";"None";"AV DES BAUMETTES";"0660";"06000";"06088";"Nice";"06";"None";"None";"06088000MO0117";"None";"None";"53";"nan";"None";"nan";"None";"nan";"None";"None";"None";"None";"1";"3";"Dépendance";"nan";"0.0";"None";"None";"None";"None";"nan";"7.248379";"43.694701";"000MO"
"2022-65840";"2022-09-16";"1";"Vente";"535000.0";"37";"None";"AV DES BAUMETTES";"0660";"06000";"06088";"Nice";"06";"None";"None";"06088000MO0117";"None";"None";"12";"nan";"67";"nan";"None";"nan";"None";"None";"None";"None";"2";"3";"Dépendance";"nan";"0.0";"None";"None";"None";"None";"nan";"7.248379";"43.694701";"000MO"
"2022-65714";"2022-09-15";"1";"Vente";"90000.0";"33";"None";"AV EMILE HENRIOT";"2253";"06000";"06088";"Nice";"06";"None";"None";"06088000MO0246";"None";"None";"4";"20.0";"None";"nan";"None";"nan";"None";"None";"None";"None";"1";"2";"Appartement";"20.0";"1.0";"None";"None";"None";"None";"nan";"7.24487";"43.694383";"000MO"
"2022-65891";"2022-09-09";"1";"Vente";"600000.0";"105";"None";"PROM DES ANGLAIS";"0240";"06000";"06088";"Nice";"06";"None";"None";"06088000MO0207";"None";"None";"16";"nan";"7";"nan";"None";"nan";"None";"None";"None";"None";"2";"2";"Appartement";"80.0";"2.0";"None";"None";"None";"None";"nan";"7.246034";"43.691534";"000MO"
"2022-65891";"2022-09-09";"1";"Vente";"600000.0";"105";"None";"PROM DES ANGLAIS";"0240";"06000";"06088";"Nice";"06";"None";"None";"06088000MO0207";"None";"None";"16";"nan";"7";"nan";"None";"nan";"None";"None";"None";"None";"2";"3";"Dépendance";"nan";"0.0";"None";"None";"None";"None";"nan";"7.246034";"43.691534";"000MO"
"2022-64842";"2022-09-07";"1";"Vente";"292500.0";"162";"None";"RUE DE FRANCE";"2595";"06000";"06088";"Nice";"06";"None";"None";"06088000MO0092";"None";"None";"66";"nan";"None";"nan";"None";"nan";"None";"None";"None";"None";"1";"2";"Appartement";"52.0";"2.0";"None";"None";"None";"None";"nan";"7.247253";"43.692571";"000MO"
"2022-64842";"2022-09-07";"1";"Vente";"292500.0";"162";"None";"RUE DE FRANCE";"2595";"06000";"06088";"Nice";"06";"None";"None";"06088000MO0092";"None";"None";"66";"nan";"None";"nan";"None";"nan";"None";"None";"None";"None";"1";"3";"Dépendance";"nan";"0.0";"None";"None";"None";"None";"nan";"7.247253";"43.692571";"000MO"
"2022-64816";"2022-09-05";"1";"Vente";"380000.0";"4";"None";"RUE POINCARE";"5190";"06000";"06088";"Nice";"06";"None";"None";"06088000MO0546";"None";"None";"1";"nan";"20";"67.47";"None";"nan";"None";"None";"None";"None";"2";"2";"Appartement";"65.0";"3.0";"None";"None";"None";"None";"nan";"7.24858";"43.692397";"000MO"
"2022-64816";"2022-09-05";"1";"Vente";"380000.0";"4";"None";"RUE POINCARE";"5190";"06000";"06088";"Nice";"06";"None";"None";"06088000MO0546";"None";"None";"1";"nan";"20";"67.47";"None";"nan";"None";"None";"None";"None";"2";"3";"Dépendance";"nan";"0.0";"None";"None";"None";"None";"nan";"7.24858";"43.692397";"000MO"
"2022-64506";"2022-09-02";"1";"Vente";"188000.0";"2";"None";"IMP SAINT LAURENT";"5845";"06000";"06088";"Nice";"06";"None";"None";"06088000MO0069";"None";"None";"21";"36.03";"None";"nan";"None";"nan";"None";"None";"None";"None";"1";"2";"Appartement";"36.0";"2.0";"None";"None";"None";"None";"nan";"7.246694";"43.692993";"000MO"
"2022-64506";"2022-09-02";"1";"Vente";"188000.0";"2";"None";"IMP SAINT LAURENT";"5845";"06000";"06088";"Nice";"06";"None";"None";"06088000MO0069";"None";"None";"21";"36.03";"None";"nan";"None";"nan";"None";"None";"None";"None";"1";"3";"Dépendance";"nan";"0.0";"None";"None";"None";"None";"nan";"7.246694";"43.692993";"000MO"
"2022-65030";"2022-09-02";"1";"Vente";"110000.0";"145";"B";"RUE DE FRANCE";"2595";"06000";"06088";"Nice";"06";"None";"None";"06088000MO0174";"None";"None";"31";"nan";"None";"nan";"None";"nan";"None";"None";"None";"None";"1";"4";"Local industriel. commercial ou assimilé";"16.0";"0.0";"None";"None";"None";"None";"nan";"7.250034";"43.692941";"000MO"
"2022-65035";"2022-09-02";"1";"Vente";"210000.0";"145";"B";"RUE DE FRANCE";"2595";"06000";"06088";"Nice";"06";"None";"None";"06088000MO0174";"None";"None";"32";"nan";"None";"nan";"None";"nan";"None";"None";"None";"None";"1";"4";"Local industriel. commercial ou assimilé";"15.0";"0.0";"None";"None";"None";"None";"nan";"7.250034";"43.692941";"000MO"
"2022-65035";"2022-09-02";"1";"Vente";"210000.0";"145";"B";"RUE DE FRANCE";"2595";"06000";"06088";"Nice";"06";"None";"None";"06088000MO0174";"None";"None";"33";"nan";"None";"nan";"None";"nan";"None";"None";"None";"None";"1";"4";"Local industriel. commercial ou assimilé";"14.0";"0.0";"None";"None";"None";"None";"nan";"7.250034";"43.692941";"000MO"
"2022-65517";"2022-09-02";"1";"Vente";"104100.0";"145";"B";"RUE DE FRANCE";"2595";"06000";"06088";"Nice";"06";"None";"None";"06088000MO0174";"None";"None";"34";"nan";"None";"nan";"None";"nan";"None";"None";"None";"None";"1";"4";"Local industriel. commercial ou assimilé";"15.0";"0.0";"None";"None";"None";"None";"nan";"7.250034";"43.692941";"000MO"
"2022-65023";"2022-09-01";"1";"Vente";"115000.0";"145";"B";"RUE DE FRANCE";"2595";"06000";"06088";"Nice";"06";"None";"None";"06088000MO0174";"None";"None";"29";"nan";"None";"nan";"None";"nan";"None";"None";"None";"None";"1";"4";"Local industriel. commercial ou assimilé";"15.0";"0.0";"None";"None";"None";"None";"nan";"7.250034";"43.692941";"000MO"
"2022-64609";"2022-08-31";"1";"Vente";"335000.0";"160";"None";"RUE DE FRANCE";"2595";"06000";"06088";"Nice";"06";"None";"None";"06088000MO0399";"None";"None";"9";"nan";"None";"nan";"None";"nan";"None";"None";"None";"None";"1";"2";"Appartement";"59.0";"2.0";"None";"None";"None";"None";"nan";"7.247758";"43.693082";"000MO"
"2022-64774";"2022-08-31";"1";"Vente";"340000.0";"161";"None";"RUE DE FRANCE";"2595";"06000";"06088";"Nice";"06";"None";"None";"06088000MO0181";"None";"None";"13";"nan";"40";"nan";"None";"nan";"None";"None";"None";"None";"2";"2";"Appartement";"51.0";"2.0";"None";"None";"None";"None";"nan";"7.248736";"43.692472";"000MO"
"2022-64609";"2022-08-31";"1";"Vente";"335000.0";"160";"None";"RUE DE FRANCE";"2595";"06000";"06088";"Nice";"06";"None";"None";"06088000MO0399";"None";"None";"87";"nan";"None";"nan";"None";"nan";"None";"None";"None";"None";"1";"3";"Dépendance";"nan";"0.0";"None";"None";"None";"None";"nan";"7.247758";"43.693082";"000MO"
"2022-64774";"2022-08-31";"1";"Vente";"340000.0";"161";"None";"RUE DE FRANCE";"2595";"06000";"06088";"Nice";"06";"None";"None";"06088000MO0181";"None";"None";"13";"nan";"40";"nan";"None";"nan";"None";"None";"None";"None";"2";"3";"Dépendance";"nan";"0.0";"None";"None";"None";"None";"nan";"7.248736";"43.692472";"000MO"
"2022-64774";"2022-08-31";"1";"Vente";"340000.0";"161";"None";"RUE DE FRANCE";"2595";"06000";"06088";"Nice";"06";"None";"None";"06088000MO0181";"None";"None";"4";"nan";"None";"nan";"None";"nan";"None";"None";"None";"None";"1";"3";"Dépendance";"nan";"0.0";"None";"None";"None";"None";"nan";"7.248736";"43.692472";"000MO"
"2022-64694";"2022-08-30";"1";"Vente";"192000.0";"132";"None";"RUE DE FRANCE";"2595";"06000";"06088";"Nice";"06";"None";"None";"06088000MO0131";"None";"None";"42";"30.43";"None";"nan";"None";"nan";"None";"None";"None";"None";"1";"2";"Appartement";"30.0";"1.0";"None";"None";"None";"None";"nan";"7.250383";"43.693592";"000MO"
"2022-64206";"2022-08-29";"1";"Vente";"335000.0";"144";"None";"RUE DE FRANCE";"2595";"06000";"06088";"Nice";"06";"None";"None";"06088000MO0442";"None";"None";"6576";"nan";"None";"nan";"None";"nan";"None";"None";"None";"None";"1";"2";"Appartement";"42.0";"2.0";"None";"None";"None";"None";"nan";"7.249074";"43.693077";"000MO"
"2022-65996";"2022-08-29";"1";"Vente";"235000.0";"189";"None";"RUE DE FRANCE";"2595";"06000";"06088";"Nice";"06";"None";"None";"06088000MO0208";"None";"None";"4";"nan";"None";"nan";"None";"nan";"None";"None";"None";"None";"1";"2";"Appartement";"49.0";"1.0";"None";"None";"None";"None";"nan";"7.245848";"43.691464";"000MO"
"2022-66309";"2022-08-29";"1";"Vente";"340000.0";"159";"None";"RUE DE FRANCE";"2595";"06000";"06088";"Nice";"06";"None";"None";"06088000MO0178";"None";"None";"253";"nan";"None";"nan";"None";"nan";"None";"None";"None";"None";"1";"2";"Appartement";"72.0";"3.0";"None";"None";"None";"None";"nan";"7.249108";"43.692398";"000MO"
"2022-64206";"2022-08-29";"1";"Vente";"335000.0";"144";"None";"RUE DE FRANCE";"2595";"06000";"06088";"Nice";"06";"None";"None";"06088000MO0442";"None";"None";"6171";"nan";"None";"nan";"None";"nan";"None";"None";"None";"None";"1";"3";"Dépendance";"nan";"0.0";"None";"None";"None";"None";"nan";"7.249074";"43.693077";"000MO"
"2022-66309";"2022-08-29";"1";"Vente";"340000.0";"159";"None";"RUE DE FRANCE";"2595";"06000";"06088";"Nice";"06";"None";"None";"06088000MO0178";"None";"None";"253";"nan";"None";"nan";"None";"nan";"None";"None";"None";"None";"1";"3";"Dépendance";"nan";"0.0";"None";"None";"None";"None";"nan";"7.249108";"43.692398";"000MO"
"2022-64176";"2022-08-26";"1";"Vente";"60000.0";"5";"None";"RUE PAUL VALERY";"4910";"06000";"06088";"Nice";"06";"None";"None";"06088000MO0408";"None";"None";"3";"nan";"None";"nan";"None";"nan";"None";"None";"None";"None";"1";"2";"Appartement";"28.0";"1.0";"None";"None";"None";"None";"nan";"7.251112";"43.693284";"000MO"
"2022-65591";"2022-08-23";"1";"Vente";"156080.0";"5";"None";"AV ADOLPHE ISNARD SERRAT";"0043";"06000";"06088";"Nice";"06";"None";"None";"06088000MO0006";"None";"None";"21";"nan";"None";"nan";"None";"nan";"None";"None";"None";"None";"1";"2";"Appartement";"31.0";"2.0";"None";"None";"None";"None";"nan";"7.243913";"43.694377";"000MO"
"2022-64035";"2022-08-16";"1";"Vente";"25000.0";"169";"None";"RUE DE FRANCE";"2595";"06000";"06088";"Nice";"06";"None";"None";"06088000MO0187";"None";"None";"61";"nan";"None";"nan";"None";"nan";"None";"None";"None";"None";"1";"2";"Appartement";"13.0";"1.0";"None";"None";"None";"None";"nan";"7.247818";"43.692107";"000MO"
"2022-64076";"2022-08-12";"1";"Vente";"265000.0";"118";"None";"RUE DE FRANCE";"2595";"06000";"06088";"Nice";"06";"None";"None";"06088000MO0550";"None";"None";"256";"nan";"None";"nan";"None";"nan";"None";"None";"None";"None";"1";"2";"Appartement";"50.0";"2.0";"None";"None";"None";"None";"nan";"7.250655";"43.693744";"000MO"
"2022-63354";"2022-08-05";"1";"Vente";"30000.0";"144";"None";"RUE DE FRANCE";"2595";"06000";"06088";"Nice";"06";"None";"None";"06088000MO0442";"None";"None";"6222";"nan";"None";"nan";"None";"nan";"None";"None";"None";"None";"1";"3";"Dépendance";"nan";"0.0";"None";"None";"None";"None";"nan";"7.249074";"43.693077";"000MO"
"2022-63266";"2022-08-03";"1";"Vente";"240000.0";"1";"None";"AV DES BAUMETTES";"0660";"06000";"06088";"Nice";"06";"None";"None";"06088000MO0155";"None";"None";"25";"nan";"47";"50.66";"None";"nan";"None";"None";"None";"None";"2";"2";"Appartement";"51.0";"2.0";"None";"None";"None";"None";"nan";"7.251574";"43.694519";"000MO"
"2022-63266";"2022-08-03";"1";"Vente";"240000.0";"1";"None";"AV DES BAUMETTES";"0660";"06000";"06088";"Nice";"06";"None";"None";"06088000MO0155";"None";"None";"25";"nan";"47";"50.66";"None";"nan";"None";"None";"None";"None";"2";"3";"Dépendance";"nan";"0.0";"None";"None";"None";"None";"nan";"7.251574";"43.694519";"000MO"
"2022-63947";"2022-08-02";"1";"Vente";"207800.0";"37";"None";"AV DES BAUMETTES";"0660";"06000";"06088";"Nice";"06";"None";"None";"06088000MO0117";"None";"None";"16";"nan";"54";"36.0";"None";"nan";"None";"None";"None";"None";"2";"2";"Appartement";"35.0";"1.0";"None";"None";"None";"None";"nan";"7.248379";"43.694701";"000MO"
"2022-63947";"2022-08-02";"1";"Vente";"207800.0";"37";"None";"AV DES BAUMETTES";"0660";"06000";"06088";"Nice";"06";"None";"None";"06088000MO0117";"None";"None";"16";"nan";"54";"36.0";"None";"nan";"None";"None";"None";"None";"2";"3";"Dépendance";"nan";"0.0";"None";"None";"None";"None";"nan";"7.248379";"43.694701";"000MO"
"2022-62390";"2022-07-28";"1";"Vente";"583300.0";"63";"None";"PROM DES ANGLAIS";"0240";"06000";"06088";"Nice";"06";"None";"None";"06088000MO0160";"None";"None";"12";"56.37";"80";"nan";"None";"nan";"None";"None";"None";"None";"2";"2";"Appartement";"60.0";"2.0";"None";"None";"None";"None";"nan";"7.252144";"43.693193";"000MO"
"2022-62390";"2022-07-28";"1";"Vente";"583300.0";"63";"None";"PROM DES ANGLAIS";"0240";"06000";"06088";"Nice";"06";"None";"None";"06088000MO0160";"None";"None";"12";"56.37";"80";"nan";"None";"nan";"None";"None";"None";"None";"2";"3";"Dépendance";"nan";"0.0";"None";"None";"None";"None";"nan";"7.252144";"43.693193";"000MO"
"2022-63007";"2022-07-28";"1";"Vente";"26000.0";"144";"None";"RUE DE FRANCE";"2595";"06000";"06088";"Nice";"06";"None";"None";"06088000MO0442";"None";"None";"6130";"nan";"None";"nan";"None";"nan";"None";"None";"None";"None";"1";"3";"Dépendance";"nan";"0.0";"None";"None";"None";"None";"nan";"7.249074";"43.693077";"000MO"
"2022-63703";"2022-07-27";"1";"Vente";"137000.0";"144";"None";"RUE DE FRANCE";"2595";"06000";"06088";"Nice";"06";"None";"None";"06088000MO0442";"None";"None";"6408";"nan";"6533";"nan";"None";"nan";"None";"None";"None";"None";"2";"2";"Appartement";"27.0";"1.0";"None";"None";"None";"None";"nan";"7.249074";"43.693077";"000MO"
"2022-62550";"2022-07-27";"1";"Vente";"20000.0";"8";"None";"RUE AUGUSTE RENOIR";"0470";"06000";"06088";"Nice";"06";"None";"None";"06088000MO0471";"None";"None";"125";"nan";"None";"nan";"None";"nan";"None";"None";"None";"None";"1";"3";"Dépendance";"nan";"0.0";"None";"None";"None";"None";"nan";"7.24985";"43.693748";"000MO"
"2022-63703";"2022-07-27";"1";"Vente";"137000.0";"144";"None";"RUE DE FRANCE";"2595";"06000";"06088";"Nice";"06";"None";"None";"06088000MO0442";"None";"None";"6408";"nan";"6533";"nan";"None";"nan";"None";"None";"None";"None";"2";"3";"Dépendance";"nan";"0.0";"None";"None";"None";"None";"nan";"7.249074";"43.693077";"000MO"
"2022-62309";"2022-07-26";"1";"Vente";"124000.0";"71";"None";"PROM DES ANGLAIS";"0240";"06000";"06088";"Nice";"06";"None";"None";"06088000MO0169";"None";"None";"32";"14.01";"None";"nan";"None";"nan";"None";"None";"None";"None";"1";"3";"Dépendance";"nan";"0.0";"None";"None";"None";"None";"nan";"7.250868";"43.692819";"000MO"
"2022-63320";"2022-07-22";"1";"Vente";"153666.66";"1";"None";"RUE PAUL VALERY";"4910";"06000";"06088";"Nice";"06";"None";"None";"06088000MO0164";"None";"None";"61";"nan";"83";"nan";"None";"nan";"None";"None";"None";"None";"2";"2";"Appartement";"58.0";"2.0";"None";"None";"None";"None";"nan";"7.251248";"43.693077";"000MO"
"2022-63320";"2022-07-22";"1";"Vente";"153666.66";"1";"None";"RUE PAUL VALERY";"4910";"06000";"06088";"Nice";"06";"None";"None";"06088000MO0164";"None";"None";"61";"nan";"83";"nan";"None";"nan";"None";"None";"None";"None";"2";"3";"Dépendance";"nan";"0.0";"None";"None";"None";"None";"nan";"7.251248";"43.693077";"000MO"
"2022-62413";"2022-07-21";"1";"Vente";"33000.0";"144";"None";"RUE DE FRANCE";"2595";"06000";"06088";"Nice";"06";"None";"None";"06088000MO0442";"None";"None";"6159";"nan";"None";"nan";"None";"nan";"None";"None";"None";"None";"1";"3";"Dépendance";"nan";"0.0";"None";"None";"None";"None";"nan";"7.249074";"43.693077";"000MO"
"2022-63027";"2022-07-21";"1";"Vente";"28000.0";"160";"None";"RUE DE FRANCE";"2595";"06000";"06088";"Nice";"06";"None";"None";"06088000MO0399";"None";"None";"127";"nan";"None";"nan";"None";"nan";"None";"None";"None";"None";"1";"3";"Dépendance";"nan";"0.0";"None";"None";"None";"None";"nan";"7.247758";"43.693082";"000MO"
"2022-62607";"2022-07-20";"1";"Vente";"80000.0";"137";"None";"RUE DE FRANCE";"2595";"06000";"06088";"Nice";"06";"None";"None";"06088000MO0168";"None";"None";"34";"12.81";"None";"nan";"None";"nan";"None";"None";"None";"None";"1";"2";"Appartement";"15.0";"1.0";"None";"None";"None";"None";"nan";"7.250703";"43.693101";"000MO"
"2022-61872";"2022-07-18";"1";"Vente";"95000.0";"137";"None";"RUE DE FRANCE";"2595";"06000";"06088";"Nice";"06";"None";"None";"06088000MO0168";"None";"None";"44";"19.41";"None";"nan";"None";"nan";"None";"None";"None";"None";"1";"2";"Appartement";"20.0";"1.0";"None";"None";"None";"None";"nan";"7.250703";"43.693101";"000MO"
"2022-62301";"2022-07-18";"1";"Vente";"850000.0";"97";"None";"PROM DES ANGLAIS";"0240";"06000";"06088";"Nice";"06";"None";"None";"06088000MO0196";"None";"None";"13";"nan";"26";"85.74";"None";"nan";"None";"None";"None";"None";"2";"2";"Appartement";"81.0";"3.0";"None";"None";"None";"None";"nan";"7.247245";"43.691597";"000MO"
"2022-62301";"2022-07-18";"1";"Vente";"850000.0";"97";"None";"PROM DES ANGLAIS";"0240";"06000";"06088";"Nice";"06";"None";"None";"06088000MO0196";"None";"None";"13";"nan";"26";"85.74";"None";"nan";"None";"None";"None";"None";"2";"3";"Dépendance";"nan";"0.0";"None";"None";"None";"None";"nan";"7.247245";"43.691597";"000MO"
"2022-62301";"2022-07-18";"1";"Vente";"850000.0";"97";"None";"PROM DES ANGLAIS";"0240";"06000";"06088";"Nice";"06";"None";"None";"06088000MO0196";"None";"None";"13";"nan";"26";"85.74";"None";"nan";"None";"None";"None";"None";"2";"3";"Dépendance";"nan";"0.0";"None";"None";"None";"None";"nan";"7.247245";"43.691597";"000MO"
"2022-62451";"2022-07-18";"1";"Vente";"55000.0";"71";"None";"PROM DES ANGLAIS";"0240";"06000";"06088";"Nice";"06";"None";"None";"06088000MO0169";"None";"None";"25";"nan";"None";"nan";"None";"nan";"None";"None";"None";"None";"1";"3";"Dépendance";"nan";"0.0";"None";"None";"None";"None";"nan";"7.250868";"43.692819";"000MO"
"2022-62624";"2022-07-18";"1";"Vente";"32000.0";"75";"None";"PROM DES ANGLAIS";"0240";"06000";"06088";"Nice";"06";"None";"None";"06088000MO0172";"None";"None";"46";"nan";"None";"nan";"None";"nan";"None";"None";"None";"None";"1";"3";"Dépendance";"nan";"0.0";"None";"None";"None";"None";"nan";"7.250454";"43.69266";"000MO"
"2022-62461";"2022-07-15";"1";"Vente";"1020000.0";"92";"None";"PROM DES ANGLAIS";"0240";"06000";"06088";"Nice";"06";"None";"None";"06088000MO0188";"None";"None";"108";"nan";"35";"87.12";"None";"nan";"None";"None";"None";"None";"2";"2";"Appartement";"98.0";"3.0";"None";"None";"None";"None";"nan";"7.247982";"43.691897";"000MO"
"2022-62461";"2022-07-15";"1";"Vente";"1020000.0";"92";"None";"PROM DES ANGLAIS";"0240";"06000";"06088";"Nice";"06";"None";"None";"06088000MO0188";"None";"None";"108";"nan";"35";"87.12";"None";"nan";"None";"None";"None";"None";"2";"3";"Dépendance";"nan";"0.0";"None";"None";"None";"None";"nan";"7.247982";"43.691897";"000MO"
"2022-61636";"2022-07-12";"1";"Vente";"4500.0";"8";"None";"AV ADOLPHE ISNARD SERRAT";"0043";"06000";"06088";"Nice";"06";"None";"None";"06088000MO0013";"None";"None";"6";"nan";"None";"nan";"None";"nan";"None";"None";"None";"None";"1";"2";"Appartement";"28.0";"1.0";"None";"None";"None";"None";"nan";"7.244173";"43.694248";"000MO"
"2022-61636";"2022-07-12";"1";"Vente";"4500.0";"8";"None";"AV ADOLPHE ISNARD SERRAT";"0043";"06000";"06088";"Nice";"06";"None";"None";"06088000MO0013";"None";"None";"6";"nan";"None";"nan";"None";"nan";"None";"None";"None";"None";"1";"3";"Dépendance";"nan";"0.0";"None";"None";"None";"None";"nan";"7.244173";"43.694248";"000MO"
"2022-62915";"2022-07-11";"1";"Vente";"490000.0";"5";"None";"RUE PAUL VALERY";"4910";"06000";"06088";"Nice";"06";"None";"None";"06088000MO0408";"None";"None";"15";"nan";"27";"nan";"33";"84.0";"None";"None";"None";"None";"3";"2";"Appartement";"84.0";"3.0";"None";"None";"None";"None";"nan";"7.251112";"43.693284";"000MO"
"2022-63185";"2022-07-11";"1";"Vente";"151000.0";"144";"None";"RUE DE FRANCE";"2595";"06000";"06088";"Nice";"06";"None";"None";"06088000MO0442";"None";"None";"6530";"27.0";"None";"nan";"None";"nan";"None";"None";"None";"None";"1";"2";"Appartement";"28.0";"1.0";"None";"None";"None";"None";"nan";"7.249074";"43.693077";"000MO"
"2022-61518";"2022-07-05";"1";"Vente";"160000.0";"144";"None";"RUE DE FRANCE";"2595";"06000";"06088";"Nice";"06";"None";"None";"06088000MO0442";"None";"None";"6510";"nan";"None";"nan";"None";"nan";"None";"None";"None";"None";"1";"2";"Appartement";"22.0";"1.0";"None";"None";"None";"None";"nan";"7.249074";"43.693077";"000MO"
"2022-60702";"2022-07-04";"1";"Vente";"440900.0";"37";"None";"AV DES BAUMETTES";"0660";"06000";"06088";"Nice";"06";"None";"None";"06088000MO0117";"None";"None";"33";"nan";"56";"nan";"None";"nan";"None";"None";"None";"None";"2";"2";"Appartement";"42.0";"1.0";"None";"None";"None";"None";"nan";"7.248379";"43.694701";"000MO"
"2022-62861";"2022-07-04";"1";"Vente";"161850.0";"120";"None";"RUE DE FRANCE";"2595";"06000";"06088";"Nice";"06";"None";"None";"06088000MO0550";"None";"None";"209";"nan";"None";"nan";"None";"nan";"None";"None";"None";"None";"1";"2";"Appartement";"47.0";"2.0";"None";"None";"None";"None";"nan";"7.250655";"43.693744";"000MO"
"2022-62861";"2022-07-04";"1";"Vente";"161850.0";"120";"None";"RUE DE FRANCE";"2595";"06000";"06088";"Nice";"06";"None";"None";"06088000MO0550";"None";"None";"218";"nan";"None";"nan";"None";"nan";"None";"None";"None";"None";"1";"2";"Appartement";"48.0";"2.0";"None";"None";"None";"None";"nan";"7.250655";"43.693744";"000MO"
"2022-60702";"2022-07-04";"1";"Vente";"440900.0";"37";"None";"AV DES BAUMETTES";"0660";"06000";"06088";"Nice";"06";"None";"None";"06088000MO0117";"None";"None";"33";"nan";"56";"nan";"None";"nan";"None";"None";"None";"None";"2";"3";"Dépendance";"nan";"0.0";"None";"None";"None";"None";"nan";"7.248379";"43.694701";"000MO"
"2022-62861";"2022-07-04";"1";"Vente";"161850.0";"118";"None";"RUE DE FRANCE";"2595";"06000";"06088";"Nice";"06";"None";"None";"06088000MO0550";"None";"None";"294";"nan";"None";"nan";"None";"nan";"None";"None";"None";"None";"1";"3";"Dépendance";"nan";"0.0";"None";"None";"None";"None";"nan";"7.250655";"43.693744";"000MO"
"2022-60565";"2022-06-30";"1";"Vente";"378000.0";"1";"None";"BD FRANCOIS GROSSO";"2630";"06000";"06088";"Nice";"06";"None";"None";"06088000MO0156";"None";"None";"3";"nan";"45";"80.18";"None";"nan";"None";"None";"None";"None";"2";"2";"Appartement";"80.0";"3.0";"None";"None";"None";"None";"nan";"7.251786";"43.694394";"000MO"
"2022-61988";"2022-06-30";"1";"Vente";"100000.0";"18";"None";"IMP SAINT LAURENT";"5845";"06000";"06088";"Nice";"06";"None";"None";"06088000MO0053";"None";"None";"18";"30.43";"6";"nan";"None";"nan";"None";"None";"None";"None";"2";"2";"Appartement";"29.0";"2.0";"None";"None";"None";"None";"nan";"7.246228";"43.693925";"000MO"
"2022-60565";"2022-06-30";"1";"Vente";"378000.0";"1";"None";"BD FRANCOIS GROSSO";"2630";"06000";"06088";"Nice";"06";"None";"None";"06088000MO0156";"None";"None";"3";"nan";"45";"80.18";"None";"nan";"None";"None";"None";"None";"2";"3";"Dépendance";"nan";"0.0";"None";"None";"None";"None";"nan";"7.251786";"43.694394";"000MO"
"2022-60565";"2022-06-30";"1";"Vente";"378000.0";"1";"None";"BD FRANCOIS GROSSO";"2630";"06000";"06088";"Nice";"06";"None";"None";"06088000MO0156";"None";"None";"3";"nan";"45";"80.18";"None";"nan";"None";"None";"None";"None";"2";"3";"Dépendance";"nan";"0.0";"None";"None";"None";"None";"nan";"7.251786";"43.694394";"000MO"
"2022-61213";"2022-06-29";"1";"Vente";"162500.0";"144";"None";"RUE DE FRANCE";"2595";"06000";"06088";"Nice";"06";"None";"None";"06088000MO0442";"None";"None";"6534";"27.04";"None";"nan";"None";"nan";"None";"None";"None";"None";"1";"2";"Appartement";"28.0";"1.0";"None";"None";"None";"None";"nan";"7.249074";"43.693077";"000MO"
"2022-61213";"2022-06-29";"1";"Vente";"162500.0";"144";"None";"RUE DE FRANCE";"2595";"06000";"06088";"Nice";"06";"None";"None";"06088000MO0442";"None";"None";"6448";"nan";"None";"nan";"None";"nan";"None";"None";"None";"None";"1";"3";"Dépendance";"nan";"0.0";"None";"None";"None";"None";"nan";"7.249074";"43.693077";"000MO"
"2022-61222";"2022-06-29";"1";"Vente";"75000.0";"111";"None";"PROM DES ANGLAIS";"0240";"06000";"06088";"Nice";"06";"None";"None";"06088000MO0213";"None";"None";"2";"13.83";"None";"nan";"None";"nan";"None";"None";"None";"None";"1";"3";"Dépendance";"nan";"0.0";"None";"None";"None";"None";"nan";"7.245852";"43.691165";"000MO"
"2022-61274";"2022-06-28";"1";"Vente";"374500.0";"147";"None";"RUE DE FRANCE";"2595";"06000";"06088";"Nice";"06";"None";"None";"06088000MO0237";"None";"None";"107";"nan";"64";"nan";"None";"nan";"None";"None";"None";"None";"2";"2";"Appartement";"66.0";"2.0";"None";"None";"None";"None";"nan";"7.249728";"43.692755";"000MO"
"2022-61274";"2022-06-28";"1";"Vente";"374500.0";"147";"None";"RUE DE FRANCE";"2595";"06000";"06088";"Nice";"06";"None";"None";"06088000MO0237";"None";"None";"107";"nan";"64";"nan";"None";"nan";"None";"None";"None";"None";"2";"3";"Dépendance";"nan";"0.0";"None";"None";"None";"None";"nan";"7.249728";"43.692755";"000MO"
"2022-61274";"2022-06-28";"1";"Vente";"374500.0";"144";"None";"RUE DE FRANCE";"2595";"06000";"06088";"Nice";"06";"None";"None";"06088000MO0442";"None";"None";"6144";"nan";"None";"nan";"None";"nan";"None";"None";"None";"None";"1";"3";"Dépendance";"nan";"0.0";"None";"None";"None";"None";"nan";"7.249074";"43.693077";"000MO"
"2022-60448";"2022-06-27";"1";"Vente";"585000.0";"3";"None";"RUE POINCARE";"5190";"06000";"06088";"Nice";"06";"None";"None";"06088000MO0185";"None";"None";"100";"71.09";"42";"nan";"None";"nan";"None";"None";"None";"None";"2";"2";"Appartement";"70.0";"3.0";"None";"None";"None";"None";"nan";"7.248177";"43.692124";"000MO"
"2022-61258";"2022-06-27";"1";"Vente";"123000.0";"144";"None";"RUE DE FRANCE";"2595";"06000";"06088";"Nice";"06";"None";"None";"06088000MO0442";"None";"None";"6640";"18.6";"None";"nan";"None";"nan";"None";"None";"None";"None";"1";"2";"Appartement";"22.0";"1.0";"None";"None";"None";"None";"nan";"7.249074";"43.693077";"000MO"
"2022-60480";"2022-06-24";"1";"Vente";"230000.0";"111";"None";"PROM DES ANGLAIS";"0240";"06000";"06088";"Nice";"06";"None";"None";"06088000MO0213";"None";"None";"32";"40.07";"None";"nan";"None";"nan";"None";"None";"None";"None";"1";"2";"Appartement";"41.0";"2.0";"None";"None";"None";"None";"nan";"7.245852";"43.691165";"000MO"
"2022-60745";"2022-06-24";"1";"Vente";"259800.0";"144";"None";"RUE DE FRANCE";"2595";"06000";"06088";"Nice";"06";"None";"None";"06088000MO0442";"None";"None";"6455";"nan";"6581";"47.01";"None";"nan";"None";"None";"None";"None";"2";"2";"Appartement";"46.0";"3.0";"None";"None";"None";"None";"nan";"7.249074";"43.693077";"000MO"
"2022-61285";"2022-06-24";"1";"Vente";"295000.0";"144";"None";"RUE DE FRANCE";"2595";"06000";"06088";"Nice";"06";"None";"None";"06088000MO0442";"None";"None";"6391";"nan";"6664";"41.81";"None";"nan";"None";"None";"None";"None";"2";"2";"Appartement";"42.0";"2.0";"None";"None";"None";"None";"nan";"7.249074";"43.693077";"000MO"
"2022-60352";"2022-06-24";"1";"Vente";"30000.0";"3";"B";"AV DES BAUMETTES";"0660";"06000";"06088";"Nice";"06";"None";"None";"06088000MO0302";"None";"None";"10";"nan";"None";"nan";"None";"nan";"None";"None";"None";"None";"1";"3";"Dépendance";"nan";"0.0";"None";"None";"None";"None";"nan";"7.250749";"43.694365";"000MO"
"2022-60745";"2022-06-24";"1";"Vente";"259800.0";"144";"None";"RUE DE FRANCE";"2595";"06000";"06088";"Nice";"06";"None";"None";"06088000MO0442";"None";"None";"6455";"nan";"6581";"47.01";"None";"nan";"None";"None";"None";"None";"2";"3";"Dépendance";"nan";"0.0";"None";"None";"None";"None";"nan";"7.249074";"43.693077";"000MO"
"2022-61285";"2022-06-24";"1";"Vente";"295000.0";"144";"None";"RUE DE FRANCE";"2595";"06000";"06088";"Nice";"06";"None";"None";"06088000MO0442";"None";"None";"6391";"nan";"6664";"41.81";"None";"nan";"None";"None";"None";"None";"2";"3";"Dépendance";"nan";"0.0";"None";"None";"None";"None";"nan";"7.249074";"43.693077";"000MO"
"2022-61285";"2022-06-24";"1";"Vente";"295000.0";"144";"None";"RUE DE FRANCE";"2595";"06000";"06088";"Nice";"06";"None";"None";"06088000MO0442";"None";"None";"6263";"nan";"None";"nan";"None";"nan";"None";"None";"None";"None";"1";"3";"Dépendance";"nan";"0.0";"None";"None";"None";"None";"nan";"7.249074";"43.693077";"000MO"
"2022-60793";"2022-06-23";"1";"Vente";"144150.0";"147";"None";"RUE DE FRANCE";"2595";"06000";"06088";"Nice";"06";"None";"None";"06088000MO0237";"None";"None";"51";"nan";"None";"nan";"None";"nan";"None";"None";"None";"None";"1";"2";"Appartement";"20.0";"1.0";"None";"None";"None";"None";"nan";"7.249728";"43.692755";"000MO"
"2022-59658";"2022-06-14";"1";"Vente";"24500.0";"144";"None";"RUE DE FRANCE";"2595";"06000";"06088";"Nice";"06";"None";"None";"06088000MO0442";"None";"None";"6098";"nan";"None";"nan";"None";"nan";"None";"None";"None";"None";"1";"3";"Dépendance";"nan";"0.0";"None";"None";"None";"None";"nan";"7.249074";"43.693077";"000MO"
"2022-60341";"2022-06-13";"1";"Vente";"96500.0";"147";"None";"RUE DE FRANCE";"2595";"06000";"06088";"Nice";"06";"None";"None";"06088000MO0237";"None";"None";"78";"14.27";"None";"nan";"None";"nan";"None";"None";"None";"None";"1";"2";"Appartement";"14.0";"1.0";"None";"None";"None";"None";"nan";"7.249728";"43.692755";"000MO"
"2022-60375";"2022-06-10";"1";"Vente";"354000.0";"105";"None";"PROM DES ANGLAIS";"0240";"06000";"06088";"Nice";"06";"None";"None";"06088000MO0207";"None";"None";"15";"74.77";"4";"nan";"None";"nan";"None";"None";"None";"None";"2";"2";"Appartement";"80.0";"3.0";"None";"None";"None";"None";"nan";"7.246034";"43.691534";"000MO"
"2022-60382";"2022-06-10";"1";"Vente";"120000.0";"20";"None";"BD DE LA MADELEINE";"3820";"06000";"06088";"Nice";"06";"None";"None";"06088000MO0007";"None";"None";"16";"36.34";"None";"nan";"None";"nan";"None";"None";"None";"None";"1";"2";"Appartement";"36.0";"2.0";"None";"None";"None";"None";"nan";"7.24373";"43.694376";"000MO"
"2022-60375";"2022-06-10";"1";"Vente";"354000.0";"105";"None";"PROM DES ANGLAIS";"0240";"06000";"06088";"Nice";"06";"None";"None";"06088000MO0207";"None";"None";"15";"74.77";"4";"nan";"None";"nan";"None";"None";"None";"None";"2";"3";"Dépendance";"nan";"0.0";"None";"None";"None";"None";"nan";"7.246034";"43.691534";"000MO"
"2022-60382";"2022-06-10";"1";"Vente";"120000.0";"20";"None";"BD DE LA MADELEINE";"3820";"06000";"06088";"Nice";"06";"None";"None";"06088000MO0007";"None";"None";"16";"36.34";"None";"nan";"None";"nan";"None";"None";"None";"None";"1";"3";"Dépendance";"nan";"0.0";"None";"None";"None";"None";"nan";"7.24373";"43.694376";"000MO"
"2022-59862";"2022-06-09";"1";"Vente";"31000.0";"144";"None";"RUE DE FRANCE";"2595";"06000";"06088";"Nice";"06";"None";"None";"06088000MO0442";"None";"None";"6298";"nan";"None";"nan";"None";"nan";"None";"None";"None";"None";"1";"2";"Appartement";"28.0";"1.0";"None";"None";"None";"None";"nan";"7.249074";"43.693077";"000MO"
"2022-59862";"2022-06-09";"1";"Vente";"31000.0";"144";"None";"RUE DE FRANCE";"2595";"06000";"06088";"Nice";"06";"None";"None";"06088000MO0442";"None";"None";"6298";"nan";"None";"nan";"None";"nan";"None";"None";"None";"None";"1";"3";"Dépendance";"nan";"0.0";"None";"None";"None";"None";"nan";"7.249074";"43.693077";"000MO"
"2022-59862";"2022-06-09";"1";"Vente";"31000.0";"144";"None";"RUE DE FRANCE";"2595";"06000";"06088";"Nice";"06";"None";"None";"06088000MO0442";"None";"None";"6005";"nan";"None";"nan";"None";"nan";"None";"None";"None";"None";"1";"3";"Dépendance";"nan";"0.0";"None";"None";"None";"None";"nan";"7.249074";"43.693077";"000MO"
"2022-59862";"2022-06-09";"1";"Vente";"31000.0";"144";"None";"RUE DE FRANCE";"2595";"06000";"06088";"Nice";"06";"None";"None";"06088000MO0442";"None";"None";"6298";"nan";"None";"nan";"None";"nan";"None";"None";"None";"None";"1";"3";"Dépendance";"nan";"0.0";"None";"None";"None";"None";"nan";"7.249074";"43.693077";"000MO"
"2022-60322";"2022-06-08";"1";"Vente";"223000.0";"144";"None";"RUE DE FRANCE";"2595";"06000";"06088";"Nice";"06";"None";"None";"06088000MO0442";"None";"None";"6642";"nan";"None";"nan";"None";"nan";"None";"None";"None";"None";"1";"2";"Appartement";"35.0";"2.0";"None";"None";"None";"None";"nan";"7.249074";"43.693077";"000MO"
"2022-60330";"2022-06-08";"1";"Vente";"29500.0";"144";"None";"RUE DE FRANCE";"2595";"06000";"06088";"Nice";"06";"None";"None";"06088000MO0442";"None";"None";"6274";"nan";"None";"nan";"None";"nan";"None";"None";"None";"None";"1";"3";"Dépendance";"nan";"0.0";"None";"None";"None";"None";"nan";"7.249074";"43.693077";"000MO"
"2022-60482";"2022-06-07";"1";"Vente";"148000.0";"144";"None";"RUE DE FRANCE";"2595";"06000";"06088";"Nice";"06";"None";"None";"06088000MO0442";"None";"None";"6667";"26.04";"None";"nan";"None";"nan";"None";"None";"None";"None";"1";"2";"Appartement";"26.0";"1.0";"None";"None";"None";"None";"nan";"7.249074";"43.693077";"000MO"
"2022-59647";"2022-06-03";"1";"Vente";"15000.0";"154";"None";"RUE DE FRANCE";"2595";"06000";"06088";"Nice";"06";"None";"None";"06088000MO0566";"None";"None";"172";"nan";"None";"nan";"None";"nan";"None";"None";"None";"None";"1";"3";"Dépendance";"nan";"0.0";"None";"None";"None";"None";"nan";"7.247686";"43.692714";"000MO"
"2022-59328";"2022-06-02";"1";"Vente";"110000.0";"109";"None";"PROM DES ANGLAIS";"0240";"06000";"06088";"Nice";"06";"None";"None";"06088000MO0212";"None";"None";"25";"nan";"None";"nan";"None";"nan";"None";"None";"None";"None";"1";"2";"Appartement";"30.0";"1.0";"None";"None";"None";"None";"nan";"7.246098";"43.691143";"000MO"
"2022-60092";"2022-06-02";"1";"Vente";"220000.0";"144";"None";"RUE DE FRANCE";"2595";"06000";"06088";"Nice";"06";"None";"None";"06088000MO0442";"None";"None";"6290";"nan";"6494";"34.88";"None";"nan";"None";"None";"None";"None";"2";"2";"Appartement";"35.0";"1.0";"None";"None";"None";"None";"nan";"7.249074";"43.693077";"000MO"
"2022-59064";"2022-06-02";"1";"Vente";"45000.0";"79";"None";"PROM DES ANGLAIS";"0240";"06000";"06088";"Nice";"06";"None";"None";"06088000MO0238";"None";"None";"153";"nan";"None";"nan";"None";"nan";"None";"None";"None";"None";"1";"3";"Dépendance";"nan";"0.0";"None";"None";"None";"None";"nan";"7.249911";"43.692436";"000MO"
"2022-60092";"2022-06-02";"1";"Vente";"220000.0";"144";"None";"RUE DE FRANCE";"2595";"06000";"06088";"Nice";"06";"None";"None";"06088000MO0442";"None";"None";"6290";"nan";"6494";"34.88";"None";"nan";"None";"None";"None";"None";"2";"3";"Dépendance";"nan";"0.0";"None";"None";"None";"None";"nan";"7.249074";"43.693077";"000MO"
"2022-60089";"2022-05-31";"1";"Vente";"330000.0";"126";"None";"RUE DE FRANCE";"2595";"06000";"06088";"Nice";"06";"None";"None";"06088000MO0550";"None";"None";"12";"73.09";"136";"nan";"None";"nan";"None";"None";"None";"None";"2";"2";"Appartement";"74.0";"3.0";"None";"None";"None";"None";"nan";"7.250655";"43.693744";"000MO"
"2022-59697";"2022-05-31";"1";"Vente";"37000.0";"144";"None";"RUE DE FRANCE";"2595";"06000";"06088";"Nice";"06";"None";"None";"06088000MO0442";"None";"None";"6042";"nan";"None";"nan";"None";"nan";"None";"None";"None";"None";"1";"3";"Dépendance";"nan";"0.0";"None";"None";"None";"None";"nan";"7.249074";"43.693077";"000MO"
"2022-60089";"2022-05-31";"1";"Vente";"330000.0";"126";"None";"RUE DE FRANCE";"2595";"06000";"06088";"Nice";"06";"None";"None";"06088000MO0550";"None";"None";"12";"73.09";"136";"nan";"None";"nan";"None";"None";"None";"None";"2";"3";"Dépendance";"nan";"0.0";"None";"None";"None";"None";"nan";"7.250655";"43.693744";"000MO"
"2022-58936";"2022-05-30";"1";"Vente";"575000.0";"37";"None";"AV DES BAUMETTES";"0660";"06000";"06088";"Nice";"06";"None";"None";"06088000MO0117";"None";"None";"15";"nan";"59";"nan";"None";"nan";"None";"None";"None";"None";"2";"2";"Appartement";"73.0";"2.0";"None";"None";"None";"None";"nan";"7.248379";"43.694701";"000MO"
"2022-58936";"2022-05-30";"1";"Vente";"575000.0";"37";"None";"AV DES BAUMETTES";"0660";"06000";"06088";"Nice";"06";"None";"None";"06088000MO0117";"None";"None";"15";"nan";"59";"nan";"None";"nan";"None";"None";"None";"None";"2";"3";"Dépendance";"nan";"0.0";"None";"None";"None";"None";"nan";"7.248379";"43.694701";"000MO"
"2022-58913";"2022-05-25";"1";"Vente";"140000.0";"5";"None";"RUE PAUL VALERY";"4910";"06000";"06088";"Nice";"06";"None";"None";"06088000MO0407";"None";"None";"19";"18.5";"None";"nan";"None";"nan";"None";"None";"None";"None";"1";"2";"Appartement";"19.0";"1.0";"None";"None";"None";"None";"nan";"7.251133";"43.693409";"000MO"
"2022-59561";"2022-05-25";"1";"Vente";"236200.0";"144";"None";"RUE DE FRANCE";"2595";"06000";"06088";"Nice";"06";"None";"None";"06088000MO0442";"None";"None";"6354";"nan";"6655";"41.07";"None";"nan";"None";"None";"None";"None";"2";"2";"Appartement";"42.0";"2.0";"None";"None";"None";"None";"nan";"7.249074";"43.693077";"000MO"
"2022-59975";"2022-05-25";"1";"Vente";"320000.0";"171";"None";"RUE DE FRANCE";"2595";"06000";"06088";"Nice";"06";"None";"None";"06088000MO0190";"None";"None";"6";"88.39";"None";"nan";"None";"nan";"None";"None";"None";"None";"1";"2";"Appartement";"80.0";"4.0";"None";"None";"None";"None";"nan";"7.247575";"43.691992";"000MO"
"2022-59561";"2022-05-25";"1";"Vente";"236200.0";"144";"None";"RUE DE FRANCE";"2595";"06000";"06088";"Nice";"06";"None";"None";"06088000MO0442";"None";"None";"6354";"nan";"6655";"41.07";"None";"nan";"None";"None";"None";"None";"2";"3";"Dépendance";"nan";"0.0";"None";"None";"None";"None";"nan";"7.249074";"43.693077";"000MO"
"2022-59975";"2022-05-25";"1";"Vente";"320000.0";"171";"None";"RUE DE FRANCE";"2595";"06000";"06088";"Nice";"06";"None";"None";"06088000MO0190";"None";"None";"6";"88.39";"None";"nan";"None";"nan";"None";"None";"None";"None";"1";"3";"Dépendance";"nan";"0.0";"None";"None";"None";"None";"nan";"7.247575";"43.691992";"000MO"
"2022-59677";"2022-05-24";"1";"Vente";"107000.0";"137";"None";"RUE DE FRANCE";"2595";"06000";"06088";"Nice";"06";"None";"None";"06088000MO0168";"None";"None";"29";"nan";"None";"nan";"None";"nan";"None";"None";"None";"None";"1";"2";"Appartement";"27.0";"1.0";"None";"None";"None";"None";"nan";"7.250703";"43.693101";"000MO"
"2022-59308";"2022-05-23";"1";"Vente";"120000.0";"147";"None";"RUE DE FRANCE";"2595";"06000";"06088";"Nice";"06";"None";"None";"06088000MO0237";"None";"None";"75";"nan";"None";"nan";"None";"nan";"None";"None";"None";"None";"1";"2";"Appartement";"20.0";"1.0";"None";"None";"None";"None";"nan";"7.249728";"43.692755";"000MO"
"2022-59426";"2022-05-23";"1";"Vente";"280000.0";"120";"None";"RUE DE FRANCE";"2595";"06000";"06088";"Nice";"06";"None";"None";"06088000MO0550";"None";"None";"217";"47.71";"None";"nan";"None";"nan";"None";"None";"None";"None";"1";"2";"Appartement";"47.0";"2.0";"None";"None";"None";"None";"nan";"7.250655";"43.693744";"000MO"
"2022-58669";"2022-05-19";"1";"Vente";"300000.0";"98";"None";"RUE DE FRANCE";"2595";"06000";"06088";"Nice";"06";"None";"None";"06088000MO0544";"None";"None";"120";"nan";"44";"nan";"None";"nan";"None";"None";"None";"None";"2";"2";"Appartement";"48.0";"2.0";"None";"None";"None";"None";"nan";"7.251874";"43.694138";"000MO"
"2022-57930";"2022-05-17";"1";"Vente";"16500.0";"9001";"None";"RUE GARDON";"2760";"06000";"06088";"Nice";"06";"None";"None";"06088000MO0564";"None";"None";"65";"nan";"None";"nan";"None";"nan";"None";"None";"None";"None";"1";"3";"Dépendance";"nan";"0.0";"None";"None";"None";"None";"nan";"7.247167";"43.691854";"000MO"
"2022-58916";"2022-05-16";"1";"Vente";"160000.0";"134";"None";"RUE DE FRANCE";"2595";"06000";"06088";"Nice";"06";"None";"None";"06088000MO0442";"None";"None";"1078";"nan";"None";"nan";"None";"nan";"None";"None";"None";"None";"1";"2";"Appartement";"28.0";"1.0";"None";"None";"None";"None";"nan";"7.249074";"43.693077";"000MO"
"2022-58916";"2022-05-16";"1";"Vente";"160000.0";"134";"None";"RUE DE FRANCE";"2595";"06000";"06088";"Nice";"06";"None";"None";"06088000MO0442";"None";"None";"1011";"nan";"None";"nan";"None";"nan";"None";"None";"None";"None";"1";"3";"Dépendance";"nan";"0.0";"None";"None";"None";"None";"nan";"7.249074";"43.693077";"000MO"
"2022-58116";"2022-05-13";"1";"Vente";"52630.0";"144";"None";"RUE DE FRANCE";"2595";"06000";"06088";"Nice";"06";"None";"None";"06088000MO0442";"None";"None";"6377";"nan";"6676";"26.1";"None";"nan";"None";"None";"None";"None";"2";"2";"Appartement";"26.0";"1.0";"None";"None";"None";"None";"nan";"7.249074";"43.693077";"000MO"
"2022-58738";"2022-05-13";"1";"Vente";"115000.0";"147";"None";"RUE DE FRANCE";"2595";"06000";"06088";"Nice";"06";"None";"None";"06088000MO0237";"None";"None";"28";"14.76";"None";"nan";"None";"nan";"None";"None";"None";"None";"1";"2";"Appartement";"14.0";"1.0";"None";"None";"None";"None";"nan";"7.249728";"43.692755";"000MO"
"2022-58116";"2022-05-13";"1";"Vente";"52630.0";"144";"None";"RUE DE FRANCE";"2595";"06000";"06088";"Nice";"06";"None";"None";"06088000MO0442";"None";"None";"6377";"nan";"6676";"26.1";"None";"nan";"None";"None";"None";"None";"2";"3";"Dépendance";"nan";"0.0";"None";"None";"None";"None";"nan";"7.249074";"43.693077";"000MO"
"2022-57897";"2022-05-10";"1";"Vente";"285000.0";"159";"None";"RUE DE FRANCE";"2595";"06000";"06088";"Nice";"06";"None";"None";"06088000MO0178";"None";"None";"216";"nan";"245";"nan";"None";"nan";"None";"None";"None";"None";"2";"2";"Appartement";"72.0";"3.0";"None";"None";"None";"None";"nan";"7.249108";"43.692398";"000MO"
"2022-57897";"2022-05-10";"1";"Vente";"285000.0";"159";"None";"RUE DE FRANCE";"2595";"06000";"06088";"Nice";"06";"None";"None";"06088000MO0178";"None";"None";"216";"nan";"245";"nan";"None";"nan";"None";"None";"None";"None";"2";"3";"Dépendance";"nan";"0.0";"None";"None";"None";"None";"nan";"7.249108";"43.692398";"000MO"
"2022-58084";"2022-05-09";"1";"Vente";"168000.0";"154";"None";"RUE DE FRANCE";"2595";"06000";"06088";"Nice";"06";"None";"None";"06088000MO0566";"None";"None";"7";"47.43";"None";"nan";"None";"nan";"None";"None";"None";"None";"1";"4";"Local industriel. commercial ou assimilé";"43.0";"0.0";"None";"None";"None";"None";"nan";"7.247686";"43.692714";"000MO"
"2022-58606";"2022-05-06";"2";"Vente";"340000.0";"144";"None";"RUE DE FRANCE";"2595";"06000";"06088";"Nice";"06";"None";"None";"06088000MO0442";"None";"None";"6373";"nan";"6646";"39.38";"None";"nan";"None";"None";"None";"None";"2";"2";"Appartement";"38.0";"2.0";"None";"None";"None";"None";"nan";"7.249074";"43.693077";"000MO"
"2022-58605";"2022-05-06";"1";"Vente";"30000.0";"144";"None";"RUE DE FRANCE";"2595";"06000";"06088";"Nice";"06";"None";"None";"06088000MO0442";"None";"None";"6104";"nan";"None";"nan";"None";"nan";"None";"None";"None";"None";"1";"3";"Dépendance";"nan";"0.0";"None";"None";"None";"None";"nan";"7.249074";"43.693077";"000MO"
"2022-58606";"2022-05-06";"2";"Vente";"340000.0";"144";"None";"RUE DE FRANCE";"2595";"06000";"06088";"Nice";"06";"None";"None";"06088000MO0442";"None";"None";"6373";"nan";"6646";"39.38";"None";"nan";"None";"None";"None";"None";"2";"3";"Dépendance";"nan";"0.0";"None";"None";"None";"None";"nan";"7.249074";"43.693077";"000MO"
"2022-57763";"2022-05-05";"1";"Vente";"185000.0";"144";"None";"RUE DE FRANCE";"2595";"06000";"06088";"Nice";"06";"None";"None";"06088000MO0442";"None";"None";"6293";"nan";"6513";"30.8";"None";"nan";"None";"None";"None";"None";"2";"2";"Appartement";"31.0";"2.0";"None";"None";"None";"None";"nan";"7.249074";"43.693077";"000MO"
"2022-57800";"2022-05-05";"1";"Vente";"200000.0";"144";"None";"RUE DE FRANCE";"2595";"06000";"06088";"Nice";"06";"None";"None";"06088000MO0442";"None";"None";"6669";"43.55";"None";"nan";"None";"nan";"None";"None";"None";"None";"1";"2";"Appartement";"44.0";"2.0";"None";"None";"None";"None";"nan";"7.249074";"43.693077";"000MO"
"2022-57763";"2022-05-05";"1";"Vente";"185000.0";"144";"None";"RUE DE FRANCE";"2595";"06000";"06088";"Nice";"06";"None";"None";"06088000MO0442";"None";"None";"6293";"nan";"6513";"30.8";"None";"nan";"None";"None";"None";"None";"2";"3";"Dépendance";"nan";"0.0";"None";"None";"None";"None";"nan";"7.249074";"43.693077";"000MO"
"2022-57800";"2022-05-05";"1";"Vente";"200000.0";"144";"None";"RUE DE FRANCE";"2595";"06000";"06088";"Nice";"06";"None";"None";"06088000MO0442";"None";"None";"6120";"nan";"None";"nan";"None";"nan";"None";"None";"None";"None";"1";"3";"Dépendance";"nan";"0.0";"None";"None";"None";"None";"nan";"7.249074";"43.693077";"000MO"
"2022-57958";"2022-05-04";"1";"Vente";"126750.0";"5";"None";"RUE PAUL VALERY";"4910";"06000";"06088";"Nice";"06";"None";"None";"06088000MO0408";"None";"None";"37";"25.49";"None";"nan";"None";"nan";"None";"None";"None";"None";"1";"2";"Appartement";"25.0";"1.0";"None";"None";"None";"None";"nan";"7.251112";"43.693284";"000MO"
"2022-58204";"2022-05-04";"1";"Vente";"372000.0";"8";"B";"IMP SAINT LAURENT";"5845";"06000";"06088";"Nice";"06";"None";"None";"06088000MO0243";"None";"None";"44";"nan";"60";"nan";"70";"nan";"None";"None";"None";"None";"3";"2";"Appartement";"110.0";"4.0";"None";"None";"None";"None";"nan";"7.246735";"43.693682";"000MO"
"2022-58204";"2022-05-04";"1";"Vente";"372000.0";"8";"B";"IMP SAINT LAURENT";"5845";"06000";"06088";"Nice";"06";"None";"None";"06088000MO0243";"None";"None";"24";"nan";"None";"nan";"None";"nan";"None";"None";"None";"None";"1";"3";"Dépendance";"nan";"0.0";"None";"None";"None";"None";"nan";"7.246735";"43.693682";"000MO"
"2022-58204";"2022-05-04";"1";"Vente";"372000.0";"8";"B";"IMP SAINT LAURENT";"5845";"06000";"06088";"Nice";"06";"None";"None";"06088000MO0243";"None";"None";"44";"nan";"60";"nan";"70";"nan";"None";"None";"None";"None";"3";"3";"Dépendance";"nan";"0.0";"None";"None";"None";"None";"nan";"7.246735";"43.693682";"000MO"
"2022-58204";"2022-05-04";"1";"Vente";"372000.0";"8";"B";"IMP SAINT LAURENT";"5845";"06000";"06088";"Nice";"06";"None";"None";"06088000MO0243";"None";"None";"32";"nan";"None";"nan";"None";"nan";"None";"None";"None";"None";"1";"3";"Dépendance";"nan";"0.0";"None";"None";"None";"None";"nan";"7.246735";"43.693682";"000MO"
"2022-57528";"2022-05-02";"1";"Vente";"500000.0";"71";"None";"PROM DES ANGLAIS";"0240";"06000";"06088";"Nice";"06";"None";"None";"06088000MO0169";"None";"None";"27";"nan";"None";"nan";"None";"nan";"None";"None";"None";"None";"1";"2";"Appartement";"33.0";"1.0";"None";"None";"None";"None";"nan";"7.250868";"43.692819";"000MO"
"2022-57528";"2022-05-02";"1";"Vente";"500000.0";"71";"None";"PROM DES ANGLAIS";"0240";"06000";"06088";"Nice";"06";"None";"None";"06088000MO0169";"None";"None";"28";"nan";"None";"nan";"None";"nan";"None";"None";"None";"None";"1";"2";"Appartement";"33.0";"1.0";"None";"None";"None";"None";"nan";"7.250868";"43.692819";"000MO"
"2022-58015";"2022-05-02";"1";"Vente";"100000.0";"10";"None";"AV JOSEPH REVELLI";"3480";"06000";"06088";"Nice";"06";"None";"None";"06088000MO0034";"None";"None";"9";"69.04";"None";"nan";"None";"nan";"None";"None";"None";"None";"1";"2";"Appartement";"64.0";"2.0";"None";"None";"None";"None";"nan";"7.244342";"43.694362";"000MO"
"2022-57299";"2022-04-28";"1";"Vente";"245000.0";"83";"None";"PROM DES ANGLAIS";"0240";"06000";"06088";"Nice";"06";"None";"None";"06088000MO0178";"None";"None";"7";"nan";"None";"nan";"None";"nan";"None";"None";"None";"None";"1";"2";"Appartement";"43.0";"1.0";"None";"None";"None";"None";"nan";"7.249108";"43.692398";"000MO"
"2022-57299";"2022-04-28";"1";"Vente";"245000.0";"83";"None";"PROM DES ANGLAIS";"0240";"06000";"06088";"Nice";"06";"None";"None";"06088000MO0178";"None";"None";"301";"41.71";"None";"nan";"None";"nan";"None";"None";"None";"None";"1";"2";"Appartement";"36.0";"1.0";"None";"None";"None";"None";"nan";"7.249108";"43.692398";"000MO"
"2022-58259";"2022-04-28";"1";"Vente";"1425000.0";"75";"None";"PROM DES ANGLAIS";"0240";"06000";"06088";"Nice";"06";"None";"None";"06088000MO0172";"None";"None";"118";"nan";"6";"nan";"None";"nan";"None";"None";"None";"None";"2";"2";"Appartement";"97.0";"3.0";"None";"None";"None";"None";"nan";"7.250454";"43.69266";"000MO"
"2022-57299";"2022-04-28";"1";"Vente";"245000.0";"83";"None";"PROM DES ANGLAIS";"0240";"06000";"06088";"Nice";"06";"None";"None";"06088000MO0178";"None";"None";"7";"nan";"None";"nan";"None";"nan";"None";"None";"None";"None";"1";"3";"Dépendance";"nan";"0.0";"None";"None";"None";"None";"nan";"7.249108";"43.692398";"000MO"
"2022-57299";"2022-04-28";"1";"Vente";"245000.0";"83";"None";"PROM DES ANGLAIS";"0240";"06000";"06088";"Nice";"06";"None";"None";"06088000MO0178";"None";"None";"301";"41.71";"None";"nan";"None";"nan";"None";"None";"None";"None";"1";"3";"Dépendance";"nan";"0.0";"None";"None";"None";"None";"nan";"7.249108";"43.692398";"000MO"
"2022-58259";"2022-04-28";"1";"Vente";"1425000.0";"75";"None";"PROM DES ANGLAIS";"0240";"06000";"06088";"Nice";"06";"None";"None";"06088000MO0172";"None";"None";"118";"nan";"6";"nan";"None";"nan";"None";"None";"None";"None";"2";"3";"Dépendance";"nan";"0.0";"None";"None";"None";"None";"nan";"7.250454";"43.69266";"000MO"
"2022-58259";"2022-04-28";"1";"Vente";"1425000.0";"75";"None";"PROM DES ANGLAIS";"0240";"06000";"06088";"Nice";"06";"None";"None";"06088000MO0172";"None";"None";"118";"nan";"6";"nan";"None";"nan";"None";"None";"None";"None";"2";"3";"Dépendance";"nan";"0.0";"None";"None";"None";"None";"nan";"7.250454";"43.69266";"000MO"
"2022-58259";"2022-04-28";"1";"Vente";"1425000.0";"75";"None";"PROM DES ANGLAIS";"0240";"06000";"06088";"Nice";"06";"None";"None";"06088000MO0172";"None";"None";"73";"nan";"None";"nan";"None";"nan";"None";"None";"None";"None";"1";"3";"Dépendance";"nan";"0.0";"None";"None";"None";"None";"nan";"7.250454";"43.69266";"000MO"
"2022-58259";"2022-04-28";"1";"Vente";"1425000.0";"75";"None";"PROM DES ANGLAIS";"0240";"06000";"06088";"Nice";"06";"None";"None";"06088000MO0172";"None";"None";"72";"nan";"None";"nan";"None";"nan";"None";"None";"None";"None";"1";"3";"Dépendance";"nan";"0.0";"None";"None";"None";"None";"nan";"7.250454";"43.69266";"000MO"
"2022-57788";"2022-04-26";"1";"Vente";"245000.0";"99";"None";"PROM DES ANGLAIS";"0240";"06000";"06088";"Nice";"06";"None";"None";"06088000MO0197";"None";"None";"23";"26.41";"43";"nan";"None";"nan";"None";"None";"None";"None";"2";"2";"Appartement";"32.0";"1.0";"None";"None";"None";"None";"nan";"7.247064";"43.691497";"000MO"
"2022-57788";"2022-04-26";"1";"Vente";"245000.0";"99";"None";"PROM DES ANGLAIS";"0240";"06000";"06088";"Nice";"06";"None";"None";"06088000MO0197";"None";"None";"23";"26.41";"43";"nan";"None";"nan";"None";"None";"None";"None";"2";"3";"Dépendance";"nan";"0.0";"None";"None";"None";"None";"nan";"7.247064";"43.691497";"000MO"
"2022-56978";"2022-04-25";"1";"Vente";"595000.0";"111";"None";"PROM DES ANGLAIS";"0240";"06000";"06088";"Nice";"06";"None";"None";"06088000MO0213";"None";"None";"44";"nan";"45";"nan";"88";"nan";"None";"None";"None";"None";"3";"2";"Appartement";"90.0";"3.0";"None";"None";"None";"None";"nan";"7.245852";"43.691165";"000MO"
"2022-56978";"2022-04-25";"1";"Vente";"595000.0";"111";"None";"PROM DES ANGLAIS";"0240";"06000";"06088";"Nice";"06";"None";"None";"06088000MO0213";"None";"None";"44";"nan";"45";"nan";"88";"nan";"None";"None";"None";"None";"3";"3";"Dépendance";"nan";"0.0";"None";"None";"None";"None";"nan";"7.245852";"43.691165";"000MO"
"2022-56640";"2022-04-22";"1";"Vente";"280000.0";"98";"None";"RUE DE FRANCE";"2595";"06000";"06088";"Nice";"06";"None";"None";"06088000MO0544";"None";"None";"103";"nan";"46";"nan";"None";"nan";"None";"None";"None";"None";"2";"2";"Appartement";"59.0";"2.0";"None";"None";"None";"None";"nan";"7.251874";"43.694138";"000MO"
"2022-56640";"2022-04-22";"1";"Vente";"280000.0";"98";"None";"RUE DE FRANCE";"2595";"06000";"06088";"Nice";"06";"None";"None";"06088000MO0544";"None";"None";"103";"nan";"46";"nan";"None";"nan";"None";"None";"None";"None";"2";"3";"Dépendance";"nan";"0.0";"None";"None";"None";"None";"nan";"7.251874";"43.694138";"000MO"
"2022-56640";"2022-04-22";"1";"Vente";"280000.0";"98";"None";"RUE DE FRANCE";"2595";"06000";"06088";"Nice";"06";"None";"None";"06088000MO0544";"None";"None";"103";"nan";"46";"nan";"None";"nan";"None";"None";"None";"None";"2";"3";"Dépendance";"nan";"0.0";"None";"None";"None";"None";"nan";"7.251874";"43.694138";"000MO"
"2022-56438";"2022-04-19";"1";"Vente";"300000.0";"8";"B";"IMP SAINT LAURENT";"5845";"06000";"06088";"Nice";"06";"None";"None";"06088000MO0490";"None";"None";"34";"nan";"None";"nan";"None";"nan";"None";"None";"None";"None";"1";"2";"Appartement";"84.0";"3.0";"None";"None";"None";"None";"nan";"7.246739";"43.694549";"000MO"
"2022-56438";"2022-04-19";"1";"Vente";"300000.0";"8";"B";"IMP SAINT LAURENT";"5845";"06000";"06088";"Nice";"06";"None";"None";"06088000MO0490";"None";"None";"34";"nan";"None";"nan";"None";"nan";"None";"None";"None";"None";"1";"3";"Dépendance";"nan";"0.0";"None";"None";"None";"None";"nan";"7.246739";"43.694549";"000MO"
"2022-56438";"2022-04-19";"1";"Vente";"300000.0";"8";"B";"IMP SAINT LAURENT";"5845";"06000";"06088";"Nice";"06";"None";"None";"06088000MO0490";"None";"None";"34";"nan";"None";"nan";"None";"nan";"None";"None";"None";"None";"1";"3";"Dépendance";"nan";"0.0";"None";"None";"None";"None";"nan";"7.246739";"43.694549";"000MO"
"2022-56438";"2022-04-19";"1";"Vente";"300000.0";"8";"B";"IMP SAINT LAURENT";"5845";"06000";"06088";"Nice";"06";"None";"None";"06088000MO0490";"None";"None";"70";"nan";"None";"nan";"None";"nan";"None";"None";"None";"None";"1";"3";"Dépendance";"nan";"0.0";"None";"None";"None";"None";"nan";"7.246739";"43.694549";"000MO"
"2022-56600";"2022-04-15";"1";"Vente";"597100.0";"152";"None";"RUE DE FRANCE";"2595";"06000";"06088";"Nice";"06";"None";"None";"06088000MO0566";"None";"None";"142";"nan";"143";"nan";"66";"77.18";"None";"None";"None";"None";"3";"2";"Appartement";"76.0";"3.0";"None";"None";"None";"None";"nan";"7.247686";"43.692714";"000MO"
"2022-56600";"2022-04-15";"1";"Vente";"597100.0";"154";"None";"RUE DE FRANCE";"2595";"06000";"06088";"Nice";"06";"None";"None";"06088000MO0566";"None";"None";"85";"nan";"None";"nan";"None";"nan";"None";"None";"None";"None";"1";"3";"Dépendance";"nan";"0.0";"None";"None";"None";"None";"nan";"7.247686";"43.692714";"000MO"
"2022-56600";"2022-04-15";"1";"Vente";"597100.0";"154";"None";"RUE DE FRANCE";"2595";"06000";"06088";"Nice";"06";"None";"None";"06088000MO0566";"None";"None";"84";"nan";"None";"nan";"None";"nan";"None";"None";"None";"None";"1";"3";"Dépendance";"nan";"0.0";"None";"None";"None";"None";"nan";"7.247686";"43.692714";"000MO"
"2022-56149";"2022-04-13";"1";"Vente";"570500.0";"158";"None";"RUE DE FRANCE";"2595";"06000";"06088";"Nice";"06";"None";"None";"06088000MO0399";"None";"None";"62";"nan";"None";"nan";"None";"nan";"None";"None";"None";"None";"1";"2";"Appartement";"96.0";"4.0";"None";"None";"None";"None";"nan";"7.247758";"43.693082";"000MO"
"2022-56536";"2022-04-13";"1";"Vente";"65934.0";"169";"None";"RUE DE FRANCE";"2595";"06000";"06088";"Nice";"06";"None";"None";"06088000MO0187";"None";"None";"19";"15.6";"None";"nan";"None";"nan";"None";"None";"None";"None";"1";"2";"Appartement";"24.0";"1.0";"None";"None";"None";"None";"nan";"7.247818";"43.692107";"000MO"
"2022-57025";"2022-04-13";"1";"Vente";"115000.0";"7";"None";"IMP SAINT LAURENT";"5845";"06000";"06088";"Nice";"06";"None";"None";"06088000MO0059";"None";"None";"4";"18.11";"None";"nan";"None";"nan";"None";"None";"None";"None";"1";"2";"Appartement";"20.0";"1.0";"None";"None";"None";"None";"nan";"7.245995";"43.693856";"000MO"
"2022-56149";"2022-04-13";"1";"Vente";"570500.0";"160";"None";"RUE DE FRANCE";"2595";"06000";"06088";"Nice";"06";"None";"None";"06088000MO0399";"None";"None";"98";"nan";"None";"nan";"None";"nan";"None";"None";"None";"None";"1";"3";"Dépendance";"nan";"0.0";"None";"None";"None";"None";"nan";"7.247758";"43.693082";"000MO"
"2022-56149";"2022-04-13";"1";"Vente";"570500.0";"160";"None";"RUE DE FRANCE";"2595";"06000";"06088";"Nice";"06";"None";"None";"06088000MO0399";"None";"None";"99";"nan";"None";"nan";"None";"nan";"None";"None";"None";"None";"1";"3";"Dépendance";"nan";"0.0";"None";"None";"None";"None";"nan";"7.247758";"43.693082";"000MO"
"2022-55802";"2022-04-11";"1";"Vente";"180600.0";"143";"None";"RUE DE FRANCE";"2595";"06000";"06088";"Nice";"06";"None";"None";"06088000MO0170";"None";"None";"178";"nan";"92";"nan";"None";"nan";"None";"None";"None";"None";"2";"2";"Appartement";"31.0";"1.0";"None";"None";"None";"None";"nan";"7.250586";"43.692851";"000MO"
"2022-56075";"2022-04-11";"1";"Vente";"36000.0";"1";"None";"IMP SAINT LAURENT";"5845";"06000";"06088";"Nice";"06";"None";"None";"06088000MO0492";"None";"None";"7";"nan";"None";"nan";"None";"nan";"None";"None";"None";"None";"1";"3";"Dépendance";"nan";"0.0";"None";"None";"None";"None";"nan";"7.246182";"43.693465";"000MO"
"2022-57019";"2022-04-08";"1";"Vente";"760000.0";"132";"None";"RUE DE FRANCE";"2595";"06000";"06088";"Nice";"06";"None";"None";"06088000MO0131";"None";"None";"41";"136.7";"None";"nan";"None";"nan";"None";"None";"None";"None";"1";"2";"Appartement";"133.0";"5.0";"None";"None";"None";"None";"nan";"7.250383";"43.693592";"000MO"
"2022-57019";"2022-04-08";"1";"Vente";"760000.0";"132";"None";"RUE DE FRANCE";"2595";"06000";"06088";"Nice";"06";"None";"None";"06088000MO0131";"None";"None";"10";"nan";"None";"nan";"None";"nan";"None";"None";"None";"None";"1";"3";"Dépendance";"nan";"0.0";"None";"None";"None";"None";"nan";"7.250383";"43.693592";"000MO"
"2022-57019";"2022-04-08";"1";"Vente";"760000.0";"132";"None";"RUE DE FRANCE";"2595";"06000";"06088";"Nice";"06";"None";"None";"06088000MO0131";"None";"None";"41";"136.7";"None";"nan";"None";"nan";"None";"None";"None";"None";"1";"3";"Dépendance";"nan";"0.0";"None";"None";"None";"None";"nan";"7.250383";"43.693592";"000MO"
"2022-56828";"2022-04-07";"1";"Vente";"72500.0";"4";"None";"RUE HENRI CORDIER";"3205";"06000";"06088";"Nice";"06";"None";"None";"06088000MO0074";"None";"None";"17";"12.13";"None";"nan";"None";"nan";"None";"None";"None";"None";"1";"3";"Dépendance";"nan";"0.0";"None";"None";"None";"None";"nan";"7.247827";"43.693608";"000MO"
"2022-55671";"2022-04-01";"1";"Vente";"950000.0";"75";"None";"PROM DES ANGLAIS";"0240";"06000";"06088";"Nice";"06";"None";"None";"06088000MO0172";"None";"None";"118";"111.18";"6";"nan";"None";"nan";"None";"None";"None";"None";"2";"2";"Appartement";"97.0";"3.0";"None";"None";"None";"None";"nan";"7.250454";"43.69266";"000MO"
"2022-56590";"2022-04-01";"1";"Vente";"164000.0";"154";"None";"RUE DE FRANCE";"2595";"06000";"06088";"Nice";"06";"None";"None";"06088000MO0566";"None";"None";"26";"nan";"None";"nan";"None";"nan";"None";"None";"None";"None";"1";"2";"Appartement";"29.0";"1.0";"None";"None";"None";"None";"nan";"7.247686";"43.692714";"000MO"
"2022-55671";"2022-04-01";"1";"Vente";"950000.0";"75";"None";"PROM DES ANGLAIS";"0240";"06000";"06088";"Nice";"06";"None";"None";"06088000MO0172";"None";"None";"72";"nan";"None";"nan";"None";"nan";"None";"None";"None";"None";"1";"3";"Dépendance";"nan";"0.0";"None";"None";"None";"None";"nan";"7.250454";"43.69266";"000MO"
"2022-55671";"2022-04-01";"1";"Vente";"950000.0";"75";"None";"PROM DES ANGLAIS";"0240";"06000";"06088";"Nice";"06";"None";"None";"06088000MO0172";"None";"None";"73";"nan";"None";"nan";"None";"nan";"None";"None";"None";"None";"1";"3";"Dépendance";"nan";"0.0";"None";"None";"None";"None";"nan";"7.250454";"43.69266";"000MO"
"2022-55671";"2022-04-01";"1";"Vente";"950000.0";"75";"None";"PROM DES ANGLAIS";"0240";"06000";"06088";"Nice";"06";"None";"None";"06088000MO0172";"None";"None";"118";"111.18";"6";"nan";"None";"nan";"None";"None";"None";"None";"2";"3";"Dépendance";"nan";"0.0";"None";"None";"None";"None";"nan";"7.250454";"43.69266";"000MO"
"2022-55671";"2022-04-01";"1";"Vente";"950000.0";"75";"None";"PROM DES ANGLAIS";"0240";"06000";"06088";"Nice";"06";"None";"None";"06088000MO0172";"None";"None";"118";"111.18";"6";"nan";"None";"nan";"None";"None";"None";"None";"2";"3";"Dépendance";"nan";"0.0";"None";"None";"None";"None";"nan";"7.250454";"43.69266";"000MO"
"2022-55057";"2022-03-28";"1";"Vente";"562000.0";"105";"None";"PROM DES ANGLAIS";"0240";"06000";"06088";"Nice";"06";"None";"None";"06088000MO0207";"None";"None";"14";"80.2";"3";"nan";"None";"nan";"None";"None";"None";"None";"2";"2";"Appartement";"60.0";"3.0";"None";"None";"None";"None";"nan";"7.246034";"43.691534";"000MO"
"2022-56003";"2022-03-28";"1";"Vente";"28000.0";"144";"None";"RUE DE FRANCE";"2595";"06000";"06088";"Nice";"06";"None";"None";"06088000MO0442";"None";"None";"6019";"nan";"None";"nan";"None";"nan";"None";"None";"None";"None";"1";"3";"Dépendance";"nan";"0.0";"None";"None";"None";"None";"nan";"7.249074";"43.693077";"000MO"
"2022-55096";"2022-03-25";"1";"Vente";"385000.0";"29";"None";"AV EMILE HENRIOT";"2253";"06000";"06088";"Nice";"06";"None";"None";"06088000MO0248";"None";"None";"10";"114.44";"5";"nan";"None";"nan";"None";"None";"None";"None";"2";"2";"Appartement";"95.0";"4.0";"None";"None";"None";"None";"nan";"7.244982";"43.69433";"000MO"
"2022-55096";"2022-03-25";"1";"Vente";"385000.0";"29";"None";"AV EMILE HENRIOT";"2253";"06000";"06088";"Nice";"06";"None";"None";"06088000MO0248";"None";"None";"10";"114.44";"5";"nan";"None";"nan";"None";"None";"None";"None";"2";"3";"Dépendance";"nan";"0.0";"None";"None";"None";"None";"nan";"7.244982";"43.69433";"000MO"
"2022-55581";"2022-03-23";"1";"Vente";"242500.0";"135";"None";"RUE DE FRANCE";"2595";"06000";"06088";"Nice";"06";"None";"None";"06088000MO0167";"None";"None";"208";"nan";"247";"nan";"None";"nan";"None";"None";"None";"None";"2";"2";"Appartement";"60.0";"2.0";"None";"None";"None";"None";"nan";"7.251029";"43.693045";"000MO"
"2022-55581";"2022-03-23";"1";"Vente";"242500.0";"135";"None";"RUE DE FRANCE";"2595";"06000";"06088";"Nice";"06";"None";"None";"06088000MO0167";"None";"None";"208";"nan";"247";"nan";"None";"nan";"None";"None";"None";"None";"2";"3";"Dépendance";"nan";"0.0";"None";"None";"None";"None";"nan";"7.251029";"43.693045";"000MO"
"2022-54860";"2022-03-16";"1";"Vente";"125000.0";"169";"None";"RUE DE FRANCE";"2595";"06000";"06088";"Nice";"06";"None";"None";"06088000MO0187";"None";"None";"63";"21.01";"None";"nan";"None";"nan";"None";"None";"None";"None";"1";"2";"Appartement";"24.0";"1.0";"None";"None";"None";"None";"nan";"7.247818";"43.692107";"000MO"
"2022-55085";"2022-03-16";"1";"Vente";"375250.0";"154";"None";"RUE DE FRANCE";"2595";"06000";"06088";"Nice";"06";"None";"None";"06088000MO0566";"None";"None";"158";"nan";"36";"76.05";"None";"nan";"None";"None";"None";"None";"2";"2";"Appartement";"75.0";"3.0";"None";"None";"None";"None";"nan";"7.247686";"43.692714";"000MO"
"2022-55142";"2022-03-16";"1";"Vente";"330025.0";"132";"None";"RUE DE FRANCE";"2595";"06000";"06088";"Nice";"06";"None";"None";"06088000MO0131";"None";"None";"39";"95.58";"None";"nan";"None";"nan";"None";"None";"None";"None";"1";"2";"Appartement";"95.0";"4.0";"None";"None";"None";"None";"nan";"7.250383";"43.693592";"000MO"
"2022-55085";"2022-03-16";"1";"Vente";"375250.0";"154";"None";"RUE DE FRANCE";"2595";"06000";"06088";"Nice";"06";"None";"None";"06088000MO0566";"None";"None";"107";"nan";"None";"nan";"None";"nan";"None";"None";"None";"None";"1";"3";"Dépendance";"nan";"0.0";"None";"None";"None";"None";"nan";"7.247686";"43.692714";"000MO"
"2022-55085";"2022-03-16";"1";"Vente";"375250.0";"154";"None";"RUE DE FRANCE";"2595";"06000";"06088";"Nice";"06";"None";"None";"06088000MO0566";"None";"None";"158";"nan";"36";"76.05";"None";"nan";"None";"None";"None";"None";"2";"3";"Dépendance";"nan";"0.0";"None";"None";"None";"None";"nan";"7.247686";"43.692714";"000MO"
"2022-55142";"2022-03-16";"1";"Vente";"330025.0";"132";"None";"RUE DE FRANCE";"2595";"06000";"06088";"Nice";"06";"None";"None";"06088000MO0131";"None";"None";"39";"95.58";"None";"nan";"None";"nan";"None";"None";"None";"None";"1";"3";"Dépendance";"nan";"0.0";"None";"None";"None";"None";"nan";"7.250383";"43.693592";"000MO"
"2022-55142";"2022-03-16";"1";"Vente";"330025.0";"132";"None";"RUE DE FRANCE";"2595";"06000";"06088";"Nice";"06";"None";"None";"06088000MO0131";"None";"None";"6";"nan";"None";"nan";"None";"nan";"None";"None";"None";"None";"1";"3";"Dépendance";"nan";"0.0";"None";"None";"None";"None";"nan";"7.250383";"43.693592";"000MO"
"2022-54601";"2022-03-14";"1";"Vente";"220000.0";"171";"None";"RUE DE FRANCE";"2595";"06000";"06088";"Nice";"06";"None";"None";"06088000MO0190";"None";"None";"11";"54.17";"None";"nan";"None";"nan";"None";"None";"None";"None";"1";"2";"Appartement";"54.0";"2.0";"None";"None";"None";"None";"nan";"7.247575";"43.691992";"000MO"
"2022-54997";"2022-03-14";"1";"Vente";"372642.0";"189";"None";"RUE DE FRANCE";"2595";"06000";"06088";"Nice";"06";"None";"None";"06088000MO0208";"None";"None";"13";"66.62";"None";"nan";"None";"nan";"None";"None";"None";"None";"1";"2";"Appartement";"72.0";"4.0";"None";"None";"None";"None";"nan";"7.245848";"43.691464";"000MO"
"2022-54601";"2022-03-14";"1";"Vente";"220000.0";"171";"None";"RUE DE FRANCE";"2595";"06000";"06088";"Nice";"06";"None";"None";"06088000MO0190";"None";"None";"11";"54.17";"None";"nan";"None";"nan";"None";"None";"None";"None";"1";"3";"Dépendance";"nan";"0.0";"None";"None";"None";"None";"nan";"7.247575";"43.691992";"000MO"
"2022-54768";"2022-03-09";"1";"Vente";"41000.0";"91";"None";"PROM DES ANGLAIS";"0240";"06000";"06088";"Nice";"06";"None";"None";"06088000MO0184";"None";"None";"9";"10.0";"None";"nan";"None";"nan";"None";"None";"None";"None";"1";"3";"Dépendance";"nan";"0.0";"None";"None";"None";"None";"nan";"7.248366";"43.691919";"000MO"
"2022-54945";"2022-03-08";"1";"Vente";"157000.0";"144";"None";"RUE DE FRANCE";"2595";"06000";"06088";"Nice";"06";"None";"None";"06088000MO0442";"None";"None";"6556";"26.0";"None";"nan";"None";"nan";"None";"None";"None";"None";"1";"2";"Appartement";"26.0";"1.0";"None";"None";"None";"None";"nan";"7.249074";"43.693077";"000MO"
"2022-54175";"2022-03-08";"1";"Vente";"47000.0";"89";"None";"PROM DES ANGLAIS";"0240";"06000";"06088";"Nice";"06";"None";"None";"06088000MO0183";"None";"None";"24";"nan";"None";"nan";"None";"nan";"None";"None";"None";"None";"1";"3";"Dépendance";"nan";"0.0";"None";"None";"None";"None";"nan";"7.248773";"43.692083";"000MO"
"2022-54945";"2022-03-08";"1";"Vente";"157000.0";"144";"None";"RUE DE FRANCE";"2595";"06000";"06088";"Nice";"06";"None";"None";"06088000MO0442";"None";"None";"6060";"nan";"None";"nan";"None";"nan";"None";"None";"None";"None";"1";"3";"Dépendance";"nan";"0.0";"None";"None";"None";"None";"nan";"7.249074";"43.693077";"000MO"
"2022-54349";"2022-03-02";"1";"Vente";"830000.0";"120";"None";"RUE DE FRANCE";"2595";"06000";"06088";"Nice";"06";"None";"None";"06088000MO0550";"None";"None";"226";"nan";"227";"nan";"300";"nan";"None";"None";"None";"None";"3";"2";"Appartement";"116.0";"5.0";"None";"None";"None";"None";"nan";"7.250655";"43.693744";"000MO"
"2022-54349";"2022-03-02";"1";"Vente";"830000.0";"120";"None";"RUE DE FRANCE";"2595";"06000";"06088";"Nice";"06";"None";"None";"06088000MO0550";"None";"None";"226";"nan";"227";"nan";"300";"nan";"None";"None";"None";"None";"3";"3";"Dépendance";"nan";"0.0";"None";"None";"None";"None";"nan";"7.250655";"43.693744";"000MO"
"2022-54349";"2022-03-02";"1";"Vente";"830000.0";"120";"None";"RUE DE FRANCE";"2595";"06000";"06088";"Nice";"06";"None";"None";"06088000MO0550";"None";"None";"226";"nan";"227";"nan";"300";"nan";"None";"None";"None";"None";"3";"3";"Dépendance";"nan";"0.0";"None";"None";"None";"None";"nan";"7.250655";"43.693744";"000MO"
"2022-54495";"2022-03-01";"1";"Vente";"334770.0";"3";"None";"AV DES BAUMETTES";"0660";"06000";"06088";"Nice";"06";"None";"None";"06088000MO0282";"None";"None";"10";"nan";"6";"nan";"None";"nan";"None";"None";"None";"None";"2";"2";"Appartement";"91.0";"3.0";"None";"None";"None";"None";"nan";"7.251088";"43.694423";"000MO"
"2022-54667";"2022-03-01";"1";"Vente";"240000.0";"79";"None";"PROM DES ANGLAIS";"0240";"06000";"06088";"Nice";"06";"None";"None";"06088000MO0238";"None";"None";"1";"34.21";"81";"nan";"None";"nan";"None";"None";"None";"None";"2";"2";"Appartement";"34.0";"1.0";"None";"None";"None";"None";"nan";"7.249911";"43.692436";"000MO"
"2022-54495";"2022-03-01";"1";"Vente";"334770.0";"3";"None";"AV DES BAUMETTES";"0660";"06000";"06088";"Nice";"06";"None";"None";"06088000MO0282";"None";"None";"10";"nan";"6";"nan";"None";"nan";"None";"None";"None";"None";"2";"3";"Dépendance";"nan";"0.0";"None";"None";"None";"None";"nan";"7.251088";"43.694423";"000MO"
"2022-54352";"2022-02-28";"1";"Vente";"302500.0";"126";"None";"RUE DE FRANCE";"2595";"06000";"06088";"Nice";"06";"None";"None";"06088000MO0550";"None";"None";"19";"53.46";"None";"nan";"None";"nan";"None";"None";"None";"None";"1";"2";"Appartement";"53.0";"2.0";"None";"None";"None";"None";"nan";"7.250655";"43.693744";"000MO"
"2022-53919";"2022-02-25";"1";"Vente";"83000.0";"134";"None";"RUE DE FRANCE";"2595";"06000";"06088";"Nice";"06";"None";"None";"06088000MO0442";"None";"None";"1118";"27.81";"None";"nan";"None";"nan";"None";"None";"None";"None";"1";"2";"Appartement";"28.0";"1.0";"None";"None";"None";"None";"nan";"7.249074";"43.693077";"000MO"
"2022-54507";"2022-02-25";"1";"Vente";"446550.0";"147";"None";"RUE DE FRANCE";"2595";"06000";"06088";"Nice";"06";"None";"None";"06088000MO0237";"None";"None";"121";"nan";"84";"81.42";"None";"nan";"None";"None";"None";"None";"2";"2";"Appartement";"80.0";"3.0";"None";"None";"None";"None";"nan";"7.249728";"43.692755";"000MO"
"2022-54568";"2022-02-25";"1";"Vente";"590000.0";"97";"None";"PROM DES ANGLAIS";"0240";"06000";"06088";"Nice";"06";"None";"None";"06088000MO0196";"None";"None";"13";"nan";"26";"nan";"None";"nan";"None";"None";"None";"None";"2";"2";"Appartement";"81.0";"3.0";"None";"None";"None";"None";"nan";"7.247245";"43.691597";"000MO"
"2022-54218";"2022-02-25";"1";"Vente";"38000.0";"154";"None";"RUE DE FRANCE";"2595";"06000";"06088";"Nice";"06";"None";"None";"06088000MO0566";"None";"None";"120";"nan";"None";"nan";"None";"nan";"None";"None";"None";"None";"1";"3";"Dépendance";"nan";"0.0";"None";"None";"None";"None";"nan";"7.247686";"43.692714";"000MO"
"2022-54507";"2022-02-25";"1";"Vente";"446550.0";"147";"None";"RUE DE FRANCE";"2595";"06000";"06088";"Nice";"06";"None";"None";"06088000MO0237";"None";"None";"121";"nan";"84";"81.42";"None";"nan";"None";"None";"None";"None";"2";"3";"Dépendance";"nan";"0.0";"None";"None";"None";"None";"nan";"7.249728";"43.692755";"000MO"
"2022-54568";"2022-02-25";"1";"Vente";"590000.0";"97";"None";"PROM DES ANGLAIS";"0240";"06000";"06088";"Nice";"06";"None";"None";"06088000MO0196";"None";"None";"13";"nan";"26";"nan";"None";"nan";"None";"None";"None";"None";"2";"3";"Dépendance";"nan";"0.0";"None";"None";"None";"None";"nan";"7.247245";"43.691597";"000MO"
"2022-54568";"2022-02-25";"1";"Vente";"590000.0";"97";"None";"PROM DES ANGLAIS";"0240";"06000";"06088";"Nice";"06";"None";"None";"06088000MO0196";"None";"None";"13";"nan";"26";"nan";"None";"nan";"None";"None";"None";"None";"2";"3";"Dépendance";"nan";"0.0";"None";"None";"None";"None";"nan";"7.247245";"43.691597";"000MO"
"2022-53907";"2022-02-24";"1";"Vente";"152380.0";"4";"None";"RUE HENRI CORDIER";"3205";"06000";"06088";"Nice";"06";"None";"None";"06088000MO0074";"None";"None";"19";"nan";"None";"nan";"None";"nan";"None";"None";"None";"None";"1";"3";"Dépendance";"nan";"0.0";"None";"None";"None";"None";"nan";"7.247827";"43.693608";"000MO"
"2022-53907";"2022-02-24";"1";"Vente";"152380.0";"4";"None";"RUE HENRI CORDIER";"3205";"06000";"06088";"Nice";"06";"None";"None";"06088000MO0074";"None";"None";"18";"12.07";"None";"nan";"None";"nan";"None";"None";"None";"None";"1";"3";"Dépendance";"nan";"0.0";"None";"None";"None";"None";"nan";"7.247827";"43.693608";"000MO"
"2022-53338";"2022-02-18";"1";"Vente";"210000.0";"111";"None";"PROM DES ANGLAIS";"0240";"06000";"06088";"Nice";"06";"None";"None";"06088000MO0213";"None";"None";"24";"40.48";"None";"nan";"None";"nan";"None";"None";"None";"None";"1";"2";"Appartement";"34.0";"2.0";"None";"None";"None";"None";"nan";"7.245852";"43.691165";"000MO"
"2022-52991";"2022-02-17";"1";"Vente";"39000.0";"118";"None";"RUE DE FRANCE";"2595";"06000";"06088";"Nice";"06";"None";"None";"06088000MO0550";"None";"None";"293";"nan";"None";"nan";"None";"nan";"None";"None";"None";"None";"1";"3";"Dépendance";"nan";"0.0";"None";"None";"None";"None";"nan";"7.250655";"43.693744";"000MO"
"2022-55605";"2022-02-17";"1";"Vente";"30000.0";"147";"None";"RUE DE FRANCE";"2595";"06000";"06088";"Nice";"06";"None";"None";"06088000MO0237";"None";"None";"149";"nan";"None";"nan";"None";"nan";"None";"None";"None";"None";"1";"3";"Dépendance";"nan";"0.0";"None";"None";"None";"None";"nan";"7.249728";"43.692755";"000MO"
"2022-53646";"2022-02-15";"1";"Vente";"124000.0";"5";"None";"AV ADOLPHE ISNARD SERRAT";"0043";"06000";"06088";"Nice";"06";"None";"None";"06088000MO0006";"None";"None";"22";"49.22";"None";"nan";"None";"nan";"None";"None";"None";"None";"1";"2";"Appartement";"50.0";"3.0";"None";"None";"None";"None";"nan";"7.243913";"43.694377";"000MO"
"2022-53646";"2022-02-15";"1";"Vente";"124000.0";"5";"None";"AV ADOLPHE ISNARD SERRAT";"0043";"06000";"06088";"Nice";"06";"None";"None";"06088000MO0006";"None";"None";"22";"49.22";"None";"nan";"None";"nan";"None";"None";"None";"None";"1";"3";"Dépendance";"nan";"0.0";"None";"None";"None";"None";"nan";"7.243913";"43.694377";"000MO"
"2022-53151";"2022-02-14";"1";"Vente";"40000.0";"169";"None";"RUE DE FRANCE";"2595";"06000";"06088";"Nice";"06";"None";"None";"06088000MO0187";"None";"None";"25";"nan";"64";"nan";"None";"nan";"None";"None";"None";"None";"2";"2";"Appartement";"11.0";"1.0";"None";"None";"None";"None";"nan";"7.247818";"43.692107";"000MO"
"2022-53151";"2022-02-14";"1";"Vente";"40000.0";"169";"None";"RUE DE FRANCE";"2595";"06000";"06088";"Nice";"06";"None";"None";"06088000MO0187";"None";"None";"24";"nan";"None";"nan";"None";"nan";"None";"None";"None";"None";"1";"3";"Dépendance";"nan";"0.0";"None";"None";"None";"None";"nan";"7.247818";"43.692107";"000MO"
"2022-53615";"2022-02-10";"1";"Vente";"145000.0";"5";"None";"IMP SAINT LAURENT";"5845";"06000";"06088";"Nice";"06";"None";"None";"06088000MO0058";"None";"None";"17";"41.72";"4";"nan";"None";"nan";"None";"None";"None";"None";"2";"2";"Appartement";"42.0";"3.0";"None";"None";"None";"None";"nan";"7.246096";"43.693638";"000MO"
"2022-53786";"2022-02-10";"1";"Vente";"345000.0";"31";"None";"AV DES BAUMETTES";"0660";"06000";"06088";"Nice";"06";"None";"None";"06088000MO0120";"None";"None";"15";"53.52";"None";"nan";"None";"nan";"None";"None";"None";"None";"1";"2";"Appartement";"52.0";"2.0";"None";"None";"None";"None";"nan";"7.249428";"43.694455";"000MO"
"2022-53615";"2022-02-10";"1";"Vente";"145000.0";"5";"None";"IMP SAINT LAURENT";"5845";"06000";"06088";"Nice";"06";"None";"None";"06088000MO0058";"None";"None";"17";"41.72";"4";"nan";"None";"nan";"None";"None";"None";"None";"2";"3";"Dépendance";"nan";"0.0";"None";"None";"None";"None";"nan";"7.246096";"43.693638";"000MO"
"2022-53786";"2022-02-10";"1";"Vente";"345000.0";"31";"None";"AV DES BAUMETTES";"0660";"06000";"06088";"Nice";"06";"None";"None";"06088000MO0120";"None";"None";"15";"53.52";"None";"nan";"None";"nan";"None";"None";"None";"None";"1";"3";"Dépendance";"nan";"0.0";"None";"None";"None";"None";"nan";"7.249428";"43.694455";"000MO"
"2022-52794";"2022-02-09";"1";"Vente";"5000.0";"169";"None";"RUE DE FRANCE";"2595";"06000";"06088";"Nice";"06";"None";"None";"06088000MO0187";"None";"None";"61";"4.3";"None";"nan";"None";"nan";"None";"None";"None";"None";"1";"2";"Appartement";"13.0";"1.0";"None";"None";"None";"None";"nan";"7.247818";"43.692107";"000MO"
"2022-53548";"2022-02-09";"1";"Vente";"455000.0";"83";"None";"PROM DES ANGLAIS";"0240";"06000";"06088";"Nice";"06";"None";"None";"06088000MO0178";"None";"None";"23";"nan";"97";"nan";"None";"nan";"None";"None";"None";"None";"2";"2";"Appartement";"31.0";"2.0";"None";"None";"None";"None";"nan";"7.249108";"43.692398";"000MO"
"2022-53548";"2022-02-09";"1";"Vente";"455000.0";"83";"None";"PROM DES ANGLAIS";"0240";"06000";"06088";"Nice";"06";"None";"None";"06088000MO0178";"None";"None";"105";"nan";"24";"nan";"None";"nan";"None";"None";"None";"None";"2";"2";"Appartement";"29.0";"1.0";"None";"None";"None";"None";"nan";"7.249108";"43.692398";"000MO"
"2022-53548";"2022-02-09";"1";"Vente";"455000.0";"83";"None";"PROM DES ANGLAIS";"0240";"06000";"06088";"Nice";"06";"None";"None";"06088000MO0178";"None";"None";"105";"nan";"24";"nan";"None";"nan";"None";"None";"None";"None";"2";"3";"Dépendance";"nan";"0.0";"None";"None";"None";"None";"nan";"7.249108";"43.692398";"000MO"
"2022-53548";"2022-02-09";"1";"Vente";"455000.0";"83";"None";"PROM DES ANGLAIS";"0240";"06000";"06088";"Nice";"06";"None";"None";"06088000MO0178";"None";"None";"23";"nan";"97";"nan";"None";"nan";"None";"None";"None";"None";"2";"3";"Dépendance";"nan";"0.0";"None";"None";"None";"None";"nan";"7.249108";"43.692398";"000MO"
"2022-53548";"2022-02-09";"1";"Vente";"455000.0";"144";"None";"RUE DE FRANCE";"2595";"06000";"06088";"Nice";"06";"None";"None";"06088000MO0442";"None";"None";"6081";"nan";"None";"nan";"None";"nan";"None";"None";"None";"None";"1";"3";"Dépendance";"nan";"0.0";"None";"None";"None";"None";"nan";"7.249074";"43.693077";"000MO"
"2022-54108";"2022-02-09";"1";"Vente";"13500.0";"8";"B";"IMP SAINT LAURENT";"5845";"06000";"06088";"Nice";"06";"None";"None";"06088000MO0490";"None";"None";"80";"nan";"None";"nan";"None";"nan";"None";"None";"None";"None";"1";"3";"Dépendance";"nan";"0.0";"None";"None";"None";"None";"nan";"7.246739";"43.694549";"000MO"
"2022-54112";"2022-02-09";"1";"Vente";"14000.0";"8";"B";"IMP SAINT LAURENT";"5845";"06000";"06088";"Nice";"06";"None";"None";"06088000MO0490";"None";"None";"79";"nan";"None";"nan";"None";"nan";"None";"None";"None";"None";"1";"3";"Dépendance";"nan";"0.0";"None";"None";"None";"None";"nan";"7.246739";"43.694549";"000MO"
"2022-52913";"2022-02-08";"1";"Vente";"184000.0";"143";"None";"RUE DE FRANCE";"2595";"06000";"06088";"Nice";"06";"None";"None";"06088000MO0170";"None";"None";"100";"nan";"148";"30.07";"None";"nan";"None";"None";"None";"None";"2";"2";"Appartement";"29.0";"1.0";"None";"None";"None";"None";"nan";"7.250586";"43.692851";"000MO"
"2022-52913";"2022-02-08";"1";"Vente";"184000.0";"143";"None";"RUE DE FRANCE";"2595";"06000";"06088";"Nice";"06";"None";"None";"06088000MO0170";"None";"None";"100";"nan";"148";"30.07";"None";"nan";"None";"None";"None";"None";"2";"3";"Dépendance";"nan";"0.0";"None";"None";"None";"None";"nan";"7.250586";"43.692851";"000MO"
"2022-52983";"2022-02-07";"1";"Vente";"268000.0";"144";"None";"RUE DE FRANCE";"2595";"06000";"06088";"Nice";"06";"None";"None";"06088000MO0442";"None";"None";"6386";"nan";"6695";"nan";"None";"nan";"None";"None";"None";"None";"2";"2";"Appartement";"46.0";"3.0";"None";"None";"None";"None";"nan";"7.249074";"43.693077";"000MO"
"2022-53647";"2022-02-07";"1";"Vente";"234500.0";"158";"None";"RUE DE FRANCE";"2595";"06000";"06088";"Nice";"06";"None";"None";"06088000MO0399";"None";"None";"44";"44.24";"None";"nan";"None";"nan";"None";"None";"None";"None";"1";"2";"Appartement";"44.0";"2.0";"None";"None";"None";"None";"nan";"7.247758";"43.693082";"000MO"
"2022-52983";"2022-02-07";"1";"Vente";"268000.0";"144";"None";"RUE DE FRANCE";"2595";"06000";"06088";"Nice";"06";"None";"None";"06088000MO0442";"None";"None";"6386";"nan";"6695";"nan";"None";"nan";"None";"None";"None";"None";"2";"3";"Dépendance";"nan";"0.0";"None";"None";"None";"None";"nan";"7.249074";"43.693077";"000MO"
"2022-53647";"2022-02-07";"1";"Vente";"234500.0";"160";"None";"RUE DE FRANCE";"2595";"06000";"06088";"Nice";"06";"None";"None";"06088000MO0399";"None";"None";"63";"nan";"None";"nan";"None";"nan";"None";"None";"None";"None";"1";"3";"Dépendance";"nan";"0.0";"None";"None";"None";"None";"nan";"7.247758";"43.693082";"000MO"
"2022-53337";"2022-02-01";"1";"Vente";"1050000.0";"76";"None";"PROM DES ANGLAIS";"0240";"06000";"06088";"Nice";"06";"None";"None";"06088000MO0173";"None";"None";"15";"nan";"45";"109.49";"None";"nan";"None";"None";"None";"None";"2";"2";"Appartement";"108.0";"3.0";"None";"None";"None";"None";"nan";"7.250237";"43.692592";"000MO"
"2022-53337";"2022-02-01";"1";"Vente";"1050000.0";"76";"None";"PROM DES ANGLAIS";"0240";"06000";"06088";"Nice";"06";"None";"None";"06088000MO0173";"None";"None";"15";"nan";"45";"109.49";"None";"nan";"None";"None";"None";"None";"2";"3";"Dépendance";"nan";"0.0";"None";"None";"None";"None";"nan";"7.250237";"43.692592";"000MO"
"2022-53337";"2022-02-01";"1";"Vente";"1050000.0";"76";"None";"PROM DES ANGLAIS";"0240";"06000";"06088";"Nice";"06";"None";"None";"06088000MO0173";"None";"None";"15";"nan";"45";"109.49";"None";"nan";"None";"None";"None";"None";"2";"3";"Dépendance";"nan";"0.0";"None";"None";"None";"None";"nan";"7.250237";"43.692592";"000MO"
"2022-53337";"2022-02-01";"1";"Vente";"1050000.0";"76";"None";"PROM DES ANGLAIS";"0240";"06000";"06088";"Nice";"06";"None";"None";"06088000MO0173";"None";"None";"30";"nan";"None";"nan";"None";"nan";"None";"None";"None";"None";"1";"3";"Dépendance";"nan";"0.0";"None";"None";"None";"None";"nan";"7.250237";"43.692592";"000MO"
"2022-53943";"2022-02-01";"1";"Vente";"35000.0";"185";"None";"RUE DE FRANCE";"2595";"06000";"06088";"Nice";"06";"None";"None";"06088000MO0488";"None";"None";"20";"nan";"None";"nan";"None";"nan";"None";"None";"None";"None";"1";"3";"Dépendance";"nan";"0.0";"None";"None";"None";"None";"nan";"7.246306";"43.691623";"000MO"
"2022-52135";"2022-01-27";"1";"Vente";"150000.0";"77";"None";"PROM DES ANGLAIS";"0240";"06000";"06088";"Nice";"06";"None";"None";"06088000MO0238";"None";"None";"119";"nan";"51";"22.58";"None";"nan";"None";"None";"None";"None";"2";"2";"Appartement";"25.0";"1.0";"None";"None";"None";"None";"nan";"7.249911";"43.692436";"000MO"
"2022-52740";"2022-01-27";"1";"Vente";"155000.0";"4";"None";"RUE AUGUSTE RENOIR";"0470";"06000";"06088";"Nice";"06";"None";"None";"06088000MO0471";"None";"None";"7";"nan";"None";"nan";"None";"nan";"None";"None";"None";"None";"1";"2";"Appartement";"45.0";"2.0";"None";"None";"None";"None";"nan";"7.24985";"43.693748";"000MO"
"2022-52135";"2022-01-27";"1";"Vente";"150000.0";"77";"None";"PROM DES ANGLAIS";"0240";"06000";"06088";"Nice";"06";"None";"None";"06088000MO0238";"None";"None";"119";"nan";"51";"22.58";"None";"nan";"None";"None";"None";"None";"2";"3";"Dépendance";"nan";"0.0";"None";"None";"None";"None";"nan";"7.249911";"43.692436";"000MO"
"2022-52200";"2022-01-24";"1";"Vente";"160000.0";"126";"None";"RUE DE FRANCE";"2595";"06000";"06088";"Nice";"06";"None";"None";"06088000MO0550";"None";"None";"17";"nan";"80";"nan";"None";"nan";"None";"None";"None";"None";"2";"2";"Appartement";"31.0";"1.0";"None";"None";"None";"None";"nan";"7.250655";"43.693744";"000MO"
"2022-52200";"2022-01-24";"1";"Vente";"160000.0";"126";"None";"RUE DE FRANCE";"2595";"06000";"06088";"Nice";"06";"None";"None";"06088000MO0550";"None";"None";"17";"nan";"80";"nan";"None";"nan";"None";"None";"None";"None";"2";"3";"Dépendance";"nan";"0.0";"None";"None";"None";"None";"nan";"7.250655";"43.693744";"000MO"
"2022-52217";"2022-01-19";"1";"Vente";"177000.0";"154";"None";"RUE DE FRANCE";"2595";"06000";"06088";"Nice";"06";"None";"None";"06088000MO0566";"None";"None";"153";"nan";"32";"29.3";"None";"nan";"None";"None";"None";"None";"2";"2";"Appartement";"29.0";"1.0";"None";"None";"None";"None";"nan";"7.247686";"43.692714";"000MO"
"2022-52217";"2022-01-19";"1";"Vente";"177000.0";"154";"None";"RUE DE FRANCE";"2595";"06000";"06088";"Nice";"06";"None";"None";"06088000MO0566";"None";"None";"117";"nan";"None";"nan";"None";"nan";"None";"None";"None";"None";"1";"3";"Dépendance";"nan";"0.0";"None";"None";"None";"None";"nan";"7.247686";"43.692714";"000MO"
"2022-52217";"2022-01-19";"1";"Vente";"177000.0";"154";"None";"RUE DE FRANCE";"2595";"06000";"06088";"Nice";"06";"None";"None";"06088000MO0566";"None";"None";"153";"nan";"32";"29.3";"None";"nan";"None";"None";"None";"None";"2";"3";"Dépendance";"nan";"0.0";"None";"None";"None";"None";"nan";"7.247686";"43.692714";"000MO"
"2022-51766";"2022-01-14";"1";"Vente";"195000.0";"134";"None";"RUE DE FRANCE";"2595";"06000";"06088";"Nice";"06";"None";"None";"06088000MO0442";"None";"None";"1090";"nan";"None";"nan";"None";"nan";"None";"None";"None";"None";"1";"2";"Appartement";"44.0";"2.0";"None";"None";"None";"None";"nan";"7.249074";"43.693077";"000MO"
"2022-51917";"2022-01-14";"1";"Vente";"135000.0";"3";"B";"AV DES BAUMETTES";"0660";"06000";"06088";"Nice";"06";"None";"None";"06088000MO0281";"None";"None";"1";"40.01";"None";"nan";"None";"nan";"None";"None";"None";"None";"1";"2";"Appartement";"38.0";"1.0";"None";"None";"None";"None";"nan";"7.250892";"43.694404";"000MO"
"2022-52018";"2022-01-14";"1";"Vente";"175000.0";"143";"None";"RUE DE FRANCE";"2595";"06000";"06088";"Nice";"06";"None";"None";"06088000MO0170";"None";"None";"104";"nan";"153";"27.11";"None";"nan";"None";"None";"None";"None";"2";"2";"Appartement";"34.0";"1.0";"None";"None";"None";"None";"nan";"7.250586";"43.692851";"000MO"
"2022-51766";"2022-01-14";"1";"Vente";"195000.0";"134";"None";"RUE DE FRANCE";"2595";"06000";"06088";"Nice";"06";"None";"None";"06088000MO0442";"None";"None";"1040";"nan";"None";"nan";"None";"nan";"None";"None";"None";"None";"1";"3";"Dépendance";"nan";"0.0";"None";"None";"None";"None";"nan";"7.249074";"43.693077";"000MO"
"2022-52018";"2022-01-14";"1";"Vente";"175000.0";"143";"None";"RUE DE FRANCE";"2595";"06000";"06088";"Nice";"06";"None";"None";"06088000MO0170";"None";"None";"104";"nan";"153";"27.11";"None";"nan";"None";"None";"None";"None";"2";"3";"Dépendance";"nan";"0.0";"None";"None";"None";"None";"nan";"7.250586";"43.692851";"000MO"
"2022-51476";"2022-01-07";"1";"Vente";"12000.0";"169";"None";"RUE DE FRANCE";"2595";"06000";"06088";"Nice";"06";"None";"None";"06088000MO0187";"None";"None";"10";"nan";"None";"nan";"None";"nan";"None";"None";"None";"None";"1";"3";"Dépendance";"nan";"0.0";"None";"None";"None";"None";"nan";"7.247818";"43.692107";"000MO"
"2022-51622";"2022-01-05";"1";"Vente";"158990.0";"144";"None";"RUE DE FRANCE";"2595";"06000";"06088";"Nice";"06";"None";"None";"06088000MO0442";"None";"None";"6644";"28.1";"None";"nan";"None";"nan";"None";"None";"None";"None";"1";"2";"Appartement";"28.0";"1.0";"None";"None";"None";"None";"nan";"7.249074";"43.693077";"000MO"
"2021-71915";"2021-12-30";"1";"Vente";"27500.0";"144";"None";"RUE DE FRANCE";"2595";"06000";"06088";"Nice";"06";"None";"None";"06088000MO0442";"None";"None";"6015";"nan";"None";"nan";"None";"nan";"None";"None";"None";"None";"1";"2";"Appartement";"27.0";"1.0";"None";"None";"None";"None";"nan";"7.249074";"43.693077";"000MO"
"2021-72062";"2021-12-30";"1";"Vente";"77200.0";"147";"None";"RUE DE FRANCE";"2595";"06000";"06088";"Nice";"06";"None";"None";"06088000MO0237";"None";"None";"23";"14.22";"None";"nan";"None";"nan";"None";"None";"None";"None";"1";"2";"Appartement";"14.0";"1.0";"None";"None";"None";"None";"nan";"7.249728";"43.692755";"000MO"
"2021-72216";"2021-12-30";"1";"Vente";"111500.0";"75";"None";"PROM DES ANGLAIS";"0240";"06000";"06088";"Nice";"06";"None";"None";"06088000MO0172";"None";"None";"24";"nan";"92";"18.61";"None";"nan";"None";"None";"None";"None";"2";"2";"Appartement";"19.0";"1.0";"None";"None";"None";"None";"nan";"7.250454";"43.69266";"000MO"
"2021-71915";"2021-12-30";"1";"Vente";"27500.0";"144";"None";"RUE DE FRANCE";"2595";"06000";"06088";"Nice";"06";"None";"None";"06088000MO0442";"None";"None";"6015";"nan";"None";"nan";"None";"nan";"None";"None";"None";"None";"1";"3";"Dépendance";"nan";"0.0";"None";"None";"None";"None";"nan";"7.249074";"43.693077";"000MO"
"2021-71915";"2021-12-30";"1";"Vente";"27500.0";"144";"None";"RUE DE FRANCE";"2595";"06000";"06088";"Nice";"06";"None";"None";"06088000MO0442";"None";"None";"6015";"nan";"None";"nan";"None";"nan";"None";"None";"None";"None";"1";"3";"Dépendance";"nan";"0.0";"None";"None";"None";"None";"nan";"7.249074";"43.693077";"000MO"
"2021-72216";"2021-12-30";"1";"Vente";"111500.0";"75";"None";"PROM DES ANGLAIS";"0240";"06000";"06088";"Nice";"06";"None";"None";"06088000MO0172";"None";"None";"24";"nan";"92";"18.61";"None";"nan";"None";"None";"None";"None";"2";"3";"Dépendance";"nan";"0.0";"None";"None";"None";"None";"nan";"7.250454";"43.69266";"000MO"
"2021-72183";"2021-12-29";"1";"Vente";"34000.0";"154";"None";"RUE DE FRANCE";"2595";"06000";"06088";"Nice";"06";"None";"None";"06088000MO0566";"None";"None";"74";"nan";"None";"nan";"None";"nan";"None";"None";"None";"None";"1";"3";"Dépendance";"nan";"0.0";"None";"None";"None";"None";"nan";"7.247686";"43.692714";"000MO"
"2021-71276";"2021-12-23";"1";"Vente";"125420.0";"5";"None";"RUE PAUL VALERY";"4910";"06000";"06088";"Nice";"06";"None";"None";"06088000MO0408";"None";"None";"38";"nan";"None";"nan";"None";"nan";"None";"None";"None";"None";"1";"2";"Appartement";"23.0";"1.0";"None";"None";"None";"None";"nan";"7.251112";"43.693284";"000MO"
"2021-72142";"2021-12-23";"1";"Vente";"36000.0";"159";"None";"RUE DE FRANCE";"2595";"06000";"06088";"Nice";"06";"None";"None";"06088000MO0178";"None";"None";"225";"nan";"None";"nan";"None";"nan";"None";"None";"None";"None";"1";"3";"Dépendance";"nan";"0.0";"None";"None";"None";"None";"nan";"7.249108";"43.692398";"000MO"
"2021-71963";"2021-12-22";"1";"Vente";"93000.0";"137";"None";"RUE DE FRANCE";"2595";"06000";"06088";"Nice";"06";"None";"None";"06088000MO0168";"None";"None";"48";"12.03";"None";"nan";"None";"nan";"None";"None";"None";"None";"1";"2";"Appartement";"15.0";"1.0";"None";"None";"None";"None";"nan";"7.250703";"43.693101";"000MO"
"2021-72152";"2021-12-22";"1";"Vente";"76000.0";"98";"None";"RUE DE FRANCE";"2595";"06000";"06088";"Nice";"06";"None";"None";"06088000MO0544";"None";"None";"25";"nan";"None";"nan";"None";"nan";"None";"None";"None";"None";"1";"2";"Appartement";"37.0";"1.0";"None";"None";"None";"None";"nan";"7.251874";"43.694138";"000MO"
"2021-72152";"2021-12-22";"1";"Vente";"76000.0";"98";"None";"RUE DE FRANCE";"2595";"06000";"06088";"Nice";"06";"None";"None";"06088000MO0544";"None";"None";"25";"nan";"None";"nan";"None";"nan";"None";"None";"None";"None";"1";"3";"Dépendance";"nan";"0.0";"None";"None";"None";"None";"nan";"7.251874";"43.694138";"000MO"
"2021-72152";"2021-12-22";"1";"Vente";"76000.0";"98";"None";"RUE DE FRANCE";"2595";"06000";"06088";"Nice";"06";"None";"None";"06088000MO0544";"None";"None";"25";"nan";"None";"nan";"None";"nan";"None";"None";"None";"None";"1";"3";"Dépendance";"nan";"0.0";"None";"None";"None";"None";"nan";"7.251874";"43.694138";"000MO"
"2021-71882";"2021-12-20";"1";"Vente";"55000.0";"147";"None";"RUE DE FRANCE";"2595";"06000";"06088";"Nice";"06";"None";"None";"06088000MO0237";"None";"None";"22";"nan";"None";"nan";"None";"nan";"None";"None";"None";"None";"1";"2";"Appartement";"14.0";"1.0";"None";"None";"None";"None";"nan";"7.249728";"43.692755";"000MO"
"2021-71896";"2021-12-17";"1";"Vente";"150000.0";"144";"None";"RUE DE FRANCE";"2595";"06000";"06088";"Nice";"06";"None";"None";"06088000MO0442";"None";"None";"6470";"nan";"6737";"17.24";"None";"nan";"None";"None";"None";"None";"2";"2";"Appartement";"21.0";"1.0";"None";"None";"None";"None";"nan";"7.249074";"43.693077";"000MO"
"2021-71896";"2021-12-17";"1";"Vente";"150000.0";"144";"None";"RUE DE FRANCE";"2595";"06000";"06088";"Nice";"06";"None";"None";"06088000MO0442";"None";"None";"6470";"nan";"6737";"17.24";"None";"nan";"None";"None";"None";"None";"2";"3";"Dépendance";"nan";"0.0";"None";"None";"None";"None";"nan";"7.249074";"43.693077";"000MO"
"2021-70499";"2021-12-16";"1";"Vente";"128000.0";"5";"None";"IMP SAINT LAURENT";"5845";"06000";"06088";"Nice";"06";"None";"None";"06088000MO0058";"None";"None";"23";"34.12";"6";"nan";"None";"nan";"None";"None";"None";"None";"2";"2";"Appartement";"34.0";"3.0";"None";"None";"None";"None";"nan";"7.246096";"43.693638";"000MO"
"2021-70499";"2021-12-16";"1";"Vente";"128000.0";"5";"None";"IMP SAINT LAURENT";"5845";"06000";"06088";"Nice";"06";"None";"None";"06088000MO0058";"None";"None";"23";"34.12";"6";"nan";"None";"nan";"None";"None";"None";"None";"2";"3";"Dépendance";"nan";"0.0";"None";"None";"None";"None";"nan";"7.246096";"43.693638";"000MO"
"2021-70711";"2021-12-14";"1";"Vente";"273000.0";"118";"None";"RUE DE FRANCE";"2595";"06000";"06088";"Nice";"06";"None";"None";"06088000MO0550";"None";"None";"234";"50.68";"None";"nan";"None";"nan";"None";"None";"None";"None";"1";"2";"Appartement";"50.0";"2.0";"None";"None";"None";"None";"nan";"7.250655";"43.693744";"000MO"
"2021-72258";"2021-12-13";"1";"Vente";"42000.0";"3";"B";"AV DES BAUMETTES";"0660";"06000";"06088";"Nice";"06";"None";"None";"06088000MO0302";"None";"None";"72";"nan";"None";"nan";"None";"nan";"None";"None";"None";"None";"1";"3";"Dépendance";"nan";"0.0";"None";"None";"None";"None";"nan";"7.250749";"43.694365";"000MO"
"2021-70764";"2021-12-10";"1";"Vente";"201540.0";"12";"None";"AV ADOLPHE ISNARD SERRAT";"0043";"06000";"06088";"Nice";"06";"None";"None";"06088000MO0035";"None";"None";"3";"nan";"None";"nan";"None";"nan";"None";"None";"None";"None";"1";"2";"Appartement";"60.0";"3.0";"None";"None";"None";"None";"nan";"7.244464";"43.694503";"000MO"
"2021-70764";"2021-12-10";"1";"Vente";"201540.0";"12";"None";"AV ADOLPHE ISNARD SERRAT";"0043";"06000";"06088";"Nice";"06";"None";"None";"06088000MO0035";"None";"None";"3";"nan";"None";"nan";"None";"nan";"None";"None";"None";"None";"1";"3";"Dépendance";"nan";"0.0";"None";"None";"None";"None";"nan";"7.244464";"43.694503";"000MO"
"2021-71883";"2021-12-09";"1";"Vente";"950000.0";"93";"B";"PROM DES ANGLAIS";"0240";"06000";"06088";"Nice";"06";"None";"None";"06088000MO0189";"None";"None";"3";"nan";"59";"86.0";"None";"nan";"None";"None";"None";"None";"2";"2";"Appartement";"90.0";"3.0";"None";"None";"None";"None";"nan";"7.247745";"43.691735";"000MO"
"2021-70839";"2021-12-09";"1";"Vente";"20000.0";"63";"None";"PROM DES ANGLAIS";"0240";"06000";"06088";"Nice";"06";"None";"None";"06088000MO0160";"None";"None";"45";"nan";"None";"nan";"None";"nan";"None";"None";"None";"None";"1";"3";"Dépendance";"nan";"0.0";"None";"None";"None";"None";"nan";"7.252144";"43.693193";"000MO"
"2021-71883";"2021-12-09";"1";"Vente";"950000.0";"93";"B";"PROM DES ANGLAIS";"0240";"06000";"06088";"Nice";"06";"None";"None";"06088000MO0189";"None";"None";"3";"nan";"59";"86.0";"None";"nan";"None";"None";"None";"None";"2";"3";"Dépendance";"nan";"0.0";"None";"None";"None";"None";"nan";"7.247745";"43.691735";"000MO"
"2021-71883";"2021-12-09";"1";"Vente";"950000.0";"9002";"None";"RUE GARDON";"2760";"06000";"06088";"Nice";"06";"None";"None";"06088000MO0564";"None";"None";"57";"nan";"None";"nan";"None";"nan";"None";"None";"None";"None";"1";"3";"Dépendance";"nan";"0.0";"None";"None";"None";"None";"nan";"7.247167";"43.691854";"000MO"
"2021-70775";"2021-12-08";"1";"Vente";"272500.0";"160";"None";"RUE DE FRANCE";"2595";"06000";"06088";"Nice";"06";"None";"None";"06088000MO0399";"None";"None";"151";"nan";"31";"57.93";"None";"nan";"None";"None";"None";"None";"2";"2";"Appartement";"59.0";"2.0";"None";"None";"None";"None";"nan";"7.247758";"43.693082";"000MO"
"2021-70874";"2021-12-08";"1";"Vente";"180000.0";"4";"None";"RUE AUGUSTE RENOIR";"0470";"06000";"06088";"Nice";"06";"None";"None";"06088000MO0471";"None";"None";"26";"nan";"46";"nan";"None";"nan";"None";"None";"None";"None";"2";"2";"Appartement";"44.0";"2.0";"None";"None";"None";"None";"nan";"7.24985";"43.693748";"000MO"
"2021-70775";"2021-12-08";"1";"Vente";"272500.0";"160";"None";"RUE DE FRANCE";"2595";"06000";"06088";"Nice";"06";"None";"None";"06088000MO0399";"None";"None";"151";"nan";"31";"57.93";"None";"nan";"None";"None";"None";"None";"2";"3";"Dépendance";"nan";"0.0";"None";"None";"None";"None";"nan";"7.247758";"43.693082";"000MO"
"2021-70068";"2021-11-30";"1";"Vente";"795000.0";"102";"None";"RUE DE FRANCE";"2595";"06000";"06088";"Nice";"06";"None";"None";"06088000MO0348";"None";"None";"115";"122.09";"117";"nan";"21";"nan";"27";"None";"None";"None";"4";"2";"Appartement";"122.0";"4.0";"None";"None";"None";"None";"nan";"7.251572";"43.694041";"000MO"
"2021-70172";"2021-11-30";"1";"Vente";"160000.0";"144";"None";"RUE DE FRANCE";"2595";"06000";"06088";"Nice";"06";"None";"None";"06088000MO0442";"None";"None";"6615";"21.32";"None";"nan";"None";"nan";"None";"None";"None";"None";"1";"2";"Appartement";"21.0";"1.0";"None";"None";"None";"None";"nan";"7.249074";"43.693077";"000MO"
"2021-70679";"2021-11-30";"1";"Vente";"369000.0";"152";"None";"RUE DE FRANCE";"2595";"06000";"06088";"Nice";"06";"None";"None";"06088000MO0566";"None";"None";"141";"nan";"63";"75.13";"None";"nan";"None";"None";"None";"None";"2";"2";"Appartement";"76.0";"3.0";"None";"None";"None";"None";"nan";"7.247686";"43.692714";"000MO"
"2021-70068";"2021-11-30";"1";"Vente";"795000.0";"3";"B";"AV DES BAUMETTES";"0660";"06000";"06088";"Nice";"06";"None";"None";"06088000MO0302";"None";"None";"32";"nan";"None";"nan";"None";"nan";"None";"None";"None";"None";"1";"3";"Dépendance";"nan";"0.0";"None";"None";"None";"None";"nan";"7.250749";"43.694365";"000MO"
"2021-70068";"2021-11-30";"1";"Vente";"795000.0";"102";"None";"RUE DE FRANCE";"2595";"06000";"06088";"Nice";"06";"None";"None";"06088000MO0348";"None";"None";"115";"122.09";"117";"nan";"21";"nan";"27";"None";"None";"None";"4";"3";"Dépendance";"nan";"0.0";"None";"None";"None";"None";"nan";"7.251572";"43.694041";"000MO"
"2021-70068";"2021-11-30";"1";"Vente";"795000.0";"102";"None";"RUE DE FRANCE";"2595";"06000";"06088";"Nice";"06";"None";"None";"06088000MO0348";"None";"None";"115";"122.09";"117";"nan";"21";"nan";"27";"None";"None";"None";"4";"3";"Dépendance";"nan";"0.0";"None";"None";"None";"None";"nan";"7.251572";"43.694041";"000MO"
"2021-70172";"2021-11-30";"1";"Vente";"160000.0";"144";"None";"RUE DE FRANCE";"2595";"06000";"06088";"Nice";"06";"None";"None";"06088000MO0442";"None";"None";"6239";"nan";"None";"nan";"None";"nan";"None";"None";"None";"None";"1";"3";"Dépendance";"nan";"0.0";"None";"None";"None";"None";"nan";"7.249074";"43.693077";"000MO"
"2021-70679";"2021-11-30";"1";"Vente";"369000.0";"152";"None";"RUE DE FRANCE";"2595";"06000";"06088";"Nice";"06";"None";"None";"06088000MO0566";"None";"None";"141";"nan";"63";"75.13";"None";"nan";"None";"None";"None";"None";"2";"3";"Dépendance";"nan";"0.0";"None";"None";"None";"None";"nan";"7.247686";"43.692714";"000MO"
"2021-72274";"2021-11-29";"1";"Vente";"330000.0";"134";"None";"RUE DE FRANCE";"2595";"06000";"06088";"Nice";"06";"None";"None";"06088000MO0442";"None";"None";"1119";"68.02";"None";"nan";"None";"nan";"None";"None";"None";"None";"1";"2";"Appartement";"69.0";"3.0";"None";"None";"None";"None";"nan";"7.249074";"43.693077";"000MO"
"2021-72274";"2021-11-29";"1";"Vente";"330000.0";"134";"None";"RUE DE FRANCE";"2595";"06000";"06088";"Nice";"06";"None";"None";"06088000MO0442";"None";"None";"1016";"nan";"None";"nan";"None";"nan";"None";"None";"None";"None";"1";"3";"Dépendance";"nan";"0.0";"None";"None";"None";"None";"nan";"7.249074";"43.693077";"000MO"
"2021-72274";"2021-11-29";"1";"Vente";"330000.0";"134";"None";"RUE DE FRANCE";"2595";"06000";"06088";"Nice";"06";"None";"None";"06088000MO0442";"None";"None";"1064";"nan";"None";"nan";"None";"nan";"None";"None";"None";"None";"1";"3";"Dépendance";"nan";"0.0";"None";"None";"None";"None";"nan";"7.249074";"43.693077";"000MO"
"2021-70994";"2021-11-25";"1";"Vente";"21500.0";"160";"None";"RUE DE FRANCE";"2595";"06000";"06088";"Nice";"06";"None";"None";"06088000MO0399";"None";"None";"93";"nan";"None";"nan";"None";"nan";"None";"None";"None";"None";"1";"3";"Dépendance";"nan";"0.0";"None";"None";"None";"None";"nan";"7.247758";"43.693082";"000MO"
"2021-69860";"2021-11-25";"1";"Vente";"190000.0";"143";"None";"RUE DE FRANCE";"2595";"06000";"06088";"Nice";"06";"None";"None";"06088000MO0170";"None";"None";"145";"49.43";"91";"nan";"None";"nan";"None";"None";"None";"None";"2";"4";"Local industriel. commercial ou assimilé";"45.0";"0.0";"None";"None";"None";"None";"nan";"7.250586";"43.692851";"000MO"
"2021-70210";"2021-11-24";"1";"Vente";"150000.0";"111";"None";"PROM DES ANGLAIS";"0240";"06000";"06088";"Nice";"06";"None";"None";"06088000MO0213";"None";"None";"46";"nan";"None";"nan";"None";"nan";"None";"None";"None";"None";"1";"2";"Appartement";"35.0";"1.0";"None";"None";"None";"None";"nan";"7.245852";"43.691165";"000MO"
"2021-69844";"2021-11-19";"1";"Vente";"205000.0";"144";"None";"RUE DE FRANCE";"2595";"06000";"06088";"Nice";"06";"None";"None";"06088000MO0442";"None";"None";"6678";"40.61";"None";"nan";"None";"nan";"None";"None";"None";"None";"1";"2";"Appartement";"40.0";"2.0";"None";"None";"None";"None";"nan";"7.249074";"43.693077";"000MO"
"2021-70327";"2021-11-18";"1";"Vente";"120000.0";"5";"None";"RUE PAUL VALERY";"4910";"06000";"06088";"Nice";"06";"None";"None";"06088000MO0408";"None";"None";"20";"nan";"None";"nan";"None";"nan";"None";"None";"None";"None";"1";"2";"Appartement";"39.0";"2.0";"None";"None";"None";"None";"nan";"7.251112";"43.693284";"000MO"
"2021-69043";"2021-11-17";"1";"Vente";"48000.0";"37";"None";"AV DES BAUMETTES";"0660";"06000";"06088";"Nice";"06";"None";"None";"06088000MO0117";"None";"None";"39";"nan";"None";"nan";"None";"nan";"None";"None";"None";"None";"1";"3";"Dépendance";"nan";"0.0";"None";"None";"None";"None";"nan";"7.248379";"43.694701";"000MO"
"2021-69162";"2021-11-16";"1";"Vente";"723810.0";"4";"None";"RUE HENRI CORDIER";"3205";"06000";"06088";"Nice";"06";"None";"None";"06088000MO0074";"None";"None";"14";"151.51";"2";"nan";"None";"nan";"None";"None";"None";"None";"2";"2";"Appartement";"148.0";"4.0";"None";"None";"None";"None";"nan";"7.247827";"43.693608";"000MO"
"2021-69162";"2021-11-16";"1";"Vente";"723810.0";"4";"None";"RUE HENRI CORDIER";"3205";"06000";"06088";"Nice";"06";"None";"None";"06088000MO0074";"None";"None";"23";"nan";"None";"nan";"None";"nan";"None";"None";"None";"None";"1";"3";"Dépendance";"nan";"0.0";"None";"None";"None";"None";"nan";"7.247827";"43.693608";"000MO"
"2021-69162";"2021-11-16";"1";"Vente";"723810.0";"4";"None";"RUE HENRI CORDIER";"3205";"06000";"06088";"Nice";"06";"None";"None";"06088000MO0074";"None";"None";"14";"151.51";"2";"nan";"None";"nan";"None";"None";"None";"None";"2";"3";"Dépendance";"nan";"0.0";"None";"None";"None";"None";"nan";"7.247827";"43.693608";"000MO"
"2021-69457";"2021-11-02";"1";"Vente";"145000.0";"77";"None";"PROM DES ANGLAIS";"0240";"06000";"06088";"Nice";"06";"None";"None";"06088000MO0238";"None";"None";"65";"22.0";"None";"nan";"None";"nan";"None";"None";"None";"None";"1";"2";"Appartement";"25.0";"1.0";"None";"None";"None";"None";"nan";"7.249911";"43.692436";"000MO"
"2021-68556";"2021-10-26";"1";"Vente";"138000.0";"144";"None";"RUE DE FRANCE";"2595";"06000";"06088";"Nice";"06";"None";"None";"06088000MO0442";"None";"None";"6508";"27.04";"None";"nan";"None";"nan";"None";"None";"None";"None";"1";"2";"Appartement";"27.0";"1.0";"None";"None";"None";"None";"nan";"7.249074";"43.693077";"000MO"
"2021-68556";"2021-10-26";"1";"Vente";"138000.0";"144";"None";"RUE DE FRANCE";"2595";"06000";"06088";"Nice";"06";"None";"None";"06088000MO0442";"None";"None";"6508";"27.04";"None";"nan";"None";"nan";"None";"None";"None";"None";"1";"3";"Dépendance";"nan";"0.0";"None";"None";"None";"None";"nan";"7.249074";"43.693077";"000MO"
"2021-68192";"2021-10-26";"1";"Vente";"83000.0";"149";"None";"RUE DE FRANCE";"2595";"06000";"06088";"Nice";"06";"None";"None";"06088000MO0237";"None";"None";"29";"14.12";"None";"nan";"None";"nan";"None";"None";"None";"None";"1";"4";"Local industriel. commercial ou assimilé";"15.0";"0.0";"None";"None";"None";"None";"nan";"7.249728";"43.692755";"000MO"
"2021-68790";"2021-10-25";"1";"Vente";"292000.0";"144";"None";"RUE DE FRANCE";"2595";"06000";"06088";"Nice";"06";"None";"None";"06088000MO0442";"None";"None";"6308";"nan";"6309";"nan";"6656";"nan";"None";"None";"None";"None";"3";"2";"Appartement";"39.0";"2.0";"None";"None";"None";"None";"nan";"7.249074";"43.693077";"000MO"
"2021-68790";"2021-10-25";"1";"Vente";"292000.0";"144";"None";"RUE DE FRANCE";"2595";"06000";"06088";"Nice";"06";"None";"None";"06088000MO0442";"None";"None";"6308";"nan";"6309";"nan";"6656";"nan";"None";"None";"None";"None";"3";"3";"Dépendance";"nan";"0.0";"None";"None";"None";"None";"nan";"7.249074";"43.693077";"000MO"
"2021-68790";"2021-10-25";"1";"Vente";"292000.0";"144";"None";"RUE DE FRANCE";"2595";"06000";"06088";"Nice";"06";"None";"None";"06088000MO0442";"None";"None";"6228";"nan";"None";"nan";"None";"nan";"None";"None";"None";"None";"1";"3";"Dépendance";"nan";"0.0";"None";"None";"None";"None";"nan";"7.249074";"43.693077";"000MO"
"2021-68790";"2021-10-25";"1";"Vente";"292000.0";"144";"None";"RUE DE FRANCE";"2595";"06000";"06088";"Nice";"06";"None";"None";"06088000MO0442";"None";"None";"6308";"nan";"6309";"nan";"6656";"nan";"None";"None";"None";"None";"3";"3";"Dépendance";"nan";"0.0";"None";"None";"None";"None";"nan";"7.249074";"43.693077";"000MO"
"2021-67873";"2021-10-22";"1";"Vente";"115000.0";"8";"None";"AV ADOLPHE ISNARD SERRAT";"0043";"06000";"06088";"Nice";"06";"None";"None";"06088000MO0013";"None";"None";"16";"35.76";"None";"nan";"None";"nan";"None";"None";"None";"None";"1";"2";"Appartement";"29.0";"2.0";"None";"None";"None";"None";"nan";"7.244173";"43.694248";"000MO"
"2021-67873";"2021-10-22";"1";"Vente";"115000.0";"8";"None";"AV ADOLPHE ISNARD SERRAT";"0043";"06000";"06088";"Nice";"06";"None";"None";"06088000MO0013";"None";"None";"16";"35.76";"None";"nan";"None";"nan";"None";"None";"None";"None";"1";"3";"Dépendance";"nan";"0.0";"None";"None";"None";"None";"nan";"7.244173";"43.694248";"000MO"
"2021-67873";"2021-10-22";"1";"Vente";"115000.0";"8";"None";"AV ADOLPHE ISNARD SERRAT";"0043";"06000";"06088";"Nice";"06";"None";"None";"06088000MO0013";"None";"None";"16";"35.76";"None";"nan";"None";"nan";"None";"None";"None";"None";"1";"3";"Dépendance";"nan";"0.0";"None";"None";"None";"None";"nan";"7.244173";"43.694248";"000MO"
"2021-68363";"2021-10-20";"1";"Vente";"109100.0";"143";"None";"RUE DE FRANCE";"2595";"06000";"06088";"Nice";"06";"None";"None";"06088000MO0170";"None";"None";"103";"nan";"146";"25.74";"None";"nan";"None";"None";"None";"None";"2";"2";"Appartement";"25.0";"1.0";"None";"None";"None";"None";"nan";"7.250586";"43.692851";"000MO"
"2021-68363";"2021-10-20";"1";"Vente";"109100.0";"143";"None";"RUE DE FRANCE";"2595";"06000";"06088";"Nice";"06";"None";"None";"06088000MO0170";"None";"None";"103";"nan";"146";"25.74";"None";"nan";"None";"None";"None";"None";"2";"3";"Dépendance";"nan";"0.0";"None";"None";"None";"None";"nan";"7.250586";"43.692851";"000MO"
"2021-68702";"2021-10-18";"1";"Vente";"205000.0";"18";"None";"BD DE LA MADELEINE";"3820";"06000";"06088";"Nice";"06";"None";"None";"06088000MO0008";"None";"None";"1";"nan";"11";"nan";"None";"nan";"None";"None";"None";"None";"2";"2";"Appartement";"70.0";"3.0";"None";"None";"None";"None";"nan";"7.243677";"43.694265";"000MO"
"2021-68702";"2021-10-18";"1";"Vente";"205000.0";"18";"None";"BD DE LA MADELEINE";"3820";"06000";"06088";"Nice";"06";"None";"None";"06088000MO0008";"None";"None";"1";"nan";"11";"nan";"None";"nan";"None";"None";"None";"None";"2";"3";"Dépendance";"nan";"0.0";"None";"None";"None";"None";"nan";"7.243677";"43.694265";"000MO"
"2021-67559";"2021-10-15";"1";"Vente";"244000.0";"179";"None";"RUE DE FRANCE";"2595";"06000";"06088";"Nice";"06";"None";"None";"06088000MO0193";"None";"None";"55";"52.5";"9";"nan";"None";"nan";"None";"None";"None";"None";"2";"2";"Appartement";"52.0";"2.0";"None";"None";"None";"None";"nan";"7.24689";"43.69171";"000MO"
"2021-68365";"2021-10-15";"1";"Vente";"385000.0";"159";"None";"RUE DE FRANCE";"2595";"06000";"06088";"Nice";"06";"None";"None";"06088000MO0178";"None";"None";"207";"nan";"255";"77.26";"None";"nan";"None";"None";"None";"None";"2";"2";"Appartement";"77.0";"3.0";"None";"None";"None";"None";"nan";"7.249108";"43.692398";"000MO"
"2021-67559";"2021-10-15";"1";"Vente";"244000.0";"179";"None";"RUE DE FRANCE";"2595";"06000";"06088";"Nice";"06";"None";"None";"06088000MO0193";"None";"None";"55";"52.5";"9";"nan";"None";"nan";"None";"None";"None";"None";"2";"3";"Dépendance";"nan";"0.0";"None";"None";"None";"None";"nan";"7.24689";"43.69171";"000MO"
"2021-68365";"2021-10-15";"1";"Vente";"385000.0";"159";"None";"RUE DE FRANCE";"2595";"06000";"06088";"Nice";"06";"None";"None";"06088000MO0178";"None";"None";"207";"nan";"255";"77.26";"None";"nan";"None";"None";"None";"None";"2";"3";"Dépendance";"nan";"0.0";"None";"None";"None";"None";"nan";"7.249108";"43.692398";"000MO"
"2021-68365";"2021-10-15";"1";"Vente";"385000.0";"159";"None";"RUE DE FRANCE";"2595";"06000";"06088";"Nice";"06";"None";"None";"06088000MO0178";"None";"None";"225";"nan";"None";"nan";"None";"nan";"None";"None";"None";"None";"1";"3";"Dépendance";"nan";"0.0";"None";"None";"None";"None";"nan";"7.249108";"43.692398";"000MO"
"2021-68081";"2021-10-13";"1";"Vente";"115000.0";"143";"None";"RUE DE FRANCE";"2595";"06000";"06088";"Nice";"06";"None";"None";"06088000MO0170";"None";"None";"126";"nan";"177";"nan";"None";"nan";"None";"None";"None";"None";"2";"2";"Appartement";"26.0";"1.0";"None";"None";"None";"None";"nan";"7.250586";"43.692851";"000MO"
"2021-68138";"2021-10-13";"1";"Vente";"127000.0";"154";"None";"RUE DE FRANCE";"2595";"06000";"06088";"Nice";"06";"None";"None";"06088000MO0566";"None";"None";"9";"nan";"None";"nan";"None";"nan";"None";"None";"None";"None";"1";"2";"Appartement";"27.0";"1.0";"None";"None";"None";"None";"nan";"7.247686";"43.692714";"000MO"
"2021-67205";"2021-10-08";"1";"Vente";"385000.0";"75";"None";"PROM DES ANGLAIS";"0240";"06000";"06088";"Nice";"06";"None";"None";"06088000MO0172";"None";"None";"109";"32.34";"27";"nan";"None";"nan";"None";"None";"None";"None";"2";"2";"Appartement";"35.0";"1.0";"None";"None";"None";"None";"nan";"7.250454";"43.69266";"000MO"
"2021-68588";"2021-10-08";"1";"Vente";"170000.0";"154";"None";"RUE DE FRANCE";"2595";"06000";"06088";"Nice";"06";"None";"None";"06088000MO0566";"None";"None";"166";"nan";"35";"nan";"None";"nan";"None";"None";"None";"None";"2";"2";"Appartement";"29.0";"1.0";"None";"None";"None";"None";"nan";"7.247686";"43.692714";"000MO"
"2021-67205";"2021-10-08";"1";"Vente";"385000.0";"75";"None";"PROM DES ANGLAIS";"0240";"06000";"06088";"Nice";"06";"None";"None";"06088000MO0172";"None";"None";"109";"32.34";"27";"nan";"None";"nan";"None";"None";"None";"None";"2";"3";"Dépendance";"nan";"0.0";"None";"None";"None";"None";"nan";"7.250454";"43.69266";"000MO"
"2021-68588";"2021-10-08";"1";"Vente";"170000.0";"154";"None";"RUE DE FRANCE";"2595";"06000";"06088";"Nice";"06";"None";"None";"06088000MO0566";"None";"None";"166";"nan";"35";"nan";"None";"nan";"None";"None";"None";"None";"2";"3";"Dépendance";"nan";"0.0";"None";"None";"None";"None";"nan";"7.247686";"43.692714";"000MO"
"2021-67908";"2021-10-06";"1";"Vente";"360000.0";"5";"None";"RUE PAUL VALERY";"4910";"06000";"06088";"Nice";"06";"None";"None";"06088000MO0408";"None";"None";"15";"nan";"27";"nan";"33";"nan";"None";"None";"None";"None";"3";"2";"Appartement";"84.0";"3.0";"None";"None";"None";"None";"nan";"7.251112";"43.693284";"000MO"
"2021-67893";"2021-10-05";"1";"Vente";"805000.0";"76";"None";"PROM DES ANGLAIS";"0240";"06000";"06088";"Nice";"06";"None";"None";"06088000MO0173";"None";"None";"15";"nan";"45";"109.49";"None";"nan";"None";"None";"None";"None";"2";"2";"Appartement";"108.0";"3.0";"None";"None";"None";"None";"nan";"7.250237";"43.692592";"000MO"
"2021-67893";"2021-10-05";"1";"Vente";"805000.0";"76";"None";"PROM DES ANGLAIS";"0240";"06000";"06088";"Nice";"06";"None";"None";"06088000MO0173";"None";"None";"30";"nan";"None";"nan";"None";"nan";"None";"None";"None";"None";"1";"3";"Dépendance";"nan";"0.0";"None";"None";"None";"None";"nan";"7.250237";"43.692592";"000MO"
"2021-67893";"2021-10-05";"1";"Vente";"805000.0";"76";"None";"PROM DES ANGLAIS";"0240";"06000";"06088";"Nice";"06";"None";"None";"06088000MO0173";"None";"None";"15";"nan";"45";"109.49";"None";"nan";"None";"None";"None";"None";"2";"3";"Dépendance";"nan";"0.0";"None";"None";"None";"None";"nan";"7.250237";"43.692592";"000MO"
"2021-67893";"2021-10-05";"1";"Vente";"805000.0";"76";"None";"PROM DES ANGLAIS";"0240";"06000";"06088";"Nice";"06";"None";"None";"06088000MO0173";"None";"None";"15";"nan";"45";"109.49";"None";"nan";"None";"None";"None";"None";"2";"3";"Dépendance";"nan";"0.0";"None";"None";"None";"None";"nan";"7.250237";"43.692592";"000MO"
"2021-66866";"2021-09-30";"1";"Vente";"130000.0";"5";"None";"RUE PAUL VALERY";"4910";"06000";"06088";"Nice";"06";"None";"None";"06088000MO0407";"None";"None";"8";"nan";"None";"nan";"None";"nan";"None";"None";"None";"None";"1";"2";"Appartement";"19.0";"1.0";"None";"None";"None";"None";"nan";"7.251133";"43.693409";"000MO"
"2021-67515";"2021-09-30";"1";"Vente";"719800.0";"91";"None";"PROM DES ANGLAIS";"0240";"06000";"06088";"Nice";"06";"None";"None";"06088000MO0184";"None";"None";"50";"nan";"96";"nan";"None";"nan";"None";"None";"None";"None";"2";"2";"Appartement";"68.0";"2.0";"None";"None";"None";"None";"nan";"7.248366";"43.691919";"000MO"
"2021-66926";"2021-09-30";"1";"Vente";"44000.0";"111";"None";"PROM DES ANGLAIS";"0240";"06000";"06088";"Nice";"06";"None";"None";"06088000MO0213";"None";"None";"77";"nan";"None";"nan";"None";"nan";"None";"None";"None";"None";"1";"3";"Dépendance";"nan";"0.0";"None";"None";"None";"None";"nan";"7.245852";"43.691165";"000MO"
"2021-67515";"2021-09-30";"1";"Vente";"719800.0";"91";"None";"PROM DES ANGLAIS";"0240";"06000";"06088";"Nice";"06";"None";"None";"06088000MO0184";"None";"None";"50";"nan";"96";"nan";"None";"nan";"None";"None";"None";"None";"2";"3";"Dépendance";"nan";"0.0";"None";"None";"None";"None";"nan";"7.248366";"43.691919";"000MO"
"2021-66938";"2021-09-27";"1";"Vente";"149000.0";"1";"None";"AV DES BAUMETTES";"0660";"06000";"06088";"Nice";"06";"None";"None";"06088000MO0155";"None";"None";"44";"53.6";"6";"nan";"None";"nan";"None";"None";"None";"None";"2";"2";"Appartement";"60.0";"2.0";"None";"None";"None";"None";"nan";"7.251574";"43.694519";"000MO"
"2021-66938";"2021-09-27";"1";"Vente";"149000.0";"1";"None";"AV DES BAUMETTES";"0660";"06000";"06088";"Nice";"06";"None";"None";"06088000MO0155";"None";"None";"44";"53.6";"6";"nan";"None";"nan";"None";"None";"None";"None";"2";"3";"Dépendance";"nan";"0.0";"None";"None";"None";"None";"nan";"7.251574";"43.694519";"000MO"
"2021-67758";"2021-09-27";"1";"Vente";"92500.0";"157";"None";"RUE DE FRANCE";"2595";"06000";"06088";"Nice";"06";"None";"None";"06088000MO0571";"None";"None";"27";"67.75";"None";"nan";"None";"nan";"None";"None";"None";"None";"1";"4";"Local industriel. commercial ou assimilé";"65.0";"0.0";"None";"None";"None";"None";"nan";"7.249202";"43.692522";"000MO"
"2021-66251";"2021-09-24";"1";"Vente";"435204.0";"167";"None";"RUE DE FRANCE";"2595";"06000";"06088";"Nice";"06";"None";"None";"06088000MO0447";"None";"None";"108";"90.59";"None";"nan";"None";"nan";"None";"None";"None";"None";"1";"2";"Appartement";"95.0";"3.0";"None";"None";"None";"None";"nan";"7.247997";"43.692232";"000MO"
"2021-66251";"2021-09-24";"1";"Vente";"435204.0";"167";"None";"RUE DE FRANCE";"2595";"06000";"06088";"Nice";"06";"None";"None";"06088000MO0447";"None";"None";"108";"90.59";"None";"nan";"None";"nan";"None";"None";"None";"None";"1";"3";"Dépendance";"nan";"0.0";"None";"None";"None";"None";"nan";"7.247997";"43.692232";"000MO"
"2021-66457";"2021-09-21";"1";"Vente";"406000.0";"1";"None";"AV DES BAUMETTES";"0660";"06000";"06088";"Nice";"06";"None";"None";"06088000MO0155";"None";"None";"15";"nan";"78";"72.69";"None";"nan";"None";"None";"None";"None";"2";"2";"Appartement";"64.0";"3.0";"None";"None";"None";"None";"nan";"7.251574";"43.694519";"000MO"
"2021-66457";"2021-09-21";"1";"Vente";"406000.0";"1";"None";"AV DES BAUMETTES";"0660";"06000";"06088";"Nice";"06";"None";"None";"06088000MO0155";"None";"None";"15";"nan";"78";"72.69";"None";"nan";"None";"None";"None";"None";"2";"3";"Dépendance";"nan";"0.0";"None";"None";"None";"None";"nan";"7.251574";"43.694519";"000MO"
"2021-66457";"2021-09-21";"1";"Vente";"406000.0";"1";"None";"AV DES BAUMETTES";"0660";"06000";"06088";"Nice";"06";"None";"None";"06088000MO0155";"None";"None";"15";"nan";"78";"72.69";"None";"nan";"None";"None";"None";"None";"2";"3";"Dépendance";"nan";"0.0";"None";"None";"None";"None";"nan";"7.251574";"43.694519";"000MO"
"2021-66747";"2021-09-20";"1";"Vente";"68000.0";"5";"None";"RUE PAUL VALERY";"4910";"06000";"06088";"Nice";"06";"None";"None";"06088000MO0407";"None";"None";"19";"18.5";"None";"nan";"None";"nan";"None";"None";"None";"None";"1";"2";"Appartement";"19.0";"1.0";"None";"None";"None";"None";"nan";"7.251133";"43.693409";"000MO"
"2021-65987";"2021-09-17";"1";"Vente";"150000.0";"139";"None";"RUE DE FRANCE";"2595";"06000";"06088";"Nice";"06";"None";"None";"06088000MO0168";"None";"None";"13";"nan";"None";"nan";"None";"nan";"None";"None";"None";"None";"1";"2";"Appartement";"61.0";"2.0";"None";"None";"None";"None";"nan";"7.250703";"43.693101";"000MO"
"2021-66097";"2021-09-17";"1";"Vente";"115000.0";"159";"None";"RUE DE FRANCE";"2595";"06000";"06088";"Nice";"06";"None";"None";"06088000MO0178";"None";"None";"237";"31.35";"None";"nan";"None";"nan";"None";"None";"None";"None";"1";"2";"Appartement";"34.0";"1.0";"None";"None";"None";"None";"nan";"7.249108";"43.692398";"000MO"
"2021-66097";"2021-09-17";"1";"Vente";"115000.0";"159";"None";"RUE DE FRANCE";"2595";"06000";"06088";"Nice";"06";"None";"None";"06088000MO0178";"None";"None";"237";"31.35";"None";"nan";"None";"nan";"None";"None";"None";"None";"1";"3";"Dépendance";"nan";"0.0";"None";"None";"None";"None";"nan";"7.249108";"43.692398";"000MO"
"2021-66436";"2021-09-16";"1";"Vente";"40000.0";"3";"B";"AV DES BAUMETTES";"0660";"06000";"06088";"Nice";"06";"None";"None";"06088000MO0302";"None";"None";"72";"nan";"None";"nan";"None";"nan";"None";"None";"None";"None";"1";"3";"Dépendance";"nan";"0.0";"None";"None";"None";"None";"nan";"7.250749";"43.694365";"000MO"
"2021-66379";"2021-09-10";"1";"Vente";"330750.0";"1";"None";"AV DES BAUMETTES";"0660";"06000";"06088";"Nice";"06";"None";"None";"06088000MO0155";"None";"None";"33";"75.28";"70";"nan";"None";"nan";"None";"None";"None";"None";"2";"2";"Appartement";"73.0";"4.0";"None";"None";"None";"None";"nan";"7.251574";"43.694519";"000MO"
"2021-66379";"2021-09-10";"1";"Vente";"330750.0";"1";"None";"AV DES BAUMETTES";"0660";"06000";"06088";"Nice";"06";"None";"None";"06088000MO0155";"None";"None";"33";"75.28";"70";"nan";"None";"nan";"None";"None";"None";"None";"2";"3";"Dépendance";"nan";"0.0";"None";"None";"None";"None";"nan";"7.251574";"43.694519";"000MO"
"2021-65762";"2021-09-09";"1";"Vente";"35000.0";"75";"None";"PROM DES ANGLAIS";"0240";"06000";"06088";"Nice";"06";"None";"None";"06088000MO0172";"None";"None";"69";"nan";"None";"nan";"None";"nan";"None";"None";"None";"None";"1";"3";"Dépendance";"nan";"0.0";"None";"None";"None";"None";"nan";"7.250454";"43.69266";"000MO"
"2021-65468";"2021-09-06";"1";"Vente";"775750.0";"83";"None";"PROM DES ANGLAIS";"0240";"06000";"06088";"Nice";"06";"None";"None";"06088000MO0178";"None";"None";"131";"nan";"15";"nan";"None";"nan";"None";"None";"None";"None";"2";"2";"Appartement";"80.0";"2.0";"None";"None";"None";"None";"nan";"7.249108";"43.692398";"000MO"
"2021-66280";"2021-09-06";"1";"Vente";"35000.0";"169";"None";"RUE DE FRANCE";"2595";"06000";"06088";"Nice";"06";"None";"None";"06088000MO0187";"None";"None";"63";"21.01";"None";"nan";"None";"nan";"None";"None";"None";"None";"1";"2";"Appartement";"24.0";"1.0";"None";"None";"None";"None";"nan";"7.247818";"43.692107";"000MO"
"2021-65468";"2021-09-06";"1";"Vente";"775750.0";"83";"None";"PROM DES ANGLAIS";"0240";"06000";"06088";"Nice";"06";"None";"None";"06088000MO0178";"None";"None";"131";"nan";"15";"nan";"None";"nan";"None";"None";"None";"None";"2";"3";"Dépendance";"nan";"0.0";"None";"None";"None";"None";"nan";"7.249108";"43.692398";"000MO"
"2021-65534";"2021-09-06";"1";"Vente";"31000.0";"83";"None";"PROM DES ANGLAIS";"0240";"06000";"06088";"Nice";"06";"None";"None";"06088000MO0178";"None";"None";"89";"nan";"None";"nan";"None";"nan";"None";"None";"None";"None";"1";"3";"Dépendance";"nan";"0.0";"None";"None";"None";"None";"nan";"7.249108";"43.692398";"000MO"
"2021-65387";"2021-09-03";"1";"Vente";"168100.0";"3";"None";"RUE POINCARE";"5190";"06000";"06088";"Nice";"06";"None";"None";"06088000MO0185";"None";"None";"47";"nan";"82";"29.36";"None";"nan";"None";"None";"None";"None";"2";"2";"Appartement";"31.0";"1.0";"None";"None";"None";"None";"nan";"7.248177";"43.692124";"000MO"
"2021-65387";"2021-09-03";"1";"Vente";"168100.0";"3";"None";"RUE POINCARE";"5190";"06000";"06088";"Nice";"06";"None";"None";"06088000MO0185";"None";"None";"47";"nan";"82";"29.36";"None";"nan";"None";"None";"None";"None";"2";"3";"Dépendance";"nan";"0.0";"None";"None";"None";"None";"nan";"7.248177";"43.692124";"000MO"
"2021-65406";"2021-09-01";"1";"Vente";"285000.0";"8";"B";"IMP SAINT LAURENT";"5845";"06000";"06088";"Nice";"06";"None";"None";"06088000MO0490";"None";"None";"38";"83.69";"None";"nan";"None";"nan";"None";"None";"None";"None";"1";"2";"Appartement";"84.0";"3.0";"None";"None";"None";"None";"nan";"7.246739";"43.694549";"000MO"
"2021-66355";"2021-09-01";"1";"Vente";"226500.0";"189";"None";"RUE DE FRANCE";"2595";"06000";"06088";"Nice";"06";"None";"None";"06088000MO0208";"None";"None";"3";"60.2";"None";"nan";"None";"nan";"None";"None";"None";"None";"1";"2";"Appartement";"59.0";"2.0";"None";"None";"None";"None";"nan";"7.245848";"43.691464";"000MO"
"2021-65406";"2021-09-01";"1";"Vente";"285000.0";"8";"B";"IMP SAINT LAURENT";"5845";"06000";"06088";"Nice";"06";"None";"None";"06088000MO0490";"None";"None";"56";"nan";"None";"nan";"None";"nan";"None";"None";"None";"None";"1";"3";"Dépendance";"nan";"0.0";"None";"None";"None";"None";"nan";"7.246739";"43.694549";"000MO"
"2021-65406";"2021-09-01";"1";"Vente";"285000.0";"8";"B";"IMP SAINT LAURENT";"5845";"06000";"06088";"Nice";"06";"None";"None";"06088000MO0490";"None";"None";"38";"83.69";"None";"nan";"None";"nan";"None";"None";"None";"None";"1";"3";"Dépendance";"nan";"0.0";"None";"None";"None";"None";"nan";"7.246739";"43.694549";"000MO"
"2021-65406";"2021-09-01";"1";"Vente";"285000.0";"8";"B";"IMP SAINT LAURENT";"5845";"06000";"06088";"Nice";"06";"None";"None";"06088000MO0490";"None";"None";"38";"83.69";"None";"nan";"None";"nan";"None";"None";"None";"None";"1";"3";"Dépendance";"nan";"0.0";"None";"None";"None";"None";"nan";"7.246739";"43.694549";"000MO"
"2021-65775";"2021-08-27";"1";"Vente";"219000.0";"31";"None";"AV DES BAUMETTES";"0660";"06000";"06088";"Nice";"06";"None";"None";"06088000MO0120";"None";"None";"27";"nan";"4";"60.56";"None";"nan";"None";"None";"None";"None";"2";"2";"Appartement";"65.0";"3.0";"None";"None";"None";"None";"nan";"7.249428";"43.694455";"000MO"
"2021-65775";"2021-08-27";"1";"Vente";"219000.0";"31";"None";"AV DES BAUMETTES";"0660";"06000";"06088";"Nice";"06";"None";"None";"06088000MO0120";"None";"None";"27";"nan";"4";"60.56";"None";"nan";"None";"None";"None";"None";"2";"3";"Dépendance";"nan";"0.0";"None";"None";"None";"None";"nan";"7.249428";"43.694455";"000MO"
"2021-64876";"2021-08-25";"1";"Vente";"120000.0";"144";"None";"RUE DE FRANCE";"2595";"06000";"06088";"Nice";"06";"None";"None";"06088000MO0442";"None";"None";"6510";"22.44";"None";"nan";"None";"nan";"None";"None";"None";"None";"1";"2";"Appartement";"22.0";"1.0";"None";"None";"None";"None";"nan";"7.249074";"43.693077";"000MO"
"2021-64876";"2021-08-25";"1";"Vente";"120000.0";"144";"None";"RUE DE FRANCE";"2595";"06000";"06088";"Nice";"06";"None";"None";"06088000MO0442";"None";"None";"6130";"nan";"None";"nan";"None";"nan";"None";"None";"None";"None";"1";"3";"Dépendance";"nan";"0.0";"None";"None";"None";"None";"nan";"7.249074";"43.693077";"000MO"
"2021-64807";"2021-08-20";"1";"Vente";"185000.0";"1";"None";"BD FRANCOIS GROSSO";"2630";"06000";"06088";"Nice";"06";"None";"None";"06088000MO0156";"None";"None";"23";"nan";"39";"51.44";"None";"nan";"None";"None";"None";"None";"2";"2";"Appartement";"55.0";"2.0";"None";"None";"None";"None";"nan";"7.251786";"43.694394";"000MO"
"2021-64807";"2021-08-20";"1";"Vente";"185000.0";"1";"None";"BD FRANCOIS GROSSO";"2630";"06000";"06088";"Nice";"06";"None";"None";"06088000MO0156";"None";"None";"23";"nan";"39";"51.44";"None";"nan";"None";"None";"None";"None";"2";"3";"Dépendance";"nan";"0.0";"None";"None";"None";"None";"nan";"7.251786";"43.694394";"000MO"
"2021-64628";"2021-08-17";"1";"Vente";"255000.0";"67";"None";"PROM DES ANGLAIS";"0240";"06000";"06088";"Nice";"06";"None";"None";"06088000MO0164";"None";"None";"18";"25.3";"34";"nan";"None";"nan";"None";"None";"None";"None";"2";"2";"Appartement";"30.0";"1.0";"None";"None";"None";"None";"nan";"7.251248";"43.693077";"000MO"
"2021-64628";"2021-08-17";"1";"Vente";"255000.0";"67";"None";"PROM DES ANGLAIS";"0240";"06000";"06088";"Nice";"06";"None";"None";"06088000MO0164";"None";"None";"18";"25.3";"34";"nan";"None";"nan";"None";"None";"None";"None";"2";"3";"Dépendance";"nan";"0.0";"None";"None";"None";"None";"nan";"7.251248";"43.693077";"000MO"
"2021-64719";"2021-08-10";"1";"Vente";"50000.0";"14";"None";"AV ADOLPHE ISNARD SERRAT";"0043";"06000";"06088";"Nice";"06";"None";"None";"06088000MO0036";"None";"None";"23";"nan";"None";"nan";"None";"nan";"None";"None";"None";"None";"1";"2";"Appartement";"33.0";"2.0";"None";"None";"None";"None";"nan";"7.244466";"43.694571";"000MO"
"2021-64975";"2021-08-09";"1";"Vente";"370000.0";"147";"None";"RUE DE FRANCE";"2595";"06000";"06088";"Nice";"06";"None";"None";"06088000MO0237";"None";"None";"109";"nan";"95";"53.36";"None";"nan";"None";"None";"None";"None";"2";"2";"Appartement";"53.0";"2.0";"None";"None";"None";"None";"nan";"7.249728";"43.692755";"000MO"
"2021-64975";"2021-08-09";"1";"Vente";"370000.0";"147";"None";"RUE DE FRANCE";"2595";"06000";"06088";"Nice";"06";"None";"None";"06088000MO0237";"None";"None";"109";"nan";"95";"53.36";"None";"nan";"None";"None";"None";"None";"2";"3";"Dépendance";"nan";"0.0";"None";"None";"None";"None";"nan";"7.249728";"43.692755";"000MO"
"2021-64703";"2021-08-06";"1";"Vente";"41000.0";"83";"None";"PROM DES ANGLAIS";"0240";"06000";"06088";"Nice";"06";"None";"None";"06088000MO0178";"None";"None";"69";"nan";"None";"nan";"None";"nan";"None";"None";"None";"None";"1";"3";"Dépendance";"nan";"0.0";"None";"None";"None";"None";"nan";"7.249108";"43.692398";"000MO"
"2021-63715";"2021-07-30";"1";"Vente";"162000.0";"144";"None";"RUE DE FRANCE";"2595";"06000";"06088";"Nice";"06";"None";"None";"06088000MO0442";"None";"None";"6543";"33.15";"None";"nan";"None";"nan";"None";"None";"None";"None";"1";"2";"Appartement";"35.0";"2.0";"None";"None";"None";"None";"nan";"7.249074";"43.693077";"000MO"
"2021-63236";"2021-07-29";"1";"Vente";"2200000.0";"3";"None";"RUE HENRI CORDIER";"3205";"06000";"06088";"Nice";"06";"None";"None";"06088000MO0078";"None";"None";"None";"nan";"None";"nan";"None";"nan";"None";"None";"None";"None";"0";"4";"Local industriel. commercial ou assimilé";"384.0";"0.0";"S";"sols";"None";"None";"127.0";"7.24862";"43.693395";"000MO"
"2021-64463";"2021-07-28";"1";"Vente";"251500.0";"159";"None";"RUE DE FRANCE";"2595";"06000";"06088";"Nice";"06";"None";"None";"06088000MO0178";"None";"None";"202";"nan";"254";"nan";"None";"nan";"None";"None";"None";"None";"2";"2";"Appartement";"52.0";"2.0";"None";"None";"None";"None";"nan";"7.249108";"43.692398";"000MO"
"2021-63970";"2021-07-23";"1";"Vente";"640000.0";"185";"None";"RUE DE FRANCE";"2595";"06000";"06088";"Nice";"06";"None";"None";"06088000MO0488";"None";"None";"66";"nan";"None";"nan";"None";"nan";"None";"None";"None";"None";"1";"2";"Appartement";"71.0";"2.0";"None";"None";"None";"None";"nan";"7.246306";"43.691623";"000MO"
"2021-64190";"2021-07-22";"1";"Vente";"149000.0";"175";"None";"RUE DE FRANCE";"2595";"06000";"06088";"Nice";"06";"None";"None";"06088000MO0564";"None";"None";"150";"34.73";"50";"nan";"None";"nan";"None";"None";"None";"None";"2";"2";"Appartement";"34.0";"1.0";"None";"None";"None";"None";"nan";"7.247167";"43.691854";"000MO"
"2021-64190";"2021-07-22";"1";"Vente";"149000.0";"175";"None";"RUE DE FRANCE";"2595";"06000";"06088";"Nice";"06";"None";"None";"06088000MO0564";"None";"None";"150";"34.73";"50";"nan";"None";"nan";"None";"None";"None";"None";"2";"3";"Dépendance";"nan";"0.0";"None";"None";"None";"None";"nan";"7.247167";"43.691854";"000MO"
"2021-62911";"2021-07-21";"1";"Vente";"147000.0";"144";"None";"RUE DE FRANCE";"2595";"06000";"06088";"Nice";"06";"None";"None";"06088000MO0442";"None";"None";"6468";"nan";"6518";"21.92";"None";"nan";"None";"None";"None";"None";"2";"2";"Appartement";"22.0";"1.0";"None";"None";"None";"None";"nan";"7.249074";"43.693077";"000MO"
"2021-62911";"2021-07-21";"1";"Vente";"147000.0";"144";"None";"RUE DE FRANCE";"2595";"06000";"06088";"Nice";"06";"None";"None";"06088000MO0442";"None";"None";"6468";"nan";"6518";"21.92";"None";"nan";"None";"None";"None";"None";"2";"3";"Dépendance";"nan";"0.0";"None";"None";"None";"None";"nan";"7.249074";"43.693077";"000MO"
"2021-63963";"2021-07-16";"1";"Vente";"200000.0";"3";"None";"RUE POINCARE";"5190";"06000";"06088";"Nice";"06";"None";"None";"06088000MO0185";"None";"None";"41";"nan";"91";"55.85";"None";"nan";"None";"None";"None";"None";"2";"2";"Appartement";"55.0";"2.0";"None";"None";"None";"None";"nan";"7.248177";"43.692124";"000MO"
"2021-62340";"2021-07-12";"1";"Vente";"317000.0";"144";"None";"RUE DE FRANCE";"2595";"06000";"06088";"Nice";"06";"None";"None";"06088000MO0442";"None";"None";"6375";"nan";"6635";"62.59";"None";"nan";"None";"None";"None";"None";"2";"2";"Appartement";"60.0";"3.0";"None";"None";"None";"None";"nan";"7.249074";"43.693077";"000MO"
"2021-62340";"2021-07-12";"1";"Vente";"317000.0";"144";"None";"RUE DE FRANCE";"2595";"06000";"06088";"Nice";"06";"None";"None";"06088000MO0442";"None";"None";"6375";"nan";"6635";"62.59";"None";"nan";"None";"None";"None";"None";"2";"3";"Dépendance";"nan";"0.0";"None";"None";"None";"None";"nan";"7.249074";"43.693077";"000MO"
"2021-62340";"2021-07-12";"1";"Vente";"317000.0";"144";"None";"RUE DE FRANCE";"2595";"06000";"06088";"Nice";"06";"None";"None";"06088000MO0442";"None";"None";"6094";"nan";"None";"nan";"None";"nan";"None";"None";"None";"None";"1";"3";"Dépendance";"nan";"0.0";"None";"None";"None";"None";"nan";"7.249074";"43.693077";"000MO"
"2021-62775";"2021-07-07";"1";"Vente";"119425.0";"147";"None";"RUE DE FRANCE";"2595";"06000";"06088";"Nice";"06";"None";"None";"06088000MO0237";"None";"None";"17";"19.58";"None";"nan";"None";"nan";"None";"None";"None";"None";"1";"2";"Appartement";"20.0";"1.0";"None";"None";"None";"None";"nan";"7.249728";"43.692755";"000MO"
"2021-61967";"2021-07-06";"1";"Vente";"195000.0";"45";"None";"AV DES BAUMETTES";"0660";"06000";"06088";"Nice";"06";"None";"None";"06088000MO0045";"None";"None";"180";"54.8";"None";"nan";"None";"nan";"None";"None";"None";"None";"1";"2";"Appartement";"54.0";"1.0";"None";"None";"None";"None";"nan";"7.247845";"43.69594";"000MO"
"2021-63243";"2021-07-06";"1";"Vente";"165000.0";"137";"None";"RUE DE FRANCE";"2595";"06000";"06088";"Nice";"06";"None";"None";"06088000MO0168";"None";"None";"33";"13.01";"None";"nan";"None";"nan";"None";"None";"None";"None";"1";"2";"Appartement";"15.0";"1.0";"None";"None";"None";"None";"nan";"7.250703";"43.693101";"000MO"
"2021-63243";"2021-07-06";"1";"Vente";"165000.0";"137";"None";"RUE DE FRANCE";"2595";"06000";"06088";"Nice";"06";"None";"None";"06088000MO0168";"None";"None";"36";"12.59";"None";"nan";"None";"nan";"None";"None";"None";"None";"1";"2";"Appartement";"15.0";"1.0";"None";"None";"None";"None";"nan";"7.250703";"43.693101";"000MO"
"2021-63464";"2021-07-06";"1";"Vente";"330000.0";"160";"None";"RUE DE FRANCE";"2595";"06000";"06088";"Nice";"06";"None";"None";"06088000MO0399";"None";"None";"133";"nan";"22";"nan";"None";"nan";"None";"None";"None";"None";"2";"2";"Appartement";"68.0";"3.0";"None";"None";"None";"None";"nan";"7.247758";"43.693082";"000MO"
"2021-63464";"2021-07-06";"1";"Vente";"330000.0";"160";"None";"RUE DE FRANCE";"2595";"06000";"06088";"Nice";"06";"None";"None";"06088000MO0399";"None";"None";"105";"nan";"None";"nan";"None";"nan";"None";"None";"None";"None";"1";"3";"Dépendance";"nan";"0.0";"None";"None";"None";"None";"nan";"7.247758";"43.693082";"000MO"
"2021-63464";"2021-07-06";"1";"Vente";"330000.0";"160";"None";"RUE DE FRANCE";"2595";"06000";"06088";"Nice";"06";"None";"None";"06088000MO0399";"None";"None";"133";"nan";"22";"nan";"None";"nan";"None";"None";"None";"None";"2";"3";"Dépendance";"nan";"0.0";"None";"None";"None";"None";"nan";"7.247758";"43.693082";"000MO"
"2021-61970";"2021-07-02";"1";"Vente";"135000.0";"144";"None";"RUE DE FRANCE";"2595";"06000";"06088";"Nice";"06";"None";"None";"06088000MO0442";"None";"None";"6403";"nan";"6616";"21.27";"None";"nan";"None";"None";"None";"None";"2";"2";"Appartement";"21.0";"1.0";"None";"None";"None";"None";"nan";"7.249074";"43.693077";"000MO"
"2021-61970";"2021-07-02";"1";"Vente";"135000.0";"144";"None";"RUE DE FRANCE";"2595";"06000";"06088";"Nice";"06";"None";"None";"06088000MO0442";"None";"None";"6403";"nan";"6616";"21.27";"None";"nan";"None";"None";"None";"None";"2";"3";"Dépendance";"nan";"0.0";"None";"None";"None";"None";"nan";"7.249074";"43.693077";"000MO"
"2021-61727";"2021-06-30";"1";"Vente";"800000.0";"144";"None";"RUE DE FRANCE";"2595";"06000";"06088";"Nice";"06";"None";"None";"06088000MO0442";"None";"None";"6712";"nan";"None";"nan";"None";"nan";"None";"None";"None";"None";"1";"2";"Appartement";"85.0";"5.0";"None";"None";"None";"None";"nan";"7.249074";"43.693077";"000MO"
"2021-62098";"2021-06-30";"1";"Vente";"250200.0";"144";"None";"RUE DE FRANCE";"2595";"06000";"06088";"Nice";"06";"None";"None";"06088000MO0442";"None";"None";"6440";"nan";"6597";"40.73";"None";"nan";"None";"None";"None";"None";"2";"2";"Appartement";"36.0";"2.0";"None";"None";"None";"None";"nan";"7.249074";"43.693077";"000MO"
"2021-61727";"2021-06-30";"1";"Vente";"800000.0";"144";"None";"RUE DE FRANCE";"2595";"06000";"06088";"Nice";"06";"None";"None";"06088000MO0442";"None";"None";"6712";"nan";"None";"nan";"None";"nan";"None";"None";"None";"None";"1";"3";"Dépendance";"nan";"0.0";"None";"None";"None";"None";"nan";"7.249074";"43.693077";"000MO"
"2021-61727";"2021-06-30";"1";"Vente";"800000.0";"144";"None";"RUE DE FRANCE";"2595";"06000";"06088";"Nice";"06";"None";"None";"06088000MO0442";"None";"None";"6114";"nan";"None";"nan";"None";"nan";"None";"None";"None";"None";"1";"3";"Dépendance";"nan";"0.0";"None";"None";"None";"None";"nan";"7.249074";"43.693077";"000MO"
"2021-62098";"2021-06-30";"1";"Vente";"250200.0";"144";"None";"RUE DE FRANCE";"2595";"06000";"06088";"Nice";"06";"None";"None";"06088000MO0442";"None";"None";"6440";"nan";"6597";"40.73";"None";"nan";"None";"None";"None";"None";"2";"3";"Dépendance";"nan";"0.0";"None";"None";"None";"None";"nan";"7.249074";"43.693077";"000MO"
"2021-62098";"2021-06-30";"1";"Vente";"250200.0";"144";"None";"RUE DE FRANCE";"2595";"06000";"06088";"Nice";"06";"None";"None";"06088000MO0442";"None";"None";"6177";"nan";"None";"nan";"None";"nan";"None";"None";"None";"None";"1";"3";"Dépendance";"nan";"0.0";"None";"None";"None";"None";"nan";"7.249074";"43.693077";"000MO"
"2021-62472";"2021-06-29";"1";"Vente";"270000.0";"135";"None";"RUE DE FRANCE";"2595";"06000";"06088";"Nice";"06";"None";"None";"06088000MO0167";"None";"None";"205";"nan";"259";"50.47";"None";"nan";"None";"None";"None";"None";"2";"2";"Appartement";"52.0";"2.0";"None";"None";"None";"None";"nan";"7.251029";"43.693045";"000MO"
"2021-62472";"2021-06-29";"1";"Vente";"270000.0";"135";"None";"RUE DE FRANCE";"2595";"06000";"06088";"Nice";"06";"None";"None";"06088000MO0167";"None";"None";"205";"nan";"259";"50.47";"None";"nan";"None";"None";"None";"None";"2";"3";"Dépendance";"nan";"0.0";"None";"None";"None";"None";"nan";"7.251029";"43.693045";"000MO"
"2021-62472";"2021-06-29";"1";"Vente";"270000.0";"135";"None";"RUE DE FRANCE";"2595";"06000";"06088";"Nice";"06";"None";"None";"06088000MO0167";"None";"None";"226";"nan";"None";"nan";"None";"nan";"None";"None";"None";"None";"1";"3";"Dépendance";"nan";"0.0";"None";"None";"None";"None";"nan";"7.251029";"43.693045";"000MO"
"2021-62472";"2021-06-29";"1";"Vente";"270000.0";"135";"None";"RUE DE FRANCE";"2595";"06000";"06088";"Nice";"06";"None";"None";"06088000MO0167";"None";"None";"205";"nan";"259";"50.47";"None";"nan";"None";"None";"None";"None";"2";"3";"Dépendance";"nan";"0.0";"None";"None";"None";"None";"nan";"7.251029";"43.693045";"000MO"
"2021-62389";"2021-06-28";"1";"Vente";"98000.0";"144";"None";"RUE DE FRANCE";"2595";"06000";"06088";"Nice";"06";"None";"None";"06088000MO0442";"None";"None";"6349";"nan";"6482";"22.68";"None";"nan";"None";"None";"None";"None";"2";"2";"Appartement";"22.0";"1.0";"None";"None";"None";"None";"nan";"7.249074";"43.693077";"000MO"
"2021-62389";"2021-06-28";"1";"Vente";"98000.0";"144";"None";"RUE DE FRANCE";"2595";"06000";"06088";"Nice";"06";"None";"None";"06088000MO0442";"None";"None";"6349";"nan";"6482";"22.68";"None";"nan";"None";"None";"None";"None";"2";"3";"Dépendance";"nan";"0.0";"None";"None";"None";"None";"nan";"7.249074";"43.693077";"000MO"
"2021-61231";"2021-06-25";"1";"Vente";"165000.0";"139";"None";"RUE DE FRANCE";"2595";"06000";"06088";"Nice";"06";"None";"None";"06088000MO0168";"None";"None";"15";"nan";"None";"nan";"None";"nan";"None";"None";"None";"None";"1";"2";"Appartement";"42.0";"2.0";"None";"None";"None";"None";"nan";"7.250703";"43.693101";"000MO"
"2021-62895";"2021-06-25";"1";"Vente";"643360.0";"91";"None";"PROM DES ANGLAIS";"0240";"06000";"06088";"Nice";"06";"None";"None";"06088000MO0184";"None";"None";"24";"nan";"66";"72.1";"None";"nan";"None";"None";"None";"None";"2";"2";"Appartement";"72.0";"2.0";"None";"None";"None";"None";"nan";"7.248366";"43.691919";"000MO"
"2021-62895";"2021-06-25";"1";"Vente";"643360.0";"91";"None";"PROM DES ANGLAIS";"0240";"06000";"06088";"Nice";"06";"None";"None";"06088000MO0184";"None";"None";"24";"nan";"66";"72.1";"None";"nan";"None";"None";"None";"None";"2";"3";"Dépendance";"nan";"0.0";"None";"None";"None";"None";"nan";"7.248366";"43.691919";"000MO"
"2021-61084";"2021-06-23";"1";"Vente";"315000.0";"161";"None";"RUE DE FRANCE";"2595";"06000";"06088";"Nice";"06";"None";"None";"06088000MO0181";"None";"None";"60";"107.76";"None";"nan";"None";"nan";"None";"None";"None";"None";"1";"2";"Appartement";"107.0";"4.0";"None";"None";"None";"None";"nan";"7.248736";"43.692472";"000MO"
"2021-62101";"2021-06-23";"1";"Vente";"205000.0";"3";"None";"IMP SAINT LAURENT";"5845";"06000";"06088";"Nice";"06";"None";"None";"06088000MO0492";"None";"None";"2";"nan";"8";"60.77";"None";"nan";"None";"None";"None";"None";"2";"2";"Appartement";"60.0";"3.0";"None";"None";"None";"None";"nan";"7.246182";"43.693465";"000MO"
"2021-61866";"2021-06-23";"1";"Vente";"18000.0";"8";"B";"IMP SAINT LAURENT";"5845";"06000";"06088";"Nice";"06";"None";"None";"06088000MO0490";"None";"None";"84";"nan";"None";"nan";"None";"nan";"None";"None";"None";"None";"1";"3";"Dépendance";"nan";"0.0";"None";"None";"None";"None";"nan";"7.246739";"43.694549";"000MO"
"2021-62101";"2021-06-23";"1";"Vente";"205000.0";"3";"None";"IMP SAINT LAURENT";"5845";"06000";"06088";"Nice";"06";"None";"None";"06088000MO0492";"None";"None";"2";"nan";"8";"60.77";"None";"nan";"None";"None";"None";"None";"2";"3";"Dépendance";"nan";"0.0";"None";"None";"None";"None";"nan";"7.246182";"43.693465";"000MO"
"2021-62217";"2021-06-23";"1";"Vente";"34000.0";"162";"None";"RUE DE FRANCE";"2595";"06000";"06088";"Nice";"06";"None";"None";"06088000MO0092";"None";"None";"130";"nan";"None";"nan";"None";"nan";"None";"None";"None";"None";"1";"3";"Dépendance";"nan";"0.0";"None";"None";"None";"None";"nan";"7.247253";"43.692571";"000MO"
"2021-62217";"2021-06-23";"1";"Vente";"34000.0";"118";"None";"RUE DE FRANCE";"2595";"06000";"06088";"Nice";"06";"None";"None";"06088000MO0550";"None";"None";"285";"nan";"None";"nan";"None";"nan";"None";"None";"None";"None";"1";"3";"Dépendance";"nan";"0.0";"None";"None";"None";"None";"nan";"7.250655";"43.693744";"000MO"
"2021-61622";"2021-06-22";"1";"Vente";"1280000.0";"12";"None";"AV EMILE HENRIOT";"2253";"06000";"06088";"Nice";"06";"None";"None";"06088000MO0061";"None";"None";"None";"nan";"None";"nan";"None";"nan";"None";"None";"None";"None";"0";"2";"Appartement";"18.0";"1.0";"S";"sols";"None";"None";"320.0";"7.245973";"43.69363";"000MO"
"2021-61622";"2021-06-22";"1";"Vente";"1280000.0";"12";"None";"AV EMILE HENRIOT";"2253";"06000";"06088";"Nice";"06";"None";"None";"06088000MO0061";"None";"None";"None";"nan";"None";"nan";"None";"nan";"None";"None";"None";"None";"0";"2";"Appartement";"10.0";"1.0";"S";"sols";"None";"None";"320.0";"7.245973";"43.69363";"000MO"
"2021-61622";"2021-06-22";"1";"Vente";"1280000.0";"12";"None";"AV EMILE HENRIOT";"2253";"06000";"06088";"Nice";"06";"None";"None";"06088000MO0061";"None";"None";"None";"nan";"None";"nan";"None";"nan";"None";"None";"None";"None";"0";"2";"Appartement";"10.0";"1.0";"S";"sols";"None";"None";"320.0";"7.245973";"43.69363";"000MO"
"2021-61622";"2021-06-22";"1";"Vente";"1280000.0";"12";"None";"AV EMILE HENRIOT";"2253";"06000";"06088";"Nice";"06";"None";"None";"06088000MO0061";"None";"None";"None";"nan";"None";"nan";"None";"nan";"None";"None";"None";"None";"0";"2";"Appartement";"15.0";"1.0";"S";"sols";"None";"None";"320.0";"7.245973";"43.69363";"000MO"
"2021-61622";"2021-06-22";"1";"Vente";"1280000.0";"12";"None";"AV EMILE HENRIOT";"2253";"06000";"06088";"Nice";"06";"None";"None";"06088000MO0061";"None";"None";"None";"nan";"None";"nan";"None";"nan";"None";"None";"None";"None";"0";"2";"Appartement";"20.0";"1.0";"S";"sols";"None";"None";"320.0";"7.245973";"43.69363";"000MO"
"2021-61622";"2021-06-22";"1";"Vente";"1280000.0";"12";"None";"AV EMILE HENRIOT";"2253";"06000";"06088";"Nice";"06";"None";"None";"06088000MO0061";"None";"None";"None";"nan";"None";"nan";"None";"nan";"None";"None";"None";"None";"0";"2";"Appartement";"20.0";"1.0";"S";"sols";"None";"None";"320.0";"7.245973";"43.69363";"000MO"
"2021-61622";"2021-06-22";"1";"Vente";"1280000.0";"12";"None";"AV EMILE HENRIOT";"2253";"06000";"06088";"Nice";"06";"None";"None";"06088000MO0061";"None";"None";"None";"nan";"None";"nan";"None";"nan";"None";"None";"None";"None";"0";"2";"Appartement";"20.0";"1.0";"S";"sols";"None";"None";"320.0";"7.245973";"43.69363";"000MO"
"2021-61622";"2021-06-22";"1";"Vente";"1280000.0";"12";"None";"AV EMILE HENRIOT";"2253";"06000";"06088";"Nice";"06";"None";"None";"06088000MO0061";"None";"None";"None";"nan";"None";"nan";"None";"nan";"None";"None";"None";"None";"0";"2";"Appartement";"20.0";"1.0";"S";"sols";"None";"None";"320.0";"7.245973";"43.69363";"000MO"
"2021-61622";"2021-06-22";"1";"Vente";"1280000.0";"12";"None";"AV EMILE HENRIOT";"2253";"06000";"06088";"Nice";"06";"None";"None";"06088000MO0061";"None";"None";"None";"nan";"None";"nan";"None";"nan";"None";"None";"None";"None";"0";"2";"Appartement";"20.0";"1.0";"S";"sols";"None";"None";"320.0";"7.245973";"43.69363";"000MO"
"2021-61622";"2021-06-22";"1";"Vente";"1280000.0";"12";"None";"AV EMILE HENRIOT";"2253";"06000";"06088";"Nice";"06";"None";"None";"06088000MO0061";"None";"None";"None";"nan";"None";"nan";"None";"nan";"None";"None";"None";"None";"0";"2";"Appartement";"15.0";"1.0";"S";"sols";"None";"None";"320.0";"7.245973";"43.69363";"000MO"
"2021-61622";"2021-06-22";"1";"Vente";"1280000.0";"12";"None";"AV EMILE HENRIOT";"2253";"06000";"06088";"Nice";"06";"None";"None";"06088000MO0061";"None";"None";"None";"nan";"None";"nan";"None";"nan";"None";"None";"None";"None";"0";"2";"Appartement";"15.0";"1.0";"S";"sols";"None";"None";"320.0";"7.245973";"43.69363";"000MO"
"2021-61622";"2021-06-22";"1";"Vente";"1280000.0";"12";"None";"AV EMILE HENRIOT";"2253";"06000";"06088";"Nice";"06";"None";"None";"06088000MO0061";"None";"None";"None";"nan";"None";"nan";"None";"nan";"None";"None";"None";"None";"0";"2";"Appartement";"20.0";"1.0";"S";"sols";"None";"None";"320.0";"7.245973";"43.69363";"000MO"
"2021-61622";"2021-06-22";"1";"Vente";"1280000.0";"12";"None";"AV EMILE HENRIOT";"2253";"06000";"06088";"Nice";"06";"None";"None";"06088000MO0061";"None";"None";"None";"nan";"None";"nan";"None";"nan";"None";"None";"None";"None";"0";"2";"Appartement";"18.0";"1.0";"S";"sols";"None";"None";"320.0";"7.245973";"43.69363";"000MO"
"2021-61622";"2021-06-22";"1";"Vente";"1280000.0";"12";"None";"AV EMILE HENRIOT";"2253";"06000";"06088";"Nice";"06";"None";"None";"06088000MO0061";"None";"None";"None";"nan";"None";"nan";"None";"nan";"None";"None";"None";"None";"0";"2";"Appartement";"15.0";"1.0";"S";"sols";"None";"None";"320.0";"7.245973";"43.69363";"000MO"
"2021-61622";"2021-06-22";"1";"Vente";"1280000.0";"12";"None";"AV EMILE HENRIOT";"2253";"06000";"06088";"Nice";"06";"None";"None";"06088000MO0061";"None";"None";"None";"nan";"None";"nan";"None";"nan";"None";"None";"None";"None";"0";"2";"Appartement";"20.0";"1.0";"S";"sols";"None";"None";"320.0";"7.245973";"43.69363";"000MO"
"2021-61622";"2021-06-22";"1";"Vente";"1280000.0";"12";"None";"AV EMILE HENRIOT";"2253";"06000";"06088";"Nice";"06";"None";"None";"06088000MO0061";"None";"None";"None";"nan";"None";"nan";"None";"nan";"None";"None";"None";"None";"0";"2";"Appartement";"20.0";"1.0";"S";"sols";"None";"None";"320.0";"7.245973";"43.69363";"000MO"
"2021-61622";"2021-06-22";"1";"Vente";"1280000.0";"12";"None";"AV EMILE HENRIOT";"2253";"06000";"06088";"Nice";"06";"None";"None";"06088000MO0061";"None";"None";"None";"nan";"None";"nan";"None";"nan";"None";"None";"None";"None";"0";"2";"Appartement";"20.0";"1.0";"S";"sols";"None";"None";"320.0";"7.245973";"43.69363";"000MO"
"2021-61622";"2021-06-22";"1";"Vente";"1280000.0";"12";"None";"AV EMILE HENRIOT";"2253";"06000";"06088";"Nice";"06";"None";"None";"06088000MO0061";"None";"None";"None";"nan";"None";"nan";"None";"nan";"None";"None";"None";"None";"0";"4";"Local industriel. commercial ou assimilé";"10.0";"0.0";"S";"sols";"None";"None";"320.0";"7.245973";"43.69363";"000MO"
"2021-61625";"2021-06-21";"1";"Vente";"188679.0";"145";"None";"RUE DE FRANCE";"2595";"06000";"06088";"Nice";"06";"None";"None";"06088000MO0171";"None";"None";"4";"nan";"49";"58.42";"None";"nan";"None";"None";"None";"None";"2";"2";"Appartement";"62.0";"2.0";"None";"None";"None";"None";"nan";"7.250193";"43.692988";"000MO"
"2021-62377";"2021-06-21";"1";"Vente";"309000.0";"159";"None";"RUE DE FRANCE";"2595";"06000";"06088";"Nice";"06";"None";"None";"06088000MO0178";"None";"None";"206";"nan";"251";"76.86";"None";"nan";"None";"None";"None";"None";"2";"2";"Appartement";"74.0";"3.0";"None";"None";"None";"None";"nan";"7.249108";"43.692398";"000MO"
"2021-61625";"2021-06-21";"1";"Vente";"188679.0";"145";"None";"RUE DE FRANCE";"2595";"06000";"06088";"Nice";"06";"None";"None";"06088000MO0171";"None";"None";"4";"nan";"49";"58.42";"None";"nan";"None";"None";"None";"None";"2";"3";"Dépendance";"nan";"0.0";"None";"None";"None";"None";"nan";"7.250193";"43.692988";"000MO"
"2021-62377";"2021-06-21";"1";"Vente";"309000.0";"159";"None";"RUE DE FRANCE";"2595";"06000";"06088";"Nice";"06";"None";"None";"06088000MO0178";"None";"None";"206";"nan";"251";"76.86";"None";"nan";"None";"None";"None";"None";"2";"3";"Dépendance";"nan";"0.0";"None";"None";"None";"None";"nan";"7.249108";"43.692398";"000MO"
"2021-61150";"2021-06-16";"1";"Vente";"237600.0";"99";"None";"PROM DES ANGLAIS";"0240";"06000";"06088";"Nice";"06";"None";"None";"06088000MO0197";"None";"None";"15";"nan";"None";"nan";"None";"nan";"None";"None";"None";"None";"1";"2";"Appartement";"40.0";"1.0";"None";"None";"None";"None";"nan";"7.247064";"43.691497";"000MO"
"2021-61150";"2021-06-16";"1";"Vente";"237600.0";"99";"None";"PROM DES ANGLAIS";"0240";"06000";"06088";"Nice";"06";"None";"None";"06088000MO0197";"None";"None";"15";"nan";"None";"nan";"None";"nan";"None";"None";"None";"None";"1";"3";"Dépendance";"nan";"0.0";"None";"None";"None";"None";"nan";"7.247064";"43.691497";"000MO"
"2021-63860";"2021-06-16";"1";"Vente";"260000.0";"3";"B";"AV DES BAUMETTES";"0660";"06000";"06088";"Nice";"06";"None";"None";"06088000MO0302";"None";"None";"130";"nan";"None";"nan";"None";"nan";"None";"None";"None";"None";"1";"3";"Dépendance";"nan";"0.0";"None";"None";"None";"None";"nan";"7.250749";"43.694365";"000MO"
"2021-60709";"2021-06-09";"1";"Vente";"320000.0";"102";"None";"RUE DE FRANCE";"2595";"06000";"06088";"Nice";"06";"None";"None";"06088000MO0348";"None";"None";"5";"nan";"93";"nan";"None";"nan";"None";"None";"None";"None";"2";"2";"Appartement";"75.0";"3.0";"None";"None";"None";"None";"nan";"7.251572";"43.694041";"000MO"
"2021-60709";"2021-06-09";"1";"Vente";"320000.0";"102";"None";"RUE DE FRANCE";"2595";"06000";"06088";"Nice";"06";"None";"None";"06088000MO0348";"None";"None";"5";"nan";"93";"nan";"None";"nan";"None";"None";"None";"None";"2";"3";"Dépendance";"nan";"0.0";"None";"None";"None";"None";"nan";"7.251572";"43.694041";"000MO"
"2021-60490";"2021-06-08";"1";"Vente";"220000.0";"144";"None";"RUE DE FRANCE";"2595";"06000";"06088";"Nice";"06";"None";"None";"06088000MO0442";"None";"None";"6716";"nan";"None";"nan";"None";"nan";"None";"None";"None";"None";"1";"2";"Appartement";"46.0";"3.0";"None";"None";"None";"None";"nan";"7.249074";"43.693077";"000MO"
"2021-60668";"2021-06-08";"1";"Vente";"226050.0";"144";"None";"RUE DE FRANCE";"2595";"06000";"06088";"Nice";"06";"None";"None";"06088000MO0442";"None";"None";"6740";"33.71";"None";"nan";"None";"nan";"None";"None";"None";"None";"1";"2";"Appartement";"33.0";"2.0";"None";"None";"None";"None";"nan";"7.249074";"43.693077";"000MO"
"2021-61690";"2021-06-08";"1";"Vente";"176000.0";"145";"None";"RUE DE FRANCE";"2595";"06000";"06088";"Nice";"06";"None";"None";"06088000MO0171";"None";"None";"38";"39.78";"5";"nan";"None";"nan";"None";"None";"None";"None";"2";"2";"Appartement";"40.0";"2.0";"None";"None";"None";"None";"nan";"7.250193";"43.692988";"000MO"
"2021-60490";"2021-06-08";"1";"Vente";"220000.0";"144";"None";"RUE DE FRANCE";"2595";"06000";"06088";"Nice";"06";"None";"None";"06088000MO0442";"None";"None";"6268";"nan";"None";"nan";"None";"nan";"None";"None";"None";"None";"1";"3";"Dépendance";"nan";"0.0";"None";"None";"None";"None";"nan";"7.249074";"43.693077";"000MO"
"2021-60668";"2021-06-08";"1";"Vente";"226050.0";"144";"None";"RUE DE FRANCE";"2595";"06000";"06088";"Nice";"06";"None";"None";"06088000MO0442";"None";"None";"6070";"nan";"None";"nan";"None";"nan";"None";"None";"None";"None";"1";"3";"Dépendance";"nan";"0.0";"None";"None";"None";"None";"nan";"7.249074";"43.693077";"000MO"
"2021-60637";"2021-06-03";"1";"Vente";"272500.0";"143";"None";"RUE DE FRANCE";"2595";"06000";"06088";"Nice";"06";"None";"None";"06088000MO0170";"None";"None";"122";"nan";"188";"62.96";"None";"nan";"None";"None";"None";"None";"2";"2";"Appartement";"28.0";"1.0";"None";"None";"None";"None";"nan";"7.250586";"43.692851";"000MO"
"2021-60637";"2021-06-03";"1";"Vente";"272500.0";"143";"None";"RUE DE FRANCE";"2595";"06000";"06088";"Nice";"06";"None";"None";"06088000MO0170";"None";"None";"122";"nan";"188";"62.96";"None";"nan";"None";"None";"None";"None";"2";"3";"Dépendance";"nan";"0.0";"None";"None";"None";"None";"nan";"7.250586";"43.692851";"000MO"
"2021-60637";"2021-06-03";"1";"Vente";"272500.0";"145";"None";"RUE DE FRANCE";"2595";"06000";"06088";"Nice";"06";"None";"None";"06088000MO0171";"None";"None";"60";"nan";"None";"nan";"None";"nan";"None";"None";"None";"None";"1";"3";"Dépendance";"nan";"0.0";"None";"None";"None";"None";"nan";"7.250193";"43.692988";"000MO"
"2021-60461";"2021-05-31";"1";"Vente";"85000.0";"143";"None";"RUE DE FRANCE";"2595";"06000";"06088";"Nice";"06";"None";"None";"06088000MO0170";"None";"None";"104";"nan";"153";"26.66";"None";"nan";"None";"None";"None";"None";"2";"2";"Appartement";"34.0";"1.0";"None";"None";"None";"None";"nan";"7.250586";"43.692851";"000MO"
"2021-60461";"2021-05-31";"1";"Vente";"85000.0";"143";"None";"RUE DE FRANCE";"2595";"06000";"06088";"Nice";"06";"None";"None";"06088000MO0170";"None";"None";"104";"nan";"153";"26.66";"None";"nan";"None";"None";"None";"None";"2";"3";"Dépendance";"nan";"0.0";"None";"None";"None";"None";"nan";"7.250586";"43.692851";"000MO"
"2021-60423";"2021-05-28";"1";"Vente";"370000.0";"4";"None";"RUE HENRI CORDIER";"3205";"06000";"06088";"Nice";"06";"None";"None";"06088000MO0467";"None";"None";"34";"nan";"49";"75.75";"None";"nan";"None";"None";"None";"None";"2";"2";"Appartement";"76.0";"3.0";"None";"None";"None";"None";"nan";"7.248175";"43.693759";"000MO"
"2021-59692";"2021-05-28";"1";"Vente";"45000.0";"5";"None";"AV ADOLPHE ISNARD SERRAT";"0043";"06000";"06088";"Nice";"06";"None";"None";"06088000MO0006";"None";"None";"12";"14.26";"None";"nan";"None";"nan";"None";"None";"None";"None";"1";"3";"Dépendance";"nan";"0.0";"None";"None";"None";"None";"nan";"7.243913";"43.694377";"000MO"
"2021-60423";"2021-05-28";"1";"Vente";"370000.0";"4";"None";"RUE HENRI CORDIER";"3205";"06000";"06088";"Nice";"06";"None";"None";"06088000MO0467";"None";"None";"10";"nan";"None";"nan";"None";"nan";"None";"None";"None";"None";"1";"3";"Dépendance";"nan";"0.0";"None";"None";"None";"None";"nan";"7.248175";"43.693759";"000MO"
"2021-60423";"2021-05-28";"1";"Vente";"370000.0";"4";"None";"RUE HENRI CORDIER";"3205";"06000";"06088";"Nice";"06";"None";"None";"06088000MO0467";"None";"None";"34";"nan";"49";"75.75";"None";"nan";"None";"None";"None";"None";"2";"3";"Dépendance";"nan";"0.0";"None";"None";"None";"None";"nan";"7.248175";"43.693759";"000MO"
"2021-60243";"2021-05-26";"1";"Vente";"23500.0";"160";"None";"RUE DE FRANCE";"2595";"06000";"06088";"Nice";"06";"None";"None";"06088000MO0399";"None";"None";"89";"nan";"None";"nan";"None";"nan";"None";"None";"None";"None";"1";"3";"Dépendance";"nan";"0.0";"None";"None";"None";"None";"nan";"7.247758";"43.693082";"000MO"
"2021-60228";"2021-05-25";"1";"Vente";"154783.0";"171";"None";"RUE DE FRANCE";"2595";"06000";"06088";"Nice";"06";"None";"None";"06088000MO0190";"None";"None";"23";"52.08";"None";"nan";"None";"nan";"None";"None";"None";"None";"1";"2";"Appartement";"52.0";"1.0";"None";"None";"None";"None";"nan";"7.247575";"43.691992";"000MO"
"2021-60228";"2021-05-25";"1";"Vente";"154783.0";"169";"None";"RUE DE FRANCE";"2595";"06000";"06088";"Nice";"06";"None";"None";"06088000MO0187";"None";"None";"11";"nan";"None";"nan";"None";"nan";"None";"None";"None";"None";"1";"3";"Dépendance";"nan";"0.0";"None";"None";"None";"None";"nan";"7.247818";"43.692107";"000MO"
"2021-60228";"2021-05-25";"1";"Vente";"154783.0";"171";"None";"RUE DE FRANCE";"2595";"06000";"06088";"Nice";"06";"None";"None";"06088000MO0190";"None";"None";"23";"52.08";"None";"nan";"None";"nan";"None";"None";"None";"None";"1";"3";"Dépendance";"nan";"0.0";"None";"None";"None";"None";"nan";"7.247575";"43.691992";"000MO"
"2021-59903";"2021-05-19";"1";"Vente";"99000.0";"137";"None";"RUE DE FRANCE";"2595";"06000";"06088";"Nice";"06";"None";"None";"06088000MO0168";"None";"None";"31";"17.97";"None";"nan";"None";"nan";"None";"None";"None";"None";"1";"2";"Appartement";"18.0";"1.0";"None";"None";"None";"None";"nan";"7.250703";"43.693101";"000MO"
"2021-59142";"2021-05-18";"1";"Vente";"285000.0";"118";"None";"RUE DE FRANCE";"2595";"06000";"06088";"Nice";"06";"None";"None";"06088000MO0550";"None";"None";"231";"51.01";"None";"nan";"None";"nan";"None";"None";"None";"None";"1";"2";"Appartement";"50.0";"2.0";"None";"None";"None";"None";"nan";"7.250655";"43.693744";"000MO"
"2021-59441";"2021-05-12";"1";"Vente";"745000.0";"76";"None";"PROM DES ANGLAIS";"0240";"06000";"06088";"Nice";"06";"None";"None";"06088000MO0173";"None";"None";"1";"nan";"51";"nan";"None";"nan";"None";"None";"None";"None";"2";"2";"Appartement";"71.0";"3.0";"None";"None";"None";"None";"nan";"7.250237";"43.692592";"000MO"
"2021-59441";"2021-05-12";"1";"Vente";"745000.0";"76";"None";"PROM DES ANGLAIS";"0240";"06000";"06088";"Nice";"06";"None";"None";"06088000MO0173";"None";"None";"27";"nan";"None";"nan";"None";"nan";"None";"None";"None";"None";"1";"3";"Dépendance";"nan";"0.0";"None";"None";"None";"None";"nan";"7.250237";"43.692592";"000MO"
"2021-58965";"2021-05-11";"1";"Vente";"200000.0";"157";"None";"RUE DE FRANCE";"2595";"06000";"06088";"Nice";"06";"None";"None";"06088000MO0571";"None";"None";"19";"nan";"None";"nan";"None";"nan";"None";"None";"None";"None";"1";"2";"Appartement";"60.0";"2.0";"None";"None";"None";"None";"nan";"7.249202";"43.692522";"000MO"
"2021-58965";"2021-05-11";"1";"Vente";"200000.0";"157";"None";"RUE DE FRANCE";"2595";"06000";"06088";"Nice";"06";"None";"None";"06088000MO0571";"None";"None";"18";"nan";"None";"nan";"None";"nan";"None";"None";"None";"None";"1";"2";"Appartement";"60.0";"3.0";"None";"None";"None";"None";"nan";"7.249202";"43.692522";"000MO"
"2021-58991";"2021-05-11";"1";"Vente";"163000.0";"5";"None";"RUE HENRI CORDIER";"3205";"06000";"06088";"Nice";"06";"None";"None";"06088000MO0077";"None";"None";"11";"42.81";"None";"nan";"None";"nan";"None";"None";"None";"None";"1";"2";"Appartement";"41.0";"2.0";"None";"None";"None";"None";"nan";"7.248463";"43.693395";"000MO"
"2021-58965";"2021-05-11";"1";"Vente";"200000.0";"157";"None";"RUE DE FRANCE";"2595";"06000";"06088";"Nice";"06";"None";"None";"06088000MO0571";"None";"None";"17";"nan";"None";"nan";"None";"nan";"None";"None";"None";"None";"1";"3";"Dépendance";"nan";"0.0";"None";"None";"None";"None";"nan";"7.249202";"43.692522";"000MO"
"2021-60061";"2021-05-11";"1";"Vente";"36900.0";"160";"None";"RUE DE FRANCE";"2595";"06000";"06088";"Nice";"06";"None";"None";"06088000MO0399";"None";"None";"116";"nan";"None";"nan";"None";"nan";"None";"None";"None";"None";"1";"3";"Dépendance";"nan";"0.0";"None";"None";"None";"None";"nan";"7.247758";"43.693082";"000MO"
"2021-60061";"2021-05-11";"1";"Vente";"36900.0";"160";"None";"RUE DE FRANCE";"2595";"06000";"06088";"Nice";"06";"None";"None";"06088000MO0399";"None";"None";"66";"nan";"None";"nan";"None";"nan";"None";"None";"None";"None";"1";"3";"Dépendance";"nan";"0.0";"None";"None";"None";"None";"nan";"7.247758";"43.693082";"000MO"
"2021-59237";"2021-05-04";"1";"Vente";"168000.0";"159";"None";"RUE DE FRANCE";"2595";"06000";"06088";"Nice";"06";"None";"None";"06088000MO0178";"None";"None";"212";"nan";"242";"42.33";"None";"nan";"None";"None";"None";"None";"2";"2";"Appartement";"43.0";"2.0";"None";"None";"None";"None";"nan";"7.249108";"43.692398";"000MO"
"2021-58353";"2021-05-04";"1";"Vente";"32500.0";"144";"None";"RUE DE FRANCE";"2595";"06000";"06088";"Nice";"06";"None";"None";"06088000MO0442";"None";"None";"6088";"nan";"None";"nan";"None";"nan";"None";"None";"None";"None";"1";"3";"Dépendance";"nan";"0.0";"None";"None";"None";"None";"nan";"7.249074";"43.693077";"000MO"
"2021-58323";"2021-04-30";"1";"Vente";"670000.0";"92";"None";"PROM DES ANGLAIS";"0240";"06000";"06088";"Nice";"06";"None";"None";"06088000MO0188";"None";"None";"28";"nan";"69";"nan";"None";"nan";"None";"None";"None";"None";"2";"2";"Appartement";"73.0";"3.0";"None";"None";"None";"None";"nan";"7.247982";"43.691897";"000MO"
"2021-59282";"2021-04-30";"1";"Vente";"225000.0";"144";"None";"RUE DE FRANCE";"2595";"06000";"06088";"Nice";"06";"None";"None";"06088000MO0442";"None";"None";"6402";"nan";"6697";"nan";"None";"nan";"None";"None";"None";"None";"2";"2";"Appartement";"42.0";"2.0";"None";"None";"None";"None";"nan";"7.249074";"43.693077";"000MO"
"2021-59285";"2021-04-30";"1";"Vente";"24000.0";"144";"None";"RUE DE FRANCE";"2595";"06000";"06088";"Nice";"06";"None";"None";"06088000MO0442";"None";"None";"6269";"nan";"None";"nan";"None";"nan";"None";"None";"None";"None";"1";"3";"Dépendance";"nan";"0.0";"None";"None";"None";"None";"nan";"7.249074";"43.693077";"000MO"
"2021-59087";"2021-04-29";"1";"Vente";"156000.0";"171";"None";"RUE DE FRANCE";"2595";"06000";"06088";"Nice";"06";"None";"None";"06088000MO0190";"None";"None";"12";"34.93";"None";"nan";"None";"nan";"None";"None";"None";"None";"1";"2";"Appartement";"36.0";"1.0";"None";"None";"None";"None";"nan";"7.247575";"43.691992";"000MO"
"2021-58861";"2021-04-26";"1";"Vente";"94000.0";"5";"None";"RUE PAUL VALERY";"4910";"06000";"06088";"Nice";"06";"None";"None";"06088000MO0407";"None";"None";"9";"18.02";"None";"nan";"None";"nan";"None";"None";"None";"None";"1";"2";"Appartement";"19.0";"1.0";"None";"None";"None";"None";"nan";"7.251133";"43.693409";"000MO"
"2021-58181";"2021-04-23";"1";"Vente";"185000.0";"175";"None";"RUE DE FRANCE";"2595";"06000";"06088";"Nice";"06";"None";"None";"06088000MO0564";"None";"None";"38";"nan";"93";"43.01";"None";"nan";"None";"None";"None";"None";"2";"2";"Appartement";"43.0";"1.0";"None";"None";"None";"None";"nan";"7.247167";"43.691854";"000MO"
"2021-58940";"2021-04-23";"1";"Vente";"165000.0";"37";"None";"AV DES BAUMETTES";"0660";"06000";"06088";"Nice";"06";"None";"None";"06088000MO0117";"None";"None";"33";"nan";"56";"42.47";"None";"nan";"None";"None";"None";"None";"2";"2";"Appartement";"42.0";"1.0";"None";"None";"None";"None";"nan";"7.248379";"43.694701";"000MO"
"2021-58023";"2021-04-22";"1";"Vente";"215000.0";"14";"None";"IMP SAINT LAURENT";"5845";"06000";"06088";"Nice";"06";"None";"None";"06088000MO0055";"None";"None";"1";"nan";"19";"nan";"20";"nan";"None";"None";"None";"None";"3";"2";"Appartement";"45.0";"3.0";"None";"None";"None";"None";"nan";"7.246384";"43.693591";"000MO"
"2021-57889";"2021-04-13";"1";"Vente";"1740000.0";"92";"None";"PROM DES ANGLAIS";"0240";"06000";"06088";"Nice";"06";"None";"None";"06088000MO0188";"None";"None";"129";"nan";"130";"nan";"43";"190.52";"46";"None";"75";"None";"5";"2";"Appartement";"190.0";"4.0";"None";"None";"None";"None";"nan";"7.247982";"43.691897";"000MO"
"2021-57889";"2021-04-13";"1";"Vente";"1740000.0";"92";"None";"PROM DES ANGLAIS";"0240";"06000";"06088";"Nice";"06";"None";"None";"06088000MO0188";"None";"None";"122";"17.58";"None";"nan";"None";"nan";"None";"None";"None";"None";"1";"3";"Dépendance";"nan";"0.0";"None";"None";"None";"None";"nan";"7.247982";"43.691897";"000MO"
"2021-57889";"2021-04-13";"1";"Vente";"1740000.0";"92";"None";"PROM DES ANGLAIS";"0240";"06000";"06088";"Nice";"06";"None";"None";"06088000MO0188";"None";"None";"58";"nan";"None";"nan";"None";"nan";"None";"None";"None";"None";"1";"3";"Dépendance";"nan";"0.0";"None";"None";"None";"None";"nan";"7.247982";"43.691897";"000MO"
"2021-57889";"2021-04-13";"1";"Vente";"1740000.0";"92";"None";"PROM DES ANGLAIS";"0240";"06000";"06088";"Nice";"06";"None";"None";"06088000MO0188";"None";"None";"123";"nan";"None";"nan";"None";"nan";"None";"None";"None";"None";"1";"3";"Dépendance";"nan";"0.0";"None";"None";"None";"None";"nan";"7.247982";"43.691897";"000MO"
"2021-57927";"2021-04-09";"1";"Vente";"1200000.0";"83";"None";"PROM DES ANGLAIS";"0240";"06000";"06088";"Nice";"06";"None";"None";"06088000MO0178";"None";"None";"148";"93.77";"149";"nan";"150";"nan";"33";"None";"34";"None";"6";"2";"Appartement";"90.0";"3.0";"None";"None";"None";"None";"nan";"7.249108";"43.692398";"000MO"
"2021-57927";"2021-04-09";"1";"Vente";"1200000.0";"159";"None";"RUE DE FRANCE";"2595";"06000";"06088";"Nice";"06";"None";"None";"06088000MO0178";"None";"None";"235";"nan";"None";"nan";"None";"nan";"None";"None";"None";"None";"1";"3";"Dépendance";"nan";"0.0";"None";"None";"None";"None";"nan";"7.249108";"43.692398";"000MO"
"2021-57595";"2021-04-02";"1";"Vente";"30500.0";"144";"None";"RUE DE FRANCE";"2595";"06000";"06088";"Nice";"06";"None";"None";"06088000MO0442";"None";"None";"6052";"nan";"None";"nan";"None";"nan";"None";"None";"None";"None";"1";"3";"Dépendance";"nan";"0.0";"None";"None";"None";"None";"nan";"7.249074";"43.693077";"000MO"
"2021-56657";"2021-04-01";"1";"Vente";"430000.0";"111";"None";"PROM DES ANGLAIS";"0240";"06000";"06088";"Nice";"06";"None";"None";"06088000MO0213";"None";"None";"101";"nan";"51";"53.75";"None";"nan";"None";"None";"None";"None";"2";"2";"Appartement";"100.0";"4.0";"None";"None";"None";"None";"nan";"7.245852";"43.691165";"000MO"
"2021-57474";"2021-04-01";"1";"Vente";"489950.0";"109";"None";"PROM DES ANGLAIS";"0240";"06000";"06088";"Nice";"06";"None";"None";"06088000MO0212";"None";"None";"30";"72.53";"5";"nan";"None";"nan";"None";"None";"None";"None";"2";"2";"Appartement";"74.0";"3.0";"None";"None";"None";"None";"nan";"7.246098";"43.691143";"000MO"
"2021-57474";"2021-04-01";"1";"Vente";"489950.0";"109";"None";"PROM DES ANGLAIS";"0240";"06000";"06088";"Nice";"06";"None";"None";"06088000MO0212";"None";"None";"22";"nan";"None";"nan";"None";"nan";"None";"None";"None";"None";"1";"3";"Dépendance";"nan";"0.0";"None";"None";"None";"None";"nan";"7.246098";"43.691143";"000MO"
"2021-56992";"2021-03-31";"1";"Vente";"310000.0";"105";"None";"PROM DES ANGLAIS";"0240";"06000";"06088";"Nice";"06";"None";"None";"06088000MO0204";"None";"None";"9";"62.0";"None";"nan";"None";"nan";"None";"None";"None";"None";"1";"2";"Appartement";"60.0";"3.0";"None";"None";"None";"None";"nan";"7.246604";"43.691732";"000MO"
"2021-56740";"2021-03-30";"1";"Vente";"380000.0";"179";"None";"RUE DE FRANCE";"2595";"06000";"06088";"Nice";"06";"None";"None";"06088000MO0193";"None";"None";"27";"nan";"61";"47.63";"None";"nan";"None";"None";"None";"None";"2";"2";"Appartement";"52.0";"2.0";"None";"None";"None";"None";"nan";"7.24689";"43.69171";"000MO"
"2021-56740";"2021-03-30";"1";"Vente";"380000.0";"179";"None";"RUE DE FRANCE";"2595";"06000";"06088";"Nice";"06";"None";"None";"06088000MO0193";"None";"None";"62";"31.22";"None";"nan";"None";"nan";"None";"None";"None";"None";"1";"2";"Appartement";"33.0";"1.0";"None";"None";"None";"None";"nan";"7.24689";"43.69171";"000MO"
"2021-56740";"2021-03-30";"1";"Vente";"380000.0";"179";"None";"RUE DE FRANCE";"2595";"06000";"06088";"Nice";"06";"None";"None";"06088000MO0193";"None";"None";"30";"nan";"None";"nan";"None";"nan";"None";"None";"None";"None";"1";"3";"Dépendance";"nan";"0.0";"None";"None";"None";"None";"nan";"7.24689";"43.69171";"000MO"
"2021-56748";"2021-03-26";"1";"Vente";"135000.0";"100";"None";"RUE DE FRANCE";"2595";"06000";"06088";"Nice";"06";"None";"None";"06088000MO0348";"None";"None";"46";"nan";"89";"18.63";"None";"nan";"None";"None";"None";"None";"2";"2";"Appartement";"17.0";"1.0";"None";"None";"None";"None";"nan";"7.251572";"43.694041";"000MO"
"2021-57782";"2021-03-24";"1";"Vente";"370000.0";"109";"None";"PROM DES ANGLAIS";"0240";"06000";"06088";"Nice";"06";"None";"None";"06088000MO0212";"None";"None";"28";"76.31";"None";"nan";"None";"nan";"None";"None";"None";"None";"1";"2";"Appartement";"72.0";"3.0";"None";"None";"None";"None";"nan";"7.246098";"43.691143";"000MO"
"2021-57782";"2021-03-24";"1";"Vente";"370000.0";"109";"None";"PROM DES ANGLAIS";"0240";"06000";"06088";"Nice";"06";"None";"None";"06088000MO0212";"None";"None";"20";"nan";"None";"nan";"None";"nan";"None";"None";"None";"None";"1";"3";"Dépendance";"nan";"0.0";"None";"None";"None";"None";"nan";"7.246098";"43.691143";"000MO"
"2021-57782";"2021-03-24";"1";"Vente";"370000.0";"109";"None";"PROM DES ANGLAIS";"0240";"06000";"06088";"Nice";"06";"None";"None";"06088000MO0212";"None";"None";"19";"nan";"None";"nan";"None";"nan";"None";"None";"None";"None";"1";"3";"Dépendance";"nan";"0.0";"None";"None";"None";"None";"nan";"7.246098";"43.691143";"000MO"
"2021-57782";"2021-03-24";"1";"Vente";"370000.0";"109";"None";"PROM DES ANGLAIS";"0240";"06000";"06088";"Nice";"06";"None";"None";"06088000MO0212";"None";"None";"21";"nan";"None";"nan";"None";"nan";"None";"None";"None";"None";"1";"3";"Dépendance";"nan";"0.0";"None";"None";"None";"None";"nan";"7.246098";"43.691143";"000MO"
"2021-56910";"2021-03-23";"1";"Vente";"310000.0";"93";"None";"PROM DES ANGLAIS";"0240";"06000";"06088";"Nice";"06";"None";"None";"06088000MO0189";"None";"None";"26";"nan";"31";"56.53";"None";"nan";"None";"None";"None";"None";"2";"2";"Appartement";"55.0";"2.0";"None";"None";"None";"None";"nan";"7.247745";"43.691735";"000MO"
"2021-56888";"2021-03-23";"1";"Vente";"29000.0";"144";"None";"RUE DE FRANCE";"2595";"06000";"06088";"Nice";"06";"None";"None";"06088000MO0442";"None";"None";"6278";"nan";"None";"nan";"None";"nan";"None";"None";"None";"None";"1";"3";"Dépendance";"nan";"0.0";"None";"None";"None";"None";"nan";"7.249074";"43.693077";"000MO"
"2021-56242";"2021-03-18";"1";"Vente";"280000.0";"91";"None";"PROM DES ANGLAIS";"0240";"06000";"06088";"Nice";"06";"None";"None";"06088000MO0184";"None";"None";"19";"nan";"61";"44.25";"None";"nan";"None";"None";"None";"None";"2";"2";"Appartement";"43.0";"1.0";"None";"None";"None";"None";"nan";"7.248366";"43.691919";"000MO"
"2021-57327";"2021-03-16";"1";"Vente";"155000.0";"144";"None";"RUE DE FRANCE";"2595";"06000";"06088";"Nice";"06";"None";"None";"06088000MO0442";"None";"None";"6296";"nan";"6541";"35.8";"None";"nan";"None";"None";"None";"None";"2";"2";"Appartement";"35.0";"2.0";"None";"None";"None";"None";"nan";"7.249074";"43.693077";"000MO"
"2021-56021";"2021-03-12";"1";"Vente";"135000.0";"45";"None";"AV DES BAUMETTES";"0660";"06000";"06088";"Nice";"06";"None";"None";"06088000MO0045";"None";"None";"274";"30.25";"None";"nan";"None";"nan";"None";"None";"None";"None";"1";"2";"Appartement";"31.0";"1.0";"None";"None";"None";"None";"nan";"7.247845";"43.69594";"000MO"
"2021-65035";"2021-03-11";"1";"Adjudication";"94000.0";"18";"None";"IMP SAINT LAURENT";"5845";"06000";"06088";"Nice";"06";"None";"None";"06088000MO0053";"None";"None";"19";"nan";"None";"nan";"None";"nan";"None";"None";"None";"None";"1";"2";"Appartement";"26.0";"2.0";"None";"None";"None";"None";"nan";"7.246228";"43.693925";"000MO"
"2021-56210";"2021-03-05";"1";"Vente";"170000.0";"33";"None";"AV EMILE HENRIOT";"2253";"06000";"06088";"Nice";"06";"None";"None";"06088000MO0246";"None";"None";"3";"52.03";"5";"nan";"None";"nan";"None";"None";"None";"None";"2";"4";"Local industriel. commercial ou assimilé";"82.0";"0.0";"None";"None";"None";"None";"nan";"7.24487";"43.694383";"000MO"
"2021-56027";"2021-03-03";"1";"Vente";"125000.0";"159";"None";"RUE DE FRANCE";"2595";"06000";"06088";"Nice";"06";"None";"None";"06088000MO0178";"None";"None";"264";"24.94";"None";"nan";"None";"nan";"None";"None";"None";"None";"1";"2";"Appartement";"23.0";"1.0";"None";"None";"None";"None";"nan";"7.249108";"43.692398";"000MO"
"2021-55400";"2021-02-24";"1";"Vente";"290000.0";"118";"None";"RUE DE FRANCE";"2595";"06000";"06088";"Nice";"06";"None";"None";"06088000MO0550";"None";"None";"250";"50.38";"None";"nan";"None";"nan";"None";"None";"None";"None";"1";"2";"Appartement";"50.0";"2.0";"None";"None";"None";"None";"nan";"7.250655";"43.693744";"000MO"
"2021-55400";"2021-02-24";"1";"Vente";"290000.0";"118";"None";"RUE DE FRANCE";"2595";"06000";"06088";"Nice";"06";"None";"None";"06088000MO0550";"None";"None";"293";"nan";"None";"nan";"None";"nan";"None";"None";"None";"None";"1";"3";"Dépendance";"nan";"0.0";"None";"None";"None";"None";"nan";"7.250655";"43.693744";"000MO"
"2021-55539";"2021-02-23";"1";"Vente";"157000.0";"9";"None";"AV EMILE HENRIOT";"2253";"06000";"06088";"Nice";"06";"None";"None";"06088000MO0260";"None";"None";"3";"20.0";"None";"nan";"None";"nan";"None";"None";"None";"None";"1";"2";"Appartement";"19.0";"2.0";"None";"None";"None";"None";"nan";"7.246224";"43.693111";"000MO"
"2021-55539";"2021-02-23";"1";"Vente";"157000.0";"9";"None";"AV EMILE HENRIOT";"2253";"06000";"06088";"Nice";"06";"None";"None";"06088000MO0260";"None";"None";"3";"20.0";"None";"nan";"None";"nan";"None";"None";"None";"None";"1";"3";"Dépendance";"nan";"0.0";"None";"None";"None";"None";"nan";"7.246224";"43.693111";"000MO"
"2021-55334";"2021-02-22";"1";"Vente";"436000.0";"4";"None";"RUE HENRI CORDIER";"3205";"06000";"06088";"Nice";"06";"None";"None";"06088000MO0467";"None";"None";"18";"nan";"52";"77.95";"None";"nan";"None";"None";"None";"None";"2";"2";"Appartement";"77.0";"3.0";"None";"None";"None";"None";"nan";"7.248175";"43.693759";"000MO"
"2021-55334";"2021-02-22";"1";"Vente";"436000.0";"4";"None";"RUE HENRI CORDIER";"3205";"06000";"06088";"Nice";"06";"None";"None";"06088000MO0467";"None";"None";"60";"nan";"None";"nan";"None";"nan";"None";"None";"None";"None";"1";"3";"Dépendance";"nan";"0.0";"None";"None";"None";"None";"nan";"7.248175";"43.693759";"000MO"
"2021-55592";"2021-02-18";"1";"Vente";"270000.0";"92";"None";"PROM DES ANGLAIS";"0240";"06000";"06088";"Nice";"06";"None";"None";"06088000MO0188";"None";"None";"27";"26.03";"None";"nan";"None";"nan";"None";"None";"None";"None";"1";"2";"Appartement";"24.0";"1.0";"None";"None";"None";"None";"nan";"7.247982";"43.691897";"000MO"
"2021-55669";"2021-02-16";"1";"Vente";"430000.0";"3";"None";"PAS ABBE JOSEPH REVELLI";"0024";"06000";"06088";"Nice";"06";"None";"None";"06088000MO0031";"None";"None";"1";"nan";"2";"nan";"3";"nan";"None";"None";"None";"None";"3";"1";"Maison";"140.0";"6.0";"None";"None";"None";"None";"nan";"7.244998";"43.694016";"000MO"
"2021-55213";"2021-02-16";"1";"Vente";"612000.0";"76";"None";"PROM DES ANGLAIS";"0240";"06000";"06088";"Nice";"06";"None";"None";"06088000MO0173";"None";"None";"1";"nan";"51";"73.1";"None";"nan";"None";"None";"None";"None";"2";"2";"Appartement";"71.0";"3.0";"None";"None";"None";"None";"nan";"7.250237";"43.692592";"000MO"
"2021-55213";"2021-02-16";"1";"Vente";"612000.0";"76";"None";"PROM DES ANGLAIS";"0240";"06000";"06088";"Nice";"06";"None";"None";"06088000MO0173";"None";"None";"27";"nan";"None";"nan";"None";"nan";"None";"None";"None";"None";"1";"3";"Dépendance";"nan";"0.0";"None";"None";"None";"None";"nan";"7.250237";"43.692592";"000MO"
"2021-54765";"2021-02-15";"1";"Vente";"249000.0";"124";"None";"RUE DE FRANCE";"2595";"06000";"06088";"Nice";"06";"None";"None";"06088000MO0550";"None";"None";"134";"nan";"None";"nan";"None";"nan";"None";"None";"None";"None";"1";"2";"Appartement";"42.0";"2.0";"None";"None";"None";"None";"nan";"7.250655";"43.693744";"000MO"
"2021-54765";"2021-02-15";"1";"Vente";"249000.0";"124";"None";"RUE DE FRANCE";"2595";"06000";"06088";"Nice";"06";"None";"None";"06088000MO0550";"None";"None";"61";"42.1";"None";"nan";"None";"nan";"None";"None";"None";"None";"1";"2";"Appartement";"42.0";"2.0";"None";"None";"None";"None";"nan";"7.250655";"43.693744";"000MO"
"2021-54335";"2021-02-09";"1";"Vente";"26000.0";"160";"None";"RUE DE FRANCE";"2595";"06000";"06088";"Nice";"06";"None";"None";"06088000MO0399";"None";"None";"75";"nan";"None";"nan";"None";"nan";"None";"None";"None";"None";"1";"3";"Dépendance";"nan";"0.0";"None";"None";"None";"None";"nan";"7.247758";"43.693082";"000MO"
"2021-54863";"2021-02-05";"1";"Vente";"109000.0";"147";"None";"RUE DE FRANCE";"2595";"06000";"06088";"Nice";"06";"None";"None";"06088000MO0237";"None";"None";"9";"18.29";"None";"nan";"None";"nan";"None";"None";"None";"None";"1";"2";"Appartement";"18.0";"1.0";"None";"None";"None";"None";"nan";"7.249728";"43.692755";"000MO"
"2021-54265";"2021-01-28";"1";"Vente";"125000.0";"45";"None";"AV DES BAUMETTES";"0660";"06000";"06088";"Nice";"06";"None";"None";"06088000MO0045";"None";"None";"190";"nan";"None";"nan";"None";"nan";"None";"None";"None";"None";"1";"2";"Appartement";"66.0";"2.0";"None";"None";"None";"None";"nan";"7.247845";"43.69594";"000MO"
"2021-54950";"2021-01-27";"1";"Vente";"180900.0";"73";"None";"PROM DES ANGLAIS";"0240";"06000";"06088";"Nice";"06";"None";"None";"06088000MO0170";"None";"None";"33";"nan";"73";"24.8";"None";"nan";"None";"None";"None";"None";"2";"2";"Appartement";"33.0";"1.0";"None";"None";"None";"None";"nan";"7.250586";"43.692851";"000MO"
"2021-53371";"2021-01-14";"1";"Vente";"130000.0";"167";"None";"RUE DE FRANCE";"2595";"06000";"06088";"Nice";"06";"None";"None";"06088000MO0447";"None";"None";"109";"15.23";"None";"nan";"None";"nan";"None";"None";"None";"None";"1";"2";"Appartement";"18.0";"1.0";"None";"None";"None";"None";"nan";"7.247997";"43.692232";"000MO"
"2021-53469";"2021-01-13";"1";"Vente";"110500.0";"147";"None";"RUE DE FRANCE";"2595";"06000";"06088";"Nice";"06";"None";"None";"06088000MO0237";"None";"None";"62";"16.37";"None";"nan";"None";"nan";"None";"None";"None";"None";"1";"2";"Appartement";"16.0";"1.0";"None";"None";"None";"None";"nan";"7.249728";"43.692755";"000MO"
"2021-53798";"2021-01-08";"1";"Vente";"271000.0";"5";"None";"RUE HENRI CORDIER";"3205";"06000";"06088";"Nice";"06";"None";"None";"06088000MO0077";"None";"None";"8";"82.2";"None";"nan";"None";"nan";"None";"None";"None";"None";"1";"2";"Appartement";"84.0";"3.0";"None";"None";"None";"None";"nan";"7.248463";"43.693395";"000MO"
"2021-53917";"2021-01-08";"1";"Vente";"456650.0";"187";"None";"RUE DE FRANCE";"2595";"06000";"06088";"Nice";"06";"None";"None";"06088000MO0488";"None";"None";"68";"nan";"None";"nan";"None";"nan";"None";"None";"None";"None";"1";"2";"Appartement";"61.0";"2.0";"None";"None";"None";"None";"nan";"7.246306";"43.691623";"000MO"
"2021-53361";"2021-01-08";"1";"Vente";"19000.0";"161";"None";"RUE DE FRANCE";"2595";"06000";"06088";"Nice";"06";"None";"None";"06088000MO0181";"None";"None";"6";"nan";"None";"nan";"None";"nan";"None";"None";"None";"None";"1";"3";"Dépendance";"nan";"0.0";"None";"None";"None";"None";"nan";"7.248736";"43.692472";"000MO"
"2021-53917";"2021-01-08";"1";"Vente";"456650.0";"185";"None";"RUE DE FRANCE";"2595";"06000";"06088";"Nice";"06";"None";"None";"06088000MO0488";"None";"None";"24";"nan";"None";"nan";"None";"nan";"None";"None";"None";"None";"1";"3";"Dépendance";"nan";"0.0";"None";"None";"None";"None";"nan";"7.246306";"43.691623";"000MO"
"2021-53404";"2021-01-08";"1";"Vente";"50000.0";"145";"B";"RUE DE FRANCE";"2595";"06000";"06088";"Nice";"06";"None";"None";"06088000MO0174";"None";"None";"21";"nan";"None";"nan";"None";"nan";"None";"None";"None";"None";"1";"4";"Local industriel. commercial ou assimilé";"15.0";"0.0";"None";"None";"None";"None";"nan";"7.250034";"43.692941";"000MO"
"2021-53396";"2021-01-07";"1";"Vente";"143000.0";"105";"None";"PROM DES ANGLAIS";"0240";"06000";"06088";"Nice";"06";"None";"None";"06088000MO0210";"None";"None";"14";"18.42";"None";"nan";"None";"nan";"None";"None";"None";"None";"1";"3";"Dépendance";"nan";"0.0";"None";"None";"None";"None";"nan";"7.246276";"43.691377";"000MO"
"2021-53567";"2021-01-05";"1";"Vente";"155000.0";"18";"None";"IMP SAINT LAURENT";"5845";"06000";"06088";"Nice";"06";"None";"None";"06088000MO0053";"None";"None";"10";"36.08";"4";"nan";"None";"nan";"None";"None";"None";"None";"2";"2";"Appartement";"35.0";"2.0";"None";"None";"None";"None";"nan";"7.246228";"43.693925";"000MO"