id_mutation;date_mutation;numero_disposition;nature_mutation;valeur_fonciere;adresse_numero;adresse_suffixe;adresse_nom_voie;adresse_code_voie;code_postal;code_commune;nom_commune;code_departement;ancien_code_commune;ancien_nom_commune;id_parcelle;ancien_id_parcelle;numero_volume;lot1_numero;lot1_surface_carrez;lot2_numero;lot2_surface_carrez;lot3_numero;lot3_surface_carrez;lot4_numero;lot4_surface_carrez;lot5_numero;lot5_surface_carrez;nombre_lots;code_type_local;type_local;surface_reelle_bati;nombre_pieces_principales;code_nature_culture;nature_culture;code_nature_culture_speciale;nature_culture_speciale;surface_terrain;longitude;latitude;section_prefixe
"2025-58360";"2025-12-29";"1";"Vente";"143950.0";"127.0";"None";"AV DE LA CALIFORNIE";"1045";"06200";"06088";"Nice";"06";"None";"None";"06088000NE0238";"None";"None";"35";"nan";"None";"nan";"None";"nan";"None";"nan";"None";"None";"1";"2";"Appartement";"25.0";"1.0";"None";"None";"None";"None";"nan";"7.236906";"43.686322";"000NE"
"2025-57983";"2025-12-22";"1";"Vente";"700000.0";"169.0";"None";"PROM DES ANGLAIS";"0240";"06200";"06088";"Nice";"06";"None";"None";"06088000NE0148";"None";"None";"27";"nan";"None";"nan";"None";"nan";"None";"nan";"None";"None";"1";"2";"Appartement";"84.0";"2.0";"None";"None";"None";"None";"nan";"7.239864";"43.688269";"000NE"
"2025-58201";"2025-12-22";"1";"Vente";"104500.0";"167.0";"None";"PROM DES ANGLAIS";"0240";"06200";"06088";"Nice";"06";"None";"None";"06088000NE0146";"None";"None";"52";"nan";"53";"nan";"None";"nan";"None";"nan";"None";"None";"2";"2";"Appartement";"18.0";"2.0";"None";"None";"None";"None";"nan";"7.24015";"43.68847";"000NE"
"2025-57983";"2025-12-22";"1";"Vente";"700000.0";"72.0";"None";"AV DE LA CALIFORNIE";"1045";"06200";"06088";"Nice";"06";"None";"None";"06088000NE0130";"None";"None";"18";"nan";"None";"nan";"None";"nan";"None";"nan";"None";"None";"1";"3";"Dépendance";"nan";"0.0";"None";"None";"None";"None";"nan";"7.23946";"43.688889";"000NE"
"2025-57983";"2025-12-22";"1";"Vente";"700000.0";"169.0";"None";"PROM DES ANGLAIS";"0240";"06200";"06088";"Nice";"06";"None";"None";"06088000NE0148";"None";"None";"27";"nan";"None";"nan";"None";"nan";"None";"nan";"None";"None";"1";"3";"Dépendance";"nan";"0.0";"None";"None";"None";"None";"nan";"7.239864";"43.688269";"000NE"
"2025-57983";"2025-12-22";"1";"Vente";"700000.0";"169.0";"None";"PROM DES ANGLAIS";"0240";"06200";"06088";"Nice";"06";"None";"None";"06088000NE0148";"None";"None";"27";"nan";"None";"nan";"None";"nan";"None";"nan";"None";"None";"1";"3";"Dépendance";"nan";"0.0";"None";"None";"None";"None";"nan";"7.239864";"43.688269";"000NE"
"2025-58332";"2025-12-08";"1";"Vente";"275000.0";"21.0";"None";"AV DE FABRON";"2370";"06200";"06088";"Nice";"06";"None";"None";"06088000NE0312";"None";"None";"108";"68.58";"146";"nan";"None";"nan";"None";"nan";"None";"None";"2";"2";"Appartement";"69.0";"3.0";"None";"None";"None";"None";"nan";"7.23374";"43.686751";"000NE"
"2025-58332";"2025-12-08";"1";"Vente";"275000.0";"21.0";"None";"AV DE FABRON";"2370";"06200";"06088";"Nice";"06";"None";"None";"06088000NE0312";"None";"None";"108";"68.58";"146";"nan";"None";"nan";"None";"nan";"None";"None";"2";"3";"Dépendance";"nan";"0.0";"None";"None";"None";"None";"nan";"7.23374";"43.686751";"000NE"
"2025-56589";"2025-11-21";"1";"Vente";"337000.0";"211.0";"None";"PROM DES ANGLAIS";"0240";"06200";"06088";"Nice";"06";"None";"None";"06088000NE0174";"None";"None";"23";"nan";"27";"56.35";"None";"nan";"None";"nan";"None";"None";"2";"2";"Appartement";"51.0";"2.0";"None";"None";"None";"None";"nan";"7.236957";"43.686233";"000NE"
"2025-56037";"2025-11-17";"1";"Vente";"109000.0";"117.0";"None";"AV DE LA CALIFORNIE";"1045";"06200";"06088";"Nice";"06";"None";"None";"06088000NE0366";"None";"None";"129";"nan";"None";"nan";"None";"nan";"None";"nan";"None";"None";"1";"2";"Appartement";"28.0";"1.0";"None";"None";"None";"None";"nan";"7.237375";"43.686682";"000NE"
"2025-55712";"2025-11-07";"1";"Vente";"340000.0";"189.0";"None";"PROM DES ANGLAIS";"0240";"06200";"06088";"Nice";"06";"None";"None";"06088000NE0360";"None";"None";"60";"35.18";"None";"nan";"None";"nan";"None";"nan";"None";"None";"1";"2";"Appartement";"41.0";"1.0";"None";"None";"None";"None";"nan";"7.238141";"43.687306";"000NE"
"2025-55712";"2025-11-07";"1";"Vente";"340000.0";"101.0";"None";"AV DE LA CALIFORNIE";"1045";"06200";"06088";"Nice";"06";"None";"None";"06088000NE0360";"None";"None";"10";"nan";"None";"nan";"None";"nan";"None";"nan";"None";"None";"1";"3";"Dépendance";"nan";"0.0";"None";"None";"None";"None";"nan";"7.238141";"43.687306";"000NE"
"2025-55712";"2025-11-07";"1";"Vente";"340000.0";"101.0";"None";"AV DE LA CALIFORNIE";"1045";"06200";"06088";"Nice";"06";"None";"None";"06088000NE0360";"None";"None";"12";"nan";"None";"nan";"None";"nan";"None";"nan";"None";"None";"1";"3";"Dépendance";"nan";"0.0";"None";"None";"None";"None";"nan";"7.238141";"43.687306";"000NE"
"2025-55186";"2025-11-06";"1";"Vente";"32000.0";"126.0";"None";"AV DE LA CALIFORNIE";"1045";"06200";"06088";"Nice";"06";"None";"None";"06088000NE0188";"None";"None";"11";"nan";"None";"nan";"None";"nan";"None";"nan";"None";"None";"1";"3";"Dépendance";"nan";"0.0";"None";"None";"None";"None";"nan";"7.235598";"43.686043";"000NE"
"2025-56080";"2025-11-03";"1";"Vente";"120000.0";"3.0";"None";"AV DU PETIT FABRON";"4975";"06200";"06088";"Nice";"06";"None";"None";"06088000NE0295";"None";"None";"105";"nan";"120";"nan";"90";"nan";"None";"nan";"None";"None";"3";"2";"Appartement";"53.0";"3.0";"None";"None";"None";"None";"nan";"7.237607";"43.688688";"000NE"
"2025-56080";"2025-11-03";"1";"Vente";"120000.0";"3.0";"None";"AV DU PETIT FABRON";"4975";"06200";"06088";"Nice";"06";"None";"None";"06088000NE0295";"None";"None";"105";"nan";"120";"nan";"90";"nan";"None";"nan";"None";"None";"3";"3";"Dépendance";"nan";"0.0";"None";"None";"None";"None";"nan";"7.237607";"43.688688";"000NE"
"2025-56080";"2025-11-03";"1";"Vente";"120000.0";"3.0";"None";"AV DU PETIT FABRON";"4975";"06200";"06088";"Nice";"06";"None";"None";"06088000NE0295";"None";"None";"105";"nan";"120";"nan";"90";"nan";"None";"nan";"None";"None";"3";"3";"Dépendance";"nan";"0.0";"None";"None";"None";"None";"nan";"7.237607";"43.688688";"000NE"
"2025-55867";"2025-10-31";"1";"Vente";"207000.0";"76.0";"None";"AV DE LA CALIFORNIE";"1045";"06200";"06088";"Nice";"06";"None";"None";"06088000NE0127";"None";"None";"49";"nan";"78";"49.47";"None";"nan";"None";"nan";"None";"None";"2";"2";"Appartement";"49.0";"2.0";"None";"None";"None";"None";"nan";"7.239138";"43.6887";"000NE"
"2025-55096";"2025-10-28";"1";"Vente";"152300.0";"3.0";"None";"AV DU PETIT FABRON";"4975";"06200";"06088";"Nice";"06";"None";"None";"06088000NE0295";"None";"None";"108";"nan";"123";"54.37";"93";"nan";"None";"nan";"None";"None";"3";"2";"Appartement";"53.0";"3.0";"None";"None";"None";"None";"nan";"7.237607";"43.688688";"000NE"
"2025-55096";"2025-10-28";"1";"Vente";"152300.0";"3.0";"None";"AV DU PETIT FABRON";"4975";"06200";"06088";"Nice";"06";"None";"None";"06088000NE0295";"None";"None";"108";"nan";"123";"54.37";"93";"nan";"None";"nan";"None";"None";"3";"3";"Dépendance";"nan";"0.0";"None";"None";"None";"None";"nan";"7.237607";"43.688688";"000NE"
"2025-55096";"2025-10-28";"1";"Vente";"152300.0";"3.0";"None";"AV DU PETIT FABRON";"4975";"06200";"06088";"Nice";"06";"None";"None";"06088000NE0295";"None";"None";"108";"nan";"123";"54.37";"93";"nan";"None";"nan";"None";"None";"3";"3";"Dépendance";"nan";"0.0";"None";"None";"None";"None";"nan";"7.237607";"43.688688";"000NE"
"2025-55032";"2025-10-27";"1";"Vente";"154845.0";"93.0";"None";"AV DE LA CALIFORNIE";"1045";"06200";"06088";"Nice";"06";"None";"None";"06088000NE0155";"None";"None";"31";"27.75";"None";"nan";"None";"nan";"None";"nan";"None";"None";"1";"2";"Appartement";"28.0";"1.0";"None";"None";"None";"None";"nan";"7.238691";"43.687678";"000NE"
"2025-54411";"2025-10-16";"1";"Vente";"189400.0";"126.0";"None";"AV DE LA CALIFORNIE";"1045";"06200";"06088";"Nice";"06";"None";"None";"06088000NE0188";"None";"None";"207";"29.2";"None";"nan";"None";"nan";"None";"nan";"None";"None";"1";"2";"Appartement";"34.0";"1.0";"None";"None";"None";"None";"nan";"7.235598";"43.686043";"000NE"
"2025-54989";"2025-10-14";"1";"Vente";"447115.0";"187.0";"B";"PROM DES ANGLAIS";"0240";"06200";"06088";"Nice";"06";"None";"None";"06088000NE0158";"None";"None";"22";"61.33";"7";"nan";"None";"nan";"None";"nan";"None";"None";"2";"2";"Appartement";"67.0";"3.0";"None";"None";"None";"None";"nan";"7.2384";"43.68732";"000NE"
"2025-54989";"2025-10-14";"1";"Vente";"447115.0";"187.0";"B";"PROM DES ANGLAIS";"0240";"06200";"06088";"Nice";"06";"None";"None";"06088000NE0158";"None";"None";"22";"61.33";"7";"nan";"None";"nan";"None";"nan";"None";"None";"2";"3";"Dépendance";"nan";"0.0";"None";"None";"None";"None";"nan";"7.2384";"43.68732";"000NE"
"2025-54989";"2025-10-14";"1";"Vente";"447115.0";"101.0";"None";"AV DE LA CALIFORNIE";"1045";"06200";"06088";"Nice";"06";"None";"None";"06088000NE0360";"None";"None";"34";"nan";"None";"nan";"None";"nan";"None";"nan";"None";"None";"1";"4";"Local industriel. commercial ou assimilé";"12.0";"0.0";"None";"None";"None";"None";"nan";"7.238141";"43.687306";"000NE"
"2025-54425";"2025-10-13";"1";"Vente";"365000.0";"167.0";"None";"PROM DES ANGLAIS";"0240";"06200";"06088";"Nice";"06";"None";"None";"06088000NE0146";"None";"None";"10";"nan";"57";"61.67";"None";"nan";"None";"nan";"None";"None";"2";"2";"Appartement";"70.0";"3.0";"None";"None";"None";"None";"nan";"7.24015";"43.68847";"000NE"
"2025-54691";"2025-10-10";"1";"Vente";"600000.0";"177.0";"None";"PROM DES ANGLAIS";"0240";"06200";"06088";"Nice";"06";"None";"None";"06088000NE0151";"None";"None";"17";"nan";"None";"nan";"None";"nan";"None";"nan";"None";"None";"1";"2";"Appartement";"70.0";"2.0";"None";"None";"None";"None";"nan";"7.239439";"43.688007";"000NE"
"2025-54691";"2025-10-10";"1";"Vente";"600000.0";"177.0";"None";"PROM DES ANGLAIS";"0240";"06200";"06088";"Nice";"06";"None";"None";"06088000NE0151";"None";"None";"17";"nan";"None";"nan";"None";"nan";"None";"nan";"None";"None";"1";"3";"Dépendance";"nan";"0.0";"None";"None";"None";"None";"nan";"7.239439";"43.688007";"000NE"
"2025-54131";"2025-10-08";"1";"Vente";"295000.0";"126.0";"None";"AV DE LA CALIFORNIE";"1045";"06200";"06088";"Nice";"06";"None";"None";"06088000NE0188";"None";"None";"176";"65.4";"78";"nan";"None";"nan";"None";"nan";"None";"None";"2";"2";"Appartement";"76.0";"3.0";"None";"None";"None";"None";"nan";"7.235598";"43.686043";"000NE"
"2025-54131";"2025-10-08";"1";"Vente";"295000.0";"126.0";"None";"AV DE LA CALIFORNIE";"1045";"06200";"06088";"Nice";"06";"None";"None";"06088000NE0188";"None";"None";"176";"65.4";"78";"nan";"None";"nan";"None";"nan";"None";"None";"2";"3";"Dépendance";"nan";"0.0";"None";"None";"None";"None";"nan";"7.235598";"43.686043";"000NE"
"2025-54131";"2025-10-08";"1";"Vente";"295000.0";"126.0";"None";"AV DE LA CALIFORNIE";"1045";"06200";"06088";"Nice";"06";"None";"None";"06088000NE0188";"None";"None";"133";"nan";"None";"nan";"None";"nan";"None";"nan";"None";"None";"1";"3";"Dépendance";"nan";"0.0";"None";"None";"None";"None";"nan";"7.235598";"43.686043";"000NE"
"2025-53685";"2025-09-26";"1";"Vente";"205000.0";"167.0";"None";"PROM DES ANGLAIS";"0240";"06200";"06088";"Nice";"06";"None";"None";"06088000NE0146";"None";"None";"20";"85.65";"61";"nan";"None";"nan";"None";"nan";"None";"None";"2";"2";"Appartement";"87.0";"3.0";"None";"None";"None";"None";"nan";"7.24015";"43.68847";"000NE"
"2025-53815";"2025-09-26";"1";"Vente";"71000.0";"13.0";"None";"AV DU PETIT FABRON";"4975";"06200";"06088";"Nice";"06";"None";"None";"06088000NE0299";"None";"None";"30";"nan";"71";"14.51";"None";"nan";"None";"nan";"None";"None";"2";"2";"Appartement";"14.0";"1.0";"None";"None";"None";"None";"nan";"7.238694";"43.689249";"000NE"
"2025-53685";"2025-09-26";"1";"Vente";"205000.0";"167.0";"None";"PROM DES ANGLAIS";"0240";"06200";"06088";"Nice";"06";"None";"None";"06088000NE0146";"None";"None";"20";"85.65";"61";"nan";"None";"nan";"None";"nan";"None";"None";"2";"3";"Dépendance";"nan";"0.0";"None";"None";"None";"None";"nan";"7.24015";"43.68847";"000NE"
"2025-53815";"2025-09-26";"1";"Vente";"71000.0";"13.0";"None";"AV DU PETIT FABRON";"4975";"06200";"06088";"Nice";"06";"None";"None";"06088000NE0299";"None";"None";"30";"nan";"71";"14.51";"None";"nan";"None";"nan";"None";"None";"2";"3";"Dépendance";"nan";"0.0";"None";"None";"None";"None";"nan";"7.238694";"43.689249";"000NE"
"2025-53344";"2025-09-22";"1";"Vente";"253600.0";"72.0";"None";"AV DE LA CALIFORNIE";"1045";"06200";"06088";"Nice";"06";"None";"None";"06088000NE0130";"None";"None";"13";"42.39";"48";"nan";"None";"nan";"None";"nan";"None";"None";"2";"2";"Appartement";"47.0";"2.0";"None";"None";"None";"None";"nan";"7.23946";"43.688889";"000NE"
"2025-53344";"2025-09-22";"1";"Vente";"253600.0";"72.0";"None";"AV DE LA CALIFORNIE";"1045";"06200";"06088";"Nice";"06";"None";"None";"06088000NE0130";"None";"None";"13";"42.39";"48";"nan";"None";"nan";"None";"nan";"None";"None";"2";"3";"Dépendance";"nan";"0.0";"None";"None";"None";"None";"nan";"7.23946";"43.688889";"000NE"
"2025-52978";"2025-09-19";"1";"Vente";"177500.0";"126.0";"None";"AV DE LA CALIFORNIE";"1045";"06200";"06088";"Nice";"06";"None";"None";"06088000NE0188";"None";"None";"207";"29.2";"None";"nan";"None";"nan";"None";"nan";"None";"None";"1";"2";"Appartement";"34.0";"1.0";"None";"None";"None";"None";"nan";"7.235598";"43.686043";"000NE"
"2025-53568";"2025-09-18";"1";"Vente";"150000.0";"21.0";"None";"AV DE FABRON";"2370";"06200";"06088";"Nice";"06";"None";"None";"06088000NE0312";"None";"None";"126";"nan";"182";"nan";"None";"nan";"None";"nan";"None";"None";"2";"2";"Appartement";"30.0";"1.0";"None";"None";"None";"None";"nan";"7.23374";"43.686751";"000NE"
"2025-54093";"2025-09-18";"1";"Vente";"267450.0";"163.0";"None";"PROM DES ANGLAIS";"0240";"06200";"06088";"Nice";"06";"None";"None";"06088000NE0144";"None";"None";"1";"nan";"15";"34.81";"None";"nan";"None";"nan";"None";"None";"2";"2";"Appartement";"36.0";"2.0";"None";"None";"None";"None";"nan";"7.240483";"43.688571";"000NE"
"2025-53568";"2025-09-18";"1";"Vente";"150000.0";"21.0";"None";"AV DE FABRON";"2370";"06200";"06088";"Nice";"06";"None";"None";"06088000NE0312";"None";"None";"126";"nan";"182";"nan";"None";"nan";"None";"nan";"None";"None";"2";"3";"Dépendance";"nan";"0.0";"None";"None";"None";"None";"nan";"7.23374";"43.686751";"000NE"
"2025-54093";"2025-09-18";"1";"Vente";"267450.0";"163.0";"None";"PROM DES ANGLAIS";"0240";"06200";"06088";"Nice";"06";"None";"None";"06088000NE0144";"None";"None";"1";"nan";"15";"34.81";"None";"nan";"None";"nan";"None";"None";"2";"3";"Dépendance";"nan";"0.0";"None";"None";"None";"None";"nan";"7.240483";"43.688571";"000NE"
"2025-53383";"2025-09-16";"1";"Vente";"168000.0";"101.0";"None";"AV DE LA CALIFORNIE";"1045";"06200";"06088";"Nice";"06";"None";"None";"06088000NE0360";"None";"None";"55";"nan";"None";"nan";"None";"nan";"None";"nan";"None";"None";"1";"2";"Appartement";"43.0";"2.0";"None";"None";"None";"None";"nan";"7.238141";"43.687306";"000NE"
"2025-53028";"2025-09-11";"1";"Vente";"99000.0";"76.0";"None";"AV DE LA CALIFORNIE";"1045";"06200";"06088";"Nice";"06";"None";"None";"06088000NE0127";"None";"None";"51";"17.8";"None";"nan";"None";"nan";"None";"nan";"None";"None";"1";"4";"Local industriel. commercial ou assimilé";"20.0";"0.0";"None";"None";"None";"None";"nan";"7.239138";"43.6887";"000NE"
"2025-52632";"2025-09-09";"1";"Vente";"390670.0";"161.0";"None";"PROM DES ANGLAIS";"0240";"06200";"06088";"Nice";"06";"None";"None";"06088000NE0142";"None";"None";"16";"nan";"38";"60.72";"None";"nan";"None";"nan";"None";"None";"2";"2";"Appartement";"70.0";"2.0";"None";"None";"None";"None";"nan";"7.240611";"43.688668";"000NE"
"2025-52632";"2025-09-09";"1";"Vente";"390670.0";"161.0";"None";"PROM DES ANGLAIS";"0240";"06200";"06088";"Nice";"06";"None";"None";"06088000NE0142";"None";"None";"16";"nan";"38";"60.72";"None";"nan";"None";"nan";"None";"None";"2";"3";"Dépendance";"nan";"0.0";"None";"None";"None";"None";"nan";"7.240611";"43.688668";"000NE"
"2025-53888";"2025-09-08";"1";"Vente";"278000.0";"126.0";"None";"AV DE LA CALIFORNIE";"1045";"06200";"06088";"Nice";"06";"None";"None";"06088000NE0188";"None";"None";"155";"52.03";"46";"nan";"None";"nan";"None";"nan";"None";"None";"2";"2";"Appartement";"59.0";"2.0";"None";"None";"None";"None";"nan";"7.235598";"43.686043";"000NE"
"2025-53888";"2025-09-08";"1";"Vente";"278000.0";"126.0";"None";"AV DE LA CALIFORNIE";"1045";"06200";"06088";"Nice";"06";"None";"None";"06088000NE0188";"None";"None";"140";"nan";"None";"nan";"None";"nan";"None";"nan";"None";"None";"1";"3";"Dépendance";"nan";"0.0";"None";"None";"None";"None";"nan";"7.235598";"43.686043";"000NE"
"2025-53109";"2025-09-01";"1";"Vente";"117000.0";"124.0";"None";"AV DE LA CALIFORNIE";"1045";"06200";"06088";"Nice";"06";"None";"None";"06088000NE0266";"None";"None";"276";"24.47";"None";"nan";"None";"nan";"None";"nan";"None";"None";"1";"2";"Appartement";"25.0";"1.0";"None";"None";"None";"None";"nan";"7.235937";"43.686293";"000NE"
"2025-52261";"2025-08-29";"1";"Vente";"392000.0";"179.0";"None";"PROM DES ANGLAIS";"0240";"06200";"06088";"Nice";"06";"None";"None";"06088000NE0152";"None";"None";"110";"nan";"None";"nan";"None";"nan";"None";"nan";"None";"None";"1";"2";"Appartement";"56.0";"2.0";"None";"None";"None";"None";"nan";"7.239213";"43.687844";"000NE"
"2025-52229";"2025-08-29";"1";"Vente";"35500.0";"126.0";"None";"AV DE LA CALIFORNIE";"1045";"06200";"06088";"Nice";"06";"None";"None";"06088000NE0188";"None";"None";"116";"nan";"None";"nan";"None";"nan";"None";"nan";"None";"None";"1";"3";"Dépendance";"nan";"0.0";"None";"None";"None";"None";"nan";"7.235598";"43.686043";"000NE"
"2025-52484";"2025-08-29";"1";"Vente";"29000.0";"126.0";"None";"AV DE LA CALIFORNIE";"1045";"06200";"06088";"Nice";"06";"None";"None";"06088000NE0188";"None";"None";"14";"nan";"None";"nan";"None";"nan";"None";"nan";"None";"None";"1";"3";"Dépendance";"nan";"0.0";"None";"None";"None";"None";"nan";"7.235598";"43.686043";"000NE"
"2025-52347";"2025-08-28";"1";"Vente";"30000.0";"181.0";"None";"PROM DES ANGLAIS";"0240";"06200";"06088";"Nice";"06";"None";"None";"06088000NE0153";"None";"None";"35";"nan";"None";"nan";"None";"nan";"None";"nan";"None";"None";"1";"3";"Dépendance";"nan";"0.0";"None";"None";"None";"None";"nan";"7.238957";"43.687701";"000NE"
"2025-52410";"2025-08-28";"1";"Vente";"75000.0";"179.0";"None";"PROM DES ANGLAIS";"0240";"06200";"06088";"Nice";"06";"None";"None";"06088000NE0152";"None";"None";"115";"23.04";"None";"nan";"None";"nan";"None";"nan";"None";"None";"1";"4";"Local industriel. commercial ou assimilé";"25.0";"0.0";"None";"None";"None";"None";"nan";"7.239213";"43.687844";"000NE"
"2025-52490";"2025-08-27";"1";"Vente";"170000.0";"1.0";"None";"RUE LENVAL";"3595";"06200";"06088";"Nice";"06";"None";"None";"06088000NE0140";"None";"None";"13";"nan";"44";"nan";"None";"nan";"None";"nan";"None";"None";"2";"2";"Appartement";"27.0";"1.0";"None";"None";"None";"None";"nan";"7.240567";"43.688812";"000NE"
"2025-52490";"2025-08-27";"1";"Vente";"170000.0";"1.0";"None";"RUE LENVAL";"3595";"06200";"06088";"Nice";"06";"None";"None";"06088000NE0140";"None";"None";"13";"nan";"44";"nan";"None";"nan";"None";"nan";"None";"None";"2";"3";"Dépendance";"nan";"0.0";"None";"None";"None";"None";"nan";"7.240567";"43.688812";"000NE"
"2025-51851";"2025-08-08";"1";"Vente";"25000.0";"76.0";"None";"AV DE LA CALIFORNIE";"1045";"06200";"06088";"Nice";"06";"None";"None";"06088000NE0127";"None";"None";"26";"nan";"None";"nan";"None";"nan";"None";"nan";"None";"None";"1";"3";"Dépendance";"nan";"0.0";"None";"None";"None";"None";"nan";"7.239138";"43.6887";"000NE"
"2025-52868";"2025-08-01";"1";"Vente";"117000.0";"124.0";"None";"AV DE LA CALIFORNIE";"1045";"06200";"06088";"Nice";"06";"None";"None";"06088000NE0266";"None";"None";"253";"nan";"None";"nan";"None";"nan";"None";"nan";"None";"None";"1";"2";"Appartement";"22.0";"1.0";"None";"None";"None";"None";"nan";"7.235937";"43.686293";"000NE"
"2025-51191";"2025-07-30";"1";"Vente";"34000.0";"64.0";"None";"AV DE LA CALIFORNIE";"1045";"06200";"06088";"Nice";"06";"None";"None";"06088000NE0139";"None";"None";"8";"nan";"None";"nan";"None";"nan";"None";"nan";"None";"None";"1";"3";"Dépendance";"nan";"0.0";"None";"None";"None";"None";"nan";"7.240016";"43.689276";"000NE"
"2025-50940";"2025-07-25";"1";"Vente";"275000.0";"126.0";"None";"AV DE LA CALIFORNIE";"1045";"06200";"06088";"Nice";"06";"None";"None";"06088000NE0188";"None";"None";"164";"51.48";"None";"nan";"None";"nan";"None";"nan";"None";"None";"1";"2";"Appartement";"59.0";"2.0";"None";"None";"None";"None";"nan";"7.235598";"43.686043";"000NE"
"2025-50940";"2025-07-25";"1";"Vente";"275000.0";"126.0";"None";"AV DE LA CALIFORNIE";"1045";"06200";"06088";"Nice";"06";"None";"None";"06088000NE0188";"None";"None";"145";"nan";"None";"nan";"None";"nan";"None";"nan";"None";"None";"1";"3";"Dépendance";"nan";"0.0";"None";"None";"None";"None";"nan";"7.235598";"43.686043";"000NE"
"2025-51108";"2025-07-24";"1";"Vente";"260260.0";"15.0";"B";"AV DU PETIT FABRON";"4975";"06200";"06088";"Nice";"06";"None";"None";"06088000NE0099";"None";"None";"24";"47.59";"3";"nan";"None";"nan";"None";"nan";"None";"None";"2";"2";"Appartement";"47.0";"2.0";"None";"None";"None";"None";"nan";"7.238203";"43.689031";"000NE"
"2025-51108";"2025-07-24";"1";"Vente";"260260.0";"15.0";"B";"AV DU PETIT FABRON";"4975";"06200";"06088";"Nice";"06";"None";"None";"06088000NE0099";"None";"None";"24";"47.59";"3";"nan";"None";"nan";"None";"nan";"None";"None";"2";"3";"Dépendance";"nan";"0.0";"None";"None";"None";"None";"nan";"7.238203";"43.689031";"000NE"
"2025-50131";"2025-07-02";"1";"Vente";"14000.0";"126.0";"None";"AV DE LA CALIFORNIE";"1045";"06200";"06088";"Nice";"06";"None";"None";"06088000NE0188";"None";"None";"131";"nan";"None";"nan";"None";"nan";"None";"nan";"None";"None";"1";"3";"Dépendance";"nan";"0.0";"None";"None";"None";"None";"nan";"7.235598";"43.686043";"000NE"
"2025-49361";"2025-06-30";"1";"Vente";"248000.0";"1.0";"None";"RUE LENVAL";"3595";"06200";"06088";"Nice";"06";"None";"None";"06088000NE0140";"None";"None";"14";"nan";"45";"nan";"None";"nan";"None";"nan";"None";"None";"2";"2";"Appartement";"56.0";"2.0";"None";"None";"None";"None";"nan";"7.240567";"43.688812";"000NE"
"2025-49361";"2025-06-30";"1";"Vente";"248000.0";"1.0";"None";"RUE LENVAL";"3595";"06200";"06088";"Nice";"06";"None";"None";"06088000NE0140";"None";"None";"14";"nan";"45";"nan";"None";"nan";"None";"nan";"None";"None";"2";"3";"Dépendance";"nan";"0.0";"None";"None";"None";"None";"nan";"7.240567";"43.688812";"000NE"
"2025-49356";"2025-06-26";"1";"Vente";"2550000.0";"24.0";"None";"BD DE CAMBRAI";"1055";"06200";"06088";"Nice";"06";"None";"None";"06088000NE0046";"None";"None";"None";"nan";"None";"nan";"None";"nan";"None";"nan";"None";"None";"0";"1";"Maison";"45.0";"2.0";"AG";"terrains d'agrément";"None";"None";"1995.0";"7.236051";"43.690143";"000NE"
"2025-49356";"2025-06-26";"1";"Vente";"2550000.0";"24.0";"None";"BD DE CAMBRAI";"1055";"06200";"06088";"Nice";"06";"None";"None";"06088000NE0046";"None";"None";"None";"nan";"None";"nan";"None";"nan";"None";"nan";"None";"None";"0";"1";"Maison";"231.0";"8.0";"S";"sols";"None";"None";"500.0";"7.236051";"43.690143";"000NE"
"2025-49356";"2025-06-26";"1";"Vente";"2550000.0";"24.0";"None";"BD DE CAMBRAI";"1055";"06200";"06088";"Nice";"06";"None";"None";"06088000NE0046";"None";"None";"None";"nan";"None";"nan";"None";"nan";"None";"nan";"None";"None";"0";"1";"Maison";"231.0";"8.0";"AG";"terrains d'agrément";"None";"None";"1995.0";"7.236051";"43.690143";"000NE"
"2025-49356";"2025-06-26";"1";"Vente";"2550000.0";"24.0";"None";"BD DE CAMBRAI";"1055";"06200";"06088";"Nice";"06";"None";"None";"06088000NE0046";"None";"None";"None";"nan";"None";"nan";"None";"nan";"None";"nan";"None";"None";"0";"1";"Maison";"45.0";"2.0";"S";"sols";"None";"None";"500.0";"7.236051";"43.690143";"000NE"
"2025-49434";"2025-06-26";"1";"Vente";"120000.0";"112.0";"None";"AV DE LA CALIFORNIE";"1045";"06200";"06088";"Nice";"06";"None";"None";"06088000NE0195";"None";"None";"91";"nan";"None";"nan";"None";"nan";"None";"nan";"None";"None";"1";"2";"Appartement";"23.0";"1.0";"None";"None";"None";"None";"nan";"7.23679";"43.686954";"000NE"
"2025-49623";"2025-06-26";"1";"Vente";"97000.0";"126.0";"T";"AV DE LA CALIFORNIE";"1045";"06200";"06088";"Nice";"06";"None";"None";"06088000NE0229";"None";"None";"100";"22.0";"None";"nan";"None";"nan";"None";"nan";"None";"None";"1";"2";"Appartement";"21.0";"1.0";"None";"None";"None";"None";"nan";"7.235318";"43.68585";"000NE"
"2025-49843";"2025-06-25";"1";"Vente";"43000.0";"126.0";"None";"AV DE LA CALIFORNIE";"1045";"06200";"06088";"Nice";"06";"None";"None";"06088000NE0188";"None";"None";"19";"nan";"None";"nan";"None";"nan";"None";"nan";"None";"None";"1";"3";"Dépendance";"nan";"0.0";"None";"None";"None";"None";"nan";"7.235598";"43.686043";"000NE"
"2025-49290";"2025-06-17";"1";"Vente";"295000.0";"2.0";"None";"AV LE MESNIL";"4185";"06200";"06088";"Nice";"06";"None";"None";"06088000NE0007";"None";"None";"62";"nan";"69";"57.49";"None";"nan";"None";"nan";"None";"None";"2";"2";"Appartement";"63.0";"2.0";"None";"None";"None";"None";"nan";"7.234741";"43.688643";"000NE"
"2025-49290";"2025-06-17";"1";"Vente";"295000.0";"2.0";"None";"AV LE MESNIL";"4185";"06200";"06088";"Nice";"06";"None";"None";"06088000NE0007";"None";"None";"12";"nan";"None";"nan";"None";"nan";"None";"nan";"None";"None";"1";"3";"Dépendance";"nan";"0.0";"None";"None";"None";"None";"nan";"7.234741";"43.688643";"000NE"
"2025-48767";"2025-06-16";"1";"Vente";"135000.0";"126.0";"None";"AV DE LA CALIFORNIE";"1045";"06200";"06088";"Nice";"06";"None";"None";"06088000NE0188";"None";"None";"119";"21.86";"None";"nan";"None";"nan";"None";"nan";"None";"None";"1";"4";"Local industriel. commercial ou assimilé";"20.0";"0.0";"None";"None";"None";"None";"nan";"7.235598";"43.686043";"000NE"
"2025-49043";"2025-06-13";"1";"Vente";"80000.0";"3.0";"None";"AV DU PETIT FABRON";"4975";"06200";"06088";"Nice";"06";"None";"None";"06088000NE0295";"None";"None";"132";"nan";"147";"nan";"162";"39.54";"None";"nan";"None";"None";"3";"2";"Appartement";"40.0";"2.0";"None";"None";"None";"None";"nan";"7.237607";"43.688688";"000NE"
"2025-49043";"2025-06-13";"1";"Vente";"80000.0";"3.0";"None";"AV DU PETIT FABRON";"4975";"06200";"06088";"Nice";"06";"None";"None";"06088000NE0295";"None";"None";"132";"nan";"147";"nan";"162";"39.54";"None";"nan";"None";"None";"3";"3";"Dépendance";"nan";"0.0";"None";"None";"None";"None";"nan";"7.237607";"43.688688";"000NE"
"2025-49043";"2025-06-13";"1";"Vente";"80000.0";"3.0";"None";"AV DU PETIT FABRON";"4975";"06200";"06088";"Nice";"06";"None";"None";"06088000NE0295";"None";"None";"132";"nan";"147";"nan";"162";"39.54";"None";"nan";"None";"None";"3";"3";"Dépendance";"nan";"0.0";"None";"None";"None";"None";"nan";"7.237607";"43.688688";"000NE"
"2025-48477";"2025-06-12";"1";"Vente";"587000.0";"2.0";"None";"AV PADERI";"4625";"06200";"06088";"Nice";"06";"None";"None";"06088000NE0025";"None";"None";"2";"40.25";"None";"nan";"None";"nan";"None";"nan";"None";"None";"1";"2";"Appartement";"40.0";"2.0";"None";"None";"None";"None";"nan";"7.234936";"43.689502";"000NE"
"2025-48477";"2025-06-12";"1";"Vente";"587000.0";"2.0";"None";"AV PADERI";"4625";"06200";"06088";"Nice";"06";"None";"None";"06088000NE0025";"None";"None";"1";"37.94";"None";"nan";"None";"nan";"None";"nan";"None";"None";"1";"2";"Appartement";"37.0";"2.0";"None";"None";"None";"None";"nan";"7.234936";"43.689502";"000NE"
"2025-48915";"2025-06-12";"1";"Vente";"32500.0";"101.0";"None";"AV DE LA CALIFORNIE";"1045";"06200";"06088";"Nice";"06";"None";"None";"06088000NE0360";"None";"None";"9";"nan";"None";"nan";"None";"nan";"None";"nan";"None";"None";"1";"3";"Dépendance";"nan";"0.0";"None";"None";"None";"None";"nan";"7.238141";"43.687306";"000NE"
"2025-49035";"2025-06-11";"1";"Vente";"475000.0";"219.0";"None";"PROM DES ANGLAIS";"0240";"06200";"06088";"Nice";"06";"None";"None";"06088000NE0185";"None";"None";"60B";"nan";"69B";"61.01";"86B";"nan";"None";"nan";"None";"None";"3";"2";"Appartement";"80.0";"3.0";"None";"None";"None";"None";"nan";"7.23596";"43.685549";"000NE"
"2025-49658";"2025-06-11";"1";"Vente";"81000.0";"13.0";"None";"AV DU PETIT FABRON";"4975";"06200";"06088";"Nice";"06";"None";"None";"06088000NE0299";"None";"None";"85";"10.74";"None";"nan";"None";"nan";"None";"nan";"None";"None";"1";"2";"Appartement";"12.0";"1.0";"None";"None";"None";"None";"nan";"7.238694";"43.689249";"000NE"
"2025-49517";"2025-06-10";"1";"Vente";"98390.0";"179.0";"None";"PROM DES ANGLAIS";"0240";"06200";"06088";"Nice";"06";"None";"None";"06088000NE0152";"None";"None";"153";"nan";"None";"nan";"None";"nan";"None";"nan";"None";"None";"1";"4";"Local industriel. commercial ou assimilé";"32.0";"0.0";"None";"None";"None";"None";"nan";"7.239213";"43.687844";"000NE"
"2025-53129";"2025-06-05";"1";"Adjudication";"906000.0";"185.0";"None";"PROM DES ANGLAIS";"0240";"06200";"06088";"Nice";"06";"None";"None";"06088000NE0375";"None";"None";"222";"nan";"305";"nan";"None";"nan";"None";"nan";"None";"None";"2";"2";"Appartement";"28.0";"1.0";"None";"None";"None";"None";"nan";"7.238539";"43.687479";"000NE"
"2025-53129";"2025-06-05";"1";"Adjudication";"906000.0";"185.0";"None";"PROM DES ANGLAIS";"0240";"06200";"06088";"Nice";"06";"None";"None";"06088000NE0375";"None";"None";"223";"nan";"306";"nan";"None";"nan";"None";"nan";"None";"None";"2";"2";"Appartement";"90.0";"4.0";"None";"None";"None";"None";"nan";"7.238539";"43.687479";"000NE"
"2025-53129";"2025-06-05";"1";"Adjudication";"906000.0";"95.0";"None";"AV DE LA CALIFORNIE";"1045";"06200";"06088";"Nice";"06";"None";"None";"06088000NE0375";"None";"None";"239";"nan";"None";"nan";"None";"nan";"None";"nan";"None";"None";"1";"3";"Dépendance";"nan";"0.0";"None";"None";"None";"None";"nan";"7.238539";"43.687479";"000NE"
"2025-53129";"2025-06-05";"1";"Adjudication";"906000.0";"95.0";"None";"AV DE LA CALIFORNIE";"1045";"06200";"06088";"Nice";"06";"None";"None";"06088000NE0375";"None";"None";"277";"nan";"None";"nan";"None";"nan";"None";"nan";"None";"None";"1";"3";"Dépendance";"nan";"0.0";"None";"None";"None";"None";"nan";"7.238539";"43.687479";"000NE"
"2025-53129";"2025-06-05";"1";"Adjudication";"906000.0";"185.0";"None";"PROM DES ANGLAIS";"0240";"06200";"06088";"Nice";"06";"None";"None";"06088000NE0375";"None";"None";"223";"nan";"306";"nan";"None";"nan";"None";"nan";"None";"None";"2";"3";"Dépendance";"nan";"0.0";"None";"None";"None";"None";"nan";"7.238539";"43.687479";"000NE"
"2025-53129";"2025-06-05";"1";"Adjudication";"906000.0";"185.0";"None";"PROM DES ANGLAIS";"0240";"06200";"06088";"Nice";"06";"None";"None";"06088000NE0375";"None";"None";"222";"nan";"305";"nan";"None";"nan";"None";"nan";"None";"None";"2";"3";"Dépendance";"nan";"0.0";"None";"None";"None";"None";"nan";"7.238539";"43.687479";"000NE"
"2025-48488";"2025-06-05";"1";"Vente";"137900.0";"179.0";"None";"PROM DES ANGLAIS";"0240";"06200";"06088";"Nice";"06";"None";"None";"06088000NE0152";"None";"None";"108";"nan";"None";"nan";"None";"nan";"None";"nan";"None";"None";"1";"4";"Local industriel. commercial ou assimilé";"50.0";"0.0";"None";"None";"None";"None";"nan";"7.239213";"43.687844";"000NE"
"2025-48693";"2025-06-04";"1";"Vente";"520170.0";"2.0";"None";"AV LE MESNIL";"4185";"06200";"06088";"Nice";"06";"None";"None";"06088000NE0007";"None";"None";"60";"nan";"78";"94.88";"None";"nan";"None";"nan";"None";"None";"2";"2";"Appartement";"102.0";"4.0";"None";"None";"None";"None";"nan";"7.234741";"43.688643";"000NE"
"2025-48693";"2025-06-04";"1";"Vente";"520170.0";"2.0";"None";"AV LE MESNIL";"4185";"06200";"06088";"Nice";"06";"None";"None";"06088000NE0007";"None";"None";"60";"nan";"78";"94.88";"None";"nan";"None";"nan";"None";"None";"2";"3";"Dépendance";"nan";"0.0";"None";"None";"None";"None";"nan";"7.234741";"43.688643";"000NE"
"2025-48693";"2025-06-04";"1";"Vente";"520170.0";"2.0";"None";"AV LE MESNIL";"4185";"06200";"06088";"Nice";"06";"None";"None";"06088000NE0007";"None";"None";"25";"nan";"None";"nan";"None";"nan";"None";"nan";"None";"None";"1";"3";"Dépendance";"nan";"0.0";"None";"None";"None";"None";"nan";"7.234741";"43.688643";"000NE"
"2025-48693";"2025-06-04";"1";"Vente";"520170.0";"2.0";"None";"AV LE MESNIL";"4185";"06200";"06088";"Nice";"06";"None";"None";"06088000NE0007";"None";"None";"24";"nan";"None";"nan";"None";"nan";"None";"nan";"None";"None";"1";"3";"Dépendance";"nan";"0.0";"None";"None";"None";"None";"nan";"7.234741";"43.688643";"000NE"
"2025-49796";"2025-05-23";"1";"Vente";"290000.0";"120.0";"None";"AV DE LA CALIFORNIE";"1045";"06200";"06088";"Nice";"06";"None";"None";"06088000NE0227";"None";"None";"21";"nan";"28";"nan";"None";"nan";"None";"nan";"None";"None";"2";"2";"Appartement";"24.0";"1.0";"None";"None";"None";"None";"nan";"7.23629";"43.686552";"000NE"
"2025-49796";"2025-05-23";"2";"Vente";"290000.0";"120.0";"None";"AV DE LA CALIFORNIE";"1045";"06200";"06088";"Nice";"06";"None";"None";"06088000NE0227";"None";"None";"21";"nan";"28";"nan";"None";"nan";"None";"nan";"None";"None";"2";"2";"Appartement";"24.0";"1.0";"None";"None";"None";"None";"nan";"7.23629";"43.686552";"000NE"
"2025-49796";"2025-05-23";"1";"Vente";"290000.0";"120.0";"None";"AV DE LA CALIFORNIE";"1045";"06200";"06088";"Nice";"06";"None";"None";"06088000NE0227";"None";"None";"27";"nan";"None";"nan";"None";"nan";"None";"nan";"None";"None";"1";"3";"Dépendance";"nan";"0.0";"None";"None";"None";"None";"nan";"7.23629";"43.686552";"000NE"
"2025-49796";"2025-05-23";"1";"Vente";"290000.0";"120.0";"None";"AV DE LA CALIFORNIE";"1045";"06200";"06088";"Nice";"06";"None";"None";"06088000NE0227";"None";"None";"21";"nan";"28";"nan";"None";"nan";"None";"nan";"None";"None";"2";"3";"Dépendance";"nan";"0.0";"None";"None";"None";"None";"nan";"7.23629";"43.686552";"000NE"
"2025-49796";"2025-05-23";"2";"Vente";"290000.0";"120.0";"None";"AV DE LA CALIFORNIE";"1045";"06200";"06088";"Nice";"06";"None";"None";"06088000NE0227";"None";"None";"21";"nan";"28";"nan";"None";"nan";"None";"nan";"None";"None";"2";"3";"Dépendance";"nan";"0.0";"None";"None";"None";"None";"nan";"7.23629";"43.686552";"000NE"
"2025-49796";"2025-05-23";"2";"Vente";"290000.0";"120.0";"None";"AV DE LA CALIFORNIE";"1045";"06200";"06088";"Nice";"06";"None";"None";"06088000NE0227";"None";"None";"27";"nan";"None";"nan";"None";"nan";"None";"nan";"None";"None";"1";"3";"Dépendance";"nan";"0.0";"None";"None";"None";"None";"nan";"7.23629";"43.686552";"000NE"
"2025-49796";"2025-05-23";"1";"Vente";"290000.0";"120.0";"None";"AV DE LA CALIFORNIE";"1045";"06200";"06088";"Nice";"06";"None";"None";"06088000NE0227";"None";"None";"29";"nan";"None";"nan";"None";"nan";"None";"nan";"None";"None";"1";"4";"Local industriel. commercial ou assimilé";"100.0";"0.0";"None";"None";"None";"None";"nan";"7.23629";"43.686552";"000NE"
"2025-49796";"2025-05-23";"2";"Vente";"290000.0";"120.0";"None";"AV DE LA CALIFORNIE";"1045";"06200";"06088";"Nice";"06";"None";"None";"06088000NE0227";"None";"None";"29";"nan";"None";"nan";"None";"nan";"None";"nan";"None";"None";"1";"4";"Local industriel. commercial ou assimilé";"100.0";"0.0";"None";"None";"None";"None";"nan";"7.23629";"43.686552";"000NE"
"2025-47747";"2025-05-20";"1";"Vente";"4500.0";"15.0";"B";"AV DU PETIT FABRON";"4975";"06200";"06088";"Nice";"06";"None";"None";"06088000NE0099";"None";"None";"11";"nan";"None";"nan";"None";"nan";"None";"nan";"None";"None";"1";"3";"Dépendance";"nan";"0.0";"None";"None";"None";"None";"nan";"7.238203";"43.689031";"000NE"
"2025-47891";"2025-05-19";"1";"Vente";"49000.0";"112.0";"None";"AV DE LA CALIFORNIE";"1045";"06200";"06088";"Nice";"06";"None";"None";"06088000NE0195";"None";"None";"21";"nan";"None";"nan";"None";"nan";"None";"nan";"None";"None";"1";"3";"Dépendance";"nan";"0.0";"None";"None";"None";"None";"nan";"7.23679";"43.686954";"000NE"
"2025-47891";"2025-05-19";"1";"Vente";"49000.0";"112.0";"None";"AV DE LA CALIFORNIE";"1045";"06200";"06088";"Nice";"06";"None";"None";"06088000NE0195";"None";"None";"22";"nan";"None";"nan";"None";"nan";"None";"nan";"None";"None";"1";"3";"Dépendance";"nan";"0.0";"None";"None";"None";"None";"nan";"7.23679";"43.686954";"000NE"
"2025-47733";"2025-05-16";"1";"Vente";"584000.0";"2.0";"None";"AV LE MESNIL";"4185";"06200";"06088";"Nice";"06";"None";"None";"06088000NE0007";"None";"None";"44";"nan";"86";"75.49";"None";"nan";"None";"nan";"None";"None";"2";"2";"Appartement";"83.0";"3.0";"None";"None";"None";"None";"nan";"7.234741";"43.688643";"000NE"
"2025-47733";"2025-05-16";"1";"Vente";"584000.0";"2.0";"None";"AV LE MESNIL";"4185";"06200";"06088";"Nice";"06";"None";"None";"06088000NE0007";"None";"None";"27";"nan";"None";"nan";"None";"nan";"None";"nan";"None";"None";"1";"3";"Dépendance";"nan";"0.0";"None";"None";"None";"None";"nan";"7.234741";"43.688643";"000NE"
"2025-47733";"2025-05-16";"1";"Vente";"584000.0";"2.0";"None";"AV LE MESNIL";"4185";"06200";"06088";"Nice";"06";"None";"None";"06088000NE0007";"None";"None";"44";"nan";"86";"75.49";"None";"nan";"None";"nan";"None";"None";"2";"3";"Dépendance";"nan";"0.0";"None";"None";"None";"None";"nan";"7.234741";"43.688643";"000NE"
"2025-48036";"2025-05-13";"1";"Vente";"35000.0";"93.0";"None";"AV DE LA CALIFORNIE";"1045";"06200";"06088";"Nice";"06";"None";"None";"06088000NE0155";"None";"None";"4";"nan";"None";"nan";"None";"nan";"None";"nan";"None";"None";"1";"3";"Dépendance";"nan";"0.0";"None";"None";"None";"None";"nan";"7.238691";"43.687678";"000NE"
"2025-47257";"2025-05-12";"1";"Vente";"272190.0";"179.0";"None";"PROM DES ANGLAIS";"0240";"06200";"06088";"Nice";"06";"None";"None";"06088000NE0152";"None";"None";"179";"nan";"None";"nan";"None";"nan";"None";"nan";"None";"None";"1";"4";"Local industriel. commercial ou assimilé";"45.0";"0.0";"None";"None";"None";"None";"nan";"7.239213";"43.687844";"000NE"
"2025-47321";"2025-05-05";"1";"Vente";"600000.0";"1.0";"None";"IMP ANAHIT";"0186";"06200";"06088";"Nice";"06";"None";"None";"06088000NE0293";"None";"None";"34";"nan";"37";"nan";"None";"nan";"None";"nan";"None";"None";"2";"2";"Appartement";"140.0";"5.0";"None";"None";"None";"None";"nan";"7.237192";"43.688459";"000NE"
"2025-47321";"2025-05-05";"1";"Vente";"600000.0";"1.0";"None";"IMP ANAHIT";"0186";"06200";"06088";"Nice";"06";"None";"None";"06088000NE0293";"None";"None";"34";"nan";"37";"nan";"None";"nan";"None";"nan";"None";"None";"2";"3";"Dépendance";"nan";"0.0";"None";"None";"None";"None";"nan";"7.237192";"43.688459";"000NE"
"2025-47339";"2025-04-30";"1";"Vente";"129000.0";"74.0";"None";"AV DE LA CALIFORNIE";"1045";"06200";"06088";"Nice";"06";"None";"None";"06088000NE0235";"None";"None";"17";"nan";"None";"nan";"None";"nan";"None";"nan";"None";"None";"1";"2";"Appartement";"35.0";"1.0";"None";"None";"None";"None";"nan";"7.239399";"43.688655";"000NE"
"2025-46455";"2025-04-25";"1";"Vente";"445700.0";"183.0";"None";"PROM DES ANGLAIS";"0240";"06200";"06088";"Nice";"06";"None";"None";"06088000NE0154";"None";"None";"16";"60.33";"2";"nan";"None";"nan";"None";"nan";"None";"None";"2";"2";"Appartement";"65.0";"2.0";"None";"None";"None";"None";"nan";"7.238788";"43.687577";"000NE"
"2025-46455";"2025-04-25";"1";"Vente";"445700.0";"183.0";"None";"PROM DES ANGLAIS";"0240";"06200";"06088";"Nice";"06";"None";"None";"06088000NE0154";"None";"None";"16";"60.33";"2";"nan";"None";"nan";"None";"nan";"None";"None";"2";"3";"Dépendance";"nan";"0.0";"None";"None";"None";"None";"nan";"7.238788";"43.687577";"000NE"
"2025-46762";"2025-04-25";"1";"Vente";"23000.0";"112.0";"None";"AV DE LA CALIFORNIE";"1045";"06200";"06088";"Nice";"06";"None";"None";"06088000NE0195";"None";"None";"17";"nan";"None";"nan";"None";"nan";"None";"nan";"None";"None";"1";"3";"Dépendance";"nan";"0.0";"None";"None";"None";"None";"nan";"7.23679";"43.686954";"000NE"
"2025-47473";"2025-04-25";"1";"Vente";"64000.0";"187.0";"B";"PROM DES ANGLAIS";"0240";"06200";"06088";"Nice";"06";"None";"None";"06088000NE0158";"None";"None";"17";"11.62";"None";"nan";"None";"nan";"None";"nan";"None";"None";"1";"3";"Dépendance";"nan";"0.0";"None";"None";"None";"None";"nan";"7.2384";"43.68732";"000NE"
"2025-46307";"2025-04-16";"1";"Vente";"110000.0";"126.0";"T";"AV DE LA CALIFORNIE";"1045";"06200";"06088";"Nice";"06";"None";"None";"06088000NE0229";"None";"None";"108";"22.37";"None";"nan";"None";"nan";"None";"nan";"None";"None";"1";"2";"Appartement";"21.0";"1.0";"None";"None";"None";"None";"nan";"7.235318";"43.68585";"000NE"
"2025-45898";"2025-04-11";"1";"Vente";"349000.0";"117.0";"None";"AV DE LA CALIFORNIE";"1045";"06200";"06088";"Nice";"06";"None";"None";"06088000NE0366";"None";"None";"60";"nan";"None";"nan";"None";"nan";"None";"nan";"None";"None";"1";"2";"Appartement";"42.0";"1.0";"None";"None";"None";"None";"nan";"7.237375";"43.686682";"000NE"
"2025-46529";"2025-04-07";"1";"Vente";"401800.0";"15.0";"B";"AV DU PETIT FABRON";"4975";"06200";"06088";"Nice";"06";"None";"None";"06088000NE0099";"None";"None";"127";"70.65";"None";"nan";"None";"nan";"None";"nan";"None";"None";"1";"2";"Appartement";"68.0";"3.0";"None";"None";"None";"None";"nan";"7.238203";"43.689031";"000NE"
"2025-46529";"2025-04-07";"1";"Vente";"401800.0";"15.0";"B";"AV DU PETIT FABRON";"4975";"06200";"06088";"Nice";"06";"None";"None";"06088000NE0099";"None";"None";"127";"70.65";"None";"nan";"None";"nan";"None";"nan";"None";"None";"1";"3";"Dépendance";"nan";"0.0";"None";"None";"None";"None";"nan";"7.238203";"43.689031";"000NE"
"2025-45926";"2025-04-02";"1";"Vente";"380000.0";"21.0";"None";"AV DE FABRON";"2370";"06200";"06088";"Nice";"06";"None";"None";"06088000NE0312";"None";"None";"33";"84.83";"76";"nan";"None";"nan";"None";"nan";"None";"None";"2";"2";"Appartement";"87.0";"4.0";"None";"None";"None";"None";"nan";"7.23374";"43.686751";"000NE"
"2025-45926";"2025-04-02";"1";"Vente";"380000.0";"21.0";"None";"AV DE FABRON";"2370";"06200";"06088";"Nice";"06";"None";"None";"06088000NE0312";"None";"None";"241";"nan";"None";"nan";"None";"nan";"None";"nan";"None";"None";"1";"3";"Dépendance";"nan";"0.0";"None";"None";"None";"None";"nan";"7.23374";"43.686751";"000NE"
"2025-45926";"2025-04-02";"1";"Vente";"380000.0";"21.0";"None";"AV DE FABRON";"2370";"06200";"06088";"Nice";"06";"None";"None";"06088000NE0312";"None";"None";"33";"84.83";"76";"nan";"None";"nan";"None";"nan";"None";"None";"2";"3";"Dépendance";"nan";"0.0";"None";"None";"None";"None";"nan";"7.23374";"43.686751";"000NE"
"2025-46141";"2025-03-31";"1";"Vente";"37000.0";"127.0";"None";"AV DE LA CALIFORNIE";"1045";"06200";"06088";"Nice";"06";"None";"None";"06088000NE0238";"None";"None";"1";"nan";"None";"nan";"None";"nan";"None";"nan";"None";"None";"1";"3";"Dépendance";"nan";"0.0";"None";"None";"None";"None";"nan";"7.236906";"43.686322";"000NE"
"2025-45438";"2025-03-28";"1";"Vente";"176000.0";"2.0";"None";"AV DU PETIT FABRON";"4975";"06200";"06088";"Nice";"06";"None";"None";"06088000NE0124";"None";"None";"1";"38.52";"None";"nan";"None";"nan";"None";"nan";"None";"None";"1";"2";"Appartement";"35.0";"2.0";"None";"None";"None";"None";"nan";"7.238858";"43.688465";"000NE"
"2025-45478";"2025-03-28";"1";"Vente";"1390000.0";"205.0";"None";"PROM DES ANGLAIS";"0240";"06200";"06088";"Nice";"06";"None";"None";"06088000NE0171";"None";"None";"45";"115.04";"None";"nan";"None";"nan";"None";"nan";"None";"None";"1";"2";"Appartement";"120.0";"4.0";"None";"None";"None";"None";"nan";"7.237136";"43.68638";"000NE"
"2025-45478";"2025-03-28";"1";"Vente";"1390000.0";"205.0";"None";"PROM DES ANGLAIS";"0240";"06200";"06088";"Nice";"06";"None";"None";"06088000NE0171";"None";"None";"45";"115.04";"None";"nan";"None";"nan";"None";"nan";"None";"None";"1";"3";"Dépendance";"nan";"0.0";"None";"None";"None";"None";"nan";"7.237136";"43.68638";"000NE"
"2025-45426";"2025-03-20";"1";"Vente";"38500.0";"126.0";"T";"AV DE LA CALIFORNIE";"1045";"06200";"06088";"Nice";"06";"None";"None";"06088000NE0229";"None";"None";"40";"nan";"None";"nan";"None";"nan";"None";"nan";"None";"None";"1";"3";"Dépendance";"nan";"0.0";"None";"None";"None";"None";"nan";"7.235318";"43.68585";"000NE"
"2025-45358";"2025-03-12";"1";"Vente";"288000.0";"76.0";"None";"AV DE LA CALIFORNIE";"1045";"06200";"06088";"Nice";"06";"None";"None";"06088000NE0127";"None";"None";"15";"nan";"73";"84.21";"None";"nan";"None";"nan";"None";"None";"2";"2";"Appartement";"78.0";"4.0";"None";"None";"None";"None";"nan";"7.239138";"43.6887";"000NE"
"2025-45646";"2025-03-12";"1";"Vente";"190000.0";"72.0";"None";"AV DE LA CALIFORNIE";"1045";"06200";"06088";"Nice";"06";"None";"None";"06088000NE0130";"None";"None";"12";"61.22";"47";"nan";"None";"nan";"None";"nan";"None";"None";"2";"2";"Appartement";"76.0";"3.0";"None";"None";"None";"None";"nan";"7.23946";"43.688889";"000NE"
"2025-45358";"2025-03-12";"1";"Vente";"288000.0";"76.0";"None";"AV DE LA CALIFORNIE";"1045";"06200";"06088";"Nice";"06";"None";"None";"06088000NE0127";"None";"None";"25";"nan";"None";"nan";"None";"nan";"None";"nan";"None";"None";"1";"3";"Dépendance";"nan";"0.0";"None";"None";"None";"None";"nan";"7.239138";"43.6887";"000NE"
"2025-44924";"2025-03-07";"1";"Vente";"268690.0";"126.0";"None";"AV DE LA CALIFORNIE";"1045";"06200";"06088";"Nice";"06";"None";"None";"06088000NE0188";"None";"None";"220";"53.87";"40";"nan";"None";"nan";"None";"nan";"None";"None";"2";"2";"Appartement";"59.0";"2.0";"None";"None";"None";"None";"nan";"7.235598";"43.686043";"000NE"
"2025-44924";"2025-03-07";"1";"Vente";"268690.0";"126.0";"None";"AV DE LA CALIFORNIE";"1045";"06200";"06088";"Nice";"06";"None";"None";"06088000NE0188";"None";"None";"144";"nan";"None";"nan";"None";"nan";"None";"nan";"None";"None";"1";"3";"Dépendance";"nan";"0.0";"None";"None";"None";"None";"nan";"7.235598";"43.686043";"000NE"
"2025-44863";"2025-03-06";"1";"Vente";"45000.0";"93.0";"None";"AV DE LA CALIFORNIE";"1045";"06200";"06088";"Nice";"06";"None";"None";"06088000NE0155";"None";"None";"17";"nan";"None";"nan";"None";"nan";"None";"nan";"None";"None";"1";"3";"Dépendance";"nan";"0.0";"None";"None";"None";"None";"nan";"7.238691";"43.687678";"000NE"
"2025-44836";"2025-02-27";"1";"Vente";"850000.0";"1.0";"None";"BD DE CAMBRAI";"1055";"06200";"06088";"Nice";"06";"None";"None";"06088000NE0016";"None";"None";"None";"nan";"None";"nan";"None";"nan";"None";"nan";"None";"None";"0";"1";"Maison";"183.0";"5.0";"S";"sols";"None";"None";"657.0";"7.235583";"43.688682";"000NE"
"2025-44836";"2025-02-27";"1";"Vente";"850000.0";"1.0";"None";"BD DE CAMBRAI";"1055";"06200";"06088";"Nice";"06";"None";"None";"06088000NE0016";"None";"None";"None";"nan";"None";"nan";"None";"nan";"None";"nan";"None";"None";"0";"2";"Appartement";"15.0";"1.0";"S";"sols";"None";"None";"657.0";"7.235583";"43.688682";"000NE"
"2025-44836";"2025-02-27";"1";"Vente";"850000.0";"1.0";"None";"BD DE CAMBRAI";"1055";"06200";"06088";"Nice";"06";"None";"None";"06088000NE0016";"None";"None";"None";"nan";"None";"nan";"None";"nan";"None";"nan";"None";"None";"0";"2";"Appartement";"15.0";"1.0";"S";"sols";"None";"None";"657.0";"7.235583";"43.688682";"000NE"
"2025-44836";"2025-02-27";"1";"Vente";"850000.0";"1.0";"None";"BD DE CAMBRAI";"1055";"06200";"06088";"Nice";"06";"None";"None";"06088000NE0016";"None";"None";"None";"nan";"None";"nan";"None";"nan";"None";"nan";"None";"None";"0";"3";"Dépendance";"nan";"0.0";"S";"sols";"None";"None";"657.0";"7.235583";"43.688682";"000NE"
"2025-44836";"2025-02-27";"1";"Vente";"850000.0";"1.0";"None";"BD DE CAMBRAI";"1055";"06200";"06088";"Nice";"06";"None";"None";"06088000NE0016";"None";"None";"None";"nan";"None";"nan";"None";"nan";"None";"nan";"None";"None";"0";"3";"Dépendance";"nan";"0.0";"S";"sols";"None";"None";"657.0";"7.235583";"43.688682";"000NE"
"2025-45212";"2025-02-20";"1";"Vente";"410000.0";"197.0";"None";"PROM DES ANGLAIS";"0240";"06200";"06088";"Nice";"06";"None";"None";"06088000NE0163";"None";"None";"103";"nan";"123";"nan";"None";"nan";"None";"nan";"None";"None";"2";"2";"Appartement";"71.0";"3.0";"None";"None";"None";"None";"nan";"7.237721";"43.686808";"000NE"
"2025-45212";"2025-02-20";"1";"Vente";"410000.0";"197.0";"None";"PROM DES ANGLAIS";"0240";"06200";"06088";"Nice";"06";"None";"None";"06088000NE0163";"None";"None";"103";"nan";"123";"nan";"None";"nan";"None";"nan";"None";"None";"2";"3";"Dépendance";"nan";"0.0";"None";"None";"None";"None";"nan";"7.237721";"43.686808";"000NE"
"2025-45212";"2025-02-20";"1";"Vente";"410000.0";"117.0";"None";"AV DE LA CALIFORNIE";"1045";"06200";"06088";"Nice";"06";"None";"None";"06088000NE0366";"None";"None";"7";"nan";"None";"nan";"None";"nan";"None";"nan";"None";"None";"1";"3";"Dépendance";"nan";"0.0";"None";"None";"None";"None";"nan";"7.237375";"43.686682";"000NE"
"2025-43470";"2025-02-17";"1";"Vente";"282000.0";"112.0";"None";"AV DE LA CALIFORNIE";"1045";"06200";"06088";"Nice";"06";"None";"None";"06088000NE0195";"None";"None";"65";"nan";"None";"nan";"None";"nan";"None";"nan";"None";"None";"1";"2";"Appartement";"44.0";"2.0";"None";"None";"None";"None";"nan";"7.23679";"43.686954";"000NE"
"2025-43470";"2025-02-17";"1";"Vente";"282000.0";"112.0";"None";"AV DE LA CALIFORNIE";"1045";"06200";"06088";"Nice";"06";"None";"None";"06088000NE0195";"None";"None";"25";"nan";"None";"nan";"None";"nan";"None";"nan";"None";"None";"1";"3";"Dépendance";"nan";"0.0";"None";"None";"None";"None";"nan";"7.23679";"43.686954";"000NE"
"2025-43420";"2025-02-14";"1";"Vente";"93500.0";"13.0";"None";"AV DU PETIT FABRON";"4975";"06200";"06088";"Nice";"06";"None";"None";"06088000NE0299";"None";"None";"82";"10.57";"None";"nan";"None";"nan";"None";"nan";"None";"None";"1";"2";"Appartement";"12.0";"1.0";"None";"None";"None";"None";"nan";"7.238694";"43.689249";"000NE"
"2025-43879";"2025-02-13";"1";"Vente";"195000.0";"163.0";"None";"PROM DES ANGLAIS";"0240";"06200";"06088";"Nice";"06";"None";"None";"06088000NE0144";"None";"None";"18";"51.9";"9";"nan";"None";"nan";"None";"nan";"None";"None";"2";"2";"Appartement";"55.0";"2.0";"None";"None";"None";"None";"nan";"7.240483";"43.688571";"000NE"
"2025-43879";"2025-02-13";"1";"Vente";"195000.0";"163.0";"None";"PROM DES ANGLAIS";"0240";"06200";"06088";"Nice";"06";"None";"None";"06088000NE0144";"None";"None";"18";"51.9";"9";"nan";"None";"nan";"None";"nan";"None";"None";"2";"3";"Dépendance";"nan";"0.0";"None";"None";"None";"None";"nan";"7.240483";"43.688571";"000NE"
"2025-43581";"2025-02-11";"1";"Vente";"90000.0";"126.0";"T";"AV DE LA CALIFORNIE";"1045";"06200";"06088";"Nice";"06";"None";"None";"06088000NE0229";"None";"None";"99";"21.11";"None";"nan";"None";"nan";"None";"nan";"None";"None";"1";"2";"Appartement";"21.0";"1.0";"None";"None";"None";"None";"nan";"7.235318";"43.68585";"000NE"
"2025-43220";"2025-02-10";"1";"Vente";"34000.0";"76.0";"None";"AV DE LA CALIFORNIE";"1045";"06200";"06088";"Nice";"06";"None";"None";"06088000NE0127";"None";"None";"54";"nan";"None";"nan";"None";"nan";"None";"nan";"None";"None";"1";"3";"Dépendance";"nan";"0.0";"None";"None";"None";"None";"nan";"7.239138";"43.6887";"000NE"
"2025-42939";"2025-02-06";"1";"Vente";"30000.0";"124.0";"None";"AV DE LA CALIFORNIE";"1045";"06200";"06088";"Nice";"06";"None";"None";"06088000NE0266";"None";"None";"179";"nan";"None";"nan";"None";"nan";"None";"nan";"None";"None";"1";"3";"Dépendance";"nan";"0.0";"None";"None";"None";"None";"nan";"7.235937";"43.686293";"000NE"
"2025-43039";"2025-02-05";"1";"Vente";"419500.0";"2.0";"None";"AV PADERI";"4625";"06200";"06088";"Nice";"06";"None";"None";"06088000NE0025";"None";"None";"4";"52.17";"None";"nan";"None";"nan";"None";"nan";"None";"None";"1";"2";"Appartement";"52.0";"2.0";"None";"None";"None";"None";"nan";"7.234936";"43.689502";"000NE"
"2025-43577";"2025-02-03";"1";"Vente";"250000.0";"169.0";"None";"PROM DES ANGLAIS";"0240";"06200";"06088";"Nice";"06";"None";"None";"06088000NE0148";"None";"None";"31";"31.53";"None";"nan";"None";"nan";"None";"nan";"None";"None";"1";"2";"Appartement";"30.0";"1.0";"None";"None";"None";"None";"nan";"7.239864";"43.688269";"000NE"
"2025-43577";"2025-02-03";"1";"Vente";"250000.0";"169.0";"None";"PROM DES ANGLAIS";"0240";"06200";"06088";"Nice";"06";"None";"None";"06088000NE0148";"None";"None";"31";"31.53";"None";"nan";"None";"nan";"None";"nan";"None";"None";"1";"3";"Dépendance";"nan";"0.0";"None";"None";"None";"None";"nan";"7.239864";"43.688269";"000NE"
"2025-43007";"2025-01-27";"1";"Vente";"157000.0";"91.0";"None";"AV DE LA CALIFORNIE";"1045";"06200";"06088";"Nice";"06";"None";"None";"06088000NE0153";"None";"None";"86";"nan";"None";"nan";"None";"nan";"None";"nan";"None";"None";"1";"2";"Appartement";"27.0";"1.0";"None";"None";"None";"None";"nan";"7.238957";"43.687701";"000NE"
"2025-43007";"2025-01-27";"1";"Vente";"157000.0";"91.0";"None";"AV DE LA CALIFORNIE";"1045";"06200";"06088";"Nice";"06";"None";"None";"06088000NE0153";"None";"None";"86";"nan";"None";"nan";"None";"nan";"None";"nan";"None";"None";"1";"3";"Dépendance";"nan";"0.0";"None";"None";"None";"None";"nan";"7.238957";"43.687701";"000NE"
"2025-42544";"2025-01-24";"1";"Vente";"175750.0";"7.0";"None";"AV DE FABRON";"2370";"06200";"06088";"Nice";"06";"None";"None";"06088000NE0314";"None";"None";"153";"nan";"None";"nan";"None";"nan";"None";"nan";"None";"None";"1";"2";"Appartement";"40.0";"2.0";"None";"None";"None";"None";"nan";"7.234634";"43.687689";"000NE"
"2025-42551";"2025-01-17";"1";"Vente";"327500.0";"219.0";"None";"PROM DES ANGLAIS";"0240";"06200";"06088";"Nice";"06";"None";"None";"06088000NE0185";"None";"None";"60B";"nan";"69B";"nan";"86B";"nan";"None";"nan";"None";"None";"3";"2";"Appartement";"80.0";"3.0";"None";"None";"None";"None";"nan";"7.23596";"43.685549";"000NE"
"2025-43278";"2025-01-17";"1";"Vente";"180000.0";"167.0";"None";"PROM DES ANGLAIS";"0240";"06200";"06088";"Nice";"06";"None";"None";"06088000NE0146";"None";"None";"54";"24.57";"None";"nan";"None";"nan";"None";"nan";"None";"None";"1";"2";"Appartement";"21.0";"1.0";"None";"None";"None";"None";"nan";"7.24015";"43.68847";"000NE"
"2025-42114";"2025-01-15";"1";"Vente";"590000.0";"169.0";"None";"PROM DES ANGLAIS";"0240";"06200";"06088";"Nice";"06";"None";"None";"06088000NE0148";"None";"None";"24";"80.54";"None";"nan";"None";"nan";"None";"nan";"None";"None";"1";"2";"Appartement";"86.0";"2.0";"None";"None";"None";"None";"nan";"7.239864";"43.688269";"000NE"
"2025-42278";"2025-01-15";"1";"Vente";"375000.0";"211.0";"None";"PROM DES ANGLAIS";"0240";"06200";"06088";"Nice";"06";"None";"None";"06088000NE0174";"None";"None";"20";"nan";"26";"nan";"None";"nan";"None";"nan";"None";"None";"2";"2";"Appartement";"90.0";"2.0";"None";"None";"None";"None";"nan";"7.236957";"43.686233";"000NE"
"2025-42114";"2025-01-15";"1";"Vente";"590000.0";"169.0";"None";"PROM DES ANGLAIS";"0240";"06200";"06088";"Nice";"06";"None";"None";"06088000NE0148";"None";"None";"24";"80.54";"None";"nan";"None";"nan";"None";"nan";"None";"None";"1";"3";"Dépendance";"nan";"0.0";"None";"None";"None";"None";"nan";"7.239864";"43.688269";"000NE"
"2025-42084";"2025-01-03";"1";"Vente";"290000.0";"181.0";"None";"PROM DES ANGLAIS";"0240";"06200";"06088";"Nice";"06";"None";"None";"06088000NE0153";"None";"None";"64";"nan";"None";"nan";"None";"nan";"None";"nan";"None";"None";"1";"2";"Appartement";"41.0";"1.0";"None";"None";"None";"None";"nan";"7.238957";"43.687701";"000NE"
"2024-54225";"2024-12-27";"1";"Vente";"185000.0";"15.0";"None";"AV DU PETIT FABRON";"4975";"06200";"06088";"Nice";"06";"None";"None";"06088000NE0099";"None";"None";"18";"nan";"182";"47.02";"None";"nan";"None";"nan";"None";"None";"2";"2";"Appartement";"53.0";"1.0";"None";"None";"None";"None";"nan";"7.238203";"43.689031";"000NE"
"2024-54637";"2024-12-20";"1";"Vente";"400000.0";"219.0";"None";"PROM DES ANGLAIS";"0240";"06200";"06088";"Nice";"06";"None";"None";"06088000NE0185";"None";"None";"24D";"nan";"27D";"nan";"5D";"nan";"None";"nan";"None";"None";"3";"2";"Appartement";"75.0";"3.0";"None";"None";"None";"None";"nan";"7.23596";"43.685549";"000NE"
"2024-54637";"2024-12-20";"1";"Vente";"400000.0";"219.0";"None";"PROM DES ANGLAIS";"0240";"06200";"06088";"Nice";"06";"None";"None";"06088000NE0185";"None";"None";"24D";"nan";"27D";"nan";"5D";"nan";"None";"nan";"None";"None";"3";"3";"Dépendance";"nan";"0.0";"None";"None";"None";"None";"nan";"7.23596";"43.685549";"000NE"
"2024-53770";"2024-12-18";"1";"Vente";"340000.0";"193.0";"None";"PROM DES ANGLAIS";"0240";"06200";"06088";"Nice";"06";"None";"None";"06088000NE0362";"None";"None";"119";"nan";"5";"nan";"None";"nan";"None";"nan";"None";"None";"2";"2";"Appartement";"27.0";"1.0";"None";"None";"None";"None";"nan";"7.237928";"43.687107";"000NE"
"2024-53770";"2024-12-18";"1";"Vente";"340000.0";"193.0";"None";"PROM DES ANGLAIS";"0240";"06200";"06088";"Nice";"06";"None";"None";"06088000NE0362";"None";"None";"119";"nan";"5";"nan";"None";"nan";"None";"nan";"None";"None";"2";"3";"Dépendance";"nan";"0.0";"None";"None";"None";"None";"nan";"7.237928";"43.687107";"000NE"
"2024-54825";"2024-12-13";"1";"Vente";"450000.0";"167.0";"None";"PROM DES ANGLAIS";"0240";"06200";"06088";"Nice";"06";"None";"None";"06088000NE0146";"None";"None";"81";"86.7";"94";"nan";"None";"nan";"None";"nan";"None";"None";"2";"2";"Appartement";"84.0";"3.0";"None";"None";"None";"None";"nan";"7.24015";"43.68847";"000NE"
"2024-54825";"2024-12-13";"1";"Vente";"450000.0";"167.0";"None";"PROM DES ANGLAIS";"0240";"06200";"06088";"Nice";"06";"None";"None";"06088000NE0146";"None";"None";"81";"86.7";"94";"nan";"None";"nan";"None";"nan";"None";"None";"2";"3";"Dépendance";"nan";"0.0";"None";"None";"None";"None";"nan";"7.24015";"43.68847";"000NE"
"2024-53992";"2024-12-12";"1";"Vente";"264000.0";"13.0";"None";"AV DU PETIT FABRON";"4975";"06200";"06088";"Nice";"06";"None";"None";"06088000NE0299";"None";"None";"5";"nan";"88";"72.65";"None";"nan";"None";"nan";"None";"None";"2";"2";"Appartement";"77.0";"3.0";"None";"None";"None";"None";"nan";"7.238694";"43.689249";"000NE"
"2024-54236";"2024-12-12";"1";"Vente";"85000.0";"219.0";"None";"PROM DES ANGLAIS";"0240";"06200";"06088";"Nice";"06";"None";"None";"06088000NE0185";"None";"None";"15D";"23.89";"9D";"nan";"None";"nan";"None";"nan";"None";"None";"2";"2";"Appartement";"25.0";"2.0";"None";"None";"None";"None";"nan";"7.23596";"43.685549";"000NE"
"2024-53992";"2024-12-12";"1";"Vente";"264000.0";"13.0";"None";"AV DU PETIT FABRON";"4975";"06200";"06088";"Nice";"06";"None";"None";"06088000NE0299";"None";"None";"68";"nan";"None";"nan";"None";"nan";"None";"nan";"None";"None";"1";"3";"Dépendance";"nan";"0.0";"None";"None";"None";"None";"nan";"7.238694";"43.689249";"000NE"
"2024-53992";"2024-12-12";"1";"Vente";"264000.0";"13.0";"None";"AV DU PETIT FABRON";"4975";"06200";"06088";"Nice";"06";"None";"None";"06088000NE0299";"None";"None";"5";"nan";"88";"72.65";"None";"nan";"None";"nan";"None";"None";"2";"3";"Dépendance";"nan";"0.0";"None";"None";"None";"None";"nan";"7.238694";"43.689249";"000NE"
"2024-54236";"2024-12-12";"1";"Vente";"85000.0";"219.0";"None";"PROM DES ANGLAIS";"0240";"06200";"06088";"Nice";"06";"None";"None";"06088000NE0185";"None";"None";"15D";"23.89";"9D";"nan";"None";"nan";"None";"nan";"None";"None";"2";"3";"Dépendance";"nan";"0.0";"None";"None";"None";"None";"nan";"7.23596";"43.685549";"000NE"
"2024-53705";"2024-12-05";"1";"Vente";"155000.0";"3.0";"None";"AV DU PETIT FABRON";"4975";"06200";"06088";"Nice";"06";"None";"None";"06088000NE0295";"None";"None";"185";"nan";"205";"nan";"225";"nan";"None";"nan";"None";"None";"3";"2";"Appartement";"52.0";"3.0";"None";"None";"None";"None";"nan";"7.237607";"43.688688";"000NE"
"2024-53705";"2024-12-05";"1";"Vente";"155000.0";"3.0";"None";"AV DU PETIT FABRON";"4975";"06200";"06088";"Nice";"06";"None";"None";"06088000NE0295";"None";"None";"185";"nan";"205";"nan";"225";"nan";"None";"nan";"None";"None";"3";"3";"Dépendance";"nan";"0.0";"None";"None";"None";"None";"nan";"7.237607";"43.688688";"000NE"
"2024-53705";"2024-12-05";"1";"Vente";"155000.0";"3.0";"None";"AV DU PETIT FABRON";"4975";"06200";"06088";"Nice";"06";"None";"None";"06088000NE0295";"None";"None";"185";"nan";"205";"nan";"225";"nan";"None";"nan";"None";"None";"3";"3";"Dépendance";"nan";"0.0";"None";"None";"None";"None";"nan";"7.237607";"43.688688";"000NE"
"2024-52475";"2024-11-22";"1";"Vente";"148000.0";"106.0";"None";"AV DE LA CALIFORNIE";"1045";"06200";"06088";"Nice";"06";"None";"None";"06088000NE0198";"None";"None";"53";"nan";"None";"nan";"None";"nan";"None";"nan";"None";"None";"1";"2";"Appartement";"29.0";"2.0";"None";"None";"None";"None";"nan";"7.237167";"43.687254";"000NE"
"2024-52688";"2024-11-22";"1";"Vente";"93000.0";"117.0";"None";"AV DE LA CALIFORNIE";"1045";"06200";"06088";"Nice";"06";"None";"None";"06088000NE0366";"None";"None";"96";"nan";"None";"nan";"None";"nan";"None";"nan";"None";"None";"1";"2";"Appartement";"28.0";"1.0";"None";"None";"None";"None";"nan";"7.237375";"43.686682";"000NE"
"2024-53230";"2024-11-21";"1";"Vente";"150000.0";"127.0";"None";"AV DE LA CALIFORNIE";"1045";"06200";"06088";"Nice";"06";"None";"None";"06088000NE0238";"None";"None";"42";"26.16";"None";"nan";"None";"nan";"None";"nan";"None";"None";"1";"2";"Appartement";"26.0";"1.0";"None";"None";"None";"None";"nan";"7.236906";"43.686322";"000NE"
"2024-52454";"2024-11-18";"1";"Vente";"409845.0";"2.0";"None";"AV PADERI";"4625";"06200";"06088";"Nice";"06";"None";"None";"06088000NE0025";"None";"None";"3";"54.49";"None";"nan";"None";"nan";"None";"nan";"None";"None";"1";"2";"Appartement";"54.0";"2.0";"None";"None";"None";"None";"nan";"7.234936";"43.689502";"000NE"
"2024-52332";"2024-11-14";"1";"Vente";"36000.0";"122.0";"None";"AV DE LA CALIFORNIE";"1045";"06200";"06088";"Nice";"06";"None";"None";"06088000NE0190";"None";"None";"66";"nan";"None";"nan";"None";"nan";"None";"nan";"None";"None";"1";"3";"Dépendance";"nan";"0.0";"None";"None";"None";"None";"nan";"7.236135";"43.686433";"000NE"
"2024-52659";"2024-11-06";"1";"Vente";"5000.0";"64.0";"None";"AV DE LA CALIFORNIE";"1045";"06200";"06088";"Nice";"06";"None";"None";"06088000NE0139";"None";"None";"114";"nan";"None";"nan";"None";"nan";"None";"nan";"None";"None";"1";"3";"Dépendance";"nan";"0.0";"None";"None";"None";"None";"nan";"7.240016";"43.689276";"000NE"
"2024-52365";"2024-11-05";"1";"Vente";"60000.0";"101.0";"None";"AV DE LA CALIFORNIE";"1045";"06200";"06088";"Nice";"06";"None";"None";"06088000NE0360";"None";"None";"25";"nan";"None";"nan";"None";"nan";"None";"nan";"None";"None";"1";"3";"Dépendance";"nan";"0.0";"None";"None";"None";"None";"nan";"7.238141";"43.687306";"000NE"
"2024-52385";"2024-11-04";"1";"Vente";"221900.0";"179.0";"None";"PROM DES ANGLAIS";"0240";"06200";"06088";"Nice";"06";"None";"None";"06088000NE0152";"None";"None";"138";"45.53";"None";"nan";"None";"nan";"None";"nan";"None";"None";"1";"4";"Local industriel. commercial ou assimilé";"50.0";"0.0";"None";"None";"None";"None";"nan";"7.239213";"43.687844";"000NE"
"2024-51563";"2024-10-28";"1";"Vente";"242000.0";"21.0";"None";"AV DE FABRON";"2370";"06200";"06088";"Nice";"06";"None";"None";"06088000NE0312";"None";"None";"7";"nan";"78";"nan";"None";"nan";"None";"nan";"None";"None";"2";"2";"Appartement";"56.0";"2.0";"None";"None";"None";"None";"nan";"7.23374";"43.686751";"000NE"
"2024-51977";"2024-10-28";"1";"Vente";"243500.0";"126.0";"None";"AV DE LA CALIFORNIE";"1045";"06200";"06088";"Nice";"06";"None";"None";"06088000NE0188";"None";"None";"109";"nan";"170";"nan";"None";"nan";"None";"nan";"None";"None";"2";"2";"Appartement";"60.0";"2.0";"None";"None";"None";"None";"nan";"7.235598";"43.686043";"000NE"
"2024-51563";"2024-10-28";"1";"Vente";"242000.0";"21.0";"None";"AV DE FABRON";"2370";"06200";"06088";"Nice";"06";"None";"None";"06088000NE0312";"None";"None";"7";"nan";"78";"nan";"None";"nan";"None";"nan";"None";"None";"2";"3";"Dépendance";"nan";"0.0";"None";"None";"None";"None";"nan";"7.23374";"43.686751";"000NE"
"2024-51977";"2024-10-28";"1";"Vente";"243500.0";"126.0";"None";"AV DE LA CALIFORNIE";"1045";"06200";"06088";"Nice";"06";"None";"None";"06088000NE0188";"None";"None";"136";"nan";"None";"nan";"None";"nan";"None";"nan";"None";"None";"1";"3";"Dépendance";"nan";"0.0";"None";"None";"None";"None";"nan";"7.235598";"43.686043";"000NE"
"2024-52292";"2024-10-25";"1";"Vente";"300000.0";"13.0";"None";"AV DU PETIT FABRON";"4975";"06200";"06088";"Nice";"06";"None";"None";"06088000NE0299";"None";"None";"44";"68.84";"9";"nan";"None";"nan";"None";"nan";"None";"None";"2";"2";"Appartement";"76.0";"3.0";"None";"None";"None";"None";"nan";"7.238694";"43.689249";"000NE"
"2024-52292";"2024-10-25";"1";"Vente";"300000.0";"13.0";"None";"AV DU PETIT FABRON";"4975";"06200";"06088";"Nice";"06";"None";"None";"06088000NE0299";"None";"None";"44";"68.84";"9";"nan";"None";"nan";"None";"nan";"None";"None";"2";"3";"Dépendance";"nan";"0.0";"None";"None";"None";"None";"nan";"7.238694";"43.689249";"000NE"
"2024-51526";"2024-10-23";"1";"Vente";"1780000.0";"21.0";"None";"BD DE CAMBRAI";"1055";"06200";"06088";"Nice";"06";"None";"None";"06088000NE0031";"None";"None";"None";"nan";"None";"nan";"None";"nan";"None";"nan";"None";"None";"0";"1";"Maison";"212.0";"7.0";"S";"sols";"None";"None";"834.0";"7.236055";"43.689747";"000NE"
"2024-51526";"2024-10-23";"1";"Vente";"1780000.0";"21.0";"None";"BD DE CAMBRAI";"1055";"06200";"06088";"Nice";"06";"None";"None";"06088000NE0031";"None";"None";"None";"nan";"None";"nan";"None";"nan";"None";"nan";"None";"None";"0";"3";"Dépendance";"nan";"0.0";"S";"sols";"None";"None";"834.0";"7.236055";"43.689747";"000NE"
"2024-51526";"2024-10-23";"1";"Vente";"1780000.0";"21.0";"None";"BD DE CAMBRAI";"1055";"06200";"06088";"Nice";"06";"None";"None";"06088000NE0031";"None";"None";"None";"nan";"None";"nan";"None";"nan";"None";"nan";"None";"None";"0";"4";"Local industriel. commercial ou assimilé";"50.0";"0.0";"S";"sols";"None";"None";"834.0";"7.236055";"43.689747";"000NE"
"2024-51184";"2024-10-12";"1";"Vente";"306000.0";"2.0";"None";"AV PADERI";"4625";"06200";"06088";"Nice";"06";"None";"None";"06088000NE0025";"None";"None";"5";"nan";"None";"nan";"None";"nan";"None";"nan";"None";"None";"1";"2";"Appartement";"36.0";"2.0";"None";"None";"None";"None";"nan";"7.234936";"43.689502";"000NE"
"2024-50687";"2024-10-11";"1";"Vente";"172000.0";"124.0";"None";"AV DE LA CALIFORNIE";"1045";"06200";"06088";"Nice";"06";"None";"None";"06088000NE0266";"None";"None";"316";"30.74";"None";"nan";"None";"nan";"None";"nan";"None";"None";"1";"2";"Appartement";"31.0";"1.0";"None";"None";"None";"None";"nan";"7.235937";"43.686293";"000NE"
"2024-50828";"2024-10-08";"1";"Vente";"50000.0";"95.0";"None";"AV DE LA CALIFORNIE";"1045";"06200";"06088";"Nice";"06";"None";"None";"06088000NE0375";"None";"None";"269";"nan";"None";"nan";"None";"nan";"None";"nan";"None";"None";"1";"3";"Dépendance";"nan";"0.0";"None";"None";"None";"None";"nan";"7.238539";"43.687479";"000NE"
"2024-51042";"2024-10-04";"1";"Vente";"152000.0";"126.0";"T";"AV DE LA CALIFORNIE";"1045";"06200";"06088";"Nice";"06";"None";"None";"06088000NE0229";"None";"None";"47";"nan";"None";"nan";"None";"nan";"None";"nan";"None";"None";"1";"2";"Appartement";"31.0";"1.0";"None";"None";"None";"None";"nan";"7.235318";"43.68585";"000NE"
"2024-49890";"2024-09-24";"1";"Vente";"193000.0";"64.0";"None";"AV DE LA CALIFORNIE";"1045";"06200";"06088";"Nice";"06";"None";"None";"06088000NE0139";"None";"None";"54";"nan";"None";"nan";"None";"nan";"None";"nan";"None";"None";"1";"2";"Appartement";"53.0";"3.0";"None";"None";"None";"None";"nan";"7.240016";"43.689276";"000NE"
"2024-50163";"2024-09-24";"1";"Vente";"375000.0";"213.0";"None";"PROM DES ANGLAIS";"0240";"06200";"06088";"Nice";"06";"None";"None";"06088000NE0176";"None";"None";"51";"56.01";"None";"nan";"None";"nan";"None";"nan";"None";"None";"1";"2";"Appartement";"41.0";"2.0";"None";"None";"None";"None";"nan";"7.236841";"43.686188";"000NE"
"2024-49890";"2024-09-24";"1";"Vente";"193000.0";"64.0";"None";"AV DE LA CALIFORNIE";"1045";"06200";"06088";"Nice";"06";"None";"None";"06088000NE0139";"None";"None";"54";"nan";"None";"nan";"None";"nan";"None";"nan";"None";"None";"1";"3";"Dépendance";"nan";"0.0";"None";"None";"None";"None";"nan";"7.240016";"43.689276";"000NE"
"2024-50255";"2024-09-13";"1";"Vente";"220000.0";"122.0";"None";"AV DE LA CALIFORNIE";"1045";"06200";"06088";"Nice";"06";"None";"None";"06088000NE0190";"None";"None";"2";"nan";"36";"44.7";"None";"nan";"None";"nan";"None";"None";"2";"2";"Appartement";"48.0";"2.0";"None";"None";"None";"None";"nan";"7.236135";"43.686433";"000NE"
"2024-49669";"2024-09-12";"1";"Vente";"785000.0";"1.0";"None";"AV LE MESNIL";"4185";"06200";"06088";"Nice";"06";"None";"None";"06088000NE0015";"None";"None";"14";"nan";"4";"nan";"5";"nan";"None";"nan";"None";"None";"3";"2";"Appartement";"113.0";"5.0";"None";"None";"None";"None";"nan";"7.235406";"43.68837";"000NE"
"2024-50580";"2024-09-12";"1";"Vente";"193790.0";"15.0";"None";"AV DU PETIT FABRON";"4975";"06200";"06088";"Nice";"06";"None";"None";"06088000NE0099";"None";"None";"175";"43.92";"None";"nan";"None";"nan";"None";"nan";"None";"None";"1";"2";"Appartement";"52.0";"1.0";"None";"None";"None";"None";"nan";"7.238203";"43.689031";"000NE"
"2024-49669";"2024-09-12";"1";"Vente";"785000.0";"1.0";"None";"AV LE MESNIL";"4185";"06200";"06088";"Nice";"06";"None";"None";"06088000NE0015";"None";"None";"14";"nan";"4";"nan";"5";"nan";"None";"nan";"None";"None";"3";"3";"Dépendance";"nan";"0.0";"None";"None";"None";"None";"nan";"7.235406";"43.68837";"000NE"
"2024-49669";"2024-09-12";"1";"Vente";"785000.0";"1.0";"None";"AV LE MESNIL";"4185";"06200";"06088";"Nice";"06";"None";"None";"06088000NE0015";"None";"None";"14";"nan";"4";"nan";"5";"nan";"None";"nan";"None";"None";"3";"3";"Dépendance";"nan";"0.0";"None";"None";"None";"None";"nan";"7.235406";"43.68837";"000NE"
"2024-49669";"2024-09-12";"1";"Vente";"785000.0";"1.0";"None";"AV LE MESNIL";"4185";"06200";"06088";"Nice";"06";"None";"None";"06088000NE0015";"None";"None";"14";"nan";"4";"nan";"5";"nan";"None";"nan";"None";"None";"3";"3";"Dépendance";"nan";"0.0";"None";"None";"None";"None";"nan";"7.235406";"43.68837";"000NE"
"2024-49669";"2024-09-12";"1";"Vente";"785000.0";"1.0";"None";"AV LE MESNIL";"4185";"06200";"06088";"Nice";"06";"None";"None";"06088000NE0015";"None";"None";"3";"nan";"None";"nan";"None";"nan";"None";"nan";"None";"None";"1";"3";"Dépendance";"nan";"0.0";"None";"None";"None";"None";"nan";"7.235406";"43.68837";"000NE"
"2024-49669";"2024-09-12";"1";"Vente";"785000.0";"1.0";"None";"AV LE MESNIL";"4185";"06200";"06088";"Nice";"06";"None";"None";"06088000NE0015";"None";"None";"12";"nan";"None";"nan";"None";"nan";"None";"nan";"None";"None";"1";"3";"Dépendance";"nan";"0.0";"None";"None";"None";"None";"nan";"7.235406";"43.68837";"000NE"
"2024-49911";"2024-09-05";"1";"Vente";"133000.0";"93.0";"None";"AV DE LA CALIFORNIE";"1045";"06200";"06088";"Nice";"06";"None";"None";"06088000NE0155";"None";"None";"57";"nan";"None";"nan";"None";"nan";"None";"nan";"None";"None";"1";"2";"Appartement";"28.0";"1.0";"None";"None";"None";"None";"nan";"7.238691";"43.687678";"000NE"
"2024-49952";"2024-08-29";"1";"Vente";"155000.0";"93.0";"None";"AV DE LA CALIFORNIE";"1045";"06200";"06088";"Nice";"06";"None";"None";"06088000NE0155";"None";"None";"49";"37.86";"None";"nan";"None";"nan";"None";"nan";"None";"None";"1";"2";"Appartement";"36.0";"1.0";"None";"None";"None";"None";"nan";"7.238691";"43.687678";"000NE"
"2024-48723";"2024-08-22";"1";"Vente";"39000.0";"124.0";"None";"AV DE LA CALIFORNIE";"1045";"06200";"06088";"Nice";"06";"None";"None";"06088000NE0266";"None";"None";"180";"nan";"None";"nan";"None";"nan";"None";"nan";"None";"None";"1";"3";"Dépendance";"nan";"0.0";"None";"None";"None";"None";"nan";"7.235937";"43.686293";"000NE"
"2024-48782";"2024-08-19";"1";"Vente";"155000.0";"108.0";"None";"AV DE LA CALIFORNIE";"1045";"06200";"06088";"Nice";"06";"None";"None";"06088000NE0197";"None";"None";"26";"nan";"None";"nan";"None";"nan";"None";"nan";"None";"None";"1";"2";"Appartement";"28.0";"1.0";"None";"None";"None";"None";"nan";"7.237015";"43.687156";"000NE"
"2024-49024";"2024-08-14";"1";"Vente";"243100.0";"15.0";"B";"AV DU PETIT FABRON";"4975";"06200";"06088";"Nice";"06";"None";"None";"06088000NE0099";"None";"None";"15";"nan";"40";"nan";"None";"nan";"None";"nan";"None";"None";"2";"2";"Appartement";"58.0";"2.0";"None";"None";"None";"None";"nan";"7.238203";"43.689031";"000NE"
"2024-49024";"2024-08-14";"1";"Vente";"243100.0";"15.0";"B";"AV DU PETIT FABRON";"4975";"06200";"06088";"Nice";"06";"None";"None";"06088000NE0099";"None";"None";"40";"nan";"None";"nan";"None";"nan";"None";"nan";"None";"None";"1";"3";"Dépendance";"nan";"0.0";"None";"None";"None";"None";"nan";"7.238203";"43.689031";"000NE"
"2024-49024";"2024-08-14";"1";"Vente";"243100.0";"15.0";"B";"AV DU PETIT FABRON";"4975";"06200";"06088";"Nice";"06";"None";"None";"06088000NE0099";"None";"None";"15";"nan";"40";"nan";"None";"nan";"None";"nan";"None";"None";"2";"3";"Dépendance";"nan";"0.0";"None";"None";"None";"None";"nan";"7.238203";"43.689031";"000NE"
"2024-48678";"2024-08-13";"1";"Vente";"216650.0";"15.0";"B";"AV DU PETIT FABRON";"4975";"06200";"06088";"Nice";"06";"None";"None";"06088000NE0099";"None";"None";"32";"nan";"None";"nan";"None";"nan";"None";"nan";"None";"None";"1";"2";"Appartement";"68.0";"2.0";"None";"None";"None";"None";"nan";"7.238203";"43.689031";"000NE"
"2024-48789";"2024-07-30";"1";"Vente";"255000.0";"211.0";"None";"PROM DES ANGLAIS";"0240";"06200";"06088";"Nice";"06";"None";"None";"06088000NE0174";"None";"None";"20";"nan";"26";"nan";"None";"nan";"None";"nan";"None";"None";"2";"2";"Appartement";"90.0";"2.0";"None";"None";"None";"None";"nan";"7.236957";"43.686233";"000NE"
"2024-48165";"2024-07-29";"1";"Vente";"110000.0";"112.0";"None";"AV DE LA CALIFORNIE";"1045";"06200";"06088";"Nice";"06";"None";"None";"06088000NE0195";"None";"None";"59";"23.71";"None";"nan";"None";"nan";"None";"nan";"None";"None";"1";"2";"Appartement";"24.0";"1.0";"None";"None";"None";"None";"nan";"7.23679";"43.686954";"000NE"
"2024-48314";"2024-07-25";"1";"Vente";"83000.0";"112.0";"None";"AV DE LA CALIFORNIE";"1045";"06200";"06088";"Nice";"06";"None";"None";"06088000NE0195";"None";"None";"34";"26.44";"None";"nan";"None";"nan";"None";"nan";"None";"None";"1";"2";"Appartement";"27.0";"1.0";"None";"None";"None";"None";"nan";"7.23679";"43.686954";"000NE"
"2024-47630";"2024-07-22";"1";"Vente";"40500.0";"117.0";"None";"AV DE LA CALIFORNIE";"1045";"06200";"06088";"Nice";"06";"None";"None";"06088000NE0366";"None";"None";"13";"nan";"None";"nan";"None";"nan";"None";"nan";"None";"None";"1";"3";"Dépendance";"nan";"0.0";"None";"None";"None";"None";"nan";"7.237375";"43.686682";"000NE"
"2024-48010";"2024-07-17";"1";"Vente";"149000.0";"112.0";"None";"AV DE LA CALIFORNIE";"1045";"06200";"06088";"Nice";"06";"None";"None";"06088000NE0195";"None";"None";"19";"nan";"None";"nan";"None";"nan";"None";"nan";"None";"None";"1";"4";"Local industriel. commercial ou assimilé";"34.0";"0.0";"None";"None";"None";"None";"nan";"7.23679";"43.686954";"000NE"
"2024-48444";"2024-07-16";"1";"Vente";"133000.0";"2.0";"None";"AV DU PETIT FABRON";"4975";"06200";"06088";"Nice";"06";"None";"None";"06088000NE0124";"None";"None";"20";"nan";"None";"nan";"None";"nan";"None";"nan";"None";"None";"1";"2";"Appartement";"40.0";"3.0";"None";"None";"None";"None";"nan";"7.238858";"43.688465";"000NE"
"2024-48444";"2024-07-16";"1";"Vente";"133000.0";"2.0";"None";"AV DU PETIT FABRON";"4975";"06200";"06088";"Nice";"06";"None";"None";"06088000NE0124";"None";"None";"20";"nan";"None";"nan";"None";"nan";"None";"nan";"None";"None";"1";"3";"Dépendance";"nan";"0.0";"None";"None";"None";"None";"nan";"7.238858";"43.688465";"000NE"
"2024-47673";"2024-07-12";"1";"Vente";"695000.0";"183.0";"None";"PROM DES ANGLAIS";"0240";"06200";"06088";"Nice";"06";"None";"None";"06088000NE0154";"None";"None";"23";"nan";"None";"nan";"None";"nan";"None";"nan";"None";"None";"1";"2";"Appartement";"64.0";"2.0";"None";"None";"None";"None";"nan";"7.238788";"43.687577";"000NE"
"2024-47673";"2024-07-12";"1";"Vente";"695000.0";"183.0";"None";"PROM DES ANGLAIS";"0240";"06200";"06088";"Nice";"06";"None";"None";"06088000NE0154";"None";"None";"22";"nan";"None";"nan";"None";"nan";"None";"nan";"None";"None";"1";"2";"Appartement";"75.0";"3.0";"None";"None";"None";"None";"nan";"7.238788";"43.687577";"000NE"
"2024-47837";"2024-07-12";"1";"Vente";"210000.0";"21.0";"None";"AV DE FABRON";"2370";"06200";"06088";"Nice";"06";"None";"None";"06088000NE0312";"None";"None";"209";"59.29";"235";"nan";"None";"nan";"None";"nan";"None";"None";"2";"2";"Appartement";"55.0";"2.0";"None";"None";"None";"None";"nan";"7.23374";"43.686751";"000NE"
"2024-47673";"2024-07-12";"1";"Vente";"695000.0";"183.0";"None";"PROM DES ANGLAIS";"0240";"06200";"06088";"Nice";"06";"None";"None";"06088000NE0154";"None";"None";"23";"nan";"None";"nan";"None";"nan";"None";"nan";"None";"None";"1";"3";"Dépendance";"nan";"0.0";"None";"None";"None";"None";"nan";"7.238788";"43.687577";"000NE"
"2024-47673";"2024-07-12";"1";"Vente";"695000.0";"183.0";"None";"PROM DES ANGLAIS";"0240";"06200";"06088";"Nice";"06";"None";"None";"06088000NE0154";"None";"None";"22";"nan";"None";"nan";"None";"nan";"None";"nan";"None";"None";"1";"3";"Dépendance";"nan";"0.0";"None";"None";"None";"None";"nan";"7.238788";"43.687577";"000NE"
"2024-47837";"2024-07-12";"1";"Vente";"210000.0";"21.0";"None";"AV DE FABRON";"2370";"06200";"06088";"Nice";"06";"None";"None";"06088000NE0312";"None";"None";"209";"59.29";"235";"nan";"None";"nan";"None";"nan";"None";"None";"2";"3";"Dépendance";"nan";"0.0";"None";"None";"None";"None";"nan";"7.23374";"43.686751";"000NE"
"2024-47042";"2024-07-05";"1";"Vente";"152000.0";"126.0";"T";"AV DE LA CALIFORNIE";"1045";"06200";"06088";"Nice";"06";"None";"None";"06088000NE0229";"None";"None";"119";"nan";"None";"nan";"None";"nan";"None";"nan";"None";"None";"1";"2";"Appartement";"31.0";"1.0";"None";"None";"None";"None";"nan";"7.235318";"43.68585";"000NE"
"2024-46904";"2024-07-03";"1";"Vente";"95000.0";"76.0";"None";"AV DE LA CALIFORNIE";"1045";"06200";"06088";"Nice";"06";"None";"None";"06088000NE0127";"None";"None";"42";"nan";"72";"nan";"None";"nan";"None";"nan";"None";"None";"2";"2";"Appartement";"28.0";"1.0";"None";"None";"None";"None";"nan";"7.239138";"43.6887";"000NE"
"2024-46904";"2024-07-03";"1";"Vente";"95000.0";"76.0";"None";"AV DE LA CALIFORNIE";"1045";"06200";"06088";"Nice";"06";"None";"None";"06088000NE0127";"None";"None";"42";"nan";"72";"nan";"None";"nan";"None";"nan";"None";"None";"2";"3";"Dépendance";"nan";"0.0";"None";"None";"None";"None";"nan";"7.239138";"43.6887";"000NE"
"2024-46313";"2024-06-27";"1";"Vente";"74000.0";"76.0";"None";"AV DE LA CALIFORNIE";"1045";"06200";"06088";"Nice";"06";"None";"None";"06088000NE0127";"None";"None";"42";"nan";"72";"26.7";"None";"nan";"None";"nan";"None";"None";"2";"2";"Appartement";"28.0";"1.0";"None";"None";"None";"None";"nan";"7.239138";"43.6887";"000NE"
"2024-47316";"2024-06-27";"1";"Vente";"500000.0";"198.0";"None";"PROM DES ANGLAIS";"0240";"06200";"06088";"Nice";"06";"None";"None";"06088000NE0164";"None";"None";"12";"nan";"67";"40.55";"None";"nan";"None";"nan";"None";"None";"2";"2";"Appartement";"42.0";"2.0";"None";"None";"None";"None";"nan";"7.237553";"43.686785";"000NE"
"2024-46313";"2024-06-27";"1";"Vente";"74000.0";"76.0";"None";"AV DE LA CALIFORNIE";"1045";"06200";"06088";"Nice";"06";"None";"None";"06088000NE0127";"None";"None";"42";"nan";"72";"26.7";"None";"nan";"None";"nan";"None";"None";"2";"3";"Dépendance";"nan";"0.0";"None";"None";"None";"None";"nan";"7.239138";"43.6887";"000NE"
"2024-47316";"2024-06-27";"1";"Vente";"500000.0";"198.0";"None";"PROM DES ANGLAIS";"0240";"06200";"06088";"Nice";"06";"None";"None";"06088000NE0164";"None";"None";"12";"nan";"67";"40.55";"None";"nan";"None";"nan";"None";"None";"2";"3";"Dépendance";"nan";"0.0";"None";"None";"None";"None";"nan";"7.237553";"43.686785";"000NE"
"2024-47316";"2024-06-27";"1";"Vente";"500000.0";"198.0";"None";"PROM DES ANGLAIS";"0240";"06200";"06088";"Nice";"06";"None";"None";"06088000NE0164";"None";"None";"12";"nan";"67";"40.55";"None";"nan";"None";"nan";"None";"None";"2";"3";"Dépendance";"nan";"0.0";"None";"None";"None";"None";"nan";"7.237553";"43.686785";"000NE"
"2024-46107";"2024-06-26";"1";"Vente";"278000.0";"117.0";"None";"AV DE LA CALIFORNIE";"1045";"06200";"06088";"Nice";"06";"None";"None";"06088000NE0366";"None";"None";"98";"38.77";"None";"nan";"None";"nan";"None";"nan";"None";"None";"1";"2";"Appartement";"42.0";"1.0";"None";"None";"None";"None";"nan";"7.237375";"43.686682";"000NE"
"2024-47094";"2024-06-26";"1";"Vente";"20500.0";"126.0";"None";"AV DE LA CALIFORNIE";"1045";"06200";"06088";"Nice";"06";"None";"None";"06088000NE0188";"None";"None";"51";"nan";"None";"nan";"None";"nan";"None";"nan";"None";"None";"1";"3";"Dépendance";"nan";"0.0";"None";"None";"None";"None";"nan";"7.235598";"43.686043";"000NE"
"2024-46599";"2024-06-25";"1";"Vente";"250000.0";"124.0";"None";"AV DE LA CALIFORNIE";"1045";"06200";"06088";"Nice";"06";"None";"None";"06088000NE0266";"None";"None";"239";"nan";"None";"nan";"None";"nan";"None";"nan";"None";"None";"1";"2";"Appartement";"59.0";"2.0";"None";"None";"None";"None";"nan";"7.235937";"43.686293";"000NE"
"2024-47117";"2024-06-25";"1";"Vente";"533930.0";"187.0";"B";"PROM DES ANGLAIS";"0240";"06200";"06088";"Nice";"06";"None";"None";"06088000NE0158";"None";"None";"26";"nan";"None";"nan";"None";"nan";"None";"nan";"None";"None";"1";"2";"Appartement";"58.0";"3.0";"None";"None";"None";"None";"nan";"7.2384";"43.68732";"000NE"
"2024-47117";"2024-06-25";"1";"Vente";"533930.0";"187.0";"B";"PROM DES ANGLAIS";"0240";"06200";"06088";"Nice";"06";"None";"None";"06088000NE0158";"None";"None";"26";"nan";"None";"nan";"None";"nan";"None";"nan";"None";"None";"1";"3";"Dépendance";"nan";"0.0";"None";"None";"None";"None";"nan";"7.2384";"43.68732";"000NE"
"2024-46384";"2024-06-24";"1";"Vente";"57640.0";"167.0";"None";"PROM DES ANGLAIS";"0240";"06200";"06088";"Nice";"06";"None";"None";"06088000NE0146";"None";"None";"90";"nan";"None";"nan";"None";"nan";"None";"nan";"None";"None";"1";"2";"Appartement";"10.0";"1.0";"None";"None";"None";"None";"nan";"7.24015";"43.68847";"000NE"
"2024-46372";"2024-06-19";"1";"Vente";"180000.0";"84.0";"None";"AV DE LA CALIFORNIE";"1045";"06200";"06088";"Nice";"06";"None";"None";"06088000NE0117";"None";"None";"12";"nan";"23";"56.92";"None";"nan";"None";"nan";"None";"None";"2";"2";"Appartement";"58.0";"2.0";"None";"None";"None";"None";"nan";"7.237931";"43.687903";"000NE"
"2024-46372";"2024-06-19";"1";"Vente";"180000.0";"84.0";"None";"AV DE LA CALIFORNIE";"1045";"06200";"06088";"Nice";"06";"None";"None";"06088000NE0117";"None";"None";"12";"nan";"23";"56.92";"None";"nan";"None";"nan";"None";"None";"2";"3";"Dépendance";"nan";"0.0";"None";"None";"None";"None";"nan";"7.237931";"43.687903";"000NE"
"2024-46157";"2024-06-19";"1";"Vente";"330000.0";"118.0";"None";"AV DE LA CALIFORNIE";"1045";"06200";"06088";"Nice";"06";"None";"None";"06088000NE0192";"None";"None";"22";"nan";"23";"nan";"24";"nan";"25";"nan";"26";"None";"6";"4";"Local industriel. commercial ou assimilé";"101.0";"0.0";"None";"None";"None";"None";"nan";"7.236395";"43.686643";"000NE"
"2024-46206";"2024-06-18";"1";"Vente";"175000.0";"106.0";"None";"AV DE LA CALIFORNIE";"1045";"06200";"06088";"Nice";"06";"None";"None";"06088000NE0198";"None";"None";"50";"nan";"None";"nan";"None";"nan";"None";"nan";"None";"None";"1";"2";"Appartement";"36.0";"1.0";"None";"None";"None";"None";"nan";"7.237167";"43.687254";"000NE"
"2024-47602";"2024-06-14";"1";"Vente";"550000.0";"187.0";"B";"PROM DES ANGLAIS";"0240";"06200";"06088";"Nice";"06";"None";"None";"06088000NE0158";"None";"None";"30";"nan";"6";"nan";"None";"nan";"None";"nan";"None";"None";"2";"2";"Appartement";"59.0";"3.0";"None";"None";"None";"None";"nan";"7.2384";"43.68732";"000NE"
"2024-47602";"2024-06-14";"1";"Vente";"550000.0";"187.0";"B";"PROM DES ANGLAIS";"0240";"06200";"06088";"Nice";"06";"None";"None";"06088000NE0158";"None";"None";"30";"nan";"6";"nan";"None";"nan";"None";"nan";"None";"None";"2";"3";"Dépendance";"nan";"0.0";"None";"None";"None";"None";"nan";"7.2384";"43.68732";"000NE"
"2024-45906";"2024-06-12";"1";"Vente";"219700.0";"108.0";"None";"AV DE LA CALIFORNIE";"1045";"06200";"06088";"Nice";"06";"None";"None";"06088000NE0197";"None";"None";"34";"41.43";"None";"nan";"None";"nan";"None";"nan";"None";"None";"1";"2";"Appartement";"42.0";"2.0";"None";"None";"None";"None";"nan";"7.237015";"43.687156";"000NE"
"2024-45905";"2024-06-12";"1";"Vente";"16000.0";"108.0";"None";"AV DE LA CALIFORNIE";"1045";"06200";"06088";"Nice";"06";"None";"None";"06088000NE0197";"None";"None";"3";"nan";"None";"nan";"None";"nan";"None";"nan";"None";"None";"1";"3";"Dépendance";"nan";"0.0";"None";"None";"None";"None";"nan";"7.237015";"43.687156";"000NE"
"2024-45240";"2024-06-10";"1";"Vente";"225000.0";"120.0";"None";"AV DE LA CALIFORNIE";"1045";"06200";"06088";"Nice";"06";"None";"None";"06088000NE0227";"None";"None";"17";"nan";"40";"nan";"None";"nan";"None";"nan";"None";"None";"2";"2";"Appartement";"53.0";"2.0";"None";"None";"None";"None";"nan";"7.23629";"43.686552";"000NE"
"2024-45240";"2024-06-10";"1";"Vente";"225000.0";"120.0";"None";"AV DE LA CALIFORNIE";"1045";"06200";"06088";"Nice";"06";"None";"None";"06088000NE0227";"None";"None";"17";"nan";"40";"nan";"None";"nan";"None";"nan";"None";"None";"2";"3";"Dépendance";"nan";"0.0";"None";"None";"None";"None";"nan";"7.23629";"43.686552";"000NE"
"2024-45240";"2024-06-10";"1";"Vente";"225000.0";"120.0";"None";"AV DE LA CALIFORNIE";"1045";"06200";"06088";"Nice";"06";"None";"None";"06088000NE0227";"None";"None";"17";"nan";"40";"nan";"None";"nan";"None";"nan";"None";"None";"2";"3";"Dépendance";"nan";"0.0";"None";"None";"None";"None";"nan";"7.23629";"43.686552";"000NE"
"2024-45355";"2024-06-07";"1";"Vente";"25000.0";"15.0";"B";"AV DU PETIT FABRON";"4975";"06200";"06088";"Nice";"06";"None";"None";"06088000NE0099";"None";"None";"148";"nan";"None";"nan";"None";"nan";"None";"nan";"None";"None";"1";"3";"Dépendance";"nan";"0.0";"None";"None";"None";"None";"nan";"7.238203";"43.689031";"000NE"
"2024-45507";"2024-06-07";"1";"Vente";"50000.0";"124.0";"None";"AV DE LA CALIFORNIE";"1045";"06200";"06088";"Nice";"06";"None";"None";"06088000NE0266";"None";"None";"170";"nan";"None";"nan";"None";"nan";"None";"nan";"None";"None";"1";"3";"Dépendance";"nan";"0.0";"None";"None";"None";"None";"nan";"7.235937";"43.686293";"000NE"
"2024-44837";"2024-05-23";"1";"Vente";"115000.0";"213.0";"None";"PROM DES ANGLAIS";"0240";"06200";"06088";"Nice";"06";"None";"None";"06088000NE0176";"None";"None";"47";"22.74";"None";"nan";"None";"nan";"None";"nan";"None";"None";"1";"2";"Appartement";"14.0";"1.0";"None";"None";"None";"None";"nan";"7.236841";"43.686188";"000NE"
"2024-44069";"2024-05-14";"1";"Vente";"112000.0";"112.0";"None";"AV DE LA CALIFORNIE";"1045";"06200";"06088";"Nice";"06";"None";"None";"06088000NE0195";"None";"None";"86";"25.98";"None";"nan";"None";"nan";"None";"nan";"None";"None";"1";"2";"Appartement";"26.0";"1.0";"None";"None";"None";"None";"nan";"7.23679";"43.686954";"000NE"
"2024-44052";"2024-05-06";"1";"Vente";"420000.0";"198.0";"None";"PROM DES ANGLAIS";"0240";"06200";"06088";"Nice";"06";"None";"None";"06088000NE0164";"None";"None";"45";"nan";"7";"nan";"None";"nan";"None";"nan";"None";"None";"2";"2";"Appartement";"75.0";"3.0";"None";"None";"None";"None";"nan";"7.237553";"43.686785";"000NE"
"2024-44145";"2024-05-06";"1";"Vente";"134050.0";"15.0";"None";"AV DU PETIT FABRON";"4975";"06200";"06088";"Nice";"06";"None";"None";"06088000NE0099";"None";"None";"16";"nan";"166";"34.66";"None";"nan";"None";"nan";"None";"None";"2";"2";"Appartement";"40.0";"1.0";"None";"None";"None";"None";"nan";"7.238203";"43.689031";"000NE"
"2024-44417";"2024-05-06";"1";"Vente";"330000.0";"21.0";"None";"AV DE FABRON";"2370";"06200";"06088";"Nice";"06";"None";"None";"06088000NE0312";"None";"None";"109";"72.91";"155";"nan";"None";"nan";"None";"nan";"None";"None";"2";"2";"Appartement";"72.0";"3.0";"None";"None";"None";"None";"nan";"7.23374";"43.686751";"000NE"
"2024-44052";"2024-05-06";"1";"Vente";"420000.0";"198.0";"None";"PROM DES ANGLAIS";"0240";"06200";"06088";"Nice";"06";"None";"None";"06088000NE0164";"None";"None";"45";"nan";"7";"nan";"None";"nan";"None";"nan";"None";"None";"2";"3";"Dépendance";"nan";"0.0";"None";"None";"None";"None";"nan";"7.237553";"43.686785";"000NE"
"2024-44052";"2024-05-06";"1";"Vente";"420000.0";"198.0";"None";"PROM DES ANGLAIS";"0240";"06200";"06088";"Nice";"06";"None";"None";"06088000NE0164";"None";"None";"45";"nan";"7";"nan";"None";"nan";"None";"nan";"None";"None";"2";"3";"Dépendance";"nan";"0.0";"None";"None";"None";"None";"nan";"7.237553";"43.686785";"000NE"
"2024-44417";"2024-05-06";"1";"Vente";"330000.0";"21.0";"None";"AV DE FABRON";"2370";"06200";"06088";"Nice";"06";"None";"None";"06088000NE0312";"None";"None";"109";"72.91";"155";"nan";"None";"nan";"None";"nan";"None";"None";"2";"3";"Dépendance";"nan";"0.0";"None";"None";"None";"None";"nan";"7.23374";"43.686751";"000NE"
"2024-44554";"2024-05-03";"1";"Vente";"212000.0";"21.0";"None";"AV DE FABRON";"2370";"06200";"06088";"Nice";"06";"None";"None";"06088000NE0312";"None";"None";"178";"nan";"98";"nan";"None";"nan";"None";"nan";"None";"None";"2";"2";"Appartement";"49.0";"2.0";"None";"None";"None";"None";"nan";"7.23374";"43.686751";"000NE"
"2024-44554";"2024-05-03";"1";"Vente";"212000.0";"21.0";"None";"AV DE FABRON";"2370";"06200";"06088";"Nice";"06";"None";"None";"06088000NE0312";"None";"None";"178";"nan";"98";"nan";"None";"nan";"None";"nan";"None";"None";"2";"3";"Dépendance";"nan";"0.0";"None";"None";"None";"None";"nan";"7.23374";"43.686751";"000NE"
"2024-43809";"2024-04-30";"1";"Vente";"246000.0";"187.0";"B";"PROM DES ANGLAIS";"0240";"06200";"06088";"Nice";"06";"None";"None";"06088000NE0158";"None";"None";"32";"49.18";"None";"nan";"None";"nan";"None";"nan";"None";"None";"1";"2";"Appartement";"61.0";"3.0";"None";"None";"None";"None";"nan";"7.2384";"43.68732";"000NE"
"2024-44289";"2024-04-30";"1";"Vente";"436600.0";"117.0";"None";"AV DE LA CALIFORNIE";"1045";"06200";"06088";"Nice";"06";"None";"None";"06088000NE0366";"None";"None";"54";"nan";"99";"39.85";"None";"nan";"None";"nan";"None";"None";"2";"2";"Appartement";"42.0";"1.0";"None";"None";"None";"None";"nan";"7.237375";"43.686682";"000NE"
"2024-44574";"2024-04-30";"1";"Vente";"413000.0";"21.0";"None";"AV DE FABRON";"2370";"06200";"06088";"Nice";"06";"None";"None";"06088000NE0312";"None";"None";"34";"nan";"72";"nan";"None";"nan";"None";"nan";"None";"None";"2";"2";"Appartement";"72.0";"3.0";"None";"None";"None";"None";"nan";"7.23374";"43.686751";"000NE"
"2024-43809";"2024-04-30";"1";"Vente";"246000.0";"187.0";"B";"PROM DES ANGLAIS";"0240";"06200";"06088";"Nice";"06";"None";"None";"06088000NE0158";"None";"None";"32";"49.18";"None";"nan";"None";"nan";"None";"nan";"None";"None";"1";"3";"Dépendance";"nan";"0.0";"None";"None";"None";"None";"nan";"7.2384";"43.68732";"000NE"
"2024-44574";"2024-04-30";"1";"Vente";"413000.0";"21.0";"None";"AV DE FABRON";"2370";"06200";"06088";"Nice";"06";"None";"None";"06088000NE0312";"None";"None";"34";"nan";"72";"nan";"None";"nan";"None";"nan";"None";"None";"2";"3";"Dépendance";"nan";"0.0";"None";"None";"None";"None";"nan";"7.23374";"43.686751";"000NE"
"2024-43503";"2024-04-25";"1";"Vente";"155000.0";"108.0";"None";"AV DE LA CALIFORNIE";"1045";"06200";"06088";"Nice";"06";"None";"None";"06088000NE0197";"None";"None";"24";"nan";"None";"nan";"None";"nan";"None";"nan";"None";"None";"1";"2";"Appartement";"40.0";"2.0";"None";"None";"None";"None";"nan";"7.237015";"43.687156";"000NE"
"2024-43835";"2024-04-25";"1";"Vente";"205000.0";"112.0";"None";"AV DE LA CALIFORNIE";"1045";"06200";"06088";"Nice";"06";"None";"None";"06088000NE0195";"None";"None";"3";"nan";"80";"nan";"None";"nan";"None";"nan";"None";"None";"2";"2";"Appartement";"35.0";"2.0";"None";"None";"None";"None";"nan";"7.23679";"43.686954";"000NE"
"2024-43575";"2024-04-23";"1";"Vente";"98390.0";"179.0";"None";"PROM DES ANGLAIS";"0240";"06200";"06088";"Nice";"06";"None";"None";"06088000NE0152";"None";"None";"143";"27.36";"None";"nan";"None";"nan";"None";"nan";"None";"None";"1";"4";"Local industriel. commercial ou assimilé";"32.0";"0.0";"None";"None";"None";"None";"nan";"7.239213";"43.687844";"000NE"
"2024-43937";"2024-04-19";"1";"Vente";"400000.0";"117.0";"None";"AV DE LA CALIFORNIE";"1045";"06200";"06088";"Nice";"06";"None";"None";"06088000NE0366";"None";"None";"101";"nan";"52";"nan";"None";"nan";"None";"nan";"None";"None";"2";"2";"Appartement";"57.0";"1.0";"None";"None";"None";"None";"nan";"7.237375";"43.686682";"000NE"
"2024-44076";"2024-04-19";"1";"Vente";"150000.0";"213.0";"None";"PROM DES ANGLAIS";"0240";"06200";"06088";"Nice";"06";"None";"None";"06088000NE0176";"None";"None";"53";"nan";"None";"nan";"None";"nan";"None";"nan";"None";"None";"1";"2";"Appartement";"39.0";"2.0";"None";"None";"None";"None";"nan";"7.236841";"43.686188";"000NE"
"2024-43802";"2024-04-19";"1";"Vente";"35000.0";"76.0";"None";"AV DE LA CALIFORNIE";"1045";"06200";"06088";"Nice";"06";"None";"None";"06088000NE0127";"None";"None";"4";"nan";"None";"nan";"None";"nan";"None";"nan";"None";"None";"1";"3";"Dépendance";"nan";"0.0";"None";"None";"None";"None";"nan";"7.239138";"43.6887";"000NE"
"2024-43937";"2024-04-19";"1";"Vente";"400000.0";"117.0";"None";"AV DE LA CALIFORNIE";"1045";"06200";"06088";"Nice";"06";"None";"None";"06088000NE0366";"None";"None";"28";"nan";"None";"nan";"None";"nan";"None";"nan";"None";"None";"1";"3";"Dépendance";"nan";"0.0";"None";"None";"None";"None";"nan";"7.237375";"43.686682";"000NE"
"2024-43412";"2024-04-15";"1";"Vente";"595000.0";"185.0";"None";"PROM DES ANGLAIS";"0240";"06200";"06088";"Nice";"06";"None";"None";"06088000NE0375";"None";"None";"215";"nan";"285";"nan";"None";"nan";"None";"nan";"None";"None";"2";"2";"Appartement";"65.0";"3.0";"None";"None";"None";"None";"nan";"7.238539";"43.687479";"000NE"
"2024-43412";"2024-04-15";"1";"Vente";"595000.0";"185.0";"None";"PROM DES ANGLAIS";"0240";"06200";"06088";"Nice";"06";"None";"None";"06088000NE0375";"None";"None";"215";"nan";"285";"nan";"None";"nan";"None";"nan";"None";"None";"2";"3";"Dépendance";"nan";"0.0";"None";"None";"None";"None";"nan";"7.238539";"43.687479";"000NE"
"2024-43412";"2024-04-15";"1";"Vente";"595000.0";"95.0";"None";"AV DE LA CALIFORNIE";"1045";"06200";"06088";"Nice";"06";"None";"None";"06088000NE0375";"None";"None";"264";"nan";"None";"nan";"None";"nan";"None";"nan";"None";"None";"1";"3";"Dépendance";"nan";"0.0";"None";"None";"None";"None";"nan";"7.238539";"43.687479";"000NE"
"2024-43907";"2024-04-08";"1";"Vente";"404000.0";"2.0";"None";"AV LE MESNIL";"4185";"06200";"06088";"Nice";"06";"None";"None";"06088000NE0007";"None";"None";"7";"nan";"None";"nan";"None";"nan";"None";"nan";"None";"None";"1";"3";"Dépendance";"nan";"0.0";"None";"None";"None";"None";"nan";"7.234741";"43.688643";"000NE"
"2024-42679";"2024-03-26";"1";"Vente";"475000.0";"163.0";"None";"PROM DES ANGLAIS";"0240";"06200";"06088";"Nice";"06";"None";"None";"06088000NE0144";"None";"None";"25";"nan";"5";"nan";"None";"nan";"None";"nan";"None";"None";"2";"2";"Appartement";"60.0";"2.0";"None";"None";"None";"None";"nan";"7.240483";"43.688571";"000NE"
"2024-42679";"2024-03-26";"1";"Vente";"475000.0";"163.0";"None";"PROM DES ANGLAIS";"0240";"06200";"06088";"Nice";"06";"None";"None";"06088000NE0144";"None";"None";"25";"nan";"5";"nan";"None";"nan";"None";"nan";"None";"None";"2";"3";"Dépendance";"nan";"0.0";"None";"None";"None";"None";"nan";"7.240483";"43.688571";"000NE"
"2024-42683";"2024-03-25";"1";"Vente";"122000.0";"112.0";"None";"AV DE LA CALIFORNIE";"1045";"06200";"06088";"Nice";"06";"None";"None";"06088000NE0195";"None";"None";"69";"nan";"None";"nan";"None";"nan";"None";"nan";"None";"None";"1";"2";"Appartement";"23.0";"1.0";"None";"None";"None";"None";"nan";"7.23679";"43.686954";"000NE"
"2024-42059";"2024-03-15";"1";"Vente";"220200.0";"74.0";"None";"AV DE LA CALIFORNIE";"1045";"06200";"06088";"Nice";"06";"None";"None";"06088000NE0235";"None";"None";"9";"nan";"None";"nan";"None";"nan";"None";"nan";"None";"None";"1";"2";"Appartement";"46.0";"2.0";"None";"None";"None";"None";"nan";"7.239399";"43.688655";"000NE"
"2024-42529";"2024-03-08";"1";"Vente";"223030.0";"124.0";"None";"AV DE LA CALIFORNIE";"1045";"06200";"06088";"Nice";"06";"None";"None";"06088000NE0266";"None";"None";"288";"nan";"None";"nan";"None";"nan";"None";"nan";"None";"None";"1";"2";"Appartement";"31.0";"1.0";"None";"None";"None";"None";"nan";"7.235937";"43.686293";"000NE"
"2024-41780";"2024-03-07";"1";"Vente";"212840.0";"114.0";"None";"AV DE LA CALIFORNIE";"1045";"06200";"06088";"Nice";"06";"None";"None";"06088000NE0245";"None";"None";"41";"30.0";"None";"nan";"None";"nan";"None";"nan";"None";"None";"1";"2";"Appartement";"30.0";"2.0";"None";"None";"None";"None";"nan";"7.23663";"43.686826";"000NE"
"2024-41780";"2024-03-07";"1";"Vente";"212840.0";"114.0";"None";"AV DE LA CALIFORNIE";"1045";"06200";"06088";"Nice";"06";"None";"None";"06088000NE0245";"None";"None";"1";"nan";"None";"nan";"None";"nan";"None";"nan";"None";"None";"1";"3";"Dépendance";"nan";"0.0";"None";"None";"None";"None";"nan";"7.23663";"43.686826";"000NE"
"2024-41859";"2024-03-06";"1";"Vente";"318000.0";"80.0";"None";"AV DE LA CALIFORNIE";"1045";"06200";"06088";"Nice";"06";"None";"None";"06088000NE0234";"None";"None";"28";"nan";"9";"nan";"None";"nan";"None";"nan";"None";"None";"2";"2";"Appartement";"87.0";"3.0";"None";"None";"None";"None";"nan";"7.239191";"43.688526";"000NE"
"2024-41592";"2024-02-28";"1";"Vente";"272000.0";"106.0";"None";"AV DE LA CALIFORNIE";"1045";"06200";"06088";"Nice";"06";"None";"None";"06088000NE0198";"None";"None";"27";"nan";"45";"50.06";"None";"nan";"None";"nan";"None";"None";"2";"2";"Appartement";"60.0";"2.0";"None";"None";"None";"None";"nan";"7.237167";"43.687254";"000NE"
"2024-41593";"2024-02-28";"1";"Vente";"152000.0";"112.0";"None";"AV DE LA CALIFORNIE";"1045";"06200";"06088";"Nice";"06";"None";"None";"06088000NE0195";"None";"None";"33";"44.45";"None";"nan";"None";"nan";"None";"nan";"None";"None";"1";"2";"Appartement";"44.0";"2.0";"None";"None";"None";"None";"nan";"7.23679";"43.686954";"000NE"
"2024-41836";"2024-02-23";"1";"Vente";"153000.0";"117.0";"None";"AV DE LA CALIFORNIE";"1045";"06200";"06088";"Nice";"06";"None";"None";"06088000NE0366";"None";"None";"78";"nan";"None";"nan";"None";"nan";"None";"nan";"None";"None";"1";"2";"Appartement";"28.0";"1.0";"None";"None";"None";"None";"nan";"7.237375";"43.686682";"000NE"
"2024-41272";"2024-02-22";"1";"Vente";"585000.0";"2.0";"None";"AV LE MESNIL";"4185";"06200";"06088";"Nice";"06";"None";"None";"06088000NE0007";"None";"None";"59";"nan";"80";"77.14";"None";"nan";"None";"nan";"None";"None";"2";"2";"Appartement";"143.0";"5.0";"None";"None";"None";"None";"nan";"7.234741";"43.688643";"000NE"
"2024-41489";"2024-02-22";"1";"Vente";"133000.0";"3.0";"None";"AV DU PETIT FABRON";"4975";"06200";"06088";"Nice";"06";"None";"None";"06088000NE0295";"None";"None";"178";"nan";"198";"nan";"218";"nan";"None";"nan";"None";"None";"3";"2";"Appartement";"36.0";"2.0";"None";"None";"None";"None";"nan";"7.237607";"43.688688";"000NE"
"2024-44976";"2024-02-22";"1";"Adjudication";"85000.0";"126.0";"T";"AV DE LA CALIFORNIE";"1045";"06200";"06088";"Nice";"06";"None";"None";"06088000NE0229";"None";"None";"138";"nan";"None";"nan";"None";"nan";"None";"nan";"None";"None";"1";"2";"Appartement";"21.0";"1.0";"None";"None";"None";"None";"nan";"7.235318";"43.68585";"000NE"
"2024-41272";"2024-02-22";"1";"Vente";"585000.0";"2.0";"None";"AV LE MESNIL";"4185";"06200";"06088";"Nice";"06";"None";"None";"06088000NE0007";"None";"None";"59";"nan";"80";"77.14";"None";"nan";"None";"nan";"None";"None";"2";"3";"Dépendance";"nan";"0.0";"None";"None";"None";"None";"nan";"7.234741";"43.688643";"000NE"
"2024-41272";"2024-02-22";"1";"Vente";"585000.0";"2.0";"None";"AV LE MESNIL";"4185";"06200";"06088";"Nice";"06";"None";"None";"06088000NE0007";"None";"None";"23";"nan";"None";"nan";"None";"nan";"None";"nan";"None";"None";"1";"3";"Dépendance";"nan";"0.0";"None";"None";"None";"None";"nan";"7.234741";"43.688643";"000NE"
"2024-41272";"2024-02-22";"1";"Vente";"585000.0";"2.0";"None";"AV LE MESNIL";"4185";"06200";"06088";"Nice";"06";"None";"None";"06088000NE0007";"None";"None";"59";"nan";"80";"77.14";"None";"nan";"None";"nan";"None";"None";"2";"3";"Dépendance";"nan";"0.0";"None";"None";"None";"None";"nan";"7.234741";"43.688643";"000NE"
"2024-41489";"2024-02-22";"1";"Vente";"133000.0";"3.0";"None";"AV DU PETIT FABRON";"4975";"06200";"06088";"Nice";"06";"None";"None";"06088000NE0295";"None";"None";"178";"nan";"198";"nan";"218";"nan";"None";"nan";"None";"None";"3";"3";"Dépendance";"nan";"0.0";"None";"None";"None";"None";"nan";"7.237607";"43.688688";"000NE"
"2024-41489";"2024-02-22";"1";"Vente";"133000.0";"3.0";"None";"AV DU PETIT FABRON";"4975";"06200";"06088";"Nice";"06";"None";"None";"06088000NE0295";"None";"None";"178";"nan";"198";"nan";"218";"nan";"None";"nan";"None";"None";"3";"3";"Dépendance";"nan";"0.0";"None";"None";"None";"None";"nan";"7.237607";"43.688688";"000NE"
"2024-41399";"2024-02-20";"1";"Vente";"178650.0";"15.0";"B";"AV DU PETIT FABRON";"4975";"06200";"06088";"Nice";"06";"None";"None";"06088000NE0099";"None";"None";"38";"nan";"None";"nan";"None";"nan";"None";"nan";"None";"None";"1";"2";"Appartement";"33.0";"1.0";"None";"None";"None";"None";"nan";"7.238203";"43.689031";"000NE"
"2024-41399";"2024-02-20";"1";"Vente";"178650.0";"15.0";"B";"AV DU PETIT FABRON";"4975";"06200";"06088";"Nice";"06";"None";"None";"06088000NE0099";"None";"None";"38";"nan";"None";"nan";"None";"nan";"None";"nan";"None";"None";"1";"3";"Dépendance";"nan";"0.0";"None";"None";"None";"None";"nan";"7.238203";"43.689031";"000NE"
"2024-41080";"2024-02-16";"1";"Vente";"152300.0";"124.0";"None";"AV DE LA CALIFORNIE";"1045";"06200";"06088";"Nice";"06";"None";"None";"06088000NE0266";"None";"None";"300";"nan";"None";"nan";"None";"nan";"None";"nan";"None";"None";"1";"2";"Appartement";"31.0";"1.0";"None";"None";"None";"None";"nan";"7.235937";"43.686293";"000NE"
"2024-40935";"2024-02-08";"1";"Vente";"125000.0";"93.0";"None";"AV DE LA CALIFORNIE";"1045";"06200";"06088";"Nice";"06";"None";"None";"06088000NE0155";"None";"None";"43";"nan";"None";"nan";"None";"nan";"None";"nan";"None";"None";"1";"2";"Appartement";"29.0";"1.0";"None";"None";"None";"None";"nan";"7.238691";"43.687678";"000NE"
"2024-41319";"2024-02-08";"1";"Vente";"135000.0";"93.0";"None";"AV DE LA CALIFORNIE";"1045";"06200";"06088";"Nice";"06";"None";"None";"06088000NE0155";"None";"None";"53";"nan";"None";"nan";"None";"nan";"None";"nan";"None";"None";"1";"2";"Appartement";"30.0";"1.0";"None";"None";"None";"None";"nan";"7.238691";"43.687678";"000NE"
"2024-40540";"2024-01-31";"1";"Vente";"268600.0";"126.0";"None";"AV DE LA CALIFORNIE";"1045";"06200";"06088";"Nice";"06";"None";"None";"06088000NE0188";"None";"None";"182";"nan";"None";"nan";"None";"nan";"None";"nan";"None";"None";"1";"2";"Appartement";"76.0";"3.0";"None";"None";"None";"None";"nan";"7.235598";"43.686043";"000NE"
"2024-40540";"2024-01-31";"1";"Vente";"268600.0";"126.0";"None";"AV DE LA CALIFORNIE";"1045";"06200";"06088";"Nice";"06";"None";"None";"06088000NE0188";"None";"None";"10";"nan";"None";"nan";"None";"nan";"None";"nan";"None";"None";"1";"3";"Dépendance";"nan";"0.0";"None";"None";"None";"None";"nan";"7.235598";"43.686043";"000NE"
"2024-40704";"2024-01-29";"1";"Vente";"179000.0";"106.0";"None";"AV DE LA CALIFORNIE";"1045";"06200";"06088";"Nice";"06";"None";"None";"06088000NE0198";"None";"None";"52";"40.94";"None";"nan";"None";"nan";"None";"nan";"None";"None";"1";"2";"Appartement";"70.0";"3.0";"None";"None";"None";"None";"nan";"7.237167";"43.687254";"000NE"
"2024-40558";"2024-01-26";"1";"Vente";"650000.0";"197.0";"None";"PROM DES ANGLAIS";"0240";"06200";"06088";"Nice";"06";"None";"None";"06088000NE0163";"None";"None";"108";"nan";"115";"nan";"128";"nan";"None";"nan";"None";"None";"3";"2";"Appartement";"85.0";"3.0";"None";"None";"None";"None";"nan";"7.237721";"43.686808";"000NE"
"2024-40558";"2024-01-26";"1";"Vente";"650000.0";"197.0";"None";"PROM DES ANGLAIS";"0240";"06200";"06088";"Nice";"06";"None";"None";"06088000NE0163";"None";"None";"108";"nan";"115";"nan";"128";"nan";"None";"nan";"None";"None";"3";"3";"Dépendance";"nan";"0.0";"None";"None";"None";"None";"nan";"7.237721";"43.686808";"000NE"
"2024-40558";"2024-01-26";"1";"Vente";"650000.0";"117.0";"None";"AV DE LA CALIFORNIE";"1045";"06200";"06088";"Nice";"06";"None";"None";"06088000NE0366";"None";"None";"10";"nan";"None";"nan";"None";"nan";"None";"nan";"None";"None";"1";"3";"Dépendance";"nan";"0.0";"None";"None";"None";"None";"nan";"7.237375";"43.686682";"000NE"
"2024-40252";"2024-01-25";"1";"Vente";"900000.0";"169.0";"None";"PROM DES ANGLAIS";"0240";"06200";"06088";"Nice";"06";"None";"None";"06088000NE0148";"None";"None";"33";"nan";"34";"nan";"None";"nan";"None";"nan";"None";"None";"2";"2";"Appartement";"108.0";"4.0";"None";"None";"None";"None";"nan";"7.239864";"43.688269";"000NE"
"2024-40252";"2024-01-25";"1";"Vente";"900000.0";"169.0";"None";"PROM DES ANGLAIS";"0240";"06200";"06088";"Nice";"06";"None";"None";"06088000NE0148";"None";"None";"33";"nan";"34";"nan";"None";"nan";"None";"nan";"None";"None";"2";"3";"Dépendance";"nan";"0.0";"None";"None";"None";"None";"nan";"7.239864";"43.688269";"000NE"
"2024-40252";"2024-01-25";"1";"Vente";"900000.0";"169.0";"None";"PROM DES ANGLAIS";"0240";"06200";"06088";"Nice";"06";"None";"None";"06088000NE0148";"None";"None";"33";"nan";"34";"nan";"None";"nan";"None";"nan";"None";"None";"2";"3";"Dépendance";"nan";"0.0";"None";"None";"None";"None";"nan";"7.239864";"43.688269";"000NE"
"2024-40271";"2024-01-25";"1";"Vente";"22000.0";"112.0";"None";"AV DE LA CALIFORNIE";"1045";"06200";"06088";"Nice";"06";"None";"None";"06088000NE0195";"None";"None";"13";"nan";"None";"nan";"None";"nan";"None";"nan";"None";"None";"1";"3";"Dépendance";"nan";"0.0";"None";"None";"None";"None";"nan";"7.23679";"43.686954";"000NE"
"2024-40356";"2024-01-23";"1";"Vente";"126000.0";"93.0";"None";"AV DE LA CALIFORNIE";"1045";"06200";"06088";"Nice";"06";"None";"None";"06088000NE0155";"None";"None";"47";"nan";"None";"nan";"None";"nan";"None";"nan";"None";"None";"1";"2";"Appartement";"28.0";"1.0";"None";"None";"None";"None";"nan";"7.238691";"43.687678";"000NE"
"2024-40195";"2024-01-22";"1";"Vente";"130000.0";"124.0";"None";"AV DE LA CALIFORNIE";"1045";"06200";"06088";"Nice";"06";"None";"None";"06088000NE0266";"None";"None";"244";"nan";"None";"nan";"None";"nan";"None";"nan";"None";"None";"1";"2";"Appartement";"31.0";"1.0";"None";"None";"None";"None";"nan";"7.235937";"43.686293";"000NE"
"2024-40052";"2024-01-22";"1";"Vente";"95000.0";"72.0";"None";"AV DE LA CALIFORNIE";"1045";"06200";"06088";"Nice";"06";"None";"None";"06088000NE0130";"None";"None";"39";"21.24";"None";"nan";"None";"nan";"None";"nan";"None";"None";"1";"4";"Local industriel. commercial ou assimilé";"20.0";"0.0";"None";"None";"None";"None";"nan";"7.23946";"43.688889";"000NE"
"2024-40048";"2024-01-19";"1";"Vente";"268856.0";"193.0";"None";"PROM DES ANGLAIS";"0240";"06200";"06088";"Nice";"06";"None";"None";"06088000NE0362";"None";"None";"12";"nan";"95";"nan";"None";"nan";"None";"nan";"None";"None";"2";"2";"Appartement";"53.0";"2.0";"None";"None";"None";"None";"nan";"7.237928";"43.687107";"000NE"
"2024-40048";"2024-01-19";"1";"Vente";"268856.0";"193.0";"None";"PROM DES ANGLAIS";"0240";"06200";"06088";"Nice";"06";"None";"None";"06088000NE0362";"None";"None";"12";"nan";"95";"nan";"None";"nan";"None";"nan";"None";"None";"2";"3";"Dépendance";"nan";"0.0";"None";"None";"None";"None";"nan";"7.237928";"43.687107";"000NE"
"2024-40033";"2024-01-10";"1";"Vente";"410000.0";"127.0";"None";"AV DE LA CALIFORNIE";"1045";"06200";"06088";"Nice";"06";"None";"None";"06088000NE0238";"None";"None";"43";"nan";"None";"nan";"None";"nan";"None";"nan";"None";"None";"1";"2";"Appartement";"73.0";"3.0";"None";"None";"None";"None";"nan";"7.236906";"43.686322";"000NE"
"2024-40033";"2024-01-10";"1";"Vente";"410000.0";"127.0";"None";"AV DE LA CALIFORNIE";"1045";"06200";"06088";"Nice";"06";"None";"None";"06088000NE0238";"None";"None";"4";"nan";"None";"nan";"None";"nan";"None";"nan";"None";"None";"1";"3";"Dépendance";"nan";"0.0";"None";"None";"None";"None";"nan";"7.236906";"43.686322";"000NE"
"2024-39754";"2024-01-08";"1";"Vente";"109000.0";"126.0";"T";"AV DE LA CALIFORNIE";"1045";"06200";"06088";"Nice";"06";"None";"None";"06088000NE0229";"None";"None";"53";"nan";"None";"nan";"None";"nan";"None";"nan";"None";"None";"1";"2";"Appartement";"21.0";"1.0";"None";"None";"None";"None";"nan";"7.235318";"43.68585";"000NE"
"2024-39888";"2024-01-04";"1";"Vente";"451050.0";"101.0";"None";"AV DE LA CALIFORNIE";"1045";"06200";"06088";"Nice";"06";"None";"None";"06088000NE0360";"None";"None";"45";"nan";"None";"nan";"None";"nan";"None";"nan";"None";"None";"1";"4";"Local industriel. commercial ou assimilé";"43.0";"0.0";"None";"None";"None";"None";"nan";"7.238141";"43.687306";"000NE"
"2023-60182";"2023-12-21";"1";"Vente";"140000.0";"127.0";"None";"AV DE LA CALIFORNIE";"1045";"06200";"06088";"Nice";"06";"None";"None";"06088000NE0238";"None";"None";"40";"nan";"None";"nan";"None";"nan";"None";"nan";"None";"None";"1";"2";"Appartement";"20.0";"1.0";"None";"None";"None";"None";"nan";"7.236906";"43.686322";"000NE"
"2023-59818";"2023-12-19";"1";"Vente";"110000.0";"93.0";"None";"AV DE LA CALIFORNIE";"1045";"06200";"06088";"Nice";"06";"None";"None";"06088000NE0155";"None";"None";"25";"25.63";"None";"nan";"None";"nan";"None";"nan";"None";"None";"1";"2";"Appartement";"27.0";"1.0";"None";"None";"None";"None";"nan";"7.238691";"43.687678";"000NE"
"2023-60066";"2023-12-18";"1";"Vente";"215000.0";"76.0";"None";"AV DE LA CALIFORNIE";"1045";"06200";"06088";"Nice";"06";"None";"None";"06088000NE0127";"None";"None";"34";"nan";"58";"nan";"None";"nan";"None";"nan";"None";"None";"2";"2";"Appartement";"61.0";"3.0";"None";"None";"None";"None";"nan";"7.239138";"43.6887";"000NE"
"2023-60066";"2023-12-18";"1";"Vente";"215000.0";"76.0";"None";"AV DE LA CALIFORNIE";"1045";"06200";"06088";"Nice";"06";"None";"None";"06088000NE0127";"None";"None";"55";"nan";"None";"nan";"None";"nan";"None";"nan";"None";"None";"1";"3";"Dépendance";"nan";"0.0";"None";"None";"None";"None";"nan";"7.239138";"43.6887";"000NE"
"2023-59472";"2023-12-14";"1";"Vente";"215000.0";"101.0";"None";"AV DE LA CALIFORNIE";"1045";"06200";"06088";"Nice";"06";"None";"None";"06088000NE0360";"None";"None";"79";"nan";"None";"nan";"None";"nan";"None";"nan";"None";"None";"1";"2";"Appartement";"43.0";"2.0";"None";"None";"None";"None";"nan";"7.238141";"43.687306";"000NE"
"2023-59946";"2023-12-14";"1";"Vente";"145000.0";"64.0";"None";"AV DE LA CALIFORNIE";"1045";"06200";"06088";"Nice";"06";"None";"None";"06088000NE0139";"None";"None";"128";"nan";"None";"nan";"None";"nan";"None";"nan";"None";"None";"1";"2";"Appartement";"57.0";"3.0";"None";"None";"None";"None";"nan";"7.240016";"43.689276";"000NE"
"2023-59472";"2023-12-14";"1";"Vente";"215000.0";"101.0";"None";"AV DE LA CALIFORNIE";"1045";"06200";"06088";"Nice";"06";"None";"None";"06088000NE0360";"None";"None";"29";"nan";"None";"nan";"None";"nan";"None";"nan";"None";"None";"1";"3";"Dépendance";"nan";"0.0";"None";"None";"None";"None";"nan";"7.238141";"43.687306";"000NE"
"2023-59946";"2023-12-14";"1";"Vente";"145000.0";"64.0";"None";"AV DE LA CALIFORNIE";"1045";"06200";"06088";"Nice";"06";"None";"None";"06088000NE0139";"None";"None";"128";"nan";"None";"nan";"None";"nan";"None";"nan";"None";"None";"1";"3";"Dépendance";"nan";"0.0";"None";"None";"None";"None";"nan";"7.240016";"43.689276";"000NE"
"2023-59688";"2023-12-13";"1";"Vente";"62000.0";"76.0";"None";"AV DE LA CALIFORNIE";"1045";"06200";"06088";"Nice";"06";"None";"None";"06088000NE0127";"None";"None";"51";"nan";"None";"nan";"None";"nan";"None";"nan";"None";"None";"1";"4";"Local industriel. commercial ou assimilé";"20.0";"0.0";"None";"None";"None";"None";"nan";"7.239138";"43.6887";"000NE"
"2023-59202";"2023-12-12";"1";"Vente";"185000.0";"64.0";"None";"AV DE LA CALIFORNIE";"1045";"06200";"06088";"Nice";"06";"None";"None";"06088000NE0139";"None";"None";"63";"nan";"None";"nan";"None";"nan";"None";"nan";"None";"None";"1";"2";"Appartement";"53.0";"3.0";"None";"None";"None";"None";"nan";"7.240016";"43.689276";"000NE"
"2023-59202";"2023-12-12";"1";"Vente";"185000.0";"64.0";"None";"AV DE LA CALIFORNIE";"1045";"06200";"06088";"Nice";"06";"None";"None";"06088000NE0139";"None";"None";"41";"nan";"None";"nan";"None";"nan";"None";"nan";"None";"None";"1";"3";"Dépendance";"nan";"0.0";"None";"None";"None";"None";"nan";"7.240016";"43.689276";"000NE"
"2023-59202";"2023-12-12";"1";"Vente";"185000.0";"64.0";"None";"AV DE LA CALIFORNIE";"1045";"06200";"06088";"Nice";"06";"None";"None";"06088000NE0139";"None";"None";"42";"nan";"None";"nan";"None";"nan";"None";"nan";"None";"None";"1";"3";"Dépendance";"nan";"0.0";"None";"None";"None";"None";"nan";"7.240016";"43.689276";"000NE"
"2023-59356";"2023-12-07";"1";"Vente";"112000.0";"126.0";"T";"AV DE LA CALIFORNIE";"1045";"06200";"06088";"Nice";"06";"None";"None";"06088000NE0229";"None";"None";"120";"nan";"None";"nan";"None";"nan";"None";"nan";"None";"None";"1";"2";"Appartement";"28.0";"1.0";"None";"None";"None";"None";"nan";"7.235318";"43.68585";"000NE"
"2023-58922";"2023-12-05";"1";"Vente";"20000.0";"126.0";"T";"AV DE LA CALIFORNIE";"1045";"06200";"06088";"Nice";"06";"None";"None";"06088000NE0229";"None";"None";"16";"nan";"None";"nan";"None";"nan";"None";"nan";"None";"None";"1";"3";"Dépendance";"nan";"0.0";"None";"None";"None";"None";"nan";"7.235318";"43.68585";"000NE"
"2023-58917";"2023-12-01";"1";"Vente";"448000.0";"117.0";"None";"AV DE LA CALIFORNIE";"1045";"06200";"06088";"Nice";"06";"None";"None";"06088000NE0366";"None";"None";"92";"nan";"None";"nan";"None";"nan";"None";"nan";"None";"None";"1";"2";"Appartement";"57.0";"1.0";"None";"None";"None";"None";"nan";"7.237375";"43.686682";"000NE"
"2023-58069";"2023-11-15";"1";"Vente";"255000.0";"117.0";"None";"AV DE LA CALIFORNIE";"1045";"06200";"06088";"Nice";"06";"None";"None";"06088000NE0366";"None";"None";"100";"nan";"19";"nan";"None";"nan";"None";"nan";"None";"None";"2";"2";"Appartement";"42.0";"1.0";"None";"None";"None";"None";"nan";"7.237375";"43.686682";"000NE"
"2023-58069";"2023-11-15";"1";"Vente";"255000.0";"117.0";"None";"AV DE LA CALIFORNIE";"1045";"06200";"06088";"Nice";"06";"None";"None";"06088000NE0366";"None";"None";"14";"nan";"None";"nan";"None";"nan";"None";"nan";"None";"None";"1";"3";"Dépendance";"nan";"0.0";"None";"None";"None";"None";"nan";"7.237375";"43.686682";"000NE"
"2023-57206";"2023-10-27";"1";"Vente";"380350.0";"193.0";"None";"PROM DES ANGLAIS";"0240";"06200";"06088";"Nice";"06";"None";"None";"06088000NE0362";"None";"None";"44";"nan";"86";"nan";"None";"nan";"None";"nan";"None";"None";"2";"2";"Appartement";"51.0";"2.0";"None";"None";"None";"None";"nan";"7.237928";"43.687107";"000NE"
"2023-57206";"2023-10-27";"1";"Vente";"380350.0";"193.0";"None";"PROM DES ANGLAIS";"0240";"06200";"06088";"Nice";"06";"None";"None";"06088000NE0362";"None";"None";"44";"nan";"86";"nan";"None";"nan";"None";"nan";"None";"None";"2";"3";"Dépendance";"nan";"0.0";"None";"None";"None";"None";"nan";"7.237928";"43.687107";"000NE"
"2023-57264";"2023-10-20";"1";"Vente";"285000.0";"15.0";"B";"AV DU PETIT FABRON";"4975";"06200";"06088";"Nice";"06";"None";"None";"06088000NE0099";"None";"None";"1";"nan";"118";"nan";"None";"nan";"None";"nan";"None";"None";"2";"2";"Appartement";"90.0";"3.0";"None";"None";"None";"None";"nan";"7.238203";"43.689031";"000NE"
"2023-57105";"2023-10-19";"1";"Vente";"150000.0";"108.0";"None";"AV DE LA CALIFORNIE";"1045";"06200";"06088";"Nice";"06";"None";"None";"06088000NE0197";"None";"None";"25";"nan";"None";"nan";"None";"nan";"None";"nan";"None";"None";"1";"2";"Appartement";"60.0";"2.0";"None";"None";"None";"None";"nan";"7.237015";"43.687156";"000NE"
"2023-57551";"2023-10-18";"1";"Vente";"44000.0";"128.0";"None";"AV DE LA CALIFORNIE";"1045";"06200";"06088";"Nice";"06";"None";"None";"06088000NE0372";"None";"None";"10";"nan";"None";"nan";"None";"nan";"None";"nan";"None";"None";"1";"3";"Dépendance";"nan";"0.0";"None";"None";"None";"None";"nan";"7.23527";"43.685665";"000NE"
"2023-56852";"2023-10-12";"1";"Vente";"600000.0";"169.0";"None";"PROM DES ANGLAIS";"0240";"06200";"06088";"Nice";"06";"None";"None";"06088000NE0148";"None";"None";"1";"nan";"None";"nan";"None";"nan";"None";"nan";"None";"None";"1";"2";"Appartement";"80.0";"2.0";"None";"None";"None";"None";"nan";"7.239864";"43.688269";"000NE"
"2023-56852";"2023-10-12";"1";"Vente";"600000.0";"169.0";"None";"PROM DES ANGLAIS";"0240";"06200";"06088";"Nice";"06";"None";"None";"06088000NE0148";"None";"None";"1";"nan";"None";"nan";"None";"nan";"None";"nan";"None";"None";"1";"3";"Dépendance";"nan";"0.0";"None";"None";"None";"None";"nan";"7.239864";"43.688269";"000NE"
"2023-56291";"2023-10-06";"1";"Vente";"110000.0";"106.0";"None";"AV DE LA CALIFORNIE";"1045";"06200";"06088";"Nice";"06";"None";"None";"06088000NE0198";"None";"None";"50";"nan";"None";"nan";"None";"nan";"None";"nan";"None";"None";"1";"2";"Appartement";"36.0";"1.0";"None";"None";"None";"None";"nan";"7.237167";"43.687254";"000NE"
"2023-56619";"2023-09-30";"1";"Vente";"250000.0";"124.0";"None";"AV DE LA CALIFORNIE";"1045";"06200";"06088";"Nice";"06";"None";"None";"06088000NE0266";"None";"None";"269";"nan";"None";"nan";"None";"nan";"None";"nan";"None";"None";"1";"2";"Appartement";"59.0";"2.0";"None";"None";"None";"None";"nan";"7.235937";"43.686293";"000NE"
"2023-56421";"2023-09-26";"1";"Vente";"120000.0";"93.0";"None";"AV DE LA CALIFORNIE";"1045";"06200";"06088";"Nice";"06";"None";"None";"06088000NE0155";"None";"None";"37";"27.64";"None";"nan";"None";"nan";"None";"nan";"None";"None";"1";"2";"Appartement";"28.0";"1.0";"None";"None";"None";"None";"nan";"7.238691";"43.687678";"000NE"
"2023-55325";"2023-09-18";"1";"Vente";"30000.0";"108.0";"None";"AV DE LA CALIFORNIE";"1045";"06200";"06088";"Nice";"06";"None";"None";"06088000NE0197";"None";"None";"1";"nan";"None";"nan";"None";"nan";"None";"nan";"None";"None";"1";"3";"Dépendance";"nan";"0.0";"None";"None";"None";"None";"nan";"7.237015";"43.687156";"000NE"
"2023-55731";"2023-09-15";"1";"Vente";"173000.0";"118.0";"None";"AV DE LA CALIFORNIE";"1045";"06200";"06088";"Nice";"06";"None";"None";"06088000NE0192";"None";"None";"40";"nan";"41";"48.94";"8";"nan";"None";"nan";"None";"None";"3";"2";"Appartement";"60.0";"2.0";"None";"None";"None";"None";"nan";"7.236395";"43.686643";"000NE"
"2023-55731";"2023-09-15";"1";"Vente";"173000.0";"118.0";"None";"AV DE LA CALIFORNIE";"1045";"06200";"06088";"Nice";"06";"None";"None";"06088000NE0192";"None";"None";"40";"nan";"41";"48.94";"8";"nan";"None";"nan";"None";"None";"3";"3";"Dépendance";"nan";"0.0";"None";"None";"None";"None";"nan";"7.236395";"43.686643";"000NE"
"2023-56341";"2023-09-14";"1";"Vente";"689800.0";"205.0";"None";"PROM DES ANGLAIS";"0240";"06200";"06088";"Nice";"06";"None";"None";"06088000NE0171";"None";"None";"45";"nan";"None";"nan";"None";"nan";"None";"nan";"None";"None";"1";"2";"Appartement";"120.0";"4.0";"None";"None";"None";"None";"nan";"7.237136";"43.68638";"000NE"
"2023-56341";"2023-09-14";"1";"Vente";"689800.0";"205.0";"None";"PROM DES ANGLAIS";"0240";"06200";"06088";"Nice";"06";"None";"None";"06088000NE0171";"None";"None";"45";"nan";"None";"nan";"None";"nan";"None";"nan";"None";"None";"1";"3";"Dépendance";"nan";"0.0";"None";"None";"None";"None";"nan";"7.237136";"43.68638";"000NE"
"2023-55481";"2023-09-13";"1";"Vente";"129000.0";"64.0";"None";"AV DE LA CALIFORNIE";"1045";"06200";"06088";"Nice";"06";"None";"None";"06088000NE0139";"None";"None";"58";"40.07";"None";"nan";"None";"nan";"None";"nan";"None";"None";"1";"2";"Appartement";"42.0";"2.0";"None";"None";"None";"None";"nan";"7.240016";"43.689276";"000NE"
"2023-55481";"2023-09-13";"1";"Vente";"129000.0";"64.0";"None";"AV DE LA CALIFORNIE";"1045";"06200";"06088";"Nice";"06";"None";"None";"06088000NE0139";"None";"None";"58";"40.07";"None";"nan";"None";"nan";"None";"nan";"None";"None";"1";"3";"Dépendance";"nan";"0.0";"None";"None";"None";"None";"nan";"7.240016";"43.689276";"000NE"
"2023-54819";"2023-09-04";"1";"Vente";"450000.0";"8.0";"None";"BD DE CAMBRAI";"1055";"06200";"06088";"Nice";"06";"None";"None";"06088000NE0040";"None";"None";"None";"nan";"None";"nan";"None";"nan";"None";"nan";"None";"None";"0";"2";"Appartement";"68.0";"2.0";"S";"sols";"None";"None";"505.0";"7.235823";"43.688949";"000NE"
"2023-54819";"2023-09-04";"1";"Vente";"450000.0";"8.0";"None";"BD DE CAMBRAI";"1055";"06200";"06088";"Nice";"06";"None";"None";"06088000NE0040";"None";"None";"None";"nan";"None";"nan";"None";"nan";"None";"nan";"None";"None";"0";"2";"Appartement";"77.0";"3.0";"S";"sols";"None";"None";"505.0";"7.235823";"43.688949";"000NE"
"2023-54514";"2023-08-31";"1";"Vente";"1050000.0";"2.0";"None";"AV LE MESNIL";"4185";"06200";"06088";"Nice";"06";"None";"None";"06088000NE0007";"None";"None";"52";"nan";"95";"nan";"None";"nan";"None";"nan";"None";"None";"2";"2";"Appartement";"131.0";"4.0";"None";"None";"None";"None";"nan";"7.234741";"43.688643";"000NE"
"2023-54514";"2023-08-31";"1";"Vente";"1050000.0";"2.0";"None";"AV LE MESNIL";"4185";"06200";"06088";"Nice";"06";"None";"None";"06088000NE0007";"None";"None";"34";"nan";"None";"nan";"None";"nan";"None";"nan";"None";"None";"1";"3";"Dépendance";"nan";"0.0";"None";"None";"None";"None";"nan";"7.234741";"43.688643";"000NE"
"2023-54514";"2023-08-31";"1";"Vente";"1050000.0";"2.0";"None";"AV LE MESNIL";"4185";"06200";"06088";"Nice";"06";"None";"None";"06088000NE0007";"None";"None";"52";"nan";"95";"nan";"None";"nan";"None";"nan";"None";"None";"2";"3";"Dépendance";"nan";"0.0";"None";"None";"None";"None";"nan";"7.234741";"43.688643";"000NE"
"2023-54514";"2023-08-31";"1";"Vente";"1050000.0";"2.0";"None";"AV LE MESNIL";"4185";"06200";"06088";"Nice";"06";"None";"None";"06088000NE0007";"None";"None";"52";"nan";"95";"nan";"None";"nan";"None";"nan";"None";"None";"2";"3";"Dépendance";"nan";"0.0";"None";"None";"None";"None";"nan";"7.234741";"43.688643";"000NE"
"2023-54514";"2023-08-31";"1";"Vente";"1050000.0";"2.0";"None";"AV LE MESNIL";"4185";"06200";"06088";"Nice";"06";"None";"None";"06088000NE0007";"None";"None";"52";"nan";"95";"nan";"None";"nan";"None";"nan";"None";"None";"2";"3";"Dépendance";"nan";"0.0";"None";"None";"None";"None";"nan";"7.234741";"43.688643";"000NE"
"2023-55591";"2023-08-31";"1";"Vente";"24828.0";"124.0";"None";"AV DE LA CALIFORNIE";"1045";"06200";"06088";"Nice";"06";"None";"None";"06088000NE0266";"None";"None";"223";"nan";"None";"nan";"None";"nan";"None";"nan";"None";"None";"1";"3";"Dépendance";"nan";"0.0";"None";"None";"None";"None";"nan";"7.235937";"43.686293";"000NE"
"2023-54373";"2023-08-28";"1";"Vente";"278500.0";"80.0";"None";"AV DE LA CALIFORNIE";"1045";"06200";"06088";"Nice";"06";"None";"None";"06088000NE0234";"None";"None";"14";"nan";"33";"64.8";"None";"nan";"None";"nan";"None";"None";"2";"2";"Appartement";"74.0";"3.0";"None";"None";"None";"None";"nan";"7.239191";"43.688526";"000NE"
"2023-54373";"2023-08-28";"1";"Vente";"278500.0";"80.0";"None";"AV DE LA CALIFORNIE";"1045";"06200";"06088";"Nice";"06";"None";"None";"06088000NE0234";"None";"None";"14";"nan";"33";"64.8";"None";"nan";"None";"nan";"None";"None";"2";"3";"Dépendance";"nan";"0.0";"None";"None";"None";"None";"nan";"7.239191";"43.688526";"000NE"
"2023-54454";"2023-08-23";"1";"Vente";"540000.0";"129.0";"None";"AV DE LA CALIFORNIE";"1045";"06200";"06088";"Nice";"06";"None";"None";"06088000NE0176";"None";"None";"36";"nan";"37";"nan";"None";"nan";"None";"nan";"None";"None";"2";"2";"Appartement";"98.0";"4.0";"None";"None";"None";"None";"nan";"7.236841";"43.686188";"000NE"
"2023-54572";"2023-08-23";"1";"Vente";"325000.0";"197.0";"None";"PROM DES ANGLAIS";"0240";"06200";"06088";"Nice";"06";"None";"None";"06088000NE0163";"None";"None";"122";"nan";"None";"nan";"None";"nan";"None";"nan";"None";"None";"1";"2";"Appartement";"77.0";"3.0";"None";"None";"None";"None";"nan";"7.237721";"43.686808";"000NE"
"2023-54454";"2023-08-23";"1";"Vente";"540000.0";"129.0";"None";"AV DE LA CALIFORNIE";"1045";"06200";"06088";"Nice";"06";"None";"None";"06088000NE0176";"None";"None";"33";"nan";"None";"nan";"None";"nan";"None";"nan";"None";"None";"1";"3";"Dépendance";"nan";"0.0";"None";"None";"None";"None";"nan";"7.236841";"43.686188";"000NE"
"2023-54454";"2023-08-23";"1";"Vente";"540000.0";"129.0";"None";"AV DE LA CALIFORNIE";"1045";"06200";"06088";"Nice";"06";"None";"None";"06088000NE0176";"None";"None";"36";"nan";"37";"nan";"None";"nan";"None";"nan";"None";"None";"2";"3";"Dépendance";"nan";"0.0";"None";"None";"None";"None";"nan";"7.236841";"43.686188";"000NE"
"2023-54171";"2023-08-22";"1";"Vente";"560000.0";"219.0";"None";"PROM DES ANGLAIS";"0240";"06200";"06088";"Nice";"06";"None";"None";"06088000NE0185";"None";"None";"20A";"nan";"32A";"nan";"8A";"nan";"None";"nan";"None";"None";"3";"2";"Appartement";"59.0";"3.0";"None";"None";"None";"None";"nan";"7.23596";"43.685549";"000NE"
"2023-54171";"2023-08-22";"1";"Vente";"560000.0";"219.0";"None";"PROM DES ANGLAIS";"0240";"06200";"06088";"Nice";"06";"None";"None";"06088000NE0185";"None";"None";"20A";"nan";"32A";"nan";"8A";"nan";"None";"nan";"None";"None";"3";"3";"Dépendance";"nan";"0.0";"None";"None";"None";"None";"nan";"7.23596";"43.685549";"000NE"
"2023-54171";"2023-08-22";"1";"Vente";"560000.0";"219.0";"None";"PROM DES ANGLAIS";"0240";"06200";"06088";"Nice";"06";"None";"None";"06088000NE0185";"None";"None";"20A";"nan";"32A";"nan";"8A";"nan";"None";"nan";"None";"None";"3";"3";"Dépendance";"nan";"0.0";"None";"None";"None";"None";"nan";"7.23596";"43.685549";"000NE"
"2023-53867";"2023-08-10";"1";"Vente";"241000.0";"126.0";"None";"AV DE LA CALIFORNIE";"1045";"06200";"06088";"Nice";"06";"None";"None";"06088000NE0188";"None";"None";"156";"nan";"None";"nan";"None";"nan";"None";"nan";"None";"None";"1";"2";"Appartement";"59.0";"2.0";"None";"None";"None";"None";"nan";"7.235598";"43.686043";"000NE"
"2023-54314";"2023-08-10";"1";"Vente";"504000.0";"187.0";"B";"PROM DES ANGLAIS";"0240";"06200";"06088";"Nice";"06";"None";"None";"06088000NE0158";"None";"None";"23";"nan";"5";"nan";"None";"nan";"None";"nan";"None";"None";"2";"2";"Appartement";"68.0";"3.0";"None";"None";"None";"None";"nan";"7.2384";"43.68732";"000NE"
"2023-53863";"2023-08-10";"1";"Vente";"20000.0";"126.0";"None";"AV DE LA CALIFORNIE";"1045";"06200";"06088";"Nice";"06";"None";"None";"06088000NE0188";"None";"None";"5";"nan";"None";"nan";"None";"nan";"None";"nan";"None";"None";"1";"3";"Dépendance";"nan";"0.0";"None";"None";"None";"None";"nan";"7.235598";"43.686043";"000NE"
"2023-54045";"2023-08-10";"1";"Vente";"4800.0";"64.0";"None";"AV DE LA CALIFORNIE";"1045";"06200";"06088";"Nice";"06";"None";"None";"06088000NE0139";"None";"None";"114";"nan";"None";"nan";"None";"nan";"None";"nan";"None";"None";"1";"3";"Dépendance";"nan";"0.0";"None";"None";"None";"None";"nan";"7.240016";"43.689276";"000NE"
"2023-54314";"2023-08-10";"1";"Vente";"504000.0";"187.0";"B";"PROM DES ANGLAIS";"0240";"06200";"06088";"Nice";"06";"None";"None";"06088000NE0158";"None";"None";"23";"nan";"5";"nan";"None";"nan";"None";"nan";"None";"None";"2";"3";"Dépendance";"nan";"0.0";"None";"None";"None";"None";"nan";"7.2384";"43.68732";"000NE"
"2023-54066";"2023-07-31";"1";"Vente";"118000.0";"110.0";"None";"AV DE LA CALIFORNIE";"1045";"06200";"06088";"Nice";"06";"None";"None";"06088000NE0247";"None";"None";"5";"20.46";"None";"nan";"None";"nan";"None";"nan";"None";"None";"1";"2";"Appartement";"22.0";"1.0";"None";"None";"None";"None";"nan";"7.236915";"43.687058";"000NE"
"2023-53785";"2023-07-28";"1";"Vente";"583970.0";"219.0";"None";"PROM DES ANGLAIS";"0240";"06200";"06088";"Nice";"06";"None";"None";"06088000NE0185";"None";"None";"153C";"nan";"175C";"57.54";"183C";"nan";"None";"nan";"None";"None";"3";"2";"Appartement";"61.0";"3.0";"None";"None";"None";"None";"nan";"7.23596";"43.685549";"000NE"
"2023-55444";"2023-07-28";"1";"Vente";"235000.0";"118.0";"None";"AV DE LA CALIFORNIE";"1045";"06200";"06088";"Nice";"06";"None";"None";"06088000NE0192";"None";"None";"10";"nan";"43";"nan";"None";"nan";"None";"nan";"None";"None";"2";"2";"Appartement";"75.0";"3.0";"None";"None";"None";"None";"nan";"7.236395";"43.686643";"000NE"
"2023-53785";"2023-07-28";"1";"Vente";"583970.0";"219.0";"None";"PROM DES ANGLAIS";"0240";"06200";"06088";"Nice";"06";"None";"None";"06088000NE0185";"None";"None";"153C";"nan";"175C";"57.54";"183C";"nan";"None";"nan";"None";"None";"3";"3";"Dépendance";"nan";"0.0";"None";"None";"None";"None";"nan";"7.23596";"43.685549";"000NE"
"2023-53785";"2023-07-28";"1";"Vente";"583970.0";"219.0";"None";"PROM DES ANGLAIS";"0240";"06200";"06088";"Nice";"06";"None";"None";"06088000NE0185";"None";"None";"153C";"nan";"175C";"57.54";"183C";"nan";"None";"nan";"None";"None";"3";"3";"Dépendance";"nan";"0.0";"None";"None";"None";"None";"nan";"7.23596";"43.685549";"000NE"
"2023-55444";"2023-07-28";"1";"Vente";"235000.0";"118.0";"None";"AV DE LA CALIFORNIE";"1045";"06200";"06088";"Nice";"06";"None";"None";"06088000NE0192";"None";"None";"10";"nan";"43";"nan";"None";"nan";"None";"nan";"None";"None";"2";"3";"Dépendance";"nan";"0.0";"None";"None";"None";"None";"nan";"7.236395";"43.686643";"000NE"
"2023-54890";"2023-07-27";"1";"Vente";"77000.0";"72.0";"None";"AV DE LA CALIFORNIE";"1045";"06200";"06088";"Nice";"06";"None";"None";"06088000NE0130";"None";"None";"35";"14.3";"None";"nan";"None";"nan";"None";"nan";"None";"None";"1";"2";"Appartement";"10.0";"1.0";"None";"None";"None";"None";"nan";"7.23946";"43.688889";"000NE"
"2023-53465";"2023-07-21";"1";"Vente";"210000.0";"219.0";"None";"PROM DES ANGLAIS";"0240";"06200";"06088";"Nice";"06";"None";"None";"06088000NE0185";"None";"None";"11E";"nan";"14E";"64.62";"None";"nan";"None";"nan";"None";"None";"2";"2";"Appartement";"45.0";"3.0";"None";"None";"None";"None";"nan";"7.23596";"43.685549";"000NE"
"2023-53465";"2023-07-21";"1";"Vente";"210000.0";"219.0";"None";"PROM DES ANGLAIS";"0240";"06200";"06088";"Nice";"06";"None";"None";"06088000NE0185";"None";"None";"11E";"nan";"14E";"64.62";"None";"nan";"None";"nan";"None";"None";"2";"3";"Dépendance";"nan";"0.0";"None";"None";"None";"None";"nan";"7.23596";"43.685549";"000NE"
"2023-52562";"2023-07-19";"1";"Vente";"86000.0";"13.0";"None";"AV DU PETIT FABRON";"4975";"06200";"06088";"Nice";"06";"None";"None";"06088000NE0299";"None";"None";"82";"nan";"None";"nan";"None";"nan";"None";"nan";"None";"None";"1";"2";"Appartement";"12.0";"1.0";"None";"None";"None";"None";"nan";"7.238694";"43.689249";"000NE"
"2023-52862";"2023-07-18";"1";"Vente";"550000.0";"83.0";"None";"AV DE LA CALIFORNIE";"1045";"06200";"06088";"Nice";"06";"None";"None";"06088000NE0283";"None";"None";"21";"nan";"8";"nan";"None";"nan";"None";"nan";"None";"None";"2";"2";"Appartement";"60.0";"4.0";"None";"None";"None";"None";"nan";"7.239638";"43.688137";"000NE"
"2023-53515";"2023-07-18";"1";"Vente";"138096.0";"21.0";"None";"AV DE FABRON";"2370";"06200";"06088";"Nice";"06";"None";"None";"06088000NE0312";"None";"None";"14";"69.55";"None";"nan";"None";"nan";"None";"nan";"None";"None";"1";"2";"Appartement";"69.0";"3.0";"None";"None";"None";"None";"nan";"7.23374";"43.686751";"000NE"
"2023-53563";"2023-07-18";"1";"Vente";"320000.0";"15.0";"B";"AV DU PETIT FABRON";"4975";"06200";"06088";"Nice";"06";"None";"None";"06088000NE0099";"None";"None";"112";"73.31";"92";"nan";"None";"nan";"None";"nan";"None";"None";"2";"2";"Appartement";"94.0";"3.0";"None";"None";"None";"None";"nan";"7.238203";"43.689031";"000NE"
"2023-53693";"2023-07-18";"1";"Vente";"244068.0";"3.0";"None";"AV DU PETIT FABRON";"4975";"06200";"06088";"Nice";"06";"None";"None";"06088000NE0295";"None";"None";"13";"nan";"28";"nan";"43";"nan";"None";"nan";"None";"None";"3";"2";"Appartement";"66.0";"4.0";"None";"None";"None";"None";"nan";"7.237607";"43.688688";"000NE"
"2023-52862";"2023-07-18";"1";"Vente";"550000.0";"83.0";"None";"AV DE LA CALIFORNIE";"1045";"06200";"06088";"Nice";"06";"None";"None";"06088000NE0283";"None";"None";"21";"nan";"8";"nan";"None";"nan";"None";"nan";"None";"None";"2";"3";"Dépendance";"nan";"0.0";"None";"None";"None";"None";"nan";"7.239638";"43.688137";"000NE"
"2023-53515";"2023-07-18";"1";"Vente";"138096.0";"21.0";"None";"AV DE FABRON";"2370";"06200";"06088";"Nice";"06";"None";"None";"06088000NE0312";"None";"None";"14";"69.55";"None";"nan";"None";"nan";"None";"nan";"None";"None";"1";"3";"Dépendance";"nan";"0.0";"None";"None";"None";"None";"nan";"7.23374";"43.686751";"000NE"
"2023-53563";"2023-07-18";"1";"Vente";"320000.0";"15.0";"B";"AV DU PETIT FABRON";"4975";"06200";"06088";"Nice";"06";"None";"None";"06088000NE0099";"None";"None";"112";"73.31";"92";"nan";"None";"nan";"None";"nan";"None";"None";"2";"3";"Dépendance";"nan";"0.0";"None";"None";"None";"None";"nan";"7.238203";"43.689031";"000NE"
"2023-53693";"2023-07-18";"1";"Vente";"244068.0";"3.0";"None";"AV DU PETIT FABRON";"4975";"06200";"06088";"Nice";"06";"None";"None";"06088000NE0295";"None";"None";"13";"nan";"28";"nan";"43";"nan";"None";"nan";"None";"None";"3";"3";"Dépendance";"nan";"0.0";"None";"None";"None";"None";"nan";"7.237607";"43.688688";"000NE"
"2023-53693";"2023-07-18";"1";"Vente";"244068.0";"3.0";"None";"AV DU PETIT FABRON";"4975";"06200";"06088";"Nice";"06";"None";"None";"06088000NE0295";"None";"None";"13";"nan";"28";"nan";"43";"nan";"None";"nan";"None";"None";"3";"3";"Dépendance";"nan";"0.0";"None";"None";"None";"None";"nan";"7.237607";"43.688688";"000NE"
"2023-52352";"2023-07-07";"1";"Vente";"547080.0";"193.0";"None";"PROM DES ANGLAIS";"0240";"06200";"06088";"Nice";"06";"None";"None";"06088000NE0362";"None";"None";"52";"nan";"69";"nan";"None";"nan";"None";"nan";"None";"None";"2";"2";"Appartement";"79.0";"3.0";"None";"None";"None";"None";"nan";"7.237928";"43.687107";"000NE"
"2023-52352";"2023-07-07";"1";"Vente";"547080.0";"193.0";"None";"PROM DES ANGLAIS";"0240";"06200";"06088";"Nice";"06";"None";"None";"06088000NE0362";"None";"None";"52";"nan";"69";"nan";"None";"nan";"None";"nan";"None";"None";"2";"3";"Dépendance";"nan";"0.0";"None";"None";"None";"None";"nan";"7.237928";"43.687107";"000NE"
"2023-51977";"2023-06-30";"1";"Vente";"277000.0";"76.0";"None";"AV DE LA CALIFORNIE";"1045";"06200";"06088";"Nice";"06";"None";"None";"06088000NE0127";"None";"None";"16";"nan";"77";"nan";"None";"nan";"None";"nan";"None";"None";"2";"2";"Appartement";"78.0";"4.0";"None";"None";"None";"None";"nan";"7.239138";"43.6887";"000NE"
"2023-52096";"2023-06-30";"1";"Vente";"32000.0";"101.0";"None";"AV DE LA CALIFORNIE";"1045";"06200";"06088";"Nice";"06";"None";"None";"06088000NE0360";"None";"None";"9";"nan";"None";"nan";"None";"nan";"None";"nan";"None";"None";"1";"3";"Dépendance";"nan";"0.0";"None";"None";"None";"None";"nan";"7.238141";"43.687306";"000NE"
"2023-52055";"2023-06-29";"1";"Vente";"90000.0";"3.0";"None";"AV DU PETIT FABRON";"4975";"06200";"06088";"Nice";"06";"None";"None";"06088000NE0295";"None";"None";"178";"nan";"198";"nan";"218";"nan";"None";"nan";"None";"None";"3";"2";"Appartement";"36.0";"2.0";"None";"None";"None";"None";"nan";"7.237607";"43.688688";"000NE"
"2023-52055";"2023-06-29";"1";"Vente";"90000.0";"3.0";"None";"AV DU PETIT FABRON";"4975";"06200";"06088";"Nice";"06";"None";"None";"06088000NE0295";"None";"None";"178";"nan";"198";"nan";"218";"nan";"None";"nan";"None";"None";"3";"3";"Dépendance";"nan";"0.0";"None";"None";"None";"None";"nan";"7.237607";"43.688688";"000NE"
"2023-52055";"2023-06-29";"1";"Vente";"90000.0";"3.0";"None";"AV DU PETIT FABRON";"4975";"06200";"06088";"Nice";"06";"None";"None";"06088000NE0295";"None";"None";"178";"nan";"198";"nan";"218";"nan";"None";"nan";"None";"None";"3";"3";"Dépendance";"nan";"0.0";"None";"None";"None";"None";"nan";"7.237607";"43.688688";"000NE"
"2023-51890";"2023-06-27";"1";"Vente";"249450.0";"211.0";"None";"PROM DES ANGLAIS";"0240";"06200";"06088";"Nice";"06";"None";"None";"06088000NE0174";"None";"None";"36";"nan";"None";"nan";"None";"nan";"None";"nan";"None";"None";"1";"2";"Appartement";"29.0";"1.0";"None";"None";"None";"None";"nan";"7.236957";"43.686233";"000NE"
"2023-51699";"2023-06-26";"1";"Vente";"170000.0";"126.0";"T";"AV DE LA CALIFORNIE";"1045";"06200";"06088";"Nice";"06";"None";"None";"06088000NE0229";"None";"None";"115";"nan";"None";"nan";"None";"nan";"None";"nan";"None";"None";"1";"2";"Appartement";"31.0";"1.0";"None";"None";"None";"None";"nan";"7.235318";"43.68585";"000NE"
"2023-51979";"2023-06-26";"1";"Vente";"365000.0";"83.0";"None";"AV DE LA CALIFORNIE";"1045";"06200";"06088";"Nice";"06";"None";"None";"06088000NE0283";"None";"None";"16";"nan";"2";"nan";"None";"nan";"None";"nan";"None";"None";"2";"2";"Appartement";"74.0";"3.0";"None";"None";"None";"None";"nan";"7.239638";"43.688137";"000NE"
"2023-51979";"2023-06-26";"1";"Vente";"365000.0";"83.0";"None";"AV DE LA CALIFORNIE";"1045";"06200";"06088";"Nice";"06";"None";"None";"06088000NE0283";"None";"None";"16";"nan";"2";"nan";"None";"nan";"None";"nan";"None";"None";"2";"3";"Dépendance";"nan";"0.0";"None";"None";"None";"None";"nan";"7.239638";"43.688137";"000NE"
"2023-51692";"2023-06-23";"1";"Vente";"207500.0";"187.0";"B";"PROM DES ANGLAIS";"0240";"06200";"06088";"Nice";"06";"None";"None";"06088000NE0158";"None";"None";"10";"nan";"19";"49.46";"None";"nan";"None";"nan";"None";"None";"2";"2";"Appartement";"50.0";"2.0";"None";"None";"None";"None";"nan";"7.2384";"43.68732";"000NE"
"2023-51777";"2023-06-23";"1";"Vente";"560000.0";"205.0";"None";"PROM DES ANGLAIS";"0240";"06200";"06088";"Nice";"06";"None";"None";"06088000NE0171";"None";"None";"18";"nan";"35";"106.83";"None";"nan";"None";"nan";"None";"None";"2";"2";"Appartement";"117.0";"4.0";"None";"None";"None";"None";"nan";"7.237136";"43.68638";"000NE"
"2023-51692";"2023-06-23";"1";"Vente";"207500.0";"187.0";"B";"PROM DES ANGLAIS";"0240";"06200";"06088";"Nice";"06";"None";"None";"06088000NE0158";"None";"None";"10";"nan";"19";"49.46";"None";"nan";"None";"nan";"None";"None";"2";"3";"Dépendance";"nan";"0.0";"None";"None";"None";"None";"nan";"7.2384";"43.68732";"000NE"
"2023-51777";"2023-06-23";"1";"Vente";"560000.0";"117.0";"None";"AV DE LA CALIFORNIE";"1045";"06200";"06088";"Nice";"06";"None";"None";"06088000NE0366";"None";"None";"39";"nan";"None";"nan";"None";"nan";"None";"nan";"None";"None";"1";"3";"Dépendance";"nan";"0.0";"None";"None";"None";"None";"nan";"7.237375";"43.686682";"000NE"
"2023-51295";"2023-06-20";"1";"Vente";"295200.0";"21.0";"None";"AV DE FABRON";"2370";"06200";"06088";"Nice";"06";"None";"None";"06088000NE0312";"None";"None";"131";"nan";"180";"nan";"None";"nan";"None";"nan";"None";"None";"2";"2";"Appartement";"45.0";"2.0";"None";"None";"None";"None";"nan";"7.23374";"43.686751";"000NE"
"2023-51449";"2023-06-20";"1";"Vente";"198000.0";"112.0";"None";"AV DE LA CALIFORNIE";"1045";"06200";"06088";"Nice";"06";"None";"None";"06088000NE0195";"None";"None";"56";"nan";"None";"nan";"None";"nan";"None";"nan";"None";"None";"1";"2";"Appartement";"34.0";"2.0";"None";"None";"None";"None";"nan";"7.23679";"43.686954";"000NE"
"2023-51295";"2023-06-20";"1";"Vente";"295200.0";"21.0";"None";"AV DE FABRON";"2370";"06200";"06088";"Nice";"06";"None";"None";"06088000NE0312";"None";"None";"131";"nan";"180";"nan";"None";"nan";"None";"nan";"None";"None";"2";"3";"Dépendance";"nan";"0.0";"None";"None";"None";"None";"nan";"7.23374";"43.686751";"000NE"
"2023-52217";"2023-06-19";"1";"Vente";"408500.0";"198.0";"None";"PROM DES ANGLAIS";"0240";"06200";"06088";"Nice";"06";"None";"None";"06088000NE0164";"None";"None";"11";"nan";"62";"nan";"None";"nan";"None";"nan";"None";"None";"2";"2";"Appartement";"54.0";"2.0";"None";"None";"None";"None";"nan";"7.237553";"43.686785";"000NE"
"2023-52217";"2023-06-19";"1";"Vente";"408500.0";"198.0";"None";"PROM DES ANGLAIS";"0240";"06200";"06088";"Nice";"06";"None";"None";"06088000NE0164";"None";"None";"11";"nan";"62";"nan";"None";"nan";"None";"nan";"None";"None";"2";"3";"Dépendance";"nan";"0.0";"None";"None";"None";"None";"nan";"7.237553";"43.686785";"000NE"
"2023-52217";"2023-06-19";"1";"Vente";"408500.0";"198.0";"None";"PROM DES ANGLAIS";"0240";"06200";"06088";"Nice";"06";"None";"None";"06088000NE0164";"None";"None";"11";"nan";"62";"nan";"None";"nan";"None";"nan";"None";"None";"2";"3";"Dépendance";"nan";"0.0";"None";"None";"None";"None";"nan";"7.237553";"43.686785";"000NE"
"2023-50962";"2023-06-16";"1";"Vente";"79600.0";"13.0";"None";"AV DU PETIT FABRON";"4975";"06200";"06088";"Nice";"06";"None";"None";"06088000NE0299";"None";"None";"93";"11.21";"None";"nan";"None";"nan";"None";"nan";"None";"None";"1";"3";"Dépendance";"nan";"0.0";"None";"None";"None";"None";"nan";"7.238694";"43.689249";"000NE"
"2023-50835";"2023-06-15";"1";"Vente";"184320.0";"3.0";"None";"AV DU PETIT FABRON";"4975";"06200";"06088";"Nice";"06";"None";"None";"06088000NE0295";"None";"None";"19";"nan";"34";"nan";"4";"nan";"None";"nan";"None";"None";"3";"2";"Appartement";"65.0";"4.0";"None";"None";"None";"None";"nan";"7.237607";"43.688688";"000NE"
"2023-50844";"2023-06-15";"1";"Vente";"729250.0";"205.0";"None";"PROM DES ANGLAIS";"0240";"06200";"06088";"Nice";"06";"None";"None";"06088000NE0171";"None";"None";"4";"nan";"41";"nan";"None";"nan";"None";"nan";"None";"None";"2";"2";"Appartement";"126.0";"4.0";"None";"None";"None";"None";"nan";"7.237136";"43.68638";"000NE"
"2023-50835";"2023-06-15";"1";"Vente";"184320.0";"3.0";"None";"AV DU PETIT FABRON";"4975";"06200";"06088";"Nice";"06";"None";"None";"06088000NE0295";"None";"None";"19";"nan";"34";"nan";"4";"nan";"None";"nan";"None";"None";"3";"3";"Dépendance";"nan";"0.0";"None";"None";"None";"None";"nan";"7.237607";"43.688688";"000NE"
"2023-50835";"2023-06-15";"1";"Vente";"184320.0";"3.0";"None";"AV DU PETIT FABRON";"4975";"06200";"06088";"Nice";"06";"None";"None";"06088000NE0295";"None";"None";"19";"nan";"34";"nan";"4";"nan";"None";"nan";"None";"None";"3";"3";"Dépendance";"nan";"0.0";"None";"None";"None";"None";"nan";"7.237607";"43.688688";"000NE"
"2023-50843";"2023-06-08";"1";"Vente";"36500.0";"126.0";"T";"AV DE LA CALIFORNIE";"1045";"06200";"06088";"Nice";"06";"None";"None";"06088000NE0229";"None";"None";"13";"nan";"None";"nan";"None";"nan";"None";"nan";"None";"None";"1";"3";"Dépendance";"nan";"0.0";"None";"None";"None";"None";"nan";"7.235318";"43.68585";"000NE"
"2023-51320";"2023-06-07";"1";"Vente";"38000.0";"126.0";"None";"AV DE LA CALIFORNIE";"1045";"06200";"06088";"Nice";"06";"None";"None";"06088000NE0188";"None";"None";"15";"nan";"None";"nan";"None";"nan";"None";"nan";"None";"None";"1";"3";"Dépendance";"nan";"0.0";"None";"None";"None";"None";"nan";"7.235598";"43.686043";"000NE"
"2023-51764";"2023-06-06";"1";"Vente";"154000.0";"74.0";"None";"AV DE LA CALIFORNIE";"1045";"06200";"06088";"Nice";"06";"None";"None";"06088000NE0235";"None";"None";"14";"32.05";"None";"nan";"None";"nan";"None";"nan";"None";"None";"1";"2";"Appartement";"35.0";"1.0";"None";"None";"None";"None";"nan";"7.239399";"43.688655";"000NE"
"2023-50763";"2023-06-02";"1";"Vente";"643150.0";"167.0";"None";"PROM DES ANGLAIS";"0240";"06200";"06088";"Nice";"06";"None";"None";"06088000NE0146";"None";"None";"2";"nan";"78";"nan";"None";"nan";"None";"nan";"None";"None";"2";"2";"Appartement";"94.0";"4.0";"None";"None";"None";"None";"nan";"7.24015";"43.68847";"000NE"
"2023-50763";"2023-06-02";"1";"Vente";"643150.0";"167.0";"None";"PROM DES ANGLAIS";"0240";"06200";"06088";"Nice";"06";"None";"None";"06088000NE0146";"None";"None";"2";"nan";"78";"nan";"None";"nan";"None";"nan";"None";"None";"2";"3";"Dépendance";"nan";"0.0";"None";"None";"None";"None";"nan";"7.24015";"43.68847";"000NE"
"2023-50700";"2023-05-30";"1";"Vente";"400000.0";"117.0";"None";"AV DE LA CALIFORNIE";"1045";"06200";"06088";"Nice";"06";"None";"None";"06088000NE0366";"None";"None";"128";"54.24";"56";"nan";"None";"nan";"None";"nan";"None";"None";"2";"2";"Appartement";"57.0";"1.0";"None";"None";"None";"None";"nan";"7.237375";"43.686682";"000NE"
"2023-50774";"2023-05-30";"1";"Vente";"118500.0";"93.0";"None";"AV DE LA CALIFORNIE";"1045";"06200";"06088";"Nice";"06";"None";"None";"06088000NE0155";"None";"None";"31";"nan";"None";"nan";"None";"nan";"None";"nan";"None";"None";"1";"2";"Appartement";"28.0";"1.0";"None";"None";"None";"None";"nan";"7.238691";"43.687678";"000NE"
"2023-50700";"2023-05-30";"1";"Vente";"400000.0";"117.0";"None";"AV DE LA CALIFORNIE";"1045";"06200";"06088";"Nice";"06";"None";"None";"06088000NE0366";"None";"None";"46";"nan";"None";"nan";"None";"nan";"None";"nan";"None";"None";"1";"3";"Dépendance";"nan";"0.0";"None";"None";"None";"None";"nan";"7.237375";"43.686682";"000NE"
"2023-50529";"2023-05-26";"1";"Vente";"34000.0";"124.0";"None";"AV DE LA CALIFORNIE";"1045";"06200";"06088";"Nice";"06";"None";"None";"06088000NE0266";"None";"None";"223";"nan";"None";"nan";"None";"nan";"None";"nan";"None";"None";"1";"3";"Dépendance";"nan";"0.0";"None";"None";"None";"None";"nan";"7.235937";"43.686293";"000NE"
"2023-50681";"2023-05-25";"1";"Vente";"100000.0";"108.0";"None";"AV DE LA CALIFORNIE";"1045";"06200";"06088";"Nice";"06";"None";"None";"06088000NE0197";"None";"None";"28";"nan";"None";"nan";"None";"nan";"None";"nan";"None";"None";"1";"2";"Appartement";"28.0";"1.0";"None";"None";"None";"None";"nan";"7.237015";"43.687156";"000NE"
"2023-50200";"2023-05-24";"1";"Vente";"170000.0";"76.0";"None";"AV DE LA CALIFORNIE";"1045";"06200";"06088";"Nice";"06";"None";"None";"06088000NE0127";"None";"None";"79";"71.11";"None";"nan";"None";"nan";"None";"nan";"None";"None";"1";"2";"Appartement";"71.0";"3.0";"None";"None";"None";"None";"nan";"7.239138";"43.6887";"000NE"
"2023-50155";"2023-05-23";"1";"Vente";"91000.0";"112.0";"None";"AV DE LA CALIFORNIE";"1045";"06200";"06088";"Nice";"06";"None";"None";"06088000NE0195";"None";"None";"66";"nan";"None";"nan";"None";"nan";"None";"nan";"None";"None";"1";"2";"Appartement";"27.0";"1.0";"None";"None";"None";"None";"nan";"7.23679";"43.686954";"000NE"
"2023-49875";"2023-05-22";"1";"Vente";"195000.0";"1.0";"None";"RUE LENVAL";"3595";"06200";"06088";"Nice";"06";"None";"None";"06088000NE0140";"None";"None";"41";"57.5";"9";"nan";"None";"nan";"None";"nan";"None";"None";"2";"2";"Appartement";"50.0";"1.0";"None";"None";"None";"None";"nan";"7.240567";"43.688812";"000NE"
"2023-49435";"2023-05-17";"1";"Vente";"217075.0";"72.0";"None";"AV DE LA CALIFORNIE";"1045";"06200";"06088";"Nice";"06";"None";"None";"06088000NE0130";"None";"None";"42";"nan";"7";"nan";"None";"nan";"None";"nan";"None";"None";"2";"2";"Appartement";"44.0";"2.0";"None";"None";"None";"None";"nan";"7.23946";"43.688889";"000NE"
"2023-49984";"2023-05-12";"1";"Vente";"940380.0";"9.0";"None";"AV PADERI";"4625";"06200";"06088";"Nice";"06";"None";"None";"06088000NE0021";"None";"None";"None";"nan";"None";"nan";"None";"nan";"None";"nan";"None";"None";"0";"1";"Maison";"100.0";"5.0";"S";"sols";"None";"None";"338.0";"7.234352";"43.689759";"000NE"
"2023-49742";"2023-05-12";"1";"Vente";"223170.0";"126.0";"None";"AV DE LA CALIFORNIE";"1045";"06200";"06088";"Nice";"06";"None";"None";"06088000NE0188";"None";"None";"150";"53.3";"None";"nan";"None";"nan";"None";"nan";"None";"None";"1";"2";"Appartement";"59.0";"2.0";"None";"None";"None";"None";"nan";"7.235598";"43.686043";"000NE"
"2023-49712";"2023-05-11";"1";"Vente";"293000.0";"219.0";"None";"PROM DES ANGLAIS";"0240";"06200";"06088";"Nice";"06";"None";"None";"06088000NE0185";"None";"None";"57B";"nan";"66B";"nan";"84B";"nan";"None";"nan";"None";"None";"3";"2";"Appartement";"60.0";"3.0";"None";"None";"None";"None";"nan";"7.23596";"43.685549";"000NE"
"2023-49712";"2023-05-11";"1";"Vente";"293000.0";"219.0";"None";"PROM DES ANGLAIS";"0240";"06200";"06088";"Nice";"06";"None";"None";"06088000NE0185";"None";"None";"57B";"nan";"66B";"nan";"84B";"nan";"None";"nan";"None";"None";"3";"3";"Dépendance";"nan";"0.0";"None";"None";"None";"None";"nan";"7.23596";"43.685549";"000NE"
"2023-49712";"2023-05-11";"1";"Vente";"293000.0";"219.0";"None";"PROM DES ANGLAIS";"0240";"06200";"06088";"Nice";"06";"None";"None";"06088000NE0185";"None";"None";"57B";"nan";"66B";"nan";"84B";"nan";"None";"nan";"None";"None";"3";"3";"Dépendance";"nan";"0.0";"None";"None";"None";"None";"nan";"7.23596";"43.685549";"000NE"
"2023-49451";"2023-05-05";"1";"Vente";"914000.0";"205.0";"None";"PROM DES ANGLAIS";"0240";"06200";"06088";"Nice";"06";"None";"None";"06088000NE0171";"None";"None";"14";"nan";"39";"nan";"None";"nan";"None";"nan";"None";"None";"2";"2";"Appartement";"113.0";"4.0";"None";"None";"None";"None";"nan";"7.237136";"43.68638";"000NE"
"2023-49691";"2023-05-05";"1";"Vente";"153500.0";"213.0";"None";"PROM DES ANGLAIS";"0240";"06200";"06088";"Nice";"06";"None";"None";"06088000NE0176";"None";"None";"49";"nan";"None";"nan";"None";"nan";"None";"nan";"None";"None";"1";"2";"Appartement";"21.0";"1.0";"None";"None";"None";"None";"nan";"7.236841";"43.686188";"000NE"
"2023-49451";"2023-05-05";"1";"Vente";"914000.0";"205.0";"None";"PROM DES ANGLAIS";"0240";"06200";"06088";"Nice";"06";"None";"None";"06088000NE0171";"None";"None";"14";"nan";"39";"nan";"None";"nan";"None";"nan";"None";"None";"2";"3";"Dépendance";"nan";"0.0";"None";"None";"None";"None";"nan";"7.237136";"43.68638";"000NE"
"2023-49451";"2023-05-05";"1";"Vente";"914000.0";"126.0";"T";"AV DE LA CALIFORNIE";"1045";"06200";"06088";"Nice";"06";"None";"None";"06088000NE0229";"None";"None";"8";"nan";"None";"nan";"None";"nan";"None";"nan";"None";"None";"1";"3";"Dépendance";"nan";"0.0";"None";"None";"None";"None";"nan";"7.235318";"43.68585";"000NE"
"2023-48909";"2023-05-04";"1";"Vente";"35000.0";"2.0";"None";"AV LE MESNIL";"4185";"06200";"06088";"Nice";"06";"None";"None";"06088000NE0007";"None";"None";"13";"nan";"None";"nan";"None";"nan";"None";"nan";"None";"None";"1";"3";"Dépendance";"nan";"0.0";"None";"None";"None";"None";"nan";"7.234741";"43.688643";"000NE"
"2023-49138";"2023-04-25";"1";"Vente";"315000.0";"122.0";"None";"AV DE LA CALIFORNIE";"1045";"06200";"06088";"Nice";"06";"None";"None";"06088000NE0190";"None";"None";"16";"nan";"39";"62.58";"None";"nan";"None";"nan";"None";"None";"2";"2";"Appartement";"67.0";"2.0";"None";"None";"None";"None";"nan";"7.236135";"43.686433";"000NE"
"2023-49138";"2023-04-25";"1";"Vente";"315000.0";"122.0";"None";"AV DE LA CALIFORNIE";"1045";"06200";"06088";"Nice";"06";"None";"None";"06088000NE0190";"None";"None";"16";"nan";"39";"62.58";"None";"nan";"None";"nan";"None";"None";"2";"3";"Dépendance";"nan";"0.0";"None";"None";"None";"None";"nan";"7.236135";"43.686433";"000NE"
"2023-49030";"2023-04-21";"1";"Vente";"145000.0";"15.0";"B";"AV DU PETIT FABRON";"4975";"06200";"06088";"Nice";"06";"None";"None";"06088000NE0099";"None";"None";"24";"nan";"3";"nan";"None";"nan";"None";"nan";"None";"None";"2";"2";"Appartement";"47.0";"2.0";"None";"None";"None";"None";"nan";"7.238203";"43.689031";"000NE"
"2023-49030";"2023-04-21";"1";"Vente";"145000.0";"15.0";"B";"AV DU PETIT FABRON";"4975";"06200";"06088";"Nice";"06";"None";"None";"06088000NE0099";"None";"None";"24";"nan";"3";"nan";"None";"nan";"None";"nan";"None";"None";"2";"3";"Dépendance";"nan";"0.0";"None";"None";"None";"None";"nan";"7.238203";"43.689031";"000NE"
"2023-47764";"2023-04-07";"1";"Vente";"130000.0";"91.0";"None";"AV DE LA CALIFORNIE";"1045";"06200";"06088";"Nice";"06";"None";"None";"06088000NE0153";"None";"None";"110";"27.18";"None";"nan";"None";"nan";"None";"nan";"None";"None";"1";"2";"Appartement";"27.0";"1.0";"None";"None";"None";"None";"nan";"7.238957";"43.687701";"000NE"
"2023-47764";"2023-04-07";"1";"Vente";"130000.0";"91.0";"None";"AV DE LA CALIFORNIE";"1045";"06200";"06088";"Nice";"06";"None";"None";"06088000NE0153";"None";"None";"110";"27.18";"None";"nan";"None";"nan";"None";"nan";"None";"None";"1";"3";"Dépendance";"nan";"0.0";"None";"None";"None";"None";"nan";"7.238957";"43.687701";"000NE"
"2023-47717";"2023-04-05";"1";"Vente";"240000.0";"185.0";"None";"PROM DES ANGLAIS";"0240";"06200";"06088";"Nice";"06";"None";"None";"06088000NE0375";"None";"None";"212";"nan";"283";"nan";"None";"nan";"None";"nan";"None";"None";"2";"2";"Appartement";"28.0";"1.0";"None";"None";"None";"None";"nan";"7.238539";"43.687479";"000NE"
"2023-47717";"2023-04-05";"1";"Vente";"240000.0";"185.0";"None";"PROM DES ANGLAIS";"0240";"06200";"06088";"Nice";"06";"None";"None";"06088000NE0375";"None";"None";"212";"nan";"283";"nan";"None";"nan";"None";"nan";"None";"None";"2";"3";"Dépendance";"nan";"0.0";"None";"None";"None";"None";"nan";"7.238539";"43.687479";"000NE"
"2023-47717";"2023-04-05";"1";"Vente";"240000.0";"95.0";"None";"AV DE LA CALIFORNIE";"1045";"06200";"06088";"Nice";"06";"None";"None";"06088000NE0375";"None";"None";"249";"nan";"None";"nan";"None";"nan";"None";"nan";"None";"None";"1";"3";"Dépendance";"nan";"0.0";"None";"None";"None";"None";"nan";"7.238539";"43.687479";"000NE"
"2023-48366";"2023-04-04";"1";"Vente";"165000.0";"101.0";"None";"AV DE LA CALIFORNIE";"1045";"06200";"06088";"Nice";"06";"None";"None";"06088000NE0360";"None";"None";"46";"nan";"None";"nan";"None";"nan";"None";"nan";"None";"None";"1";"4";"Local industriel. commercial ou assimilé";"32.0";"0.0";"None";"None";"None";"None";"nan";"7.238141";"43.687306";"000NE"
"2023-47825";"2023-03-31";"1";"Vente";"280000.0";"117.0";"None";"AV DE LA CALIFORNIE";"1045";"06200";"06088";"Nice";"06";"None";"None";"06088000NE0366";"None";"None";"125";"39.03";"None";"nan";"None";"nan";"None";"nan";"None";"None";"1";"2";"Appartement";"42.0";"1.0";"None";"None";"None";"None";"nan";"7.237375";"43.686682";"000NE"
"2023-47482";"2023-03-30";"1";"Vente";"154000.0";"126.0";"T";"AV DE LA CALIFORNIE";"1045";"06200";"06088";"Nice";"06";"None";"None";"06088000NE0229";"None";"None";"49";"30.43";"None";"nan";"None";"nan";"None";"nan";"None";"None";"1";"2";"Appartement";"31.0";"1.0";"None";"None";"None";"None";"nan";"7.235318";"43.68585";"000NE"
"2023-47534";"2023-03-28";"1";"Vente";"100150.0";"112.0";"None";"AV DE LA CALIFORNIE";"1045";"06200";"06088";"Nice";"06";"None";"None";"06088000NE0195";"None";"None";"44";"23.31";"None";"nan";"None";"nan";"None";"nan";"None";"None";"1";"2";"Appartement";"23.0";"1.0";"None";"None";"None";"None";"nan";"7.23679";"43.686954";"000NE"
"2023-47668";"2023-03-23";"1";"Vente";"25000.0";"13.0";"None";"AV DU PETIT FABRON";"4975";"06200";"06088";"Nice";"06";"None";"None";"06088000NE0299";"None";"None";"63";"nan";"None";"nan";"None";"nan";"None";"nan";"None";"None";"1";"3";"Dépendance";"nan";"0.0";"None";"None";"None";"None";"nan";"7.238694";"43.689249";"000NE"
"2023-46557";"2023-03-20";"1";"Vente";"163500.0";"126.0";"T";"AV DE LA CALIFORNIE";"1045";"06200";"06088";"Nice";"06";"None";"None";"06088000NE0229";"None";"None";"91";"30.78";"None";"nan";"None";"nan";"None";"nan";"None";"None";"1";"2";"Appartement";"31.0";"1.0";"None";"None";"None";"None";"nan";"7.235318";"43.68585";"000NE"
"2023-47233";"2023-03-20";"1";"Vente";"127500.0";"126.0";"T";"AV DE LA CALIFORNIE";"1045";"06200";"06088";"Nice";"06";"None";"None";"06088000NE0229";"None";"None";"110";"nan";"None";"nan";"None";"nan";"None";"nan";"None";"None";"1";"2";"Appartement";"21.0";"1.0";"None";"None";"None";"None";"nan";"7.235318";"43.68585";"000NE"
"2023-47233";"2023-03-20";"1";"Vente";"127500.0";"126.0";"T";"AV DE LA CALIFORNIE";"1045";"06200";"06088";"Nice";"06";"None";"None";"06088000NE0229";"None";"None";"2";"nan";"None";"nan";"None";"nan";"None";"nan";"None";"None";"1";"3";"Dépendance";"nan";"0.0";"None";"None";"None";"None";"nan";"7.235318";"43.68585";"000NE"
"2023-47033";"2023-03-16";"1";"Vente";"250000.0";"21.0";"None";"AV DE FABRON";"2370";"06200";"06088";"Nice";"06";"None";"None";"06088000NE0312";"None";"None";"148";"nan";"93";"nan";"None";"nan";"None";"nan";"None";"None";"2";"2";"Appartement";"56.0";"2.0";"None";"None";"None";"None";"nan";"7.23374";"43.686751";"000NE"
"2023-47033";"2023-03-16";"1";"Vente";"250000.0";"21.0";"None";"AV DE FABRON";"2370";"06200";"06088";"Nice";"06";"None";"None";"06088000NE0312";"None";"None";"148";"nan";"93";"nan";"None";"nan";"None";"nan";"None";"None";"2";"3";"Dépendance";"nan";"0.0";"None";"None";"None";"None";"nan";"7.23374";"43.686751";"000NE"
"2023-47120";"2023-03-15";"1";"Vente";"135200.0";"1.0";"None";"RUE LENVAL";"3595";"06200";"06088";"Nice";"06";"None";"None";"06088000NE0140";"None";"None";"20";"nan";"51";"nan";"None";"nan";"None";"nan";"None";"None";"2";"2";"Appartement";"25.0";"1.0";"None";"None";"None";"None";"nan";"7.240567";"43.688812";"000NE"
"2023-47120";"2023-03-15";"1";"Vente";"135200.0";"1.0";"None";"RUE LENVAL";"3595";"06200";"06088";"Nice";"06";"None";"None";"06088000NE0140";"None";"None";"20";"nan";"51";"nan";"None";"nan";"None";"nan";"None";"None";"2";"3";"Dépendance";"nan";"0.0";"None";"None";"None";"None";"nan";"7.240567";"43.688812";"000NE"
"2023-46188";"2023-03-09";"1";"Vente";"270000.0";"122.0";"None";"AV DE LA CALIFORNIE";"1045";"06200";"06088";"Nice";"06";"None";"None";"06088000NE0190";"None";"None";"53";"nan";"8";"nan";"None";"nan";"None";"nan";"None";"None";"2";"2";"Appartement";"52.0";"1.0";"None";"None";"None";"None";"nan";"7.236135";"43.686433";"000NE"
"2023-46429";"2023-03-08";"1";"Vente";"248710.0";"211.0";"None";"PROM DES ANGLAIS";"0240";"06200";"06088";"Nice";"06";"None";"None";"06088000NE0174";"None";"None";"33";"28.8";"None";"nan";"None";"nan";"None";"nan";"None";"None";"1";"2";"Appartement";"29.0";"1.0";"None";"None";"None";"None";"nan";"7.236957";"43.686233";"000NE"
"2023-47317";"2023-03-08";"1";"Vente";"630000.0";"183.0";"None";"PROM DES ANGLAIS";"0240";"06200";"06088";"Nice";"06";"None";"None";"06088000NE0154";"None";"None";"25";"nan";"None";"nan";"None";"nan";"None";"nan";"None";"None";"1";"2";"Appartement";"64.0";"2.0";"None";"None";"None";"None";"nan";"7.238788";"43.687577";"000NE"
"2023-47317";"2023-03-08";"1";"Vente";"630000.0";"183.0";"None";"PROM DES ANGLAIS";"0240";"06200";"06088";"Nice";"06";"None";"None";"06088000NE0154";"None";"None";"25";"nan";"None";"nan";"None";"nan";"None";"nan";"None";"None";"1";"3";"Dépendance";"nan";"0.0";"None";"None";"None";"None";"nan";"7.238788";"43.687577";"000NE"
"2023-45956";"2023-02-28";"1";"Vente";"930000.0";"205.0";"None";"PROM DES ANGLAIS";"0240";"06200";"06088";"Nice";"06";"None";"None";"06088000NE0171";"None";"None";"37";"114.33";"5";"nan";"None";"nan";"None";"nan";"None";"None";"2";"2";"Appartement";"119.0";"4.0";"None";"None";"None";"None";"nan";"7.237136";"43.68638";"000NE"
"2023-46748";"2023-02-28";"1";"Vente";"152000.0";"3.0";"None";"AV DU PETIT FABRON";"4975";"06200";"06088";"Nice";"06";"None";"None";"06088000NE0295";"None";"None";"141";"nan";"156";"nan";"171";"nan";"None";"nan";"None";"None";"3";"2";"Appartement";"41.0";"2.0";"None";"None";"None";"None";"nan";"7.237607";"43.688688";"000NE"
"2023-46748";"2023-02-28";"1";"Vente";"152000.0";"3.0";"None";"AV DU PETIT FABRON";"4975";"06200";"06088";"Nice";"06";"None";"None";"06088000NE0295";"None";"None";"141";"nan";"156";"nan";"171";"nan";"None";"nan";"None";"None";"3";"3";"Dépendance";"nan";"0.0";"None";"None";"None";"None";"nan";"7.237607";"43.688688";"000NE"
"2023-46748";"2023-02-28";"1";"Vente";"152000.0";"3.0";"None";"AV DU PETIT FABRON";"4975";"06200";"06088";"Nice";"06";"None";"None";"06088000NE0295";"None";"None";"141";"nan";"156";"nan";"171";"nan";"None";"nan";"None";"None";"3";"3";"Dépendance";"nan";"0.0";"None";"None";"None";"None";"nan";"7.237607";"43.688688";"000NE"
"2023-46091";"2023-02-27";"1";"Vente";"130000.0";"124.0";"None";"AV DE LA CALIFORNIE";"1045";"06200";"06088";"Nice";"06";"None";"None";"06088000NE0266";"None";"None";"303";"nan";"None";"nan";"None";"nan";"None";"nan";"None";"None";"1";"2";"Appartement";"31.0";"1.0";"None";"None";"None";"None";"nan";"7.235937";"43.686293";"000NE"
"2023-46091";"2023-02-27";"1";"Vente";"130000.0";"124.0";"None";"AV DE LA CALIFORNIE";"1045";"06200";"06088";"Nice";"06";"None";"None";"06088000NE0266";"None";"None";"206";"nan";"None";"nan";"None";"nan";"None";"nan";"None";"None";"1";"3";"Dépendance";"nan";"0.0";"None";"None";"None";"None";"nan";"7.235937";"43.686293";"000NE"
"2023-45606";"2023-02-20";"1";"Vente";"219000.0";"185.0";"None";"PROM DES ANGLAIS";"0240";"06200";"06088";"Nice";"06";"None";"None";"06088000NE0375";"None";"None";"214";"nan";"302";"25.48";"None";"nan";"None";"nan";"None";"None";"2";"2";"Appartement";"28.0";"1.0";"None";"None";"None";"None";"nan";"7.238539";"43.687479";"000NE"
"2023-45828";"2023-02-20";"1";"Vente";"310000.0";"64.0";"None";"AV DE LA CALIFORNIE";"1045";"06200";"06088";"Nice";"06";"None";"None";"06088000NE0139";"None";"None";"104";"nan";"144";"nan";"None";"nan";"None";"nan";"None";"None";"2";"2";"Appartement";"44.0";"2.0";"None";"None";"None";"None";"nan";"7.240016";"43.689276";"000NE"
"2023-45606";"2023-02-20";"1";"Vente";"219000.0";"185.0";"None";"PROM DES ANGLAIS";"0240";"06200";"06088";"Nice";"06";"None";"None";"06088000NE0375";"None";"None";"214";"nan";"302";"25.48";"None";"nan";"None";"nan";"None";"None";"2";"3";"Dépendance";"nan";"0.0";"None";"None";"None";"None";"nan";"7.238539";"43.687479";"000NE"
"2023-45828";"2023-02-20";"1";"Vente";"310000.0";"64.0";"None";"AV DE LA CALIFORNIE";"1045";"06200";"06088";"Nice";"06";"None";"None";"06088000NE0139";"None";"None";"104";"nan";"144";"nan";"None";"nan";"None";"nan";"None";"None";"2";"3";"Dépendance";"nan";"0.0";"None";"None";"None";"None";"nan";"7.240016";"43.689276";"000NE"
"2023-44840";"2023-02-08";"1";"Vente";"246000.0";"187.0";"B";"PROM DES ANGLAIS";"0240";"06200";"06088";"Nice";"06";"None";"None";"06088000NE0158";"None";"None";"14";"nan";"31";"50.18";"None";"nan";"None";"nan";"None";"None";"2";"2";"Appartement";"60.0";"3.0";"None";"None";"None";"None";"nan";"7.2384";"43.68732";"000NE"
"2023-44840";"2023-02-08";"1";"Vente";"246000.0";"187.0";"B";"PROM DES ANGLAIS";"0240";"06200";"06088";"Nice";"06";"None";"None";"06088000NE0158";"None";"None";"14";"nan";"31";"50.18";"None";"nan";"None";"nan";"None";"None";"2";"3";"Dépendance";"nan";"0.0";"None";"None";"None";"None";"nan";"7.2384";"43.68732";"000NE"
"2023-44946";"2023-02-03";"1";"Vente";"245000.0";"198.0";"None";"PROM DES ANGLAIS";"0240";"06200";"06088";"Nice";"06";"None";"None";"06088000NE0164";"None";"None";"29";"nan";"39";"nan";"None";"nan";"None";"nan";"None";"None";"2";"2";"Appartement";"28.0";"1.0";"None";"None";"None";"None";"nan";"7.237553";"43.686785";"000NE"
"2023-44568";"2023-01-24";"1";"Vente";"150000.0";"108.0";"None";"AV DE LA CALIFORNIE";"1045";"06200";"06088";"Nice";"06";"None";"None";"06088000NE0197";"None";"None";"34";"41.43";"None";"nan";"None";"nan";"None";"nan";"None";"None";"1";"2";"Appartement";"42.0";"2.0";"None";"None";"None";"None";"nan";"7.237015";"43.687156";"000NE"
"2023-44568";"2023-01-24";"1";"Vente";"150000.0";"108.0";"None";"AV DE LA CALIFORNIE";"1045";"06200";"06088";"Nice";"06";"None";"None";"06088000NE0197";"None";"None";"3";"nan";"None";"nan";"None";"nan";"None";"nan";"None";"None";"1";"3";"Dépendance";"nan";"0.0";"None";"None";"None";"None";"nan";"7.237015";"43.687156";"000NE"
"2023-44728";"2023-01-17";"1";"Vente";"420000.0";"219.0";"None";"PROM DES ANGLAIS";"0240";"06200";"06088";"Nice";"06";"None";"None";"06088000NE0185";"None";"None";"20A";"nan";"32A";"nan";"8A";"nan";"None";"nan";"None";"None";"3";"2";"Appartement";"59.0";"3.0";"None";"None";"None";"None";"nan";"7.23596";"43.685549";"000NE"
"2023-44728";"2023-01-17";"1";"Vente";"420000.0";"219.0";"None";"PROM DES ANGLAIS";"0240";"06200";"06088";"Nice";"06";"None";"None";"06088000NE0185";"None";"None";"20A";"nan";"32A";"nan";"8A";"nan";"None";"nan";"None";"None";"3";"3";"Dépendance";"nan";"0.0";"None";"None";"None";"None";"nan";"7.23596";"43.685549";"000NE"
"2023-44728";"2023-01-17";"1";"Vente";"420000.0";"219.0";"None";"PROM DES ANGLAIS";"0240";"06200";"06088";"Nice";"06";"None";"None";"06088000NE0185";"None";"None";"20A";"nan";"32A";"nan";"8A";"nan";"None";"nan";"None";"None";"3";"3";"Dépendance";"nan";"0.0";"None";"None";"None";"None";"nan";"7.23596";"43.685549";"000NE"
"2023-43670";"2023-01-13";"1";"Vente";"115000.0";"108.0";"None";"AV DE LA CALIFORNIE";"1045";"06200";"06088";"Nice";"06";"None";"None";"06088000NE0197";"None";"None";"37";"nan";"None";"nan";"None";"nan";"None";"nan";"None";"None";"1";"2";"Appartement";"30.0";"1.0";"None";"None";"None";"None";"nan";"7.237015";"43.687156";"000NE"
"2023-44498";"2023-01-13";"1";"Vente";"35000.0";"72.0";"None";"AV DE LA CALIFORNIE";"1045";"06200";"06088";"Nice";"06";"None";"None";"06088000NE0130";"None";"None";"22";"nan";"None";"nan";"None";"nan";"None";"nan";"None";"None";"1";"3";"Dépendance";"nan";"0.0";"None";"None";"None";"None";"nan";"7.23946";"43.688889";"000NE"
"2022-71622";"2022-12-30";"1";"Vente";"920000.0";"117.0";"None";"AV DE LA CALIFORNIE";"1045";"06200";"06088";"Nice";"06";"None";"None";"06088000NE0366";"None";"None";"124";"nan";"None";"nan";"None";"nan";"None";"nan";"None";"None";"1";"2";"Appartement";"103.0";"2.0";"None";"None";"None";"None";"nan";"7.237375";"43.686682";"000NE"
"2022-71622";"2022-12-30";"1";"Vente";"920000.0";"117.0";"None";"AV DE LA CALIFORNIE";"1045";"06200";"06088";"Nice";"06";"None";"None";"06088000NE0366";"None";"None";"24";"nan";"None";"nan";"None";"nan";"None";"nan";"None";"None";"1";"3";"Dépendance";"nan";"0.0";"None";"None";"None";"None";"nan";"7.237375";"43.686682";"000NE"
"2022-70968";"2022-12-28";"1";"Vente";"34000.0";"64.0";"None";"AV DE LA CALIFORNIE";"1045";"06200";"06088";"Nice";"06";"None";"None";"06088000NE0139";"None";"None";"1";"nan";"None";"nan";"None";"nan";"None";"nan";"None";"None";"1";"3";"Dépendance";"nan";"0.0";"None";"None";"None";"None";"nan";"7.240016";"43.689276";"000NE"
"2022-71106";"2022-12-28";"1";"Vente";"34000.0";"124.0";"None";"AV DE LA CALIFORNIE";"1045";"06200";"06088";"Nice";"06";"None";"None";"06088000NE0266";"None";"None";"203";"nan";"None";"nan";"None";"nan";"None";"nan";"None";"None";"1";"3";"Dépendance";"nan";"0.0";"None";"None";"None";"None";"nan";"7.235937";"43.686293";"000NE"
"2022-71382";"2022-12-27";"1";"Vente";"186250.0";"181.0";"None";"PROM DES ANGLAIS";"0240";"06200";"06088";"Nice";"06";"None";"None";"06088000NE0153";"None";"None";"64";"41.18";"None";"nan";"None";"nan";"None";"nan";"None";"None";"1";"2";"Appartement";"41.0";"1.0";"None";"None";"None";"None";"nan";"7.238957";"43.687701";"000NE"
"2022-71515";"2022-12-27";"1";"Vente";"140000.0";"124.0";"None";"AV DE LA CALIFORNIE";"1045";"06200";"06088";"Nice";"06";"None";"None";"06088000NE0266";"None";"None";"290";"nan";"None";"nan";"None";"nan";"None";"nan";"None";"None";"1";"2";"Appartement";"34.0";"1.0";"None";"None";"None";"None";"nan";"7.235937";"43.686293";"000NE"
"2022-71382";"2022-12-27";"1";"Vente";"186250.0";"181.0";"None";"PROM DES ANGLAIS";"0240";"06200";"06088";"Nice";"06";"None";"None";"06088000NE0153";"None";"None";"64";"41.18";"None";"nan";"None";"nan";"None";"nan";"None";"None";"1";"3";"Dépendance";"nan";"0.0";"None";"None";"None";"None";"nan";"7.238957";"43.687701";"000NE"
"2022-70971";"2022-12-22";"1";"Vente";"170000.0";"3.0";"None";"AV DU PETIT FABRON";"4975";"06200";"06088";"Nice";"06";"None";"None";"06088000NE0295";"None";"None";"49";"nan";"61";"nan";"73";"nan";"None";"nan";"None";"None";"3";"2";"Appartement";"39.0";"2.0";"None";"None";"None";"None";"nan";"7.237607";"43.688688";"000NE"
"2022-70971";"2022-12-22";"1";"Vente";"170000.0";"3.0";"None";"AV DU PETIT FABRON";"4975";"06200";"06088";"Nice";"06";"None";"None";"06088000NE0295";"None";"None";"49";"nan";"61";"nan";"73";"nan";"None";"nan";"None";"None";"3";"3";"Dépendance";"nan";"0.0";"None";"None";"None";"None";"nan";"7.237607";"43.688688";"000NE"
"2022-70971";"2022-12-22";"1";"Vente";"170000.0";"3.0";"None";"AV DU PETIT FABRON";"4975";"06200";"06088";"Nice";"06";"None";"None";"06088000NE0295";"None";"None";"49";"nan";"61";"nan";"73";"nan";"None";"nan";"None";"None";"3";"3";"Dépendance";"nan";"0.0";"None";"None";"None";"None";"nan";"7.237607";"43.688688";"000NE"
"2022-70495";"2022-12-21";"1";"Vente";"720000.0";"189.0";"None";"PROM DES ANGLAIS";"0240";"06200";"06088";"Nice";"06";"None";"None";"06088000NE0360";"None";"None";"58";"nan";"None";"nan";"None";"nan";"None";"nan";"None";"None";"1";"2";"Appartement";"77.0";"2.0";"None";"None";"None";"None";"nan";"7.238141";"43.687306";"000NE"
"2022-70615";"2022-12-21";"1";"Vente";"207650.0";"104.0";"None";"AV DE LA CALIFORNIE";"1045";"06200";"06088";"Nice";"06";"None";"None";"06088000NE0250";"None";"None";"30";"nan";"60";"55.39";"None";"nan";"None";"nan";"None";"None";"2";"2";"Appartement";"54.0";"2.0";"None";"None";"None";"None";"nan";"7.237634";"43.687588";"000NE"
"2022-70615";"2022-12-21";"1";"Vente";"207650.0";"104.0";"None";"AV DE LA CALIFORNIE";"1045";"06200";"06088";"Nice";"06";"None";"None";"06088000NE0250";"None";"None";"30";"nan";"60";"55.39";"None";"nan";"None";"nan";"None";"None";"2";"3";"Dépendance";"nan";"0.0";"None";"None";"None";"None";"nan";"7.237634";"43.687588";"000NE"
"2022-70646";"2022-12-19";"1";"Vente";"94000.0";"3.0";"None";"AV DU PETIT FABRON";"4975";"06200";"06088";"Nice";"06";"None";"None";"06088000NE0295";"None";"None";"14";"nan";"29";"nan";"44";"25.85";"None";"nan";"None";"None";"3";"2";"Appartement";"26.0";"1.0";"None";"None";"None";"None";"nan";"7.237607";"43.688688";"000NE"
"2022-71166";"2022-12-19";"1";"Vente";"520000.0";"83.0";"None";"AV DE LA CALIFORNIE";"1045";"06200";"06088";"Nice";"06";"None";"None";"06088000NE0283";"None";"None";"22";"nan";"9";"nan";"None";"nan";"None";"nan";"None";"None";"2";"2";"Appartement";"60.0";"4.0";"None";"None";"None";"None";"nan";"7.239638";"43.688137";"000NE"
"2022-70646";"2022-12-19";"1";"Vente";"94000.0";"3.0";"None";"AV DU PETIT FABRON";"4975";"06200";"06088";"Nice";"06";"None";"None";"06088000NE0295";"None";"None";"14";"nan";"29";"nan";"44";"25.85";"None";"nan";"None";"None";"3";"3";"Dépendance";"nan";"0.0";"None";"None";"None";"None";"nan";"7.237607";"43.688688";"000NE"
"2022-70646";"2022-12-19";"1";"Vente";"94000.0";"3.0";"None";"AV DU PETIT FABRON";"4975";"06200";"06088";"Nice";"06";"None";"None";"06088000NE0295";"None";"None";"14";"nan";"29";"nan";"44";"25.85";"None";"nan";"None";"None";"3";"3";"Dépendance";"nan";"0.0";"None";"None";"None";"None";"nan";"7.237607";"43.688688";"000NE"
"2022-71166";"2022-12-19";"1";"Vente";"520000.0";"83.0";"None";"AV DE LA CALIFORNIE";"1045";"06200";"06088";"Nice";"06";"None";"None";"06088000NE0283";"None";"None";"22";"nan";"9";"nan";"None";"nan";"None";"nan";"None";"None";"2";"3";"Dépendance";"nan";"0.0";"None";"None";"None";"None";"nan";"7.239638";"43.688137";"000NE"
"2022-70230";"2022-12-16";"1";"Vente";"145000.0";"108.0";"None";"AV DE LA CALIFORNIE";"1045";"06200";"06088";"Nice";"06";"None";"None";"06088000NE0197";"None";"None";"22";"nan";"None";"nan";"None";"nan";"None";"nan";"None";"None";"1";"2";"Appartement";"27.0";"1.0";"None";"None";"None";"None";"nan";"7.237015";"43.687156";"000NE"
"2022-71139";"2022-12-16";"1";"Vente";"225000.0";"3.0";"None";"AV DU PETIT FABRON";"4975";"06200";"06088";"Nice";"06";"None";"None";"06088000NE0295";"None";"None";"109";"nan";"124";"nan";"94";"nan";"None";"nan";"None";"None";"3";"2";"Appartement";"65.0";"4.0";"None";"None";"None";"None";"nan";"7.237607";"43.688688";"000NE"
"2022-71139";"2022-12-16";"1";"Vente";"225000.0";"3.0";"None";"AV DU PETIT FABRON";"4975";"06200";"06088";"Nice";"06";"None";"None";"06088000NE0295";"None";"None";"109";"nan";"124";"nan";"94";"nan";"None";"nan";"None";"None";"3";"3";"Dépendance";"nan";"0.0";"None";"None";"None";"None";"nan";"7.237607";"43.688688";"000NE"
"2022-71139";"2022-12-16";"1";"Vente";"225000.0";"3.0";"None";"AV DU PETIT FABRON";"4975";"06200";"06088";"Nice";"06";"None";"None";"06088000NE0295";"None";"None";"109";"nan";"124";"nan";"94";"nan";"None";"nan";"None";"None";"3";"3";"Dépendance";"nan";"0.0";"None";"None";"None";"None";"nan";"7.237607";"43.688688";"000NE"
"2022-70619";"2022-12-14";"1";"Vente";"110000.0";"219.0";"None";"PROM DES ANGLAIS";"0240";"06200";"06088";"Nice";"06";"None";"None";"06088000NE0185";"None";"None";"64B";"nan";"None";"nan";"None";"nan";"None";"nan";"None";"None";"1";"2";"Appartement";"27.0";"1.0";"None";"None";"None";"None";"nan";"7.23596";"43.685549";"000NE"
"2022-70105";"2022-12-09";"1";"Vente";"150000.0";"3.0";"None";"AV DU PETIT FABRON";"4975";"06200";"06088";"Nice";"06";"None";"None";"06088000NE0295";"None";"None";"135";"nan";"150";"nan";"165";"nan";"None";"nan";"None";"None";"3";"2";"Appartement";"40.0";"2.0";"None";"None";"None";"None";"nan";"7.237607";"43.688688";"000NE"
"2022-70105";"2022-12-09";"1";"Vente";"150000.0";"3.0";"None";"AV DU PETIT FABRON";"4975";"06200";"06088";"Nice";"06";"None";"None";"06088000NE0295";"None";"None";"135";"nan";"150";"nan";"165";"nan";"None";"nan";"None";"None";"3";"3";"Dépendance";"nan";"0.0";"None";"None";"None";"None";"nan";"7.237607";"43.688688";"000NE"
"2022-70105";"2022-12-09";"1";"Vente";"150000.0";"3.0";"None";"AV DU PETIT FABRON";"4975";"06200";"06088";"Nice";"06";"None";"None";"06088000NE0295";"None";"None";"135";"nan";"150";"nan";"165";"nan";"None";"nan";"None";"None";"3";"3";"Dépendance";"nan";"0.0";"None";"None";"None";"None";"nan";"7.237607";"43.688688";"000NE"
"2022-71649";"2022-12-08";"1";"Vente";"661000.0";"21.0";"None";"AV DE FABRON";"2370";"06200";"06088";"Nice";"06";"None";"None";"06088000NE0312";"None";"None";"132";"101.12";"181";"nan";"None";"nan";"None";"nan";"None";"None";"2";"2";"Appartement";"104.0";"4.0";"None";"None";"None";"None";"nan";"7.23374";"43.686751";"000NE"
"2022-71649";"2022-12-08";"1";"Vente";"661000.0";"21.0";"None";"AV DE FABRON";"2370";"06200";"06088";"Nice";"06";"None";"None";"06088000NE0312";"None";"None";"140";"nan";"None";"nan";"None";"nan";"None";"nan";"None";"None";"1";"3";"Dépendance";"nan";"0.0";"None";"None";"None";"None";"nan";"7.23374";"43.686751";"000NE"
"2022-71649";"2022-12-08";"1";"Vente";"661000.0";"21.0";"None";"AV DE FABRON";"2370";"06200";"06088";"Nice";"06";"None";"None";"06088000NE0312";"None";"None";"132";"101.12";"181";"nan";"None";"nan";"None";"nan";"None";"None";"2";"3";"Dépendance";"nan";"0.0";"None";"None";"None";"None";"nan";"7.23374";"43.686751";"000NE"
"2022-70550";"2022-12-05";"1";"Vente";"140000.0";"126.0";"T";"AV DE LA CALIFORNIE";"1045";"06200";"06088";"Nice";"06";"None";"None";"06088000NE0229";"None";"None";"63";"31.15";"None";"nan";"None";"nan";"None";"nan";"None";"None";"1";"2";"Appartement";"31.0";"1.0";"None";"None";"None";"None";"nan";"7.235318";"43.68585";"000NE"
"2022-69788";"2022-12-01";"1";"Vente";"557800.0";"21.0";"None";"AV DE FABRON";"2370";"06200";"06088";"Nice";"06";"None";"None";"06088000NE0312";"None";"None";"12";"nan";"None";"nan";"None";"nan";"None";"nan";"None";"None";"1";"2";"Appartement";"87.0";"4.0";"None";"None";"None";"None";"nan";"7.23374";"43.686751";"000NE"
"2022-69788";"2022-12-01";"1";"Vente";"557800.0";"21.0";"None";"AV DE FABRON";"2370";"06200";"06088";"Nice";"06";"None";"None";"06088000NE0312";"None";"None";"12";"nan";"None";"nan";"None";"nan";"None";"nan";"None";"None";"1";"3";"Dépendance";"nan";"0.0";"None";"None";"None";"None";"nan";"7.23374";"43.686751";"000NE"
"2022-69393";"2022-11-30";"1";"Vente";"345000.0";"126.0";"None";"AV DE LA CALIFORNIE";"1045";"06200";"06088";"Nice";"06";"None";"None";"06088000NE0188";"None";"None";"184";"nan";"75";"nan";"None";"nan";"None";"nan";"None";"None";"2";"2";"Appartement";"76.0";"3.0";"None";"None";"None";"None";"nan";"7.235598";"43.686043";"000NE"
"2022-69393";"2022-11-30";"1";"Vente";"345000.0";"126.0";"None";"AV DE LA CALIFORNIE";"1045";"06200";"06088";"Nice";"06";"None";"None";"06088000NE0188";"None";"None";"15";"nan";"None";"nan";"None";"nan";"None";"nan";"None";"None";"1";"3";"Dépendance";"nan";"0.0";"None";"None";"None";"None";"nan";"7.235598";"43.686043";"000NE"
"2022-69393";"2022-11-30";"1";"Vente";"345000.0";"126.0";"None";"AV DE LA CALIFORNIE";"1045";"06200";"06088";"Nice";"06";"None";"None";"06088000NE0188";"None";"None";"132";"nan";"None";"nan";"None";"nan";"None";"nan";"None";"None";"1";"3";"Dépendance";"nan";"0.0";"None";"None";"None";"None";"nan";"7.235598";"43.686043";"000NE"
"2022-69565";"2022-11-25";"1";"Vente";"242000.0";"117.0";"None";"AV DE LA CALIFORNIE";"1045";"06200";"06088";"Nice";"06";"None";"None";"06088000NE0366";"None";"None";"125";"nan";"None";"nan";"None";"nan";"None";"nan";"None";"None";"1";"2";"Appartement";"42.0";"1.0";"None";"None";"None";"None";"nan";"7.237375";"43.686682";"000NE"
"2022-69391";"2022-11-24";"1";"Vente";"130000.0";"64.0";"None";"AV DE LA CALIFORNIE";"1045";"06200";"06088";"Nice";"06";"None";"None";"06088000NE0139";"None";"None";"123";"nan";"None";"nan";"None";"nan";"None";"nan";"None";"None";"1";"2";"Appartement";"56.0";"3.0";"None";"None";"None";"None";"nan";"7.240016";"43.689276";"000NE"
"2022-69391";"2022-11-24";"1";"Vente";"130000.0";"64.0";"None";"AV DE LA CALIFORNIE";"1045";"06200";"06088";"Nice";"06";"None";"None";"06088000NE0139";"None";"None";"123";"nan";"None";"nan";"None";"nan";"None";"nan";"None";"None";"1";"3";"Dépendance";"nan";"0.0";"None";"None";"None";"None";"nan";"7.240016";"43.689276";"000NE"
"2022-68900";"2022-11-22";"1";"Vente";"181422.0";"76.0";"None";"AV DE LA CALIFORNIE";"1045";"06200";"06088";"Nice";"06";"None";"None";"06088000NE0127";"None";"None";"18";"nan";"68";"nan";"None";"nan";"None";"nan";"None";"None";"2";"2";"Appartement";"61.0";"3.0";"None";"None";"None";"None";"nan";"7.239138";"43.6887";"000NE"
"2022-69284";"2022-11-21";"1";"Vente";"167000.0";"211.0";"B";"PROM DES ANGLAIS";"0240";"06200";"06088";"Nice";"06";"None";"None";"06088000NE0175";"None";"None";"7";"34.46";"None";"nan";"None";"nan";"None";"nan";"None";"None";"1";"2";"Appartement";"34.0";"2.0";"None";"None";"None";"None";"nan";"7.236938";"43.686151";"000NE"
"2022-69121";"2022-11-18";"1";"Vente";"230150.0";"179.0";"None";"PROM DES ANGLAIS";"0240";"06200";"06088";"Nice";"06";"None";"None";"06088000NE0152";"None";"None";"127";"nan";"None";"nan";"None";"nan";"None";"nan";"None";"None";"1";"4";"Local industriel. commercial ou assimilé";"132.0";"0.0";"None";"None";"None";"None";"nan";"7.239213";"43.687844";"000NE"
"2022-68684";"2022-11-14";"1";"Vente";"402351.0";"193.0";"None";"PROM DES ANGLAIS";"0240";"06200";"06088";"Nice";"06";"None";"None";"06088000NE0362";"None";"None";"13";"nan";"84";"nan";"None";"nan";"None";"nan";"None";"None";"2";"2";"Appartement";"40.0";"1.0";"None";"None";"None";"None";"nan";"7.237928";"43.687107";"000NE"
"2022-68393";"2022-11-09";"1";"Vente";"978000.0";"2.0";"None";"AV PADERI";"4625";"06200";"06088";"Nice";"06";"None";"None";"06088000NE0025";"None";"None";"None";"nan";"None";"nan";"None";"nan";"None";"nan";"None";"None";"0";"4";"Local industriel. commercial ou assimilé";"300.0";"0.0";"S";"sols";"None";"None";"560.0";"7.234936";"43.689502";"000NE"
"2022-68277";"2022-11-04";"1";"Vente";"165000.0";"64.0";"None";"AV DE LA CALIFORNIE";"1045";"06200";"06088";"Nice";"06";"None";"None";"06088000NE0139";"None";"None";"66";"nan";"None";"nan";"None";"nan";"None";"nan";"None";"None";"1";"2";"Appartement";"53.0";"3.0";"None";"None";"None";"None";"nan";"7.240016";"43.689276";"000NE"
"2022-68277";"2022-11-04";"1";"Vente";"165000.0";"64.0";"None";"AV DE LA CALIFORNIE";"1045";"06200";"06088";"Nice";"06";"None";"None";"06088000NE0139";"None";"None";"66";"nan";"None";"nan";"None";"nan";"None";"nan";"None";"None";"1";"3";"Dépendance";"nan";"0.0";"None";"None";"None";"None";"nan";"7.240016";"43.689276";"000NE"
"2022-67950";"2022-10-31";"1";"Vente";"203680.0";"126.0";"None";"AV DE LA CALIFORNIE";"1045";"06200";"06088";"Nice";"06";"None";"None";"06088000NE0188";"None";"None";"228";"nan";"None";"nan";"None";"nan";"None";"nan";"None";"None";"1";"2";"Appartement";"34.0";"1.0";"None";"None";"None";"None";"nan";"7.235598";"43.686043";"000NE"
"2022-67950";"2022-10-31";"1";"Vente";"203680.0";"126.0";"None";"AV DE LA CALIFORNIE";"1045";"06200";"06088";"Nice";"06";"None";"None";"06088000NE0188";"None";"None";"29";"nan";"None";"nan";"None";"nan";"None";"nan";"None";"None";"1";"3";"Dépendance";"nan";"0.0";"None";"None";"None";"None";"nan";"7.235598";"43.686043";"000NE"
"2022-68506";"2022-10-27";"1";"Vente";"79000.0";"124.0";"None";"AV DE LA CALIFORNIE";"1045";"06200";"06088";"Nice";"06";"None";"None";"06088000NE0266";"None";"None";"232";"nan";"None";"nan";"None";"nan";"None";"nan";"None";"None";"1";"2";"Appartement";"24.0";"1.0";"None";"None";"None";"None";"nan";"7.235937";"43.686293";"000NE"
"2022-67919";"2022-10-19";"1";"Vente";"90000.0";"72.0";"None";"AV DE LA CALIFORNIE";"1045";"06200";"06088";"Nice";"06";"None";"None";"06088000NE0130";"None";"None";"33";"14.84";"None";"nan";"None";"nan";"None";"nan";"None";"None";"1";"2";"Appartement";"12.0";"1.0";"None";"None";"None";"None";"nan";"7.23946";"43.688889";"000NE"
"2022-66647";"2022-10-14";"1";"Vente";"137000.0";"112.0";"None";"AV DE LA CALIFORNIE";"1045";"06200";"06088";"Nice";"06";"None";"None";"06088000NE0195";"None";"None";"92";"nan";"None";"nan";"None";"nan";"None";"nan";"None";"None";"1";"2";"Appartement";"23.0";"1.0";"None";"None";"None";"None";"nan";"7.23679";"43.686954";"000NE"
"2022-66989";"2022-10-11";"1";"Vente";"21000.0";"2.0";"None";"AV LE MESNIL";"4185";"06200";"06088";"Nice";"06";"None";"None";"06088000NE0007";"None";"None";"10";"nan";"None";"nan";"None";"nan";"None";"nan";"None";"None";"1";"3";"Dépendance";"nan";"0.0";"None";"None";"None";"None";"nan";"7.234741";"43.688643";"000NE"
"2022-66770";"2022-10-10";"1";"Vente";"60000.0";"72.0";"None";"AV DE LA CALIFORNIE";"1045";"06200";"06088";"Nice";"06";"None";"None";"06088000NE0130";"None";"None";"34";"nan";"None";"nan";"None";"nan";"None";"nan";"None";"None";"1";"2";"Appartement";"14.0";"1.0";"None";"None";"None";"None";"nan";"7.23946";"43.688889";"000NE"
"2022-67028";"2022-10-10";"1";"Vente";"225000.0";"198.0";"None";"PROM DES ANGLAIS";"0240";"06200";"06088";"Nice";"06";"None";"None";"06088000NE0164";"None";"None";"27";"nan";"47";"nan";"None";"nan";"None";"nan";"None";"None";"2";"2";"Appartement";"36.0";"1.0";"None";"None";"None";"None";"nan";"7.237553";"43.686785";"000NE"
"2022-67028";"2022-10-10";"1";"Vente";"225000.0";"198.0";"None";"PROM DES ANGLAIS";"0240";"06200";"06088";"Nice";"06";"None";"None";"06088000NE0164";"None";"None";"27";"nan";"47";"nan";"None";"nan";"None";"nan";"None";"None";"2";"3";"Dépendance";"nan";"0.0";"None";"None";"None";"None";"nan";"7.237553";"43.686785";"000NE"
"2022-67386";"2022-10-10";"1";"Vente";"222800.0";"179.0";"None";"PROM DES ANGLAIS";"0240";"06200";"06088";"Nice";"06";"None";"None";"06088000NE0152";"None";"None";"121";"nan";"None";"nan";"None";"nan";"None";"nan";"None";"None";"1";"4";"Local industriel. commercial ou assimilé";"62.0";"0.0";"None";"None";"None";"None";"nan";"7.239213";"43.687844";"000NE"
"2022-66333";"2022-10-05";"1";"Vente";"150000.0";"117.0";"None";"AV DE LA CALIFORNIE";"1045";"06200";"06088";"Nice";"06";"None";"None";"06088000NE0366";"None";"None";"122";"nan";"None";"nan";"None";"nan";"None";"nan";"None";"None";"1";"2";"Appartement";"28.0";"1.0";"None";"None";"None";"None";"nan";"7.237375";"43.686682";"000NE"
"2022-65565";"2022-09-19";"1";"Vente";"195000.0";"21.0";"None";"AV DE FABRON";"2370";"06200";"06088";"Nice";"06";"None";"None";"06088000NE0312";"None";"None";"8";"nan";"87";"nan";"None";"nan";"None";"nan";"None";"None";"2";"2";"Appartement";"32.0";"1.0";"None";"None";"None";"None";"nan";"7.23374";"43.686751";"000NE"
"2022-65565";"2022-09-19";"1";"Vente";"195000.0";"21.0";"None";"AV DE FABRON";"2370";"06200";"06088";"Nice";"06";"None";"None";"06088000NE0312";"None";"None";"8";"nan";"87";"nan";"None";"nan";"None";"nan";"None";"None";"2";"3";"Dépendance";"nan";"0.0";"None";"None";"None";"None";"nan";"7.23374";"43.686751";"000NE"
"2022-65339";"2022-09-14";"1";"Vente";"840000.0";"189.0";"None";"PROM DES ANGLAIS";"0240";"06200";"06088";"Nice";"06";"None";"None";"06088000NE0360";"None";"None";"82";"nan";"None";"nan";"None";"nan";"None";"nan";"None";"None";"1";"2";"Appartement";"77.0";"2.0";"None";"None";"None";"None";"nan";"7.238141";"43.687306";"000NE"
"2022-65553";"2022-09-14";"1";"Vente";"270000.0";"181.0";"None";"PROM DES ANGLAIS";"0240";"06200";"06088";"Nice";"06";"None";"None";"06088000NE0153";"None";"None";"57";"nan";"None";"nan";"None";"nan";"None";"nan";"None";"None";"1";"2";"Appartement";"46.0";"1.0";"None";"None";"None";"None";"nan";"7.238957";"43.687701";"000NE"
"2022-65339";"2022-09-14";"1";"Vente";"840000.0";"101.0";"None";"AV DE LA CALIFORNIE";"1045";"06200";"06088";"Nice";"06";"None";"None";"06088000NE0360";"None";"None";"19";"nan";"None";"nan";"None";"nan";"None";"nan";"None";"None";"1";"3";"Dépendance";"nan";"0.0";"None";"None";"None";"None";"nan";"7.238141";"43.687306";"000NE"
"2022-65553";"2022-09-14";"1";"Vente";"270000.0";"181.0";"None";"PROM DES ANGLAIS";"0240";"06200";"06088";"Nice";"06";"None";"None";"06088000NE0153";"None";"None";"57";"nan";"None";"nan";"None";"nan";"None";"nan";"None";"None";"1";"3";"Dépendance";"nan";"0.0";"None";"None";"None";"None";"nan";"7.238957";"43.687701";"000NE"
"2022-65021";"2022-09-09";"1";"Vente";"280000.0";"15.0";"B";"AV DU PETIT FABRON";"4975";"06200";"06088";"Nice";"06";"None";"None";"06088000NE0099";"None";"None";"48";"nan";"88";"nan";"None";"nan";"None";"nan";"None";"None";"2";"2";"Appartement";"68.0";"2.0";"None";"None";"None";"None";"nan";"7.238203";"43.689031";"000NE"
"2022-65750";"2022-09-09";"1";"Vente";"130000.0";"126.0";"T";"AV DE LA CALIFORNIE";"1045";"06200";"06088";"Nice";"06";"None";"None";"06088000NE0229";"None";"None";"60";"31.0";"None";"nan";"None";"nan";"None";"nan";"None";"None";"1";"2";"Appartement";"31.0";"1.0";"None";"None";"None";"None";"nan";"7.235318";"43.68585";"000NE"
"2022-66099";"2022-09-09";"1";"Vente";"140000.0";"112.0";"None";"AV DE LA CALIFORNIE";"1045";"06200";"06088";"Nice";"06";"None";"None";"06088000NE0195";"None";"None";"68";"nan";"None";"nan";"None";"nan";"None";"nan";"None";"None";"1";"2";"Appartement";"23.0";"1.0";"None";"None";"None";"None";"nan";"7.23679";"43.686954";"000NE"
"2022-65771";"2022-09-09";"1";"Vente";"60000.0";"167.0";"None";"PROM DES ANGLAIS";"0240";"06200";"06088";"Nice";"06";"None";"None";"06088000NE0146";"None";"None";"72";"nan";"None";"nan";"None";"nan";"None";"nan";"None";"None";"1";"3";"Dépendance";"nan";"0.0";"None";"None";"None";"None";"nan";"7.24015";"43.68847";"000NE"
"2022-65898";"2022-09-08";"1";"Vente";"163500.0";"101.0";"None";"AV DE LA CALIFORNIE";"1045";"06200";"06088";"Nice";"06";"None";"None";"06088000NE0360";"None";"None";"70";"nan";"None";"nan";"None";"nan";"None";"nan";"None";"None";"1";"2";"Appartement";"34.0";"1.0";"None";"None";"None";"None";"nan";"7.238141";"43.687306";"000NE"
"2022-65388";"2022-09-01";"1";"Vente";"154350.0";"114.0";"None";"AV DE LA CALIFORNIE";"1045";"06200";"06088";"Nice";"06";"None";"None";"06088000NE0245";"None";"None";"31";"30.0";"None";"nan";"None";"nan";"None";"nan";"None";"None";"1";"2";"Appartement";"30.0";"2.0";"None";"None";"None";"None";"nan";"7.23663";"43.686826";"000NE"
"2022-64090";"2022-08-31";"1";"Vente";"265000.0";"3.0";"B";"AV DU PETIT FABRON";"4975";"06200";"06088";"Nice";"06";"None";"None";"06088000NE0293";"None";"None";"47";"nan";"None";"nan";"None";"nan";"None";"nan";"None";"None";"1";"2";"Appartement";"53.0";"2.0";"None";"None";"None";"None";"nan";"7.237192";"43.688459";"000NE"
"2022-64547";"2022-08-31";"1";"Vente";"157000.0";"21.0";"None";"AV DE FABRON";"2370";"06200";"06088";"Nice";"06";"None";"None";"06088000NE0312";"None";"None";"22";"nan";"89";"nan";"None";"nan";"None";"nan";"None";"None";"2";"2";"Appartement";"32.0";"1.0";"None";"None";"None";"None";"nan";"7.23374";"43.686751";"000NE"
"2022-64547";"2022-08-31";"1";"Vente";"157000.0";"21.0";"None";"AV DE FABRON";"2370";"06200";"06088";"Nice";"06";"None";"None";"06088000NE0312";"None";"None";"22";"nan";"89";"nan";"None";"nan";"None";"nan";"None";"None";"2";"3";"Dépendance";"nan";"0.0";"None";"None";"None";"None";"nan";"7.23374";"43.686751";"000NE"
"2022-64510";"2022-08-22";"1";"Vente";"175000.0";"2.0";"None";"AV DU PETIT FABRON";"4975";"06200";"06088";"Nice";"06";"None";"None";"06088000NE0124";"None";"None";"4";"45.22";"None";"nan";"None";"nan";"None";"nan";"None";"None";"1";"2";"Appartement";"52.0";"3.0";"None";"None";"None";"None";"nan";"7.238858";"43.688465";"000NE"
"2022-64510";"2022-08-22";"1";"Vente";"175000.0";"2.0";"None";"AV DU PETIT FABRON";"4975";"06200";"06088";"Nice";"06";"None";"None";"06088000NE0124";"None";"None";"4";"45.22";"None";"nan";"None";"nan";"None";"nan";"None";"None";"1";"3";"Dépendance";"nan";"0.0";"None";"None";"None";"None";"nan";"7.238858";"43.688465";"000NE"
"2022-63906";"2022-08-19";"1";"Vente";"270000.0";"189.0";"None";"PROM DES ANGLAIS";"0240";"06200";"06088";"Nice";"06";"None";"None";"06088000NE0360";"None";"None";"59";"35.76";"None";"nan";"None";"nan";"None";"nan";"None";"None";"1";"2";"Appartement";"40.0";"1.0";"None";"None";"None";"None";"nan";"7.238141";"43.687306";"000NE"
"2022-64286";"2022-08-17";"1";"Vente";"193000.0";"108.0";"None";"AV DE LA CALIFORNIE";"1045";"06200";"06088";"Nice";"06";"None";"None";"06088000NE0197";"None";"None";"40";"nan";"None";"nan";"None";"nan";"None";"nan";"None";"None";"1";"2";"Appartement";"54.0";"2.0";"None";"None";"None";"None";"nan";"7.237015";"43.687156";"000NE"
"2022-63519";"2022-08-10";"1";"Vente";"81000.0";"13.0";"None";"AV DU PETIT FABRON";"4975";"06200";"06088";"Nice";"06";"None";"None";"06088000NE0299";"None";"None";"95";"11.15";"None";"nan";"None";"nan";"None";"nan";"None";"None";"1";"2";"Appartement";"15.0";"1.0";"None";"None";"None";"None";"nan";"7.238694";"43.689249";"000NE"
"2022-62969";"2022-08-04";"1";"Vente";"255000.0";"3.0";"B";"AV DU PETIT FABRON";"4975";"06200";"06088";"Nice";"06";"None";"None";"06088000NE0293";"None";"None";"55";"nan";"None";"nan";"None";"nan";"None";"nan";"None";"None";"1";"2";"Appartement";"53.0";"2.0";"None";"None";"None";"None";"nan";"7.237192";"43.688459";"000NE"
"2022-63867";"2022-08-01";"1";"Vente";"550000.0";"2.0";"None";"AV LE MESNIL";"4185";"06200";"06088";"Nice";"06";"None";"None";"06088000NE0007";"None";"None";"59";"nan";"80";"nan";"None";"nan";"None";"nan";"None";"None";"2";"2";"Appartement";"143.0";"5.0";"None";"None";"None";"None";"nan";"7.234741";"43.688643";"000NE"
"2022-63867";"2022-08-01";"1";"Vente";"550000.0";"2.0";"None";"AV LE MESNIL";"4185";"06200";"06088";"Nice";"06";"None";"None";"06088000NE0007";"None";"None";"59";"nan";"80";"nan";"None";"nan";"None";"nan";"None";"None";"2";"3";"Dépendance";"nan";"0.0";"None";"None";"None";"None";"nan";"7.234741";"43.688643";"000NE"
"2022-63867";"2022-08-01";"1";"Vente";"550000.0";"2.0";"None";"AV LE MESNIL";"4185";"06200";"06088";"Nice";"06";"None";"None";"06088000NE0007";"None";"None";"23";"nan";"None";"nan";"None";"nan";"None";"nan";"None";"None";"1";"3";"Dépendance";"nan";"0.0";"None";"None";"None";"None";"nan";"7.234741";"43.688643";"000NE"
"2022-63867";"2022-08-01";"1";"Vente";"550000.0";"2.0";"None";"AV LE MESNIL";"4185";"06200";"06088";"Nice";"06";"None";"None";"06088000NE0007";"None";"None";"7";"nan";"None";"nan";"None";"nan";"None";"nan";"None";"None";"1";"3";"Dépendance";"nan";"0.0";"None";"None";"None";"None";"nan";"7.234741";"43.688643";"000NE"
"2022-63867";"2022-08-01";"1";"Vente";"550000.0";"2.0";"None";"AV LE MESNIL";"4185";"06200";"06088";"Nice";"06";"None";"None";"06088000NE0007";"None";"None";"59";"nan";"80";"nan";"None";"nan";"None";"nan";"None";"None";"2";"3";"Dépendance";"nan";"0.0";"None";"None";"None";"None";"nan";"7.234741";"43.688643";"000NE"
"2022-63203";"2022-07-29";"1";"Vente";"400000.0";"213.0";"None";"PROM DES ANGLAIS";"0240";"06200";"06088";"Nice";"06";"None";"None";"06088000NE0176";"None";"None";"49";"nan";"None";"nan";"None";"nan";"None";"nan";"None";"None";"1";"2";"Appartement";"21.0";"1.0";"None";"None";"None";"None";"nan";"7.236841";"43.686188";"000NE"
"2022-63203";"2022-07-29";"1";"Vente";"400000.0";"213.0";"None";"PROM DES ANGLAIS";"0240";"06200";"06088";"Nice";"06";"None";"None";"06088000NE0176";"None";"None";"50";"nan";"None";"nan";"None";"nan";"None";"nan";"None";"None";"1";"2";"Appartement";"39.0";"2.0";"None";"None";"None";"None";"nan";"7.236841";"43.686188";"000NE"
"2022-63203";"2022-07-29";"1";"Vente";"400000.0";"213.0";"None";"PROM DES ANGLAIS";"0240";"06200";"06088";"Nice";"06";"None";"None";"06088000NE0176";"None";"None";"48";"nan";"None";"nan";"None";"nan";"None";"nan";"None";"None";"1";"2";"Appartement";"57.0";"2.0";"None";"None";"None";"None";"nan";"7.236841";"43.686188";"000NE"
"2022-62353";"2022-07-28";"1";"Vente";"900000.0";"218.0";"B";"PROM DES ANGLAIS";"0240";"06200";"06088";"Nice";"06";"None";"None";"06088000NE0180";"None";"None";"None";"nan";"None";"nan";"None";"nan";"None";"nan";"None";"None";"0";"1";"Maison";"90.0";"5.0";"S";"sols";"None";"None";"168.0";"7.236201";"43.685567";"000NE"
"2022-64646";"2022-07-27";"1";"Vente";"290000.0";"122.0";"None";"AV DE LA CALIFORNIE";"1045";"06200";"06088";"Nice";"06";"None";"None";"06088000NE0190";"None";"None";"12";"nan";"62";"69.0";"None";"nan";"None";"nan";"None";"None";"2";"2";"Appartement";"75.0";"3.0";"None";"None";"None";"None";"nan";"7.236135";"43.686433";"000NE"
"2022-64646";"2022-07-27";"1";"Vente";"290000.0";"122.0";"None";"AV DE LA CALIFORNIE";"1045";"06200";"06088";"Nice";"06";"None";"None";"06088000NE0190";"None";"None";"12";"nan";"62";"69.0";"None";"nan";"None";"nan";"None";"None";"2";"3";"Dépendance";"nan";"0.0";"None";"None";"None";"None";"nan";"7.236135";"43.686433";"000NE"
"2022-62183";"2022-07-26";"1";"Vente";"19500.0";"15.0";"B";"AV DU PETIT FABRON";"4975";"06200";"06088";"Nice";"06";"None";"None";"06088000NE0099";"None";"None";"148";"nan";"None";"nan";"None";"nan";"None";"nan";"None";"None";"1";"3";"Dépendance";"nan";"0.0";"None";"None";"None";"None";"nan";"7.238203";"43.689031";"000NE"
"2022-62942";"2022-07-20";"1";"Vente";"218000.0";"19.0";"None";"AV MONT RABEAU";"4390";"06200";"06088";"Nice";"06";"None";"None";"06088000NE0076";"None";"None";"6";"53.11";"None";"nan";"None";"nan";"None";"nan";"None";"None";"1";"2";"Appartement";"53.0";"2.0";"None";"None";"None";"None";"nan";"7.237002";"43.68938";"000NE"
"2022-62942";"2022-07-20";"1";"Vente";"218000.0";"19.0";"None";"AV MONT RABEAU";"4390";"06200";"06088";"Nice";"06";"None";"None";"06088000NE0076";"None";"None";"9";"nan";"None";"nan";"None";"nan";"None";"nan";"None";"None";"1";"3";"Dépendance";"nan";"0.0";"None";"None";"None";"None";"nan";"7.237002";"43.68938";"000NE"
"2022-62439";"2022-07-19";"1";"Vente";"274725.0";"193.0";"None";"PROM DES ANGLAIS";"0240";"06200";"06088";"Nice";"06";"None";"None";"06088000NE0362";"None";"None";"37";"nan";"43";"nan";"88";"38.31";"89";"38.07";"None";"None";"4";"2";"Appartement";"74.0";"3.0";"None";"None";"None";"None";"nan";"7.237928";"43.687107";"000NE"
"2022-62819";"2022-07-19";"1";"Vente";"257695.0";"181.0";"None";"PROM DES ANGLAIS";"0240";"06200";"06088";"Nice";"06";"None";"None";"06088000NE0153";"None";"None";"66";"38.01";"None";"nan";"None";"nan";"None";"nan";"None";"None";"1";"2";"Appartement";"40.0";"1.0";"None";"None";"None";"None";"nan";"7.238957";"43.687701";"000NE"
"2022-62439";"2022-07-19";"1";"Vente";"274725.0";"193.0";"None";"PROM DES ANGLAIS";"0240";"06200";"06088";"Nice";"06";"None";"None";"06088000NE0362";"None";"None";"37";"nan";"43";"nan";"88";"38.31";"89";"38.07";"None";"None";"4";"3";"Dépendance";"nan";"0.0";"None";"None";"None";"None";"nan";"7.237928";"43.687107";"000NE"
"2022-62439";"2022-07-19";"1";"Vente";"274725.0";"193.0";"None";"PROM DES ANGLAIS";"0240";"06200";"06088";"Nice";"06";"None";"None";"06088000NE0362";"None";"None";"37";"nan";"43";"nan";"88";"38.31";"89";"38.07";"None";"None";"4";"3";"Dépendance";"nan";"0.0";"None";"None";"None";"None";"nan";"7.237928";"43.687107";"000NE"
"2022-62819";"2022-07-19";"1";"Vente";"257695.0";"181.0";"None";"PROM DES ANGLAIS";"0240";"06200";"06088";"Nice";"06";"None";"None";"06088000NE0153";"None";"None";"66";"38.01";"None";"nan";"None";"nan";"None";"nan";"None";"None";"1";"3";"Dépendance";"nan";"0.0";"None";"None";"None";"None";"nan";"7.238957";"43.687701";"000NE"
"2022-61675";"2022-07-15";"1";"Vente";"125000.0";"193.0";"None";"PROM DES ANGLAIS";"0240";"06200";"06088";"Nice";"06";"None";"None";"06088000NE0362";"None";"None";"104";"37.81";"49";"nan";"None";"nan";"None";"nan";"None";"None";"2";"2";"Appartement";"40.0";"1.0";"None";"None";"None";"None";"nan";"7.237928";"43.687107";"000NE"
"2022-61675";"2022-07-15";"1";"Vente";"125000.0";"193.0";"None";"PROM DES ANGLAIS";"0240";"06200";"06088";"Nice";"06";"None";"None";"06088000NE0362";"None";"None";"104";"37.81";"49";"nan";"None";"nan";"None";"nan";"None";"None";"2";"3";"Dépendance";"nan";"0.0";"None";"None";"None";"None";"nan";"7.237928";"43.687107";"000NE"
"2022-62594";"2022-07-12";"1";"Vente";"108700.0";"117.0";"None";"AV DE LA CALIFORNIE";"1045";"06200";"06088";"Nice";"06";"None";"None";"06088000NE0366";"None";"None";"129";"28.41";"None";"nan";"None";"nan";"None";"nan";"None";"None";"1";"2";"Appartement";"28.0";"1.0";"None";"None";"None";"None";"nan";"7.237375";"43.686682";"000NE"
"2022-62015";"2022-07-08";"1";"Vente";"127500.0";"127.0";"None";"AV DE LA CALIFORNIE";"1045";"06200";"06088";"Nice";"06";"None";"None";"06088000NE0238";"None";"None";"26";"27.87";"None";"nan";"None";"nan";"None";"nan";"None";"None";"1";"2";"Appartement";"28.0";"1.0";"None";"None";"None";"None";"nan";"7.236906";"43.686322";"000NE"
"2022-61584";"2022-07-05";"1";"Vente";"229000.0";"102.0";"None";"AV DE LA CALIFORNIE";"1045";"06200";"06088";"Nice";"06";"None";"None";"06088000NE0250";"None";"None";"43";"nan";"70";"59.03";"None";"nan";"None";"nan";"None";"None";"2";"2";"Appartement";"56.0";"3.0";"None";"None";"None";"None";"nan";"7.237634";"43.687588";"000NE"
"2022-61151";"2022-07-05";"1";"Vente";"52000.0";"21.0";"None";"AV DE FABRON";"2370";"06200";"06088";"Nice";"06";"None";"None";"06088000NE0312";"None";"None";"242";"nan";"None";"nan";"None";"nan";"None";"nan";"None";"None";"1";"3";"Dépendance";"nan";"0.0";"None";"None";"None";"None";"nan";"7.23374";"43.686751";"000NE"
"2022-61584";"2022-07-05";"1";"Vente";"229000.0";"102.0";"None";"AV DE LA CALIFORNIE";"1045";"06200";"06088";"Nice";"06";"None";"None";"06088000NE0250";"None";"None";"43";"nan";"70";"59.03";"None";"nan";"None";"nan";"None";"None";"2";"3";"Dépendance";"nan";"0.0";"None";"None";"None";"None";"nan";"7.237634";"43.687588";"000NE"
"2022-61584";"2022-07-05";"1";"Vente";"229000.0";"102.0";"None";"AV DE LA CALIFORNIE";"1045";"06200";"06088";"Nice";"06";"None";"None";"06088000NE0250";"None";"None";"43";"nan";"70";"59.03";"None";"nan";"None";"nan";"None";"None";"2";"3";"Dépendance";"nan";"0.0";"None";"None";"None";"None";"nan";"7.237634";"43.687588";"000NE"
"2022-61584";"2022-07-05";"1";"Vente";"229000.0";"104.0";"None";"AV DE LA CALIFORNIE";"1045";"06200";"06088";"Nice";"06";"None";"None";"06088000NE0250";"None";"None";"6";"nan";"None";"nan";"None";"nan";"None";"nan";"None";"None";"1";"3";"Dépendance";"nan";"0.0";"None";"None";"None";"None";"nan";"7.237634";"43.687588";"000NE"
"2022-61411";"2022-07-01";"1";"Vente";"37000.0";"126.0";"T";"AV DE LA CALIFORNIE";"1045";"06200";"06088";"Nice";"06";"None";"None";"06088000NE0229";"None";"None";"26";"nan";"None";"nan";"None";"nan";"None";"nan";"None";"None";"1";"3";"Dépendance";"nan";"0.0";"None";"None";"None";"None";"nan";"7.235318";"43.68585";"000NE"
"2022-61739";"2022-06-30";"1";"Vente";"260000.0";"119.0";"None";"AV DE LA CALIFORNIE";"1045";"06200";"06088";"Nice";"06";"None";"None";"06088000NE0166";"None";"None";"None";"nan";"None";"nan";"None";"nan";"None";"nan";"None";"None";"0";"2";"Appartement";"55.0";"3.0";"S";"sols";"None";"None";"63.0";"7.237192";"43.686652";"000NE"
"2022-61739";"2022-06-30";"1";"Vente";"260000.0";"119.0";"None";"AV DE LA CALIFORNIE";"1045";"06200";"06088";"Nice";"06";"None";"None";"06088000NE0166";"None";"None";"None";"nan";"None";"nan";"None";"nan";"None";"nan";"None";"None";"0";"4";"Local industriel. commercial ou assimilé";"63.0";"0.0";"S";"sols";"None";"None";"63.0";"7.237192";"43.686652";"000NE"
"2022-61739";"2022-06-30";"1";"Vente";"260000.0";"nan";"None";"PROM DES ANGLAIS";"0240";"06000";"06088";"Nice";"06";"None";"None";"06088000NE0404";"None";"None";"None";"nan";"None";"nan";"None";"nan";"None";"nan";"None";"None";"0";"None";"None";"nan";"nan";"S";"sols";"None";"None";"46.0";"7.237305";"43.686582";"000NE"
"2022-61960";"2022-06-29";"1";"Vente";"885000.0";"5.0";"None";"AV MONT RABEAU";"4390";"06200";"06088";"Nice";"06";"None";"None";"06088000NE0085";"None";"None";"None";"nan";"None";"nan";"None";"nan";"None";"nan";"None";"None";"0";"1";"Maison";"100.0";"6.0";"S";"sols";"None";"None";"480.0";"7.236694";"43.688683";"000NE"
"2022-61960";"2022-06-29";"1";"Vente";"885000.0";"5.0";"None";"AV MONT RABEAU";"4390";"06200";"06088";"Nice";"06";"None";"None";"06088000NE0085";"None";"None";"None";"nan";"None";"nan";"None";"nan";"None";"nan";"None";"None";"0";"3";"Dépendance";"nan";"0.0";"S";"sols";"None";"None";"480.0";"7.236694";"43.688683";"000NE"
"2022-61283";"2022-06-27";"1";"Vente";"365000.0";"161.0";"None";"PROM DES ANGLAIS";"0240";"06200";"06088";"Nice";"06";"None";"None";"06088000NE0142";"None";"None";"20";"nan";"21";"71.31";"None";"nan";"None";"nan";"None";"None";"2";"2";"Appartement";"65.0";"2.0";"None";"None";"None";"None";"nan";"7.240611";"43.688668";"000NE"
"2022-61448";"2022-06-27";"1";"Vente";"607655.0";"181.0";"None";"PROM DES ANGLAIS";"0240";"06200";"06088";"Nice";"06";"None";"None";"06088000NE0153";"None";"None";"29";"nan";"63";"129.17";"None";"nan";"None";"nan";"None";"None";"2";"2";"Appartement";"147.0";"4.0";"None";"None";"None";"None";"nan";"7.238957";"43.687701";"000NE"
"2022-61283";"2022-06-27";"1";"Vente";"365000.0";"161.0";"None";"PROM DES ANGLAIS";"0240";"06200";"06088";"Nice";"06";"None";"None";"06088000NE0142";"None";"None";"20";"nan";"21";"71.31";"None";"nan";"None";"nan";"None";"None";"2";"3";"Dépendance";"nan";"0.0";"None";"None";"None";"None";"nan";"7.240611";"43.688668";"000NE"
"2022-61448";"2022-06-27";"1";"Vente";"607655.0";"181.0";"None";"PROM DES ANGLAIS";"0240";"06200";"06088";"Nice";"06";"None";"None";"06088000NE0153";"None";"None";"35";"nan";"None";"nan";"None";"nan";"None";"nan";"None";"None";"1";"3";"Dépendance";"nan";"0.0";"None";"None";"None";"None";"nan";"7.238957";"43.687701";"000NE"
"2022-61448";"2022-06-27";"1";"Vente";"607655.0";"181.0";"None";"PROM DES ANGLAIS";"0240";"06200";"06088";"Nice";"06";"None";"None";"06088000NE0153";"None";"None";"29";"nan";"63";"129.17";"None";"nan";"None";"nan";"None";"None";"2";"3";"Dépendance";"nan";"0.0";"None";"None";"None";"None";"nan";"7.238957";"43.687701";"000NE"
"2022-60844";"2022-06-22";"1";"Vente";"118600.0";"126.0";"T";"AV DE LA CALIFORNIE";"1045";"06200";"06088";"Nice";"06";"None";"None";"06088000NE0229";"None";"None";"109";"nan";"None";"nan";"None";"nan";"None";"nan";"None";"None";"1";"2";"Appartement";"21.0";"1.0";"None";"None";"None";"None";"nan";"7.235318";"43.68585";"000NE"
"2022-60844";"2022-06-22";"1";"Vente";"118600.0";"126.0";"T";"AV DE LA CALIFORNIE";"1045";"06200";"06088";"Nice";"06";"None";"None";"06088000NE0229";"None";"None";"22";"nan";"None";"nan";"None";"nan";"None";"nan";"None";"None";"1";"3";"Dépendance";"nan";"0.0";"None";"None";"None";"None";"nan";"7.235318";"43.68585";"000NE"
"2022-60002";"2022-06-21";"1";"Vente";"73970.0";"13.0";"None";"AV DU PETIT FABRON";"4975";"06200";"06088";"Nice";"06";"None";"None";"06088000NE0299";"None";"None";"92";"11.33";"None";"nan";"None";"nan";"None";"nan";"None";"None";"1";"3";"Dépendance";"nan";"0.0";"None";"None";"None";"None";"nan";"7.238694";"43.689249";"000NE"
"2022-60383";"2022-06-20";"1";"Vente";"76000.0";"211.0";"B";"PROM DES ANGLAIS";"0240";"06200";"06088";"Nice";"06";"None";"None";"06088000NE0175";"None";"None";"1";"9.87";"2";"6.54";"None";"nan";"None";"nan";"None";"None";"2";"2";"Appartement";"17.0";"1.0";"None";"None";"None";"None";"nan";"7.236938";"43.686151";"000NE"
"2022-60402";"2022-06-20";"1";"Vente";"139800.0";"124.0";"None";"AV DE LA CALIFORNIE";"1045";"06200";"06088";"Nice";"06";"None";"None";"06088000NE0266";"None";"None";"257";"30.32";"None";"nan";"None";"nan";"None";"nan";"None";"None";"1";"2";"Appartement";"31.0";"1.0";"None";"None";"None";"None";"nan";"7.235937";"43.686293";"000NE"
"2022-60930";"2022-06-20";"1";"Vente";"30000.0";"64.0";"None";"AV DE LA CALIFORNIE";"1045";"06200";"06088";"Nice";"06";"None";"None";"06088000NE0139";"None";"None";"37";"nan";"None";"nan";"None";"nan";"None";"nan";"None";"None";"1";"3";"Dépendance";"nan";"0.0";"None";"None";"None";"None";"nan";"7.240016";"43.689276";"000NE"
"2022-59770";"2022-06-16";"1";"Vente";"356000.0";"1.0";"None";"RUE LENVAL";"3595";"06200";"06088";"Nice";"06";"None";"None";"06088000NE0140";"None";"None";"2";"nan";"57";"57.45";"None";"nan";"None";"nan";"None";"None";"2";"2";"Appartement";"52.0";"2.0";"None";"None";"None";"None";"nan";"7.240567";"43.688812";"000NE"
"2022-59770";"2022-06-16";"1";"Vente";"356000.0";"1.0";"None";"RUE LENVAL";"3595";"06200";"06088";"Nice";"06";"None";"None";"06088000NE0140";"None";"None";"2";"nan";"57";"57.45";"None";"nan";"None";"nan";"None";"None";"2";"3";"Dépendance";"nan";"0.0";"None";"None";"None";"None";"nan";"7.240567";"43.688812";"000NE"
"2022-59788";"2022-06-15";"1";"Vente";"105000.0";"124.0";"None";"AV DE LA CALIFORNIE";"1045";"06200";"06088";"Nice";"06";"None";"None";"06088000NE0266";"None";"None";"306";"23.71";"None";"nan";"None";"nan";"None";"nan";"None";"None";"1";"2";"Appartement";"25.0";"1.0";"None";"None";"None";"None";"nan";"7.235937";"43.686293";"000NE"
"2022-60245";"2022-06-15";"1";"Vente";"230000.0";"21.0";"None";"AV DE FABRON";"2370";"06200";"06088";"Nice";"06";"None";"None";"06088000NE0312";"None";"None";"211";"nan";"227";"nan";"None";"nan";"None";"nan";"None";"None";"2";"2";"Appartement";"34.0";"1.0";"None";"None";"None";"None";"nan";"7.23374";"43.686751";"000NE"
"2022-60245";"2022-06-15";"1";"Vente";"230000.0";"21.0";"None";"AV DE FABRON";"2370";"06200";"06088";"Nice";"06";"None";"None";"06088000NE0312";"None";"None";"211";"nan";"227";"nan";"None";"nan";"None";"nan";"None";"None";"2";"3";"Dépendance";"nan";"0.0";"None";"None";"None";"None";"nan";"7.23374";"43.686751";"000NE"
"2022-60270";"2022-06-13";"1";"Vente";"220000.0";"179.0";"None";"PROM DES ANGLAIS";"0240";"06200";"06088";"Nice";"06";"None";"None";"06088000NE0152";"None";"None";"177";"39.23";"None";"nan";"None";"nan";"None";"nan";"None";"None";"1";"4";"Local industriel. commercial ou assimilé";"39.0";"0.0";"None";"None";"None";"None";"nan";"7.239213";"43.687844";"000NE"
"2022-59592";"2022-06-07";"1";"Vente";"138000.0";"106.0";"None";"AV DE LA CALIFORNIE";"1045";"06200";"06088";"Nice";"06";"None";"None";"06088000NE0198";"None";"None";"14";"nan";"37";"nan";"None";"nan";"None";"nan";"None";"None";"2";"2";"Appartement";"81.0";"3.0";"None";"None";"None";"None";"nan";"7.237167";"43.687254";"000NE"
"2022-59592";"2022-06-07";"1";"Vente";"138000.0";"106.0";"None";"AV DE LA CALIFORNIE";"1045";"06200";"06088";"Nice";"06";"None";"None";"06088000NE0198";"None";"None";"14";"nan";"37";"nan";"None";"nan";"None";"nan";"None";"None";"2";"3";"Dépendance";"nan";"0.0";"None";"None";"None";"None";"nan";"7.237167";"43.687254";"000NE"
"2022-60467";"2022-06-03";"1";"Vente";"49000.0";"113.0";"None";"AV DE LA CALIFORNIE";"1045";"06200";"06088";"Nice";"06";"None";"None";"06088000NE0162";"None";"None";"15";"nan";"20";"nan";"None";"nan";"None";"nan";"None";"None";"2";"4";"Local industriel. commercial ou assimilé";"40.0";"0.0";"None";"None";"None";"None";"nan";"7.237597";"43.686908";"000NE"
"2022-59000";"2022-06-02";"1";"Vente";"120000.0";"124.0";"None";"AV DE LA CALIFORNIE";"1045";"06200";"06088";"Nice";"06";"None";"None";"06088000NE0266";"None";"None";"268";"nan";"None";"nan";"None";"nan";"None";"nan";"None";"None";"1";"2";"Appartement";"22.0";"1.0";"None";"None";"None";"None";"nan";"7.235937";"43.686293";"000NE"
"2022-59090";"2022-06-02";"1";"Vente";"564900.0";"2.0";"None";"AV LE MESNIL";"4185";"06200";"06088";"Nice";"06";"None";"None";"06088000NE0007";"None";"None";"56";"nan";"98";"97.86";"None";"nan";"None";"nan";"None";"None";"2";"2";"Appartement";"103.0";"4.0";"None";"None";"None";"None";"nan";"7.234741";"43.688643";"000NE"
"2022-59090";"2022-06-02";"1";"Vente";"564900.0";"2.0";"None";"AV LE MESNIL";"4185";"06200";"06088";"Nice";"06";"None";"None";"06088000NE0007";"None";"None";"36";"nan";"None";"nan";"None";"nan";"None";"nan";"None";"None";"1";"3";"Dépendance";"nan";"0.0";"None";"None";"None";"None";"nan";"7.234741";"43.688643";"000NE"
"2022-59090";"2022-06-02";"1";"Vente";"564900.0";"2.0";"None";"AV LE MESNIL";"4185";"06200";"06088";"Nice";"06";"None";"None";"06088000NE0007";"None";"None";"56";"nan";"98";"97.86";"None";"nan";"None";"nan";"None";"None";"2";"3";"Dépendance";"nan";"0.0";"None";"None";"None";"None";"nan";"7.234741";"43.688643";"000NE"
"2022-59480";"2022-06-01";"1";"Vente";"165000.0";"118.0";"None";"AV DE LA CALIFORNIE";"1045";"06200";"06088";"Nice";"06";"None";"None";"06088000NE0192";"None";"None";"14";"nan";"49";"35.02";"None";"nan";"None";"nan";"None";"None";"2";"2";"Appartement";"40.0";"1.0";"None";"None";"None";"None";"nan";"7.236395";"43.686643";"000NE"
"2022-59480";"2022-06-01";"1";"Vente";"165000.0";"118.0";"None";"AV DE LA CALIFORNIE";"1045";"06200";"06088";"Nice";"06";"None";"None";"06088000NE0192";"None";"None";"14";"nan";"49";"35.02";"None";"nan";"None";"nan";"None";"None";"2";"3";"Dépendance";"nan";"0.0";"None";"None";"None";"None";"nan";"7.236395";"43.686643";"000NE"
"2022-59763";"2022-06-01";"1";"Vente";"105610.0";"109.0";"None";"AV DE LA CALIFORNIE";"1045";"06200";"06088";"Nice";"06";"None";"None";"06088000NE0362";"None";"None";"63";"23.53";"None";"nan";"None";"nan";"None";"nan";"None";"None";"1";"4";"Local industriel. commercial ou assimilé";"21.0";"0.0";"None";"None";"None";"None";"nan";"7.237928";"43.687107";"000NE"
"2022-58808";"2022-05-25";"1";"Vente";"182000.0";"3.0";"None";"AV DU PETIT FABRON";"4975";"06200";"06088";"Nice";"06";"None";"None";"06088000NE0295";"None";"None";"127";"nan";"142";"nan";"157";"nan";"None";"nan";"None";"None";"3";"2";"Appartement";"50.0";"3.0";"None";"None";"None";"None";"nan";"7.237607";"43.688688";"000NE"
"2022-59392";"2022-05-25";"1";"Vente";"345000.0";"126.0";"None";"AV DE LA CALIFORNIE";"1045";"06200";"06088";"Nice";"06";"None";"None";"06088000NE0188";"None";"None";"103";"nan";"196";"65.15";"None";"nan";"None";"nan";"None";"None";"2";"2";"Appartement";"68.0";"3.0";"None";"None";"None";"None";"nan";"7.235598";"43.686043";"000NE"
"2022-58808";"2022-05-25";"1";"Vente";"182000.0";"3.0";"None";"AV DU PETIT FABRON";"4975";"06200";"06088";"Nice";"06";"None";"None";"06088000NE0295";"None";"None";"127";"nan";"142";"nan";"157";"nan";"None";"nan";"None";"None";"3";"3";"Dépendance";"nan";"0.0";"None";"None";"None";"None";"nan";"7.237607";"43.688688";"000NE"
"2022-58808";"2022-05-25";"1";"Vente";"182000.0";"3.0";"None";"AV DU PETIT FABRON";"4975";"06200";"06088";"Nice";"06";"None";"None";"06088000NE0295";"None";"None";"127";"nan";"142";"nan";"157";"nan";"None";"nan";"None";"None";"3";"3";"Dépendance";"nan";"0.0";"None";"None";"None";"None";"nan";"7.237607";"43.688688";"000NE"
"2022-59392";"2022-05-25";"1";"Vente";"345000.0";"126.0";"None";"AV DE LA CALIFORNIE";"1045";"06200";"06088";"Nice";"06";"None";"None";"06088000NE0188";"None";"None";"103";"nan";"196";"65.15";"None";"nan";"None";"nan";"None";"None";"2";"3";"Dépendance";"nan";"0.0";"None";"None";"None";"None";"nan";"7.235598";"43.686043";"000NE"
"2022-59392";"2022-05-25";"1";"Vente";"345000.0";"126.0";"None";"AV DE LA CALIFORNIE";"1045";"06200";"06088";"Nice";"06";"None";"None";"06088000NE0188";"None";"None";"65";"nan";"None";"nan";"None";"nan";"None";"nan";"None";"None";"1";"3";"Dépendance";"nan";"0.0";"None";"None";"None";"None";"nan";"7.235598";"43.686043";"000NE"
"2022-58420";"2022-05-20";"1";"Vente";"320000.0";"126.0";"None";"AV DE LA CALIFORNIE";"1045";"06200";"06088";"Nice";"06";"None";"None";"06088000NE0188";"None";"None";"205";"66.05";"None";"nan";"None";"nan";"None";"nan";"None";"None";"1";"2";"Appartement";"76.0";"3.0";"None";"None";"None";"None";"nan";"7.235598";"43.686043";"000NE"
"2022-58422";"2022-05-18";"1";"Vente";"90000.0";"112.0";"None";"AV DE LA CALIFORNIE";"1045";"06200";"06088";"Nice";"06";"None";"None";"06088000NE0195";"None";"None";"75";"nan";"None";"nan";"None";"nan";"None";"nan";"None";"None";"1";"2";"Appartement";"24.0";"1.0";"None";"None";"None";"None";"nan";"7.23679";"43.686954";"000NE"
"2022-59027";"2022-05-18";"1";"Vente";"460000.0";"193.0";"None";"PROM DES ANGLAIS";"0240";"06200";"06088";"Nice";"06";"None";"None";"06088000NE0362";"None";"None";"116";"nan";"47";"nan";"None";"nan";"None";"nan";"None";"None";"2";"2";"Appartement";"69.0";"3.0";"None";"None";"None";"None";"nan";"7.237928";"43.687107";"000NE"
"2022-59027";"2022-05-18";"1";"Vente";"460000.0";"193.0";"None";"PROM DES ANGLAIS";"0240";"06200";"06088";"Nice";"06";"None";"None";"06088000NE0362";"None";"None";"116";"nan";"47";"nan";"None";"nan";"None";"nan";"None";"None";"2";"3";"Dépendance";"nan";"0.0";"None";"None";"None";"None";"nan";"7.237928";"43.687107";"000NE"
"2022-59027";"2022-05-18";"1";"Vente";"460000.0";"193.0";"None";"PROM DES ANGLAIS";"0240";"06200";"06088";"Nice";"06";"None";"None";"06088000NE0362";"None";"None";"116";"nan";"47";"nan";"None";"nan";"None";"nan";"None";"None";"2";"3";"Dépendance";"nan";"0.0";"None";"None";"None";"None";"nan";"7.237928";"43.687107";"000NE"
"2022-58437";"2022-05-17";"1";"Vente";"173000.0";"15.0";"B";"AV DU PETIT FABRON";"4975";"06200";"06088";"Nice";"06";"None";"None";"06088000NE0099";"None";"None";"19";"nan";"30";"57.13";"None";"nan";"None";"nan";"None";"None";"2";"2";"Appartement";"56.0";"2.0";"None";"None";"None";"None";"nan";"7.238203";"43.689031";"000NE"
"2022-59222";"2022-05-17";"1";"Vente";"200560.0";"108.0";"None";"AV DE LA CALIFORNIE";"1045";"06200";"06088";"Nice";"06";"None";"None";"06088000NE0197";"None";"None";"10";"nan";"29";"nan";"None";"nan";"None";"nan";"None";"None";"2";"2";"Appartement";"43.0";"2.0";"None";"None";"None";"None";"nan";"7.237015";"43.687156";"000NE"
"2022-58437";"2022-05-17";"1";"Vente";"173000.0";"15.0";"B";"AV DU PETIT FABRON";"4975";"06200";"06088";"Nice";"06";"None";"None";"06088000NE0099";"None";"None";"19";"nan";"30";"57.13";"None";"nan";"None";"nan";"None";"None";"2";"3";"Dépendance";"nan";"0.0";"None";"None";"None";"None";"nan";"7.238203";"43.689031";"000NE"
"2022-59130";"2022-05-13";"1";"Vente";"610000.0";"5.0";"None";"AV LE MESNIL";"4185";"06200";"06088";"Nice";"06";"None";"None";"06088000NE0005";"None";"None";"12";"nan";"23";"nan";"None";"nan";"None";"nan";"None";"None";"2";"2";"Appartement";"33.0";"1.0";"None";"None";"None";"None";"nan";"7.234032";"43.68921";"000NE"
"2022-59130";"2022-05-13";"1";"Vente";"610000.0";"5.0";"None";"AV LE MESNIL";"4185";"06200";"06088";"Nice";"06";"None";"None";"06088000NE0005";"None";"None";"22";"102.21";"None";"nan";"None";"nan";"None";"nan";"None";"None";"1";"2";"Appartement";"73.0";"2.0";"None";"None";"None";"None";"nan";"7.234032";"43.68921";"000NE"
"2022-59236";"2022-05-13";"1";"Vente";"217000.0";"84.0";"None";"AV DE LA CALIFORNIE";"1045";"06200";"06088";"Nice";"06";"None";"None";"06088000NE0117";"None";"None";"13";"nan";"30";"55.09";"None";"nan";"None";"nan";"None";"None";"2";"2";"Appartement";"53.0";"2.0";"None";"None";"None";"None";"nan";"7.237931";"43.687903";"000NE"
"2022-59130";"2022-05-13";"1";"Vente";"610000.0";"5.0";"None";"AV LE MESNIL";"4185";"06200";"06088";"Nice";"06";"None";"None";"06088000NE0005";"None";"None";"22";"102.21";"None";"nan";"None";"nan";"None";"nan";"None";"None";"1";"3";"Dépendance";"nan";"0.0";"None";"None";"None";"None";"nan";"7.234032";"43.68921";"000NE"
"2022-59130";"2022-05-13";"1";"Vente";"610000.0";"5.0";"None";"AV LE MESNIL";"4185";"06200";"06088";"Nice";"06";"None";"None";"06088000NE0005";"None";"None";"12";"nan";"23";"nan";"None";"nan";"None";"nan";"None";"None";"2";"3";"Dépendance";"nan";"0.0";"None";"None";"None";"None";"nan";"7.234032";"43.68921";"000NE"
"2022-59130";"2022-05-13";"1";"Vente";"610000.0";"5.0";"None";"AV LE MESNIL";"4185";"06200";"06088";"Nice";"06";"None";"None";"06088000NE0005";"None";"None";"12";"nan";"23";"nan";"None";"nan";"None";"nan";"None";"None";"2";"3";"Dépendance";"nan";"0.0";"None";"None";"None";"None";"nan";"7.234032";"43.68921";"000NE"
"2022-59130";"2022-05-13";"1";"Vente";"610000.0";"5.0";"None";"AV LE MESNIL";"4185";"06200";"06088";"Nice";"06";"None";"None";"06088000NE0005";"None";"None";"39";"nan";"None";"nan";"None";"nan";"None";"nan";"None";"None";"1";"3";"Dépendance";"nan";"0.0";"None";"None";"None";"None";"nan";"7.234032";"43.68921";"000NE"
"2022-59130";"2022-05-13";"1";"Vente";"610000.0";"5.0";"None";"AV LE MESNIL";"4185";"06200";"06088";"Nice";"06";"None";"None";"06088000NE0005";"None";"None";"22";"102.21";"None";"nan";"None";"nan";"None";"nan";"None";"None";"1";"3";"Dépendance";"nan";"0.0";"None";"None";"None";"None";"nan";"7.234032";"43.68921";"000NE"
"2022-59236";"2022-05-13";"1";"Vente";"217000.0";"84.0";"None";"AV DE LA CALIFORNIE";"1045";"06200";"06088";"Nice";"06";"None";"None";"06088000NE0117";"None";"None";"13";"nan";"30";"55.09";"None";"nan";"None";"nan";"None";"None";"2";"3";"Dépendance";"nan";"0.0";"None";"None";"None";"None";"nan";"7.237931";"43.687903";"000NE"
"2022-59236";"2022-05-13";"1";"Vente";"217000.0";"84.0";"None";"AV DE LA CALIFORNIE";"1045";"06200";"06088";"Nice";"06";"None";"None";"06088000NE0117";"None";"None";"13";"nan";"30";"55.09";"None";"nan";"None";"nan";"None";"None";"2";"3";"Dépendance";"nan";"0.0";"None";"None";"None";"None";"nan";"7.237931";"43.687903";"000NE"
"2022-57957";"2022-05-06";"1";"Vente";"124990.0";"91.0";"None";"AV DE LA CALIFORNIE";"1045";"06200";"06088";"Nice";"06";"None";"None";"06088000NE0153";"None";"None";"77";"nan";"None";"nan";"None";"nan";"None";"nan";"None";"None";"1";"2";"Appartement";"29.0";"1.0";"None";"None";"None";"None";"nan";"7.238957";"43.687701";"000NE"
"2022-57957";"2022-05-06";"1";"Vente";"124990.0";"91.0";"None";"AV DE LA CALIFORNIE";"1045";"06200";"06088";"Nice";"06";"None";"None";"06088000NE0153";"None";"None";"77";"nan";"None";"nan";"None";"nan";"None";"nan";"None";"None";"1";"3";"Dépendance";"nan";"0.0";"None";"None";"None";"None";"nan";"7.238957";"43.687701";"000NE"
"2022-58238";"2022-05-06";"1";"Vente";"60000.0";"167.0";"None";"PROM DES ANGLAIS";"0240";"06200";"06088";"Nice";"06";"None";"None";"06088000NE0146";"None";"None";"37";"nan";"None";"nan";"None";"nan";"None";"nan";"None";"None";"1";"4";"Local industriel. commercial ou assimilé";"22.0";"0.0";"None";"None";"None";"None";"nan";"7.24015";"43.68847";"000NE"
"2022-57497";"2022-05-05";"1";"Vente";"77000.0";"124.0";"None";"AV DE LA CALIFORNIE";"1045";"06200";"06088";"Nice";"06";"None";"None";"06088000NE0266";"None";"None";"306";"nan";"None";"nan";"None";"nan";"None";"nan";"None";"None";"1";"2";"Appartement";"25.0";"1.0";"None";"None";"None";"None";"nan";"7.235937";"43.686293";"000NE"
"2022-57570";"2022-05-04";"1";"Vente";"950000.0";"16.0";"None";"BD DE CAMBRAI";"1055";"06200";"06088";"Nice";"06";"None";"None";"06088000NE0043";"None";"None";"4";"126.88";"None";"nan";"None";"nan";"None";"nan";"None";"None";"1";"2";"Appartement";"98.0";"3.0";"None";"None";"None";"None";"nan";"7.23622";"43.688857";"000NE"
"2022-57570";"2022-05-04";"1";"Vente";"950000.0";"16.0";"None";"BD DE CAMBRAI";"1055";"06200";"06088";"Nice";"06";"None";"None";"06088000NE0043";"None";"None";"4";"126.88";"None";"nan";"None";"nan";"None";"nan";"None";"None";"1";"3";"Dépendance";"nan";"0.0";"None";"None";"None";"None";"nan";"7.23622";"43.688857";"000NE"
"2022-57570";"2022-05-04";"1";"Vente";"950000.0";"nan";"None";"BD DE CAMBRAI";"1055";"06200";"06088";"Nice";"06";"None";"None";"06088000NE0043";"None";"None";"1";"nan";"None";"nan";"None";"nan";"None";"nan";"None";"None";"1";"None";"None";"nan";"nan";"S";"sols";"None";"None";"300.0";"7.23622";"43.688857";"000NE"
"2022-58164";"2022-04-29";"1";"Vente";"640000.0";"205.0";"None";"PROM DES ANGLAIS";"0240";"06200";"06088";"Nice";"06";"None";"None";"06088000NE0171";"None";"None";"19";"nan";"46";"nan";"None";"nan";"None";"nan";"None";"None";"2";"2";"Appartement";"118.0";"4.0";"None";"None";"None";"None";"nan";"7.237136";"43.68638";"000NE"
"2022-56974";"2022-04-27";"1";"Vente";"136745.0";"76.0";"None";"AV DE LA CALIFORNIE";"1045";"06200";"06088";"Nice";"06";"None";"None";"06088000NE0127";"None";"None";"49";"nan";"78";"48.47";"None";"nan";"None";"nan";"None";"None";"2";"2";"Appartement";"49.0";"2.0";"None";"None";"None";"None";"nan";"7.239138";"43.6887";"000NE"
"2022-58291";"2022-04-27";"1";"Vente";"855000.0";"185.0";"None";"PROM DES ANGLAIS";"0240";"06200";"06088";"Nice";"06";"None";"None";"06088000NE0375";"None";"None";"204";"nan";"279";"65.0";"None";"nan";"None";"nan";"None";"None";"2";"2";"Appartement";"65.0";"3.0";"None";"None";"None";"None";"nan";"7.238539";"43.687479";"000NE"
"2022-58291";"2022-04-27";"1";"Vente";"855000.0";"185.0";"None";"PROM DES ANGLAIS";"0240";"06200";"06088";"Nice";"06";"None";"None";"06088000NE0375";"None";"None";"213";"nan";"280";"26.0";"None";"nan";"None";"nan";"None";"None";"2";"2";"Appartement";"28.0";"1.0";"None";"None";"None";"None";"nan";"7.238539";"43.687479";"000NE"
"2022-56974";"2022-04-27";"1";"Vente";"136745.0";"76.0";"None";"AV DE LA CALIFORNIE";"1045";"06200";"06088";"Nice";"06";"None";"None";"06088000NE0127";"None";"None";"4";"nan";"None";"nan";"None";"nan";"None";"nan";"None";"None";"1";"3";"Dépendance";"nan";"0.0";"None";"None";"None";"None";"nan";"7.239138";"43.6887";"000NE"
"2022-58291";"2022-04-27";"1";"Vente";"855000.0";"95.0";"None";"AV DE LA CALIFORNIE";"1045";"06200";"06088";"Nice";"06";"None";"None";"06088000NE0375";"None";"None";"250";"nan";"None";"nan";"None";"nan";"None";"nan";"None";"None";"1";"3";"Dépendance";"nan";"0.0";"None";"None";"None";"None";"nan";"7.238539";"43.687479";"000NE"
"2022-58291";"2022-04-27";"1";"Vente";"855000.0";"95.0";"None";"AV DE LA CALIFORNIE";"1045";"06200";"06088";"Nice";"06";"None";"None";"06088000NE0375";"None";"None";"275";"nan";"None";"nan";"None";"nan";"None";"nan";"None";"None";"1";"3";"Dépendance";"nan";"0.0";"None";"None";"None";"None";"nan";"7.238539";"43.687479";"000NE"
"2022-58291";"2022-04-27";"1";"Vente";"855000.0";"185.0";"None";"PROM DES ANGLAIS";"0240";"06200";"06088";"Nice";"06";"None";"None";"06088000NE0375";"None";"None";"213";"nan";"280";"26.0";"None";"nan";"None";"nan";"None";"None";"2";"3";"Dépendance";"nan";"0.0";"None";"None";"None";"None";"nan";"7.238539";"43.687479";"000NE"
"2022-58291";"2022-04-27";"1";"Vente";"855000.0";"185.0";"None";"PROM DES ANGLAIS";"0240";"06200";"06088";"Nice";"06";"None";"None";"06088000NE0375";"None";"None";"204";"nan";"279";"65.0";"None";"nan";"None";"nan";"None";"None";"2";"3";"Dépendance";"nan";"0.0";"None";"None";"None";"None";"nan";"7.238539";"43.687479";"000NE"
"2022-58291";"2022-04-27";"1";"Vente";"855000.0";"185.0";"None";"PROM DES ANGLAIS";"0240";"06200";"06088";"Nice";"06";"None";"None";"06088000NE0375";"None";"None";"204";"nan";"279";"65.0";"None";"nan";"None";"nan";"None";"None";"2";"3";"Dépendance";"nan";"0.0";"None";"None";"None";"None";"nan";"7.238539";"43.687479";"000NE"
"2022-57418";"2022-04-26";"1";"Vente";"297000.0";"84.0";"None";"AV DE LA CALIFORNIE";"1045";"06200";"06088";"Nice";"06";"None";"None";"06088000NE0117";"None";"None";"27";"nan";"4";"nan";"None";"nan";"None";"nan";"None";"None";"2";"2";"Appartement";"73.0";"3.0";"None";"None";"None";"None";"nan";"7.237931";"43.687903";"000NE"
"2022-57418";"2022-04-26";"1";"Vente";"297000.0";"84.0";"None";"AV DE LA CALIFORNIE";"1045";"06200";"06088";"Nice";"06";"None";"None";"06088000NE0117";"None";"None";"27";"nan";"4";"nan";"None";"nan";"None";"nan";"None";"None";"2";"3";"Dépendance";"nan";"0.0";"None";"None";"None";"None";"nan";"7.237931";"43.687903";"000NE"
"2022-57826";"2022-04-25";"1";"Vente";"315000.0";"106.0";"None";"AV DE LA CALIFORNIE";"1045";"06200";"06088";"Nice";"06";"None";"None";"06088000NE0198";"None";"None";"17";"nan";"38";"83.15";"None";"nan";"None";"nan";"None";"None";"2";"2";"Appartement";"90.0";"4.0";"None";"None";"None";"None";"nan";"7.237167";"43.687254";"000NE"
"2022-57826";"2022-04-25";"1";"Vente";"315000.0";"106.0";"None";"AV DE LA CALIFORNIE";"1045";"06200";"06088";"Nice";"06";"None";"None";"06088000NE0198";"None";"None";"17";"nan";"38";"83.15";"None";"nan";"None";"nan";"None";"None";"2";"3";"Dépendance";"nan";"0.0";"None";"None";"None";"None";"nan";"7.237167";"43.687254";"000NE"
"2022-57050";"2022-04-19";"1";"Vente";"126470.0";"117.0";"None";"AV DE LA CALIFORNIE";"1045";"06200";"06088";"Nice";"06";"None";"None";"06088000NE0366";"None";"None";"103";"27.6";"34";"nan";"None";"nan";"None";"nan";"None";"None";"2";"2";"Appartement";"27.0";"1.0";"None";"None";"None";"None";"nan";"7.237375";"43.686682";"000NE"
"2022-56540";"2022-04-14";"1";"Vente";"420000.0";"167.0";"None";"PROM DES ANGLAIS";"0240";"06200";"06088";"Nice";"06";"None";"None";"06088000NE0146";"None";"None";"39";"80.37";"None";"nan";"None";"nan";"None";"nan";"None";"None";"1";"2";"Appartement";"86.0";"3.0";"None";"None";"None";"None";"nan";"7.24015";"43.68847";"000NE"
"2022-56540";"2022-04-14";"1";"Vente";"420000.0";"167.0";"None";"PROM DES ANGLAIS";"0240";"06200";"06088";"Nice";"06";"None";"None";"06088000NE0146";"None";"None";"39";"80.37";"None";"nan";"None";"nan";"None";"nan";"None";"None";"1";"3";"Dépendance";"nan";"0.0";"None";"None";"None";"None";"nan";"7.24015";"43.68847";"000NE"
"2022-56360";"2022-04-08";"1";"Vente";"150000.0";"3.0";"None";"AV DU PETIT FABRON";"4975";"06200";"06088";"Nice";"06";"None";"None";"06088000NE0295";"None";"None";"108";"nan";"123";"54.21";"93";"nan";"None";"nan";"None";"None";"3";"2";"Appartement";"53.0";"3.0";"None";"None";"None";"None";"nan";"7.237607";"43.688688";"000NE"
"2022-56360";"2022-04-08";"1";"Vente";"150000.0";"3.0";"None";"AV DU PETIT FABRON";"4975";"06200";"06088";"Nice";"06";"None";"None";"06088000NE0295";"None";"None";"108";"nan";"123";"54.21";"93";"nan";"None";"nan";"None";"None";"3";"3";"Dépendance";"nan";"0.0";"None";"None";"None";"None";"nan";"7.237607";"43.688688";"000NE"
"2022-56360";"2022-04-08";"1";"Vente";"150000.0";"3.0";"None";"AV DU PETIT FABRON";"4975";"06200";"06088";"Nice";"06";"None";"None";"06088000NE0295";"None";"None";"108";"nan";"123";"54.21";"93";"nan";"None";"nan";"None";"None";"3";"3";"Dépendance";"nan";"0.0";"None";"None";"None";"None";"nan";"7.237607";"43.688688";"000NE"
"2022-56173";"2022-04-07";"1";"Vente";"210000.0";"112.0";"None";"AV DE LA CALIFORNIE";"1045";"06200";"06088";"Nice";"06";"None";"None";"06088000NE0195";"None";"None";"55";"41.88";"None";"nan";"None";"nan";"None";"nan";"None";"None";"1";"2";"Appartement";"41.0";"2.0";"None";"None";"None";"None";"nan";"7.23679";"43.686954";"000NE"
"2022-56173";"2022-04-07";"1";"Vente";"210000.0";"112.0";"None";"AV DE LA CALIFORNIE";"1045";"06200";"06088";"Nice";"06";"None";"None";"06088000NE0195";"None";"None";"18";"nan";"None";"nan";"None";"nan";"None";"nan";"None";"None";"1";"3";"Dépendance";"nan";"0.0";"None";"None";"None";"None";"nan";"7.23679";"43.686954";"000NE"
"2022-56106";"2022-04-04";"1";"Vente";"30000.0";"124.0";"None";"AV DE LA CALIFORNIE";"1045";"06200";"06088";"Nice";"06";"None";"None";"06088000NE0266";"None";"None";"172";"nan";"None";"nan";"None";"nan";"None";"nan";"None";"None";"1";"3";"Dépendance";"nan";"0.0";"None";"None";"None";"None";"nan";"7.235937";"43.686293";"000NE"
"2022-56099";"2022-04-01";"1";"Vente";"104000.0";"179.0";"None";"PROM DES ANGLAIS";"0240";"06200";"06088";"Nice";"06";"None";"None";"06088000NE0152";"None";"None";"145";"25.21";"None";"nan";"None";"nan";"None";"nan";"None";"None";"1";"4";"Local industriel. commercial ou assimilé";"29.0";"0.0";"None";"None";"None";"None";"nan";"7.239213";"43.687844";"000NE"
"2022-55908";"2022-03-29";"1";"Vente";"175000.0";"64.0";"None";"AV DE LA CALIFORNIE";"1045";"06200";"06088";"Nice";"06";"None";"None";"06088000NE0139";"None";"None";"57";"52.74";"None";"nan";"None";"nan";"None";"nan";"None";"None";"1";"2";"Appartement";"53.0";"3.0";"None";"None";"None";"None";"nan";"7.240016";"43.689276";"000NE"
"2022-55908";"2022-03-29";"1";"Vente";"175000.0";"64.0";"None";"AV DE LA CALIFORNIE";"1045";"06200";"06088";"Nice";"06";"None";"None";"06088000NE0139";"None";"None";"57";"52.74";"None";"nan";"None";"nan";"None";"nan";"None";"None";"1";"3";"Dépendance";"nan";"0.0";"None";"None";"None";"None";"nan";"7.240016";"43.689276";"000NE"
"2022-56033";"2022-03-25";"1";"Vente";"149000.0";"124.0";"None";"AV DE LA CALIFORNIE";"1045";"06200";"06088";"Nice";"06";"None";"None";"06088000NE0266";"None";"None";"273";"30.2";"None";"nan";"None";"nan";"None";"nan";"None";"None";"1";"2";"Appartement";"31.0";"1.0";"None";"None";"None";"None";"nan";"7.235937";"43.686293";"000NE"
"2022-55718";"2022-03-23";"1";"Vente";"112000.0";"124.0";"None";"AV DE LA CALIFORNIE";"1045";"06200";"06088";"Nice";"06";"None";"None";"06088000NE0266";"None";"None";"321";"24.05";"None";"nan";"None";"nan";"None";"nan";"None";"None";"1";"2";"Appartement";"25.0";"1.0";"None";"None";"None";"None";"nan";"7.235937";"43.686293";"000NE"
"2022-55631";"2022-03-21";"1";"Vente";"153000.0";"129.0";"None";"AV DE LA CALIFORNIE";"1045";"06200";"06088";"Nice";"06";"None";"None";"06088000NE0176";"None";"None";"25";"nan";"38";"28.44";"None";"nan";"None";"nan";"None";"None";"2";"2";"Appartement";"30.0";"1.0";"None";"None";"None";"None";"nan";"7.236841";"43.686188";"000NE"
"2022-54672";"2022-03-21";"1";"Vente";"37500.0";"126.0";"None";"AV DE LA CALIFORNIE";"1045";"06200";"06088";"Nice";"06";"None";"None";"06088000NE0188";"None";"None";"19";"nan";"None";"nan";"None";"nan";"None";"nan";"None";"None";"1";"3";"Dépendance";"nan";"0.0";"None";"None";"None";"None";"nan";"7.235598";"43.686043";"000NE"
"2022-55631";"2022-03-21";"1";"Vente";"153000.0";"129.0";"None";"AV DE LA CALIFORNIE";"1045";"06200";"06088";"Nice";"06";"None";"None";"06088000NE0176";"None";"None";"25";"nan";"38";"28.44";"None";"nan";"None";"nan";"None";"None";"2";"3";"Dépendance";"nan";"0.0";"None";"None";"None";"None";"nan";"7.236841";"43.686188";"000NE"
"2022-56470";"2022-03-14";"1";"Vente";"555000.0";"198.0";"None";"PROM DES ANGLAIS";"0240";"06200";"06088";"Nice";"06";"None";"None";"06088000NE0164";"None";"None";"49";"72.11";"6";"nan";"None";"nan";"None";"nan";"None";"None";"2";"2";"Appartement";"75.0";"3.0";"None";"None";"None";"None";"nan";"7.237553";"43.686785";"000NE"
"2022-56470";"2022-03-14";"1";"Vente";"555000.0";"198.0";"None";"PROM DES ANGLAIS";"0240";"06200";"06088";"Nice";"06";"None";"None";"06088000NE0164";"None";"None";"49";"72.11";"6";"nan";"None";"nan";"None";"nan";"None";"None";"2";"3";"Dépendance";"nan";"0.0";"None";"None";"None";"None";"nan";"7.237553";"43.686785";"000NE"
"2022-56470";"2022-03-14";"1";"Vente";"555000.0";"198.0";"None";"PROM DES ANGLAIS";"0240";"06200";"06088";"Nice";"06";"None";"None";"06088000NE0164";"None";"None";"49";"72.11";"6";"nan";"None";"nan";"None";"nan";"None";"None";"2";"3";"Dépendance";"nan";"0.0";"None";"None";"None";"None";"nan";"7.237553";"43.686785";"000NE"
"2022-54910";"2022-03-11";"1";"Vente";"158000.0";"193.0";"None";"PROM DES ANGLAIS";"0240";"06200";"06088";"Nice";"06";"None";"None";"06088000NE0362";"None";"None";"113";"37.78";"4";"nan";"None";"nan";"None";"nan";"None";"None";"2";"2";"Appartement";"37.0";"2.0";"None";"None";"None";"None";"nan";"7.237928";"43.687107";"000NE"
"2022-54910";"2022-03-11";"1";"Vente";"158000.0";"193.0";"None";"PROM DES ANGLAIS";"0240";"06200";"06088";"Nice";"06";"None";"None";"06088000NE0362";"None";"None";"113";"37.78";"4";"nan";"None";"nan";"None";"nan";"None";"None";"2";"3";"Dépendance";"nan";"0.0";"None";"None";"None";"None";"nan";"7.237928";"43.687107";"000NE"
"2022-54635";"2022-03-08";"1";"Vente";"144000.0";"124.0";"None";"AV DE LA CALIFORNIE";"1045";"06200";"06088";"Nice";"06";"None";"None";"06088000NE0266";"None";"None";"270";"29.96";"None";"nan";"None";"nan";"None";"nan";"None";"None";"1";"2";"Appartement";"31.0";"1.0";"None";"None";"None";"None";"nan";"7.235937";"43.686293";"000NE"
"2022-55593";"2022-03-08";"1";"Vente";"232500.0";"21.0";"None";"AV DE FABRON";"2370";"06200";"06088";"Nice";"06";"None";"None";"06088000NE0312";"None";"None";"248";"nan";"83";"nan";"None";"nan";"None";"nan";"None";"None";"2";"2";"Appartement";"45.0";"2.0";"None";"None";"None";"None";"nan";"7.23374";"43.686751";"000NE"
"2022-55593";"2022-03-08";"1";"Vente";"232500.0";"21.0";"None";"AV DE FABRON";"2370";"06200";"06088";"Nice";"06";"None";"None";"06088000NE0312";"None";"None";"47";"nan";"None";"nan";"None";"nan";"None";"nan";"None";"None";"1";"3";"Dépendance";"nan";"0.0";"None";"None";"None";"None";"nan";"7.23374";"43.686751";"000NE"
"2022-55593";"2022-03-08";"1";"Vente";"232500.0";"21.0";"None";"AV DE FABRON";"2370";"06200";"06088";"Nice";"06";"None";"None";"06088000NE0312";"None";"None";"248";"nan";"83";"nan";"None";"nan";"None";"nan";"None";"None";"2";"3";"Dépendance";"nan";"0.0";"None";"None";"None";"None";"nan";"7.23374";"43.686751";"000NE"
"2022-53886";"2022-03-02";"1";"Vente";"98902.0";"126.0";"T";"AV DE LA CALIFORNIE";"1045";"06200";"06088";"Nice";"06";"None";"None";"06088000NE0229";"None";"None";"51";"21.44";"None";"nan";"None";"nan";"None";"nan";"None";"None";"1";"2";"Appartement";"21.0";"1.0";"None";"None";"None";"None";"nan";"7.235318";"43.68585";"000NE"
"2022-54641";"2022-03-02";"1";"Vente";"160000.0";"126.0";"None";"AV DE LA CALIFORNIE";"1045";"06200";"06088";"Nice";"06";"None";"None";"06088000NE0188";"None";"None";"216";"nan";"39";"nan";"None";"nan";"None";"nan";"None";"None";"2";"2";"Appartement";"34.0";"1.0";"None";"None";"None";"None";"nan";"7.235598";"43.686043";"000NE"
"2022-55191";"2022-03-02";"1";"Vente";"14900000.0";"117.0";"None";"AV DE LA CALIFORNIE";"1045";"06200";"06088";"Nice";"06";"None";"None";"06088000NE0366";"None";"None";"135";"nan";"35";"nan";"None";"nan";"None";"nan";"None";"None";"2";"2";"Appartement";"124.0";"3.0";"None";"None";"None";"None";"nan";"7.237375";"43.686682";"000NE"
"2022-55191";"2022-03-02";"1";"Vente";"14900000.0";"117.0";"None";"AV DE LA CALIFORNIE";"1045";"06200";"06088";"Nice";"06";"None";"None";"06088000NE0366";"None";"None";"137";"nan";"None";"nan";"None";"nan";"None";"nan";"None";"None";"1";"2";"Appartement";"20.0";"1.0";"None";"None";"None";"None";"nan";"7.237375";"43.686682";"000NE"
"2022-55191";"2022-03-02";"1";"Vente";"14900000.0";"117.0";"None";"AV DE LA CALIFORNIE";"1045";"06200";"06088";"Nice";"06";"None";"None";"06088000NE0366";"None";"None";"138";"nan";"None";"nan";"None";"nan";"None";"nan";"None";"None";"1";"2";"Appartement";"30.0";"1.0";"None";"None";"None";"None";"nan";"7.237375";"43.686682";"000NE"
"2022-55191";"2022-03-02";"1";"Vente";"14900000.0";"117.0";"None";"AV DE LA CALIFORNIE";"1045";"06200";"06088";"Nice";"06";"None";"None";"06088000NE0366";"None";"None";"5";"nan";"None";"nan";"None";"nan";"None";"nan";"None";"None";"1";"3";"Dépendance";"nan";"0.0";"None";"None";"None";"None";"nan";"7.237375";"43.686682";"000NE"
"2022-55191";"2022-03-02";"1";"Vente";"14900000.0";"117.0";"None";"AV DE LA CALIFORNIE";"1045";"06200";"06088";"Nice";"06";"None";"None";"06088000NE0366";"None";"None";"20";"nan";"None";"nan";"None";"nan";"None";"nan";"None";"None";"1";"3";"Dépendance";"nan";"0.0";"None";"None";"None";"None";"nan";"7.237375";"43.686682";"000NE"
"2022-55191";"2022-03-02";"1";"Vente";"14900000.0";"117.0";"None";"AV DE LA CALIFORNIE";"1045";"06200";"06088";"Nice";"06";"None";"None";"06088000NE0366";"None";"None";"138";"nan";"None";"nan";"None";"nan";"None";"nan";"None";"None";"1";"3";"Dépendance";"nan";"0.0";"None";"None";"None";"None";"nan";"7.237375";"43.686682";"000NE"
"2022-55191";"2022-03-02";"1";"Vente";"14900000.0";"117.0";"None";"AV DE LA CALIFORNIE";"1045";"06200";"06088";"Nice";"06";"None";"None";"06088000NE0366";"None";"None";"137";"nan";"None";"nan";"None";"nan";"None";"nan";"None";"None";"1";"3";"Dépendance";"nan";"0.0";"None";"None";"None";"None";"nan";"7.237375";"43.686682";"000NE"
"2022-55191";"2022-03-02";"1";"Vente";"14900000.0";"117.0";"None";"AV DE LA CALIFORNIE";"1045";"06200";"06088";"Nice";"06";"None";"None";"06088000NE0366";"None";"None";"135";"nan";"35";"nan";"None";"nan";"None";"nan";"None";"None";"2";"3";"Dépendance";"nan";"0.0";"None";"None";"None";"None";"nan";"7.237375";"43.686682";"000NE"
"2022-55191";"2022-03-02";"1";"Vente";"14900000.0";"117.0";"None";"AV DE LA CALIFORNIE";"1045";"06200";"06088";"Nice";"06";"None";"None";"06088000NE0366";"None";"None";"135";"nan";"35";"nan";"None";"nan";"None";"nan";"None";"None";"2";"3";"Dépendance";"nan";"0.0";"None";"None";"None";"None";"nan";"7.237375";"43.686682";"000NE"
"2022-54097";"2022-03-01";"1";"Vente";"190000.0";"15.0";"B";"AV DU PETIT FABRON";"4975";"06200";"06088";"Nice";"06";"None";"None";"06088000NE0099";"None";"None";"32";"63.85";"None";"nan";"None";"nan";"None";"nan";"None";"None";"1";"2";"Appartement";"68.0";"2.0";"None";"None";"None";"None";"nan";"7.238203";"43.689031";"000NE"
"2022-54097";"2022-03-01";"1";"Vente";"190000.0";"15.0";"B";"AV DU PETIT FABRON";"4975";"06200";"06088";"Nice";"06";"None";"None";"06088000NE0099";"None";"None";"32";"63.85";"None";"nan";"None";"nan";"None";"nan";"None";"None";"1";"3";"Dépendance";"nan";"0.0";"None";"None";"None";"None";"nan";"7.238203";"43.689031";"000NE"
"2022-53914";"2022-02-25";"1";"Vente";"181000.0";"179.0";"None";"PROM DES ANGLAIS";"0240";"06200";"06088";"Nice";"06";"None";"None";"06088000NE0152";"None";"None";"172";"38.09";"None";"nan";"None";"nan";"None";"nan";"None";"None";"1";"4";"Local industriel. commercial ou assimilé";"110.0";"0.0";"None";"None";"None";"None";"nan";"7.239213";"43.687844";"000NE"
"2022-53538";"2022-02-17";"1";"Vente";"197450.0";"64.0";"None";"AV DE LA CALIFORNIE";"1045";"06200";"06088";"Nice";"06";"None";"None";"06088000NE0139";"None";"None";"138";"41.09";"None";"nan";"None";"nan";"None";"nan";"None";"None";"1";"2";"Appartement";"42.0";"2.0";"None";"None";"None";"None";"nan";"7.240016";"43.689276";"000NE"
"2022-53538";"2022-02-17";"1";"Vente";"197450.0";"64.0";"None";"AV DE LA CALIFORNIE";"1045";"06200";"06088";"Nice";"06";"None";"None";"06088000NE0139";"None";"None";"138";"41.09";"None";"nan";"None";"nan";"None";"nan";"None";"None";"1";"3";"Dépendance";"nan";"0.0";"None";"None";"None";"None";"nan";"7.240016";"43.689276";"000NE"
"2022-53510";"2022-02-14";"1";"Vente";"240000.0";"117.0";"None";"AV DE LA CALIFORNIE";"1045";"06200";"06088";"Nice";"06";"None";"None";"06088000NE0366";"None";"None";"60";"nan";"None";"nan";"None";"nan";"None";"nan";"None";"None";"1";"2";"Appartement";"42.0";"1.0";"None";"None";"None";"None";"nan";"7.237375";"43.686682";"000NE"
"2022-53510";"2022-02-14";"1";"Vente";"240000.0";"117.0";"None";"AV DE LA CALIFORNIE";"1045";"06200";"06088";"Nice";"06";"None";"None";"06088000NE0366";"None";"None";"13";"nan";"None";"nan";"None";"nan";"None";"nan";"None";"None";"1";"3";"Dépendance";"nan";"0.0";"None";"None";"None";"None";"nan";"7.237375";"43.686682";"000NE"
"2022-52789";"2022-02-03";"1";"Vente";"701200.0";"23.0";"T";"BD DE CAMBRAI";"1055";"06200";"06088";"Nice";"06";"None";"None";"06088000NE0028";"None";"None";"None";"nan";"None";"nan";"None";"nan";"None";"nan";"None";"None";"0";"1";"Maison";"300.0";"5.0";"S";"sols";"None";"None";"902.0";"7.235555";"43.689355";"000NE"
"2022-53037";"2022-02-03";"1";"Vente";"226900.0";"3.0";"None";"AV DU PETIT FABRON";"4975";"06200";"06088";"Nice";"06";"None";"None";"06088000NE0295";"None";"None";"136";"nan";"151";"nan";"166";"70.04";"None";"nan";"None";"None";"3";"2";"Appartement";"68.0";"4.0";"None";"None";"None";"None";"nan";"7.237607";"43.688688";"000NE"
"2022-52789";"2022-02-03";"1";"Vente";"701200.0";"23.0";"T";"BD DE CAMBRAI";"1055";"06200";"06088";"Nice";"06";"None";"None";"06088000NE0028";"None";"None";"None";"nan";"None";"nan";"None";"nan";"None";"nan";"None";"None";"0";"3";"Dépendance";"nan";"0.0";"S";"sols";"None";"None";"902.0";"7.235555";"43.689355";"000NE"
"2022-53037";"2022-02-03";"1";"Vente";"226900.0";"3.0";"None";"AV DU PETIT FABRON";"4975";"06200";"06088";"Nice";"06";"None";"None";"06088000NE0295";"None";"None";"136";"nan";"151";"nan";"166";"70.04";"None";"nan";"None";"None";"3";"3";"Dépendance";"nan";"0.0";"None";"None";"None";"None";"nan";"7.237607";"43.688688";"000NE"
"2022-53037";"2022-02-03";"1";"Vente";"226900.0";"3.0";"None";"AV DU PETIT FABRON";"4975";"06200";"06088";"Nice";"06";"None";"None";"06088000NE0295";"None";"None";"136";"nan";"151";"nan";"166";"70.04";"None";"nan";"None";"None";"3";"3";"Dépendance";"nan";"0.0";"None";"None";"None";"None";"nan";"7.237607";"43.688688";"000NE"
"2022-52197";"2022-02-02";"1";"Vente";"269000.0";"15.0";"B";"AV DU PETIT FABRON";"4975";"06200";"06088";"Nice";"06";"None";"None";"06088000NE0099";"None";"None";"12";"nan";"42";"87.73";"None";"nan";"None";"nan";"None";"None";"2";"2";"Appartement";"70.0";"3.0";"None";"None";"None";"None";"nan";"7.238203";"43.689031";"000NE"
"2022-52197";"2022-02-02";"1";"Vente";"269000.0";"15.0";"B";"AV DU PETIT FABRON";"4975";"06200";"06088";"Nice";"06";"None";"None";"06088000NE0099";"None";"None";"12";"nan";"42";"87.73";"None";"nan";"None";"nan";"None";"None";"2";"3";"Dépendance";"nan";"0.0";"None";"None";"None";"None";"nan";"7.238203";"43.689031";"000NE"
"2022-52360";"2022-01-31";"1";"Vente";"380000.0";"193.0";"None";"PROM DES ANGLAIS";"0240";"06200";"06088";"Nice";"06";"None";"None";"06088000NE0362";"None";"None";"52";"nan";"69";"84.45";"None";"nan";"None";"nan";"None";"None";"2";"2";"Appartement";"79.0";"3.0";"None";"None";"None";"None";"nan";"7.237928";"43.687107";"000NE"
"2022-52635";"2022-01-31";"1";"Vente";"260000.0";"124.0";"None";"AV DE LA CALIFORNIE";"1045";"06200";"06088";"Nice";"06";"None";"None";"06088000NE0266";"None";"None";"330";"49.76";"None";"nan";"None";"nan";"None";"nan";"None";"None";"1";"2";"Appartement";"51.0";"2.0";"None";"None";"None";"None";"nan";"7.235937";"43.686293";"000NE"
"2022-52360";"2022-01-31";"1";"Vente";"380000.0";"193.0";"None";"PROM DES ANGLAIS";"0240";"06200";"06088";"Nice";"06";"None";"None";"06088000NE0362";"None";"None";"52";"nan";"69";"84.45";"None";"nan";"None";"nan";"None";"None";"2";"3";"Dépendance";"nan";"0.0";"None";"None";"None";"None";"nan";"7.237928";"43.687107";"000NE"
"2022-52635";"2022-01-31";"1";"Vente";"260000.0";"126.0";"T";"AV DE LA CALIFORNIE";"1045";"06200";"06088";"Nice";"06";"None";"None";"06088000NE0229";"None";"None";"17";"nan";"None";"nan";"None";"nan";"None";"nan";"None";"None";"1";"3";"Dépendance";"nan";"0.0";"None";"None";"None";"None";"nan";"7.235318";"43.68585";"000NE"
"2022-52298";"2022-01-24";"1";"Vente";"700000.0";"181.0";"None";"PROM DES ANGLAIS";"0240";"06200";"06088";"Nice";"06";"None";"None";"06088000NE0153";"None";"None";"84";"133.79";"None";"nan";"None";"nan";"None";"nan";"None";"None";"1";"2";"Appartement";"140.0";"3.0";"None";"None";"None";"None";"nan";"7.238957";"43.687701";"000NE"
"2022-52298";"2022-01-24";"1";"Vente";"700000.0";"181.0";"None";"PROM DES ANGLAIS";"0240";"06200";"06088";"Nice";"06";"None";"None";"06088000NE0153";"None";"None";"84";"133.79";"None";"nan";"None";"nan";"None";"nan";"None";"None";"1";"3";"Dépendance";"nan";"0.0";"None";"None";"None";"None";"nan";"7.238957";"43.687701";"000NE"
"2022-52298";"2022-01-24";"1";"Vente";"700000.0";"181.0";"None";"PROM DES ANGLAIS";"0240";"06200";"06088";"Nice";"06";"None";"None";"06088000NE0153";"None";"None";"53";"nan";"None";"nan";"None";"nan";"None";"nan";"None";"None";"1";"3";"Dépendance";"nan";"0.0";"None";"None";"None";"None";"nan";"7.238957";"43.687701";"000NE"
"2022-52156";"2022-01-18";"1";"Vente";"207350.0";"21.0";"None";"AV DE FABRON";"2370";"06200";"06088";"Nice";"06";"None";"None";"06088000NE0312";"None";"None";"199";"57.44";"233";"nan";"None";"nan";"None";"nan";"None";"None";"2";"2";"Appartement";"60.0";"2.0";"None";"None";"None";"None";"nan";"7.23374";"43.686751";"000NE"
"2022-52156";"2022-01-18";"1";"Vente";"207350.0";"21.0";"None";"AV DE FABRON";"2370";"06200";"06088";"Nice";"06";"None";"None";"06088000NE0312";"None";"None";"199";"57.44";"233";"nan";"None";"nan";"None";"nan";"None";"None";"2";"3";"Dépendance";"nan";"0.0";"None";"None";"None";"None";"nan";"7.23374";"43.686751";"000NE"
"2022-51555";"2022-01-14";"1";"Vente";"19000.0";"114.0";"None";"AV DE LA CALIFORNIE";"1045";"06200";"06088";"Nice";"06";"None";"None";"06088000NE0245";"None";"None";"6";"nan";"None";"nan";"None";"nan";"None";"nan";"None";"None";"1";"3";"Dépendance";"nan";"0.0";"None";"None";"None";"None";"nan";"7.23663";"43.686826";"000NE"
"2022-51545";"2022-01-12";"1";"Vente";"115000.0";"110.0";"None";"AV DE LA CALIFORNIE";"1045";"06200";"06088";"Nice";"06";"None";"None";"06088000NE0247";"None";"None";"14";"20.52";"None";"nan";"None";"nan";"None";"nan";"None";"None";"1";"2";"Appartement";"22.0";"1.0";"None";"None";"None";"None";"nan";"7.236915";"43.687058";"000NE"
"2022-51481";"2022-01-05";"1";"Vente";"194500.0";"1.0";"None";"RUE LENVAL";"3595";"06200";"06088";"Nice";"06";"None";"None";"06088000NE0140";"None";"None";"38";"nan";"6";"nan";"None";"nan";"None";"nan";"None";"None";"2";"2";"Appartement";"38.0";"2.0";"None";"None";"None";"None";"nan";"7.240567";"43.688812";"000NE"
"2022-51481";"2022-01-05";"1";"Vente";"194500.0";"1.0";"None";"RUE LENVAL";"3595";"06200";"06088";"Nice";"06";"None";"None";"06088000NE0140";"None";"None";"38";"nan";"6";"nan";"None";"nan";"None";"nan";"None";"None";"2";"3";"Dépendance";"nan";"0.0";"None";"None";"None";"None";"nan";"7.240567";"43.688812";"000NE"
"2021-71871";"2021-12-29";"1";"Vente";"23000.0";"126.0";"None";"AV DE LA CALIFORNIE";"1045";"06200";"06088";"Nice";"06";"None";"None";"06088000NE0188";"None";"None";"49";"nan";"None";"nan";"None";"nan";"None";"nan";"None";"None";"1";"3";"Dépendance";"nan";"0.0";"None";"None";"None";"None";"nan";"7.235598";"43.686043";"000NE"
"2021-72188";"2021-12-27";"1";"Vente";"256000.0";"185.0";"None";"PROM DES ANGLAIS";"0240";"06200";"06088";"Nice";"06";"None";"None";"06088000NE0375";"None";"None";"226";"nan";"314";"25.87";"None";"nan";"None";"nan";"None";"None";"2";"2";"Appartement";"28.0";"1.0";"None";"None";"None";"None";"nan";"7.238539";"43.687479";"000NE"
"2021-72188";"2021-12-27";"1";"Vente";"256000.0";"95.0";"None";"AV DE LA CALIFORNIE";"1045";"06200";"06088";"Nice";"06";"None";"None";"06088000NE0375";"None";"None";"276";"nan";"None";"nan";"None";"nan";"None";"nan";"None";"None";"1";"3";"Dépendance";"nan";"0.0";"None";"None";"None";"None";"nan";"7.238539";"43.687479";"000NE"
"2021-72188";"2021-12-27";"1";"Vente";"256000.0";"185.0";"None";"PROM DES ANGLAIS";"0240";"06200";"06088";"Nice";"06";"None";"None";"06088000NE0375";"None";"None";"226";"nan";"314";"25.87";"None";"nan";"None";"nan";"None";"None";"2";"3";"Dépendance";"nan";"0.0";"None";"None";"None";"None";"nan";"7.238539";"43.687479";"000NE"
"2021-71834";"2021-12-23";"1";"Vente";"150000.0";"3.0";"None";"AV DU PETIT FABRON";"4975";"06200";"06088";"Nice";"06";"None";"None";"06088000NE0295";"None";"None";"184";"nan";"204";"nan";"224";"52.65";"None";"nan";"None";"None";"3";"2";"Appartement";"52.0";"3.0";"None";"None";"None";"None";"nan";"7.237607";"43.688688";"000NE"
"2021-71834";"2021-12-23";"1";"Vente";"150000.0";"3.0";"None";"AV DU PETIT FABRON";"4975";"06200";"06088";"Nice";"06";"None";"None";"06088000NE0295";"None";"None";"184";"nan";"204";"nan";"224";"52.65";"None";"nan";"None";"None";"3";"3";"Dépendance";"nan";"0.0";"None";"None";"None";"None";"nan";"7.237607";"43.688688";"000NE"
"2021-71834";"2021-12-23";"1";"Vente";"150000.0";"3.0";"None";"AV DU PETIT FABRON";"4975";"06200";"06088";"Nice";"06";"None";"None";"06088000NE0295";"None";"None";"184";"nan";"204";"nan";"224";"52.65";"None";"nan";"None";"None";"3";"3";"Dépendance";"nan";"0.0";"None";"None";"None";"None";"nan";"7.237607";"43.688688";"000NE"
"2021-71317";"2021-12-20";"1";"Vente";"270750.0";"122.0";"None";"AV DE LA CALIFORNIE";"1045";"06200";"06088";"Nice";"06";"None";"None";"06088000NE0190";"None";"None";"20";"nan";"46";"75.05";"None";"nan";"None";"nan";"None";"None";"2";"2";"Appartement";"77.0";"3.0";"None";"None";"None";"None";"nan";"7.236135";"43.686433";"000NE"
"2021-71317";"2021-12-20";"1";"Vente";"270750.0";"122.0";"None";"AV DE LA CALIFORNIE";"1045";"06200";"06088";"Nice";"06";"None";"None";"06088000NE0190";"None";"None";"20";"nan";"46";"75.05";"None";"nan";"None";"nan";"None";"None";"2";"3";"Dépendance";"nan";"0.0";"None";"None";"None";"None";"nan";"7.236135";"43.686433";"000NE"
"2021-71914";"2021-12-17";"1";"Vente";"695000.0";"11.0";"B";"AV MONT RABEAU";"4390";"06200";"06088";"Nice";"06";"None";"None";"06088000NE0080";"None";"None";"None";"nan";"None";"nan";"None";"nan";"None";"nan";"None";"None";"0";"1";"Maison";"167.0";"5.0";"S";"sols";"None";"None";"214.0";"7.236967";"43.688902";"000NE"
"2021-71895";"2021-12-17";"1";"Vente";"106000.0";"124.0";"None";"AV DE LA CALIFORNIE";"1045";"06200";"06088";"Nice";"06";"None";"None";"06088000NE0266";"None";"None";"308";"22.3";"None";"nan";"None";"nan";"None";"nan";"None";"None";"1";"2";"Appartement";"23.0";"1.0";"None";"None";"None";"None";"nan";"7.235937";"43.686293";"000NE"
"2021-71182";"2021-12-14";"1";"Vente";"415000.0";"205.0";"None";"PROM DES ANGLAIS";"0240";"06200";"06088";"Nice";"06";"None";"None";"06088000NE0171";"None";"None";"21";"nan";"34";"111.94";"None";"nan";"None";"nan";"None";"None";"2";"2";"Appartement";"122.0";"4.0";"None";"None";"None";"None";"nan";"7.237136";"43.68638";"000NE"
"2021-71182";"2021-12-14";"1";"Vente";"415000.0";"205.0";"None";"PROM DES ANGLAIS";"0240";"06200";"06088";"Nice";"06";"None";"None";"06088000NE0171";"None";"None";"21";"nan";"34";"111.94";"None";"nan";"None";"nan";"None";"None";"2";"3";"Dépendance";"nan";"0.0";"None";"None";"None";"None";"nan";"7.237136";"43.68638";"000NE"
"2021-71182";"2021-12-14";"1";"Vente";"415000.0";"205.0";"None";"PROM DES ANGLAIS";"0240";"06200";"06088";"Nice";"06";"None";"None";"06088000NE0171";"None";"None";"202";"nan";"None";"nan";"None";"nan";"None";"nan";"None";"None";"1";"3";"Dépendance";"nan";"0.0";"None";"None";"None";"None";"nan";"7.237136";"43.68638";"000NE"
"2021-70320";"2021-12-02";"1";"Vente";"140000.0";"126.0";"T";"AV DE LA CALIFORNIE";"1045";"06200";"06088";"Nice";"06";"None";"None";"06088000NE0229";"None";"None";"119";"30.5";"None";"nan";"None";"nan";"None";"nan";"None";"None";"1";"2";"Appartement";"31.0";"1.0";"None";"None";"None";"None";"nan";"7.235318";"43.68585";"000NE"
"2021-69574";"2021-11-18";"1";"Vente";"412000.0";"183.0";"None";"PROM DES ANGLAIS";"0240";"06200";"06088";"Nice";"06";"None";"None";"06088000NE0154";"None";"None";"25";"63.15";"None";"nan";"None";"nan";"None";"nan";"None";"None";"1";"2";"Appartement";"64.0";"2.0";"None";"None";"None";"None";"nan";"7.238788";"43.687577";"000NE"
"2021-69574";"2021-11-18";"1";"Vente";"412000.0";"183.0";"None";"PROM DES ANGLAIS";"0240";"06200";"06088";"Nice";"06";"None";"None";"06088000NE0154";"None";"None";"25";"63.15";"None";"nan";"None";"nan";"None";"nan";"None";"None";"1";"3";"Dépendance";"nan";"0.0";"None";"None";"None";"None";"nan";"7.238788";"43.687577";"000NE"
"2021-69296";"2021-11-09";"1";"Vente";"200000.0";"1.0";"None";"RUE LENVAL";"3595";"06200";"06088";"Nice";"06";"None";"None";"06088000NE0140";"None";"None";"42";"38.53";"None";"nan";"None";"nan";"None";"nan";"None";"None";"1";"2";"Appartement";"49.0";"2.0";"None";"None";"None";"None";"nan";"7.240567";"43.688812";"000NE"
"2021-68904";"2021-11-08";"1";"Vente";"229000.0";"108.0";"None";"AV DE LA CALIFORNIE";"1045";"06200";"06088";"Nice";"06";"None";"None";"06088000NE0197";"None";"None";"35";"56.3";"None";"nan";"None";"nan";"None";"nan";"None";"None";"1";"2";"Appartement";"60.0";"2.0";"None";"None";"None";"None";"nan";"7.237015";"43.687156";"000NE"
"2021-69110";"2021-11-05";"1";"Vente";"272000.0";"169.0";"None";"PROM DES ANGLAIS";"0240";"06200";"06088";"Nice";"06";"None";"None";"06088000NE0148";"None";"None";"40";"31.63";"None";"nan";"None";"nan";"None";"nan";"None";"None";"1";"2";"Appartement";"31.0";"1.0";"None";"None";"None";"None";"nan";"7.239864";"43.688269";"000NE"
"2021-69110";"2021-11-05";"1";"Vente";"272000.0";"169.0";"None";"PROM DES ANGLAIS";"0240";"06200";"06088";"Nice";"06";"None";"None";"06088000NE0148";"None";"None";"40";"31.63";"None";"nan";"None";"nan";"None";"nan";"None";"None";"1";"3";"Dépendance";"nan";"0.0";"None";"None";"None";"None";"nan";"7.239864";"43.688269";"000NE"
"2021-69110";"2021-11-05";"1";"Vente";"272000.0";"169.0";"None";"PROM DES ANGLAIS";"0240";"06200";"06088";"Nice";"06";"None";"None";"06088000NE0148";"None";"None";"40";"31.63";"None";"nan";"None";"nan";"None";"nan";"None";"None";"1";"3";"Dépendance";"nan";"0.0";"None";"None";"None";"None";"nan";"7.239864";"43.688269";"000NE"
"2021-69056";"2021-11-04";"1";"Vente";"210000.0";"106.0";"None";"AV DE LA CALIFORNIE";"1045";"06200";"06088";"Nice";"06";"None";"None";"06088000NE0198";"None";"None";"16";"nan";"39";"48.84";"None";"nan";"None";"nan";"None";"None";"2";"2";"Appartement";"61.0";"2.0";"None";"None";"None";"None";"nan";"7.237167";"43.687254";"000NE"
"2021-69056";"2021-11-04";"1";"Vente";"210000.0";"106.0";"None";"AV DE LA CALIFORNIE";"1045";"06200";"06088";"Nice";"06";"None";"None";"06088000NE0198";"None";"None";"16";"nan";"39";"48.84";"None";"nan";"None";"nan";"None";"None";"2";"3";"Dépendance";"nan";"0.0";"None";"None";"None";"None";"nan";"7.237167";"43.687254";"000NE"
"2021-68740";"2021-10-27";"1";"Vente";"179000.0";"126.0";"T";"AV DE LA CALIFORNIE";"1045";"06200";"06088";"Nice";"06";"None";"None";"06088000NE0229";"None";"None";"132";"25.07";"None";"nan";"None";"nan";"None";"nan";"None";"None";"1";"2";"Appartement";"25.0";"1.0";"None";"None";"None";"None";"nan";"7.235318";"43.68585";"000NE"
"2021-68740";"2021-10-27";"1";"Vente";"179000.0";"126.0";"T";"AV DE LA CALIFORNIE";"1045";"06200";"06088";"Nice";"06";"None";"None";"06088000NE0229";"None";"None";"5";"nan";"None";"nan";"None";"nan";"None";"nan";"None";"None";"1";"3";"Dépendance";"nan";"0.0";"None";"None";"None";"None";"nan";"7.235318";"43.68585";"000NE"
"2021-68740";"2021-10-27";"1";"Vente";"179000.0";"126.0";"T";"AV DE LA CALIFORNIE";"1045";"06200";"06088";"Nice";"06";"None";"None";"06088000NE0229";"None";"None";"132";"25.07";"None";"nan";"None";"nan";"None";"nan";"None";"None";"1";"3";"Dépendance";"nan";"0.0";"None";"None";"None";"None";"nan";"7.235318";"43.68585";"000NE"
"2021-67891";"2021-10-13";"1";"Vente";"138500.0";"23.0";"D";"BD DE CAMBRAI";"1055";"06200";"06088";"Nice";"06";"None";"None";"06088000NE0027";"None";"None";"12";"nan";"None";"nan";"None";"nan";"None";"nan";"None";"None";"1";"2";"Appartement";"29.0";"1.0";"None";"None";"None";"None";"nan";"7.23538";"43.689753";"000NE"
"2021-67871";"2021-10-13";"1";"Vente";"37000.0";"72.0";"None";"AV DE LA CALIFORNIE";"1045";"06200";"06088";"Nice";"06";"None";"None";"06088000NE0130";"None";"None";"19";"nan";"None";"nan";"None";"nan";"None";"nan";"None";"None";"1";"3";"Dépendance";"nan";"0.0";"None";"None";"None";"None";"nan";"7.23946";"43.688889";"000NE"
"2021-67445";"2021-10-07";"1";"Vente";"122000.0";"112.0";"None";"AV DE LA CALIFORNIE";"1045";"06200";"06088";"Nice";"06";"None";"None";"06088000NE0195";"None";"None";"84";"nan";"None";"nan";"None";"nan";"None";"nan";"None";"None";"1";"2";"Appartement";"23.0";"1.0";"None";"None";"None";"None";"nan";"7.23679";"43.686954";"000NE"
"2021-68203";"2021-10-07";"1";"Vente";"140000.0";"122.0";"None";"AV DE LA CALIFORNIE";"1045";"06200";"06088";"Nice";"06";"None";"None";"06088000NE0190";"None";"None";"14";"nan";"40";"nan";"None";"nan";"None";"nan";"None";"None";"2";"2";"Appartement";"50.0";"2.0";"None";"None";"None";"None";"nan";"7.236135";"43.686433";"000NE"
"2021-68250";"2021-10-07";"1";"Vente";"250000.0";"13.0";"None";"AV DU PETIT FABRON";"4975";"06200";"06088";"Nice";"06";"None";"None";"06088000NE0299";"None";"None";"27";"nan";"91";"nan";"None";"nan";"None";"nan";"None";"None";"2";"2";"Appartement";"95.0";"4.0";"None";"None";"None";"None";"nan";"7.238694";"43.689249";"000NE"
"2021-68203";"2021-10-07";"1";"Vente";"140000.0";"122.0";"None";"AV DE LA CALIFORNIE";"1045";"06200";"06088";"Nice";"06";"None";"None";"06088000NE0190";"None";"None";"14";"nan";"40";"nan";"None";"nan";"None";"nan";"None";"None";"2";"3";"Dépendance";"nan";"0.0";"None";"None";"None";"None";"nan";"7.236135";"43.686433";"000NE"
"2021-68250";"2021-10-07";"1";"Vente";"250000.0";"13.0";"None";"AV DU PETIT FABRON";"4975";"06200";"06088";"Nice";"06";"None";"None";"06088000NE0299";"None";"None";"49";"nan";"None";"nan";"None";"nan";"None";"nan";"None";"None";"1";"3";"Dépendance";"nan";"0.0";"None";"None";"None";"None";"nan";"7.238694";"43.689249";"000NE"
"2021-68250";"2021-10-07";"1";"Vente";"250000.0";"13.0";"None";"AV DU PETIT FABRON";"4975";"06200";"06088";"Nice";"06";"None";"None";"06088000NE0299";"None";"None";"27";"nan";"91";"nan";"None";"nan";"None";"nan";"None";"None";"2";"3";"Dépendance";"nan";"0.0";"None";"None";"None";"None";"nan";"7.238694";"43.689249";"000NE"
"2021-66252";"2021-09-28";"1";"Vente";"202980.0";"2.0";"None";"AV LE MESNIL";"4185";"06200";"06088";"Nice";"06";"None";"None";"06088000NE0007";"None";"None";"99";"43.8";"None";"nan";"None";"nan";"None";"nan";"None";"None";"1";"2";"Appartement";"44.0";"2.0";"None";"None";"None";"None";"nan";"7.234741";"43.688643";"000NE"
"2021-66591";"2021-09-28";"1";"Vente";"132850.0";"117.0";"None";"AV DE LA CALIFORNIE";"1045";"06200";"06088";"Nice";"06";"None";"None";"06088000NE0366";"None";"None";"85";"27.69";"None";"nan";"None";"nan";"None";"nan";"None";"None";"1";"2";"Appartement";"27.0";"1.0";"None";"None";"None";"None";"nan";"7.237375";"43.686682";"000NE"
"2021-66252";"2021-09-28";"1";"Vente";"202980.0";"2.0";"None";"AV LE MESNIL";"4185";"06200";"06088";"Nice";"06";"None";"None";"06088000NE0007";"None";"None";"99";"43.8";"None";"nan";"None";"nan";"None";"nan";"None";"None";"1";"3";"Dépendance";"nan";"0.0";"None";"None";"None";"None";"nan";"7.234741";"43.688643";"000NE"
"2021-67001";"2021-09-28";"1";"Vente";"117500.0";"179.0";"None";"PROM DES ANGLAIS";"0240";"06200";"06088";"Nice";"06";"None";"None";"06088000NE0152";"None";"None";"182";"25.52";"None";"nan";"None";"nan";"None";"nan";"None";"None";"1";"4";"Local industriel. commercial ou assimilé";"26.0";"0.0";"None";"None";"None";"None";"nan";"7.239213";"43.687844";"000NE"
"2021-67352";"2021-09-24";"1";"Vente";"280000.0";"213.0";"None";"PROM DES ANGLAIS";"0240";"06200";"06088";"Nice";"06";"None";"None";"06088000NE0176";"None";"None";"48";"29.55";"None";"nan";"None";"nan";"None";"nan";"None";"None";"1";"2";"Appartement";"57.0";"2.0";"None";"None";"None";"None";"nan";"7.236841";"43.686188";"000NE"
"2021-67352";"2021-09-24";"1";"Vente";"280000.0";"213.0";"None";"PROM DES ANGLAIS";"0240";"06200";"06088";"Nice";"06";"None";"None";"06088000NE0176";"None";"None";"49";"19.71";"None";"nan";"None";"nan";"None";"nan";"None";"None";"1";"2";"Appartement";"21.0";"1.0";"None";"None";"None";"None";"nan";"7.236841";"43.686188";"000NE"
"2021-67352";"2021-09-24";"1";"Vente";"280000.0";"213.0";"None";"PROM DES ANGLAIS";"0240";"06200";"06088";"Nice";"06";"None";"None";"06088000NE0176";"None";"None";"50";"39.45";"None";"nan";"None";"nan";"None";"nan";"None";"None";"1";"2";"Appartement";"39.0";"2.0";"None";"None";"None";"None";"nan";"7.236841";"43.686188";"000NE"
"2021-66590";"2021-09-20";"1";"Vente";"150000.0";"193.0";"None";"PROM DES ANGLAIS";"0240";"06200";"06088";"Nice";"06";"None";"None";"06088000NE0362";"None";"None";"41";"nan";"96";"38.13";"None";"nan";"None";"nan";"None";"None";"2";"2";"Appartement";"45.0";"2.0";"None";"None";"None";"None";"nan";"7.237928";"43.687107";"000NE"
"2021-66590";"2021-09-20";"1";"Vente";"150000.0";"193.0";"None";"PROM DES ANGLAIS";"0240";"06200";"06088";"Nice";"06";"None";"None";"06088000NE0362";"None";"None";"41";"nan";"96";"38.13";"None";"nan";"None";"nan";"None";"None";"2";"3";"Dépendance";"nan";"0.0";"None";"None";"None";"None";"nan";"7.237928";"43.687107";"000NE"
"2021-65537";"2021-09-10";"1";"Vente";"125000.0";"101.0";"None";"AV DE LA CALIFORNIE";"1045";"06200";"06088";"Nice";"06";"None";"None";"06088000NE0360";"None";"None";"37";"nan";"54";"nan";"None";"nan";"None";"nan";"None";"None";"2";"2";"Appartement";"34.0";"1.0";"None";"None";"None";"None";"nan";"7.238141";"43.687306";"000NE"
"2021-65366";"2021-09-03";"1";"Vente";"370000.0";"193.0";"None";"PROM DES ANGLAIS";"0240";"06200";"06088";"Nice";"06";"None";"None";"06088000NE0362";"None";"None";"28";"nan";"83";"40.85";"None";"nan";"None";"nan";"None";"None";"2";"2";"Appartement";"39.0";"1.0";"None";"None";"None";"None";"nan";"7.237928";"43.687107";"000NE"
"2021-65366";"2021-09-03";"1";"Vente";"370000.0";"193.0";"None";"PROM DES ANGLAIS";"0240";"06200";"06088";"Nice";"06";"None";"None";"06088000NE0362";"None";"None";"28";"nan";"83";"40.85";"None";"nan";"None";"nan";"None";"None";"2";"3";"Dépendance";"nan";"0.0";"None";"None";"None";"None";"nan";"7.237928";"43.687107";"000NE"
"2021-65361";"2021-09-02";"1";"Vente";"160000.0";"101.0";"None";"AV DE LA CALIFORNIE";"1045";"06200";"06088";"Nice";"06";"None";"None";"06088000NE0360";"None";"None";"95";"37.07";"None";"nan";"None";"nan";"None";"nan";"None";"None";"1";"2";"Appartement";"43.0";"2.0";"None";"None";"None";"None";"nan";"7.238141";"43.687306";"000NE"
"2021-65171";"2021-08-31";"1";"Vente";"962900.0";"161.0";"None";"PROM DES ANGLAIS";"0240";"06200";"06088";"Nice";"06";"None";"None";"06088000NE0142";"None";"None";"1";"nan";"43";"89.24";"None";"nan";"None";"nan";"None";"None";"2";"2";"Appartement";"91.0";"3.0";"None";"None";"None";"None";"nan";"7.240611";"43.688668";"000NE"
"2021-65171";"2021-08-31";"1";"Vente";"962900.0";"161.0";"None";"PROM DES ANGLAIS";"0240";"06200";"06088";"Nice";"06";"None";"None";"06088000NE0142";"None";"None";"1";"nan";"43";"89.24";"None";"nan";"None";"nan";"None";"None";"2";"3";"Dépendance";"nan";"0.0";"None";"None";"None";"None";"nan";"7.240611";"43.688668";"000NE"
"2021-65616";"2021-08-30";"1";"Vente";"100000.0";"198.0";"None";"PROM DES ANGLAIS";"0240";"06200";"06088";"Nice";"06";"None";"None";"06088000NE0164";"None";"None";"26";"nan";"44";"nan";"None";"nan";"None";"nan";"None";"None";"2";"2";"Appartement";"28.0";"1.0";"None";"None";"None";"None";"nan";"7.237553";"43.686785";"000NE"
"2021-65616";"2021-08-30";"1";"Vente";"100000.0";"198.0";"None";"PROM DES ANGLAIS";"0240";"06200";"06088";"Nice";"06";"None";"None";"06088000NE0164";"None";"None";"26";"nan";"44";"nan";"None";"nan";"None";"nan";"None";"None";"2";"3";"Dépendance";"nan";"0.0";"None";"None";"None";"None";"nan";"7.237553";"43.686785";"000NE"
"2021-65137";"2021-08-27";"1";"Vente";"121990.0";"127.0";"None";"AV DE LA CALIFORNIE";"1045";"06200";"06088";"Nice";"06";"None";"None";"06088000NE0238";"None";"None";"25";"25.53";"None";"nan";"None";"nan";"None";"nan";"None";"None";"1";"2";"Appartement";"25.0";"1.0";"None";"None";"None";"None";"nan";"7.236906";"43.686322";"000NE"
"2021-65971";"2021-08-26";"1";"Vente";"151960.0";"179.0";"None";"PROM DES ANGLAIS";"0240";"06200";"06088";"Nice";"06";"None";"None";"06088000NE0152";"None";"None";"132";"42.78";"None";"nan";"None";"nan";"None";"nan";"None";"None";"1";"4";"Local industriel. commercial ou assimilé";"53.0";"0.0";"None";"None";"None";"None";"nan";"7.239213";"43.687844";"000NE"
"2021-65961";"2021-08-25";"1";"Vente";"21000.0";"126.0";"None";"AV DE LA CALIFORNIE";"1045";"06200";"06088";"Nice";"06";"None";"None";"06088000NE0188";"None";"None";"6";"nan";"None";"nan";"None";"nan";"None";"nan";"None";"None";"1";"3";"Dépendance";"nan";"0.0";"None";"None";"None";"None";"nan";"7.235598";"43.686043";"000NE"
"2021-65062";"2021-08-11";"1";"Vente";"211000.0";"15.0";"None";"AV DU PETIT FABRON";"4975";"06200";"06088";"Nice";"06";"None";"None";"06088000NE0099";"None";"None";"156";"53.61";"None";"nan";"None";"nan";"None";"nan";"None";"None";"1";"2";"Appartement";"59.0";"2.0";"None";"None";"None";"None";"nan";"7.238203";"43.689031";"000NE"
"2021-65062";"2021-08-11";"1";"Vente";"211000.0";"13.0";"None";"AV DU PETIT FABRON";"4975";"06200";"06088";"Nice";"06";"None";"None";"06088000NE0299";"None";"None";"40";"nan";"None";"nan";"None";"nan";"None";"nan";"None";"None";"1";"3";"Dépendance";"nan";"0.0";"None";"None";"None";"None";"nan";"7.238694";"43.689249";"000NE"
"2021-64000";"2021-08-05";"1";"Vente";"115000.0";"21.0";"None";"AV DE FABRON";"2370";"06200";"06088";"Nice";"06";"None";"None";"06088000NE0312";"None";"None";"15";"32.05";"88";"nan";"None";"nan";"None";"nan";"None";"None";"2";"2";"Appartement";"32.0";"1.0";"None";"None";"None";"None";"nan";"7.23374";"43.686751";"000NE"
"2021-64000";"2021-08-05";"1";"Vente";"115000.0";"21.0";"None";"AV DE FABRON";"2370";"06200";"06088";"Nice";"06";"None";"None";"06088000NE0312";"None";"None";"15";"32.05";"88";"nan";"None";"nan";"None";"nan";"None";"None";"2";"3";"Dépendance";"nan";"0.0";"None";"None";"None";"None";"nan";"7.23374";"43.686751";"000NE"
"2021-64076";"2021-07-30";"1";"Vente";"118000.0";"129.0";"None";"AV DE LA CALIFORNIE";"1045";"06200";"06088";"Nice";"06";"None";"None";"06088000NE0176";"None";"None";"15";"nan";"40";"29.06";"None";"nan";"None";"nan";"None";"None";"2";"2";"Appartement";"30.0";"1.0";"None";"None";"None";"None";"nan";"7.236841";"43.686188";"000NE"
"2021-64287";"2021-07-30";"1";"Vente";"145000.0";"127.0";"None";"AV DE LA CALIFORNIE";"1045";"06200";"06088";"Nice";"06";"None";"None";"06088000NE0238";"None";"None";"36";"nan";"None";"nan";"None";"nan";"None";"nan";"None";"None";"1";"2";"Appartement";"28.0";"1.0";"None";"None";"None";"None";"nan";"7.236906";"43.686322";"000NE"
"2021-64076";"2021-07-30";"1";"Vente";"118000.0";"129.0";"None";"AV DE LA CALIFORNIE";"1045";"06200";"06088";"Nice";"06";"None";"None";"06088000NE0176";"None";"None";"15";"nan";"40";"29.06";"None";"nan";"None";"nan";"None";"None";"2";"3";"Dépendance";"nan";"0.0";"None";"None";"None";"None";"nan";"7.236841";"43.686188";"000NE"
"2021-63069";"2021-07-19";"1";"Vente";"208000.0";"15.0";"B";"AV DU PETIT FABRON";"4975";"06200";"06088";"Nice";"06";"None";"None";"06088000NE0099";"None";"None";"122";"nan";"21";"nan";"None";"nan";"None";"nan";"None";"None";"2";"2";"Appartement";"56.0";"1.0";"None";"None";"None";"None";"nan";"7.238203";"43.689031";"000NE"
"2021-63069";"2021-07-19";"1";"Vente";"208000.0";"15.0";"B";"AV DU PETIT FABRON";"4975";"06200";"06088";"Nice";"06";"None";"None";"06088000NE0099";"None";"None";"122";"nan";"21";"nan";"None";"nan";"None";"nan";"None";"None";"2";"3";"Dépendance";"nan";"0.0";"None";"None";"None";"None";"nan";"7.238203";"43.689031";"000NE"
"2021-63655";"2021-07-15";"1";"Vente";"235000.0";"1.0";"None";"RUE LENVAL";"3595";"06200";"06088";"Nice";"06";"None";"None";"06088000NE0140";"None";"None";"2";"nan";"57";"57.84";"None";"nan";"None";"nan";"None";"None";"2";"2";"Appartement";"52.0";"2.0";"None";"None";"None";"None";"nan";"7.240567";"43.688812";"000NE"
"2021-63655";"2021-07-15";"1";"Vente";"235000.0";"64.0";"None";"AV DE LA CALIFORNIE";"1045";"06200";"06088";"Nice";"06";"None";"None";"06088000NE0139";"None";"None";"1";"nan";"None";"nan";"None";"nan";"None";"nan";"None";"None";"1";"3";"Dépendance";"nan";"0.0";"None";"None";"None";"None";"nan";"7.240016";"43.689276";"000NE"
"2021-63655";"2021-07-15";"1";"Vente";"235000.0";"1.0";"None";"RUE LENVAL";"3595";"06200";"06088";"Nice";"06";"None";"None";"06088000NE0140";"None";"None";"2";"nan";"57";"57.84";"None";"nan";"None";"nan";"None";"None";"2";"3";"Dépendance";"nan";"0.0";"None";"None";"None";"None";"nan";"7.240567";"43.688812";"000NE"
"2021-62550";"2021-07-08";"1";"Vente";"185000.0";"15.0";"None";"AV DU PETIT FABRON";"4975";"06200";"06088";"Nice";"06";"None";"None";"06088000NE0099";"None";"None";"181";"45.01";"None";"nan";"None";"nan";"None";"nan";"None";"None";"1";"2";"Appartement";"52.0";"1.0";"None";"None";"None";"None";"nan";"7.238203";"43.689031";"000NE"
"2021-62638";"2021-07-07";"1";"Vente";"447800.0";"23.0";"None";"BD DE CAMBRAI";"1055";"06200";"06088";"Nice";"06";"None";"None";"06088000NE0030";"None";"None";"3";"90.03";"None";"nan";"None";"nan";"None";"nan";"None";"None";"1";"2";"Appartement";"89.0";"4.0";"None";"None";"None";"None";"nan";"7.235829";"43.689738";"000NE"
"2021-62638";"2021-07-07";"1";"Vente";"447800.0";"23.0";"None";"BD DE CAMBRAI";"1055";"06200";"06088";"Nice";"06";"None";"None";"06088000NE0030";"None";"None";"5";"nan";"None";"nan";"None";"nan";"None";"nan";"None";"None";"1";"3";"Dépendance";"nan";"0.0";"None";"None";"None";"None";"nan";"7.235829";"43.689738";"000NE"
"2021-62638";"2021-07-07";"1";"Vente";"447800.0";"23.0";"None";"BD DE CAMBRAI";"1055";"06200";"06088";"Nice";"06";"None";"None";"06088000NE0030";"None";"None";"3";"90.03";"None";"nan";"None";"nan";"None";"nan";"None";"None";"1";"3";"Dépendance";"nan";"0.0";"None";"None";"None";"None";"nan";"7.235829";"43.689738";"000NE"
"2021-61971";"2021-07-06";"1";"Vente";"325000.0";"183.0";"None";"PROM DES ANGLAIS";"0240";"06200";"06088";"Nice";"06";"None";"None";"06088000NE0154";"None";"None";"25";"nan";"None";"nan";"None";"nan";"None";"nan";"None";"None";"1";"2";"Appartement";"64.0";"2.0";"None";"None";"None";"None";"nan";"7.238788";"43.687577";"000NE"
"2021-61971";"2021-07-06";"1";"Vente";"325000.0";"183.0";"None";"PROM DES ANGLAIS";"0240";"06200";"06088";"Nice";"06";"None";"None";"06088000NE0154";"None";"None";"25";"nan";"None";"nan";"None";"nan";"None";"nan";"None";"None";"1";"3";"Dépendance";"nan";"0.0";"None";"None";"None";"None";"nan";"7.238788";"43.687577";"000NE"
"2021-61334";"2021-06-23";"1";"Vente";"368000.0";"219.0";"None";"PROM DES ANGLAIS";"0240";"06200";"06088";"Nice";"06";"None";"None";"06088000NE0185";"None";"None";"61B";"nan";"70B";"nan";"80B";"nan";"None";"nan";"None";"None";"3";"2";"Appartement";"54.0";"3.0";"None";"None";"None";"None";"nan";"7.23596";"43.685549";"000NE"
"2021-61334";"2021-06-23";"1";"Vente";"368000.0";"219.0";"None";"PROM DES ANGLAIS";"0240";"06200";"06088";"Nice";"06";"None";"None";"06088000NE0185";"None";"None";"61B";"nan";"70B";"nan";"80B";"nan";"None";"nan";"None";"None";"3";"3";"Dépendance";"nan";"0.0";"None";"None";"None";"None";"nan";"7.23596";"43.685549";"000NE"
"2021-61334";"2021-06-23";"1";"Vente";"368000.0";"219.0";"None";"PROM DES ANGLAIS";"0240";"06200";"06088";"Nice";"06";"None";"None";"06088000NE0185";"None";"None";"61B";"nan";"70B";"nan";"80B";"nan";"None";"nan";"None";"None";"3";"3";"Dépendance";"nan";"0.0";"None";"None";"None";"None";"nan";"7.23596";"43.685549";"000NE"
"2021-61323";"2021-06-18";"1";"Vente";"265000.0";"177.0";"None";"PROM DES ANGLAIS";"0240";"06200";"06088";"Nice";"06";"None";"None";"06088000NE0151";"None";"None";"27";"34.07";"None";"nan";"None";"nan";"None";"nan";"None";"None";"1";"2";"Appartement";"38.0";"1.0";"None";"None";"None";"None";"nan";"7.239439";"43.688007";"000NE"
"2021-61732";"2021-06-18";"1";"Vente";"205000.0";"74.0";"None";"AV DE LA CALIFORNIE";"1045";"06200";"06088";"Nice";"06";"None";"None";"06088000NE0235";"None";"None";"18";"37.74";"None";"nan";"None";"nan";"None";"nan";"None";"None";"1";"2";"Appartement";"34.0";"1.0";"None";"None";"None";"None";"nan";"7.239399";"43.688655";"000NE"
"2021-61323";"2021-06-18";"1";"Vente";"265000.0";"177.0";"None";"PROM DES ANGLAIS";"0240";"06200";"06088";"Nice";"06";"None";"None";"06088000NE0151";"None";"None";"27";"34.07";"None";"nan";"None";"nan";"None";"nan";"None";"None";"1";"3";"Dépendance";"nan";"0.0";"None";"None";"None";"None";"nan";"7.239439";"43.688007";"000NE"
"2021-60912";"2021-06-18";"1";"Vente";"129000.0";"179.0";"None";"PROM DES ANGLAIS";"0240";"06200";"06088";"Nice";"06";"None";"None";"06088000NE0152";"None";"None";"135";"25.43";"None";"nan";"None";"nan";"None";"nan";"None";"None";"1";"4";"Local industriel. commercial ou assimilé";"29.0";"0.0";"None";"None";"None";"None";"nan";"7.239213";"43.687844";"000NE"
"2021-60945";"2021-06-17";"1";"Vente";"322000.0";"219.0";"None";"PROM DES ANGLAIS";"0240";"06200";"06088";"Nice";"06";"None";"None";"06088000NE0185";"None";"None";"23D";"nan";"30D";"nan";"6D";"nan";"None";"nan";"None";"None";"3";"2";"Appartement";"54.0";"3.0";"None";"None";"None";"None";"nan";"7.23596";"43.685549";"000NE"
"2021-60945";"2021-06-17";"1";"Vente";"322000.0";"219.0";"None";"PROM DES ANGLAIS";"0240";"06200";"06088";"Nice";"06";"None";"None";"06088000NE0185";"None";"None";"23D";"nan";"30D";"nan";"6D";"nan";"None";"nan";"None";"None";"3";"3";"Dépendance";"nan";"0.0";"None";"None";"None";"None";"nan";"7.23596";"43.685549";"000NE"
"2021-60945";"2021-06-17";"1";"Vente";"322000.0";"219.0";"None";"PROM DES ANGLAIS";"0240";"06200";"06088";"Nice";"06";"None";"None";"06088000NE0185";"None";"None";"23D";"nan";"30D";"nan";"6D";"nan";"None";"nan";"None";"None";"3";"3";"Dépendance";"nan";"0.0";"None";"None";"None";"None";"nan";"7.23596";"43.685549";"000NE"
"2021-61310";"2021-06-16";"1";"Vente";"15000.0";"112.0";"None";"AV DE LA CALIFORNIE";"1045";"06200";"06088";"Nice";"06";"None";"None";"06088000NE0195";"None";"None";"17";"nan";"None";"nan";"None";"nan";"None";"nan";"None";"None";"1";"3";"Dépendance";"nan";"0.0";"None";"None";"None";"None";"nan";"7.23679";"43.686954";"000NE"
"2021-63678";"2021-06-16";"1";"Vente";"400000.0";"179.0";"None";"PROM DES ANGLAIS";"0240";"06200";"06088";"Nice";"06";"None";"None";"06088000NE0152";"None";"None";"98";"nan";"None";"nan";"None";"nan";"None";"nan";"None";"None";"1";"4";"Local industriel. commercial ou assimilé";"110.0";"0.0";"None";"None";"None";"None";"nan";"7.239213";"43.687844";"000NE"
"2021-63678";"2021-06-16";"1";"Vente";"400000.0";"179.0";"None";"PROM DES ANGLAIS";"0240";"06200";"06088";"Nice";"06";"None";"None";"06088000NE0152";"None";"None";"97";"nan";"None";"nan";"None";"nan";"None";"nan";"None";"None";"1";"4";"Local industriel. commercial ou assimilé";"25.0";"0.0";"None";"None";"None";"None";"nan";"7.239213";"43.687844";"000NE"
"2021-63678";"2021-06-16";"1";"Vente";"400000.0";"179.0";"None";"PROM DES ANGLAIS";"0240";"06200";"06088";"Nice";"06";"None";"None";"06088000NE0152";"None";"None";"187";"nan";"None";"nan";"None";"nan";"None";"nan";"None";"None";"1";"4";"Local industriel. commercial ou assimilé";"172.0";"0.0";"None";"None";"None";"None";"nan";"7.239213";"43.687844";"000NE"
"2021-63678";"2021-06-16";"1";"Vente";"400000.0";"179.0";"None";"PROM DES ANGLAIS";"0240";"06200";"06088";"Nice";"06";"None";"None";"06088000NE0152";"None";"None";"95";"280.1";"None";"nan";"None";"nan";"None";"nan";"None";"None";"1";"4";"Local industriel. commercial ou assimilé";"64.0";"0.0";"None";"None";"None";"None";"nan";"7.239213";"43.687844";"000NE"
"2021-63678";"2021-06-16";"1";"Vente";"400000.0";"179.0";"None";"PROM DES ANGLAIS";"0240";"06200";"06088";"Nice";"06";"None";"None";"06088000NE0152";"None";"None";"101";"160.19";"None";"nan";"None";"nan";"None";"nan";"None";"None";"1";"4";"Local industriel. commercial ou assimilé";"15.0";"0.0";"None";"None";"None";"None";"nan";"7.239213";"43.687844";"000NE"
"2021-63678";"2021-06-16";"1";"Vente";"400000.0";"179.0";"None";"PROM DES ANGLAIS";"0240";"06200";"06088";"Nice";"06";"None";"None";"06088000NE0152";"None";"None";"99";"nan";"None";"nan";"None";"nan";"None";"nan";"None";"None";"1";"4";"Local industriel. commercial ou assimilé";"80.0";"0.0";"None";"None";"None";"None";"nan";"7.239213";"43.687844";"000NE"
"2021-60798";"2021-06-14";"1";"Vente";"12000.0";"112.0";"None";"AV DE LA CALIFORNIE";"1045";"06200";"06088";"Nice";"06";"None";"None";"06088000NE0195";"None";"None";"10";"nan";"None";"nan";"None";"nan";"None";"nan";"None";"None";"1";"3";"Dépendance";"nan";"0.0";"None";"None";"None";"None";"nan";"7.23679";"43.686954";"000NE"
"2021-61350";"2021-06-10";"1";"Vente";"260000.0";"219.0";"None";"PROM DES ANGLAIS";"0240";"06200";"06088";"Nice";"06";"None";"None";"06088000NE0185";"None";"None";"52B";"nan";"67B";"58.75";"85B";"nan";"None";"nan";"None";"None";"3";"2";"Appartement";"59.0";"3.0";"None";"None";"None";"None";"nan";"7.23596";"43.685549";"000NE"
"2021-61079";"2021-06-10";"1";"Vente";"19500.0";"126.0";"None";"AV DE LA CALIFORNIE";"1045";"06200";"06088";"Nice";"06";"None";"None";"06088000NE0188";"None";"None";"31";"nan";"None";"nan";"None";"nan";"None";"nan";"None";"None";"1";"3";"Dépendance";"nan";"0.0";"None";"None";"None";"None";"nan";"7.235598";"43.686043";"000NE"
"2021-61350";"2021-06-10";"1";"Vente";"260000.0";"219.0";"None";"PROM DES ANGLAIS";"0240";"06200";"06088";"Nice";"06";"None";"None";"06088000NE0185";"None";"None";"52B";"nan";"67B";"58.75";"85B";"nan";"None";"nan";"None";"None";"3";"3";"Dépendance";"nan";"0.0";"None";"None";"None";"None";"nan";"7.23596";"43.685549";"000NE"
"2021-61350";"2021-06-10";"1";"Vente";"260000.0";"219.0";"None";"PROM DES ANGLAIS";"0240";"06200";"06088";"Nice";"06";"None";"None";"06088000NE0185";"None";"None";"52B";"nan";"67B";"58.75";"85B";"nan";"None";"nan";"None";"None";"3";"3";"Dépendance";"nan";"0.0";"None";"None";"None";"None";"nan";"7.23596";"43.685549";"000NE"
"2021-60048";"2021-06-03";"1";"Vente";"96000.0";"112.0";"None";"AV DE LA CALIFORNIE";"1045";"06200";"06088";"Nice";"06";"None";"None";"06088000NE0195";"None";"None";"60";"23.18";"None";"nan";"None";"nan";"None";"nan";"None";"None";"1";"2";"Appartement";"23.0";"1.0";"None";"None";"None";"None";"nan";"7.23679";"43.686954";"000NE"
"2021-59791";"2021-05-31";"1";"Vente";"208791.0";"3.0";"None";"AV DU PETIT FABRON";"4975";"06200";"06088";"Nice";"06";"None";"None";"06088000NE0295";"None";"None";"13";"nan";"28";"nan";"43";"65.95";"None";"nan";"None";"None";"3";"2";"Appartement";"66.0";"4.0";"None";"None";"None";"None";"nan";"7.237607";"43.688688";"000NE"
"2021-59681";"2021-05-27";"1";"Vente";"125000.0";"126.0";"T";"AV DE LA CALIFORNIE";"1045";"06200";"06088";"Nice";"06";"None";"None";"06088000NE0229";"None";"None";"72";"nan";"None";"nan";"None";"nan";"None";"nan";"None";"None";"1";"2";"Appartement";"21.0";"1.0";"None";"None";"None";"None";"nan";"7.235318";"43.68585";"000NE"
"2021-59173";"2021-05-19";"1";"Vente";"73900.0";"72.0";"None";"AV DE LA CALIFORNIE";"1045";"06200";"06088";"Nice";"06";"None";"None";"06088000NE0130";"None";"None";"29";"nan";"None";"nan";"None";"nan";"None";"nan";"None";"None";"1";"2";"Appartement";"14.0";"1.0";"None";"None";"None";"None";"nan";"7.23946";"43.688889";"000NE"
"2021-59613";"2021-05-11";"1";"Vente";"25000.0";"13.0";"None";"AV DU PETIT FABRON";"4975";"06200";"06088";"Nice";"06";"None";"None";"06088000NE0299";"None";"None";"31";"nan";"84";"10.78";"None";"nan";"None";"nan";"None";"None";"2";"2";"Appartement";"15.0";"1.0";"None";"None";"None";"None";"nan";"7.238694";"43.689249";"000NE"
"2021-59628";"2021-05-07";"1";"Vente";"76000.0";"126.0";"T";"AV DE LA CALIFORNIE";"1045";"06200";"06088";"Nice";"06";"None";"None";"06088000NE0229";"None";"None";"54";"22.15";"None";"nan";"None";"nan";"None";"nan";"None";"None";"1";"2";"Appartement";"21.0";"1.0";"None";"None";"None";"None";"nan";"7.235318";"43.68585";"000NE"
"2021-58239";"2021-05-05";"1";"Vente";"95000.0";"3.0";"None";"AV DU PETIT FABRON";"4975";"06200";"06088";"Nice";"06";"None";"None";"06088000NE0295";"None";"None";"174";"nan";"194";"nan";"214";"27.05";"None";"nan";"None";"None";"3";"2";"Appartement";"26.0";"1.0";"None";"None";"None";"None";"nan";"7.237607";"43.688688";"000NE"
"2021-59573";"2021-05-04";"1";"Vente";"134600.0";"125.0";"None";"AV DE LA CALIFORNIE";"1045";"06200";"06088";"Nice";"06";"None";"None";"06088000NE0238";"None";"None";"21";"28.02";"None";"nan";"None";"nan";"None";"nan";"None";"None";"1";"2";"Appartement";"28.0";"1.0";"None";"None";"None";"None";"nan";"7.236906";"43.686322";"000NE"
"2021-58304";"2021-04-29";"1";"Vente";"345000.0";"21.0";"None";"AV DE FABRON";"2370";"06200";"06088";"Nice";"06";"None";"None";"06088000NE0312";"None";"None";"11";"75.9";"68";"nan";"None";"nan";"None";"nan";"None";"None";"2";"2";"Appartement";"76.0";"3.0";"None";"None";"None";"None";"nan";"7.23374";"43.686751";"000NE"
"2021-59244";"2021-04-29";"1";"Vente";"385000.0";"185.0";"None";"PROM DES ANGLAIS";"0240";"06200";"06088";"Nice";"06";"None";"None";"06088000NE0375";"None";"None";"210";"nan";"281";"59.53";"None";"nan";"None";"nan";"None";"None";"2";"2";"Appartement";"60.0";"2.0";"None";"None";"None";"None";"nan";"7.238539";"43.687479";"000NE"
"2021-59244";"2021-04-29";"1";"Vente";"385000.0";"95.0";"None";"AV DE LA CALIFORNIE";"1045";"06200";"06088";"Nice";"06";"None";"None";"06088000NE0375";"None";"None";"274";"nan";"None";"nan";"None";"nan";"None";"nan";"None";"None";"1";"3";"Dépendance";"nan";"0.0";"None";"None";"None";"None";"nan";"7.238539";"43.687479";"000NE"
"2021-58657";"2021-04-26";"1";"Vente";"92000.0";"126.0";"T";"AV DE LA CALIFORNIE";"1045";"06200";"06088";"Nice";"06";"None";"None";"06088000NE0229";"None";"None";"66";"22.52";"None";"nan";"None";"nan";"None";"nan";"None";"None";"1";"2";"Appartement";"21.0";"1.0";"None";"None";"None";"None";"nan";"7.235318";"43.68585";"000NE"
"2021-57846";"2021-04-22";"1";"Vente";"268000.0";"177.0";"None";"PROM DES ANGLAIS";"0240";"06200";"06088";"Nice";"06";"None";"None";"06088000NE0151";"None";"None";"24";"34.27";"None";"nan";"None";"nan";"None";"nan";"None";"None";"1";"2";"Appartement";"44.0";"1.0";"None";"None";"None";"None";"nan";"7.239439";"43.688007";"000NE"
"2021-57944";"2021-04-15";"1";"Vente";"393000.0";"169.0";"None";"PROM DES ANGLAIS";"0240";"06200";"06088";"Nice";"06";"None";"None";"06088000NE0148";"None";"None";"39";"nan";"None";"nan";"None";"nan";"None";"nan";"None";"None";"1";"2";"Appartement";"82.0";"2.0";"None";"None";"None";"None";"nan";"7.239864";"43.688269";"000NE"
"2021-57321";"2021-04-09";"1";"Vente";"233000.0";"118.0";"None";"AV DE LA CALIFORNIE";"1045";"06200";"06088";"Nice";"06";"None";"None";"06088000NE0192";"None";"None";"20";"nan";"57";"36.42";"None";"nan";"None";"nan";"None";"None";"2";"2";"Appartement";"40.0";"1.0";"None";"None";"None";"None";"nan";"7.236395";"43.686643";"000NE"
"2021-57725";"2021-04-09";"1";"Vente";"560000.0";"117.0";"None";"AV DE LA CALIFORNIE";"1045";"06200";"06088";"Nice";"06";"None";"None";"06088000NE0366";"None";"None";"124";"92.02";"None";"nan";"None";"nan";"None";"nan";"None";"None";"1";"2";"Appartement";"103.0";"2.0";"None";"None";"None";"None";"nan";"7.237375";"43.686682";"000NE"
"2021-57725";"2021-04-09";"1";"Vente";"560000.0";"117.0";"None";"AV DE LA CALIFORNIE";"1045";"06200";"06088";"Nice";"06";"None";"None";"06088000NE0366";"None";"None";"24";"nan";"None";"nan";"None";"nan";"None";"nan";"None";"None";"1";"3";"Dépendance";"nan";"0.0";"None";"None";"None";"None";"nan";"7.237375";"43.686682";"000NE"
"2021-57355";"2021-04-08";"1";"Vente";"85000.0";"126.0";"T";"AV DE LA CALIFORNIE";"1045";"06200";"06088";"Nice";"06";"None";"None";"06088000NE0229";"None";"None";"58";"21.74";"None";"nan";"None";"nan";"None";"nan";"None";"None";"1";"2";"Appartement";"21.0";"1.0";"None";"None";"None";"None";"nan";"7.235318";"43.68585";"000NE"
"2021-56736";"2021-03-26";"1";"Vente";"145000.0";"203.0";"None";"PROM DES ANGLAIS";"0240";"06200";"06088";"Nice";"06";"None";"None";"06088000NE0168";"None";"None";"7";"30.34";"None";"nan";"None";"nan";"None";"nan";"None";"None";"1";"2";"Appartement";"35.0";"1.0";"None";"None";"None";"None";"nan";"7.237306";"43.686528";"000NE"
"2021-56680";"2021-03-19";"1";"Vente";"160000.0";"80.0";"None";"AV DE LA CALIFORNIE";"1045";"06200";"06088";"Nice";"06";"None";"None";"06088000NE0234";"None";"None";"26";"28.0";"6";"nan";"None";"nan";"None";"nan";"None";"None";"2";"2";"Appartement";"33.0";"1.0";"None";"None";"None";"None";"nan";"7.239191";"43.688526";"000NE"
"2021-56274";"2021-03-16";"1";"Vente";"31500.0";"117.0";"None";"AV DE LA CALIFORNIE";"1045";"06200";"06088";"Nice";"06";"None";"None";"06088000NE0366";"None";"None";"5";"nan";"None";"nan";"None";"nan";"None";"nan";"None";"None";"1";"3";"Dépendance";"nan";"0.0";"None";"None";"None";"None";"nan";"7.237375";"43.686682";"000NE"
"2021-56234";"2021-03-15";"1";"Vente";"138000.0";"126.0";"T";"AV DE LA CALIFORNIE";"1045";"06200";"06088";"Nice";"06";"None";"None";"06088000NE0229";"None";"None";"46";"32.1";"None";"nan";"None";"nan";"None";"nan";"None";"None";"1";"2";"Appartement";"31.0";"1.0";"None";"None";"None";"None";"nan";"7.235318";"43.68585";"000NE"
"2021-56167";"2021-03-02";"1";"Vente";"135000.0";"76.0";"None";"AV DE LA CALIFORNIE";"1045";"06200";"06088";"Nice";"06";"None";"None";"06088000NE0127";"None";"None";"49";"nan";"78";"48.47";"None";"nan";"None";"nan";"None";"None";"2";"2";"Appartement";"49.0";"2.0";"None";"None";"None";"None";"nan";"7.239138";"43.6887";"000NE"
"2021-56167";"2021-03-02";"1";"Vente";"135000.0";"76.0";"None";"AV DE LA CALIFORNIE";"1045";"06200";"06088";"Nice";"06";"None";"None";"06088000NE0127";"None";"None";"4";"nan";"None";"nan";"None";"nan";"None";"nan";"None";"None";"1";"3";"Dépendance";"nan";"0.0";"None";"None";"None";"None";"nan";"7.239138";"43.6887";"000NE"
"2021-55738";"2021-02-26";"1";"Vente";"160000.0";"114.0";"None";"AV DE LA CALIFORNIE";"1045";"06200";"06088";"Nice";"06";"None";"None";"06088000NE0245";"None";"None";"40";"29.6";"None";"nan";"None";"nan";"None";"nan";"None";"None";"1";"2";"Appartement";"30.0";"2.0";"None";"None";"None";"None";"nan";"7.23663";"43.686826";"000NE"
"2021-55740";"2021-02-26";"1";"Vente";"500000.0";"167.0";"None";"PROM DES ANGLAIS";"0240";"06200";"06088";"Nice";"06";"None";"None";"06088000NE0146";"None";"None";"66";"59.48";"None";"nan";"None";"nan";"None";"nan";"None";"None";"1";"2";"Appartement";"60.0";"2.0";"None";"None";"None";"None";"nan";"7.24015";"43.68847";"000NE"
"2021-56050";"2021-02-26";"1";"Vente";"1000000.0";"117.0";"None";"AV DE LA CALIFORNIE";"1045";"06200";"06088";"Nice";"06";"None";"None";"06088000NE0366";"None";"None";"137";"178.8";"None";"nan";"None";"nan";"None";"nan";"None";"None";"1";"2";"Appartement";"20.0";"1.0";"None";"None";"None";"None";"nan";"7.237375";"43.686682";"000NE"
"2021-56050";"2021-02-26";"1";"Vente";"1000000.0";"117.0";"None";"AV DE LA CALIFORNIE";"1045";"06200";"06088";"Nice";"06";"None";"None";"06088000NE0366";"None";"None";"138";"nan";"None";"nan";"None";"nan";"None";"nan";"None";"None";"1";"2";"Appartement";"30.0";"1.0";"None";"None";"None";"None";"nan";"7.237375";"43.686682";"000NE"
"2021-56050";"2021-02-26";"1";"Vente";"1000000.0";"117.0";"None";"AV DE LA CALIFORNIE";"1045";"06200";"06088";"Nice";"06";"None";"None";"06088000NE0366";"None";"None";"135";"178.8";"35";"nan";"None";"nan";"None";"nan";"None";"None";"2";"2";"Appartement";"124.0";"3.0";"None";"None";"None";"None";"nan";"7.237375";"43.686682";"000NE"
"2021-56050";"2021-02-26";"1";"Vente";"1000000.0";"117.0";"None";"AV DE LA CALIFORNIE";"1045";"06200";"06088";"Nice";"06";"None";"None";"06088000NE0366";"None";"None";"20";"nan";"None";"nan";"None";"nan";"None";"nan";"None";"None";"1";"3";"Dépendance";"nan";"0.0";"None";"None";"None";"None";"nan";"7.237375";"43.686682";"000NE"
"2021-55585";"2021-02-24";"1";"Vente";"97000.0";"124.0";"None";"AV DE LA CALIFORNIE";"1045";"06200";"06088";"Nice";"06";"None";"None";"06088000NE0266";"None";"None";"326";"21.1";"None";"nan";"None";"nan";"None";"nan";"None";"None";"1";"2";"Appartement";"22.0";"1.0";"None";"None";"None";"None";"nan";"7.235937";"43.686293";"000NE"
"2021-55159";"2021-02-16";"1";"Vente";"82000.0";"126.0";"T";"AV DE LA CALIFORNIE";"1045";"06200";"06088";"Nice";"06";"None";"None";"06088000NE0229";"None";"None";"53";"20.8";"None";"nan";"None";"nan";"None";"nan";"None";"None";"1";"2";"Appartement";"21.0";"1.0";"None";"None";"None";"None";"nan";"7.235318";"43.68585";"000NE"
"2021-54797";"2021-02-09";"1";"Vente";"530000.0";"169.0";"None";"PROM DES ANGLAIS";"0240";"06200";"06088";"Nice";"06";"None";"None";"06088000NE0148";"None";"None";"29";"82.59";"None";"nan";"None";"nan";"None";"nan";"None";"None";"1";"2";"Appartement";"87.0";"2.0";"None";"None";"None";"None";"nan";"7.239864";"43.688269";"000NE"
"2021-54443";"2021-02-08";"1";"Vente";"220000.0";"80.0";"None";"AV DE LA CALIFORNIE";"1045";"06200";"06088";"Nice";"06";"None";"None";"06088000NE0234";"None";"None";"25";"72.45";"None";"nan";"None";"nan";"None";"nan";"None";"None";"1";"2";"Appartement";"68.0";"3.0";"None";"None";"None";"None";"nan";"7.239191";"43.688526";"000NE"
"2021-54424";"2021-02-08";"1";"Vente";"30000.0";"64.0";"None";"AV DE LA CALIFORNIE";"1045";"06200";"06088";"Nice";"06";"None";"None";"06088000NE0139";"None";"None";"10";"nan";"None";"nan";"None";"nan";"None";"nan";"None";"None";"1";"3";"Dépendance";"nan";"0.0";"None";"None";"None";"None";"nan";"7.240016";"43.689276";"000NE"
"2021-54490";"2021-02-05";"1";"Vente";"245000.0";"181.0";"None";"PROM DES ANGLAIS";"0240";"06200";"06088";"Nice";"06";"None";"None";"06088000NE0153";"None";"None";"34";"nan";"75";"36.1";"None";"nan";"None";"nan";"None";"None";"2";"2";"Appartement";"39.0";"1.0";"None";"None";"None";"None";"nan";"7.238957";"43.687701";"000NE"
"2021-54208";"2021-01-29";"1";"Vente";"216000.0";"13.0";"None";"AV DU PETIT FABRON";"4975";"06200";"06088";"Nice";"06";"None";"None";"06088000NE0299";"None";"None";"76";"88.31";"8";"nan";"None";"nan";"None";"nan";"None";"None";"2";"2";"Appartement";"91.0";"4.0";"None";"None";"None";"None";"nan";"7.238694";"43.689249";"000NE"
"2021-54208";"2021-01-29";"1";"Vente";"216000.0";"13.0";"None";"AV DU PETIT FABRON";"4975";"06200";"06088";"Nice";"06";"None";"None";"06088000NE0299";"None";"None";"41";"nan";"None";"nan";"None";"nan";"None";"nan";"None";"None";"1";"3";"Dépendance";"nan";"0.0";"None";"None";"None";"None";"nan";"7.238694";"43.689249";"000NE"
"2021-53995";"2021-01-28";"1";"Vente";"131000.0";"15.0";"None";"AV DU PETIT FABRON";"4975";"06200";"06088";"Nice";"06";"None";"None";"06088000NE0099";"None";"None";"173";"nan";"None";"nan";"None";"nan";"None";"nan";"None";"None";"1";"2";"Appartement";"43.0";"1.0";"None";"None";"None";"None";"nan";"7.238203";"43.689031";"000NE"
"2021-54641";"2021-01-28";"1";"Vente";"156000.0";"2.0";"None";"AV DU PETIT FABRON";"4975";"06200";"06088";"Nice";"06";"None";"None";"06088000NE0124";"None";"None";"5";"41.2";"None";"nan";"None";"nan";"None";"nan";"None";"None";"1";"2";"Appartement";"45.0";"2.0";"None";"None";"None";"None";"nan";"7.238858";"43.688465";"000NE"
"2021-54262";"2021-01-27";"1";"Vente";"94000.0";"126.0";"T";"AV DE LA CALIFORNIE";"1045";"06200";"06088";"Nice";"06";"None";"None";"06088000NE0229";"None";"None";"83";"22.0";"None";"nan";"None";"nan";"None";"nan";"None";"None";"1";"2";"Appartement";"21.0";"1.0";"None";"None";"None";"None";"nan";"7.235318";"43.68585";"000NE"
"2021-54083";"2021-01-22";"1";"Vente";"126000.0";"21.0";"None";"AV DE FABRON";"2370";"06200";"06088";"Nice";"06";"None";"None";"06088000NE0312";"None";"None";"114";"31.47";"174";"nan";"None";"nan";"None";"nan";"None";"None";"2";"2";"Appartement";"32.0";"1.0";"None";"None";"None";"None";"nan";"7.23374";"43.686751";"000NE"
"2021-53822";"2021-01-15";"1";"Vente";"84000.0";"13.0";"None";"AV DU PETIT FABRON";"4975";"06200";"06088";"Nice";"06";"None";"None";"06088000NE0299";"None";"None";"95";"11.0";"None";"nan";"None";"nan";"None";"nan";"None";"None";"1";"2";"Appartement";"15.0";"1.0";"None";"None";"None";"None";"nan";"7.238694";"43.689249";"000NE"
"2021-53670";"2021-01-08";"1";"Vente";"385880.0";"23.0";"None";"BD DE CAMBRAI";"1055";"06200";"06088";"Nice";"06";"None";"None";"06088000NE0030";"None";"None";"2";"85.02";"None";"nan";"None";"nan";"None";"nan";"None";"None";"1";"2";"Appartement";"84.0";"4.0";"None";"None";"None";"None";"nan";"7.235829";"43.689738";"000NE"
"2021-53705";"2021-01-08";"1";"Vente";"589606.75";"117.0";"None";"AV DE LA CALIFORNIE";"1045";"06200";"06088";"Nice";"06";"None";"None";"06088000NE0366";"None";"None";"106";"nan";"51";"nan";"None";"nan";"None";"nan";"None";"None";"2";"2";"Appartement";"103.0";"2.0";"None";"None";"None";"None";"nan";"7.237375";"43.686682";"000NE"
"2021-53670";"2021-01-08";"1";"Vente";"385880.0";"23.0";"None";"BD DE CAMBRAI";"1055";"06200";"06088";"Nice";"06";"None";"None";"06088000NE0030";"None";"None";"4";"nan";"None";"nan";"None";"nan";"None";"nan";"None";"None";"1";"3";"Dépendance";"nan";"0.0";"None";"None";"None";"None";"nan";"7.235829";"43.689738";"000NE"
"2021-53705";"2021-01-08";"1";"Vente";"589606.75";"117.0";"None";"AV DE LA CALIFORNIE";"1045";"06200";"06088";"Nice";"06";"None";"None";"06088000NE0366";"None";"None";"43";"nan";"None";"nan";"None";"nan";"None";"nan";"None";"None";"1";"3";"Dépendance";"nan";"0.0";"None";"None";"None";"None";"nan";"7.237375";"43.686682";"000NE"
"2021-53771";"2021-01-07";"1";"Vente";"440000.0";"185.0";"None";"PROM DES ANGLAIS";"0240";"06200";"06088";"Nice";"06";"None";"None";"06088000NE0375";"None";"None";"225";"nan";"313";"60.05";"None";"nan";"None";"nan";"None";"None";"2";"2";"Appartement";"60.0";"2.0";"None";"None";"None";"None";"nan";"7.238539";"43.687479";"000NE"
"2021-53267";"2021-01-05";"1";"Vente";"382000.0";"211.0";"None";"PROM DES ANGLAIS";"0240";"06200";"06088";"Nice";"06";"None";"None";"06088000NE0174";"None";"None";"22";"nan";"34";"60.77";"None";"nan";"None";"nan";"None";"None";"2";"2";"Appartement";"52.0";"2.0";"None";"None";"None";"None";"nan";"7.236957";"43.686233";"000NE"