id_mutation;date_mutation;numero_disposition;nature_mutation;valeur_fonciere;adresse_numero;adresse_suffixe;adresse_nom_voie;adresse_code_voie;code_postal;code_commune;nom_commune;code_departement;ancien_code_commune;ancien_nom_commune;id_parcelle;ancien_id_parcelle;numero_volume;lot1_numero;lot1_surface_carrez;lot2_numero;lot2_surface_carrez;lot3_numero;lot3_surface_carrez;lot4_numero;lot4_surface_carrez;lot5_numero;lot5_surface_carrez;nombre_lots;code_type_local;type_local;surface_reelle_bati;nombre_pieces_principales;code_nature_culture;nature_culture;code_nature_culture_speciale;nature_culture_speciale;surface_terrain;longitude;latitude;section_prefixe
"2025-58329";"2025-12-22";"1";"Vente";"428390.0";"39.0";"B";"AV AIME MARTIN";"0050";"06200";"06088";"Nice";"06";"None";"None";"06088000MP0374";"None";"None";"428";"nan";"429";"nan";"434";"71.34";"None";"None";"None";"None";"3";"2";"Appartement";"75.0";"3.0";"None";"None";"None";"None";"nan";"7.238435";"43.69078";"000MP"
"2025-58533";"2025-12-22";"1";"Vente";"247000.0";"3.0";"None";"AV GLORIA";"2955";"06200";"06088";"Nice";"06";"None";"None";"06088000MP0491";"None";"None";"316";"nan";"None";"nan";"None";"nan";"None";"None";"None";"None";"1";"2";"Appartement";"32.0";"2.0";"None";"None";"None";"None";"nan";"7.244066";"43.691389";"000MP"
"2025-58329";"2025-12-22";"1";"Vente";"428390.0";"39.0";"B";"AV AIME MARTIN";"0050";"06200";"06088";"Nice";"06";"None";"None";"06088000MP0374";"None";"None";"316";"nan";"None";"nan";"None";"nan";"None";"None";"None";"None";"1";"3";"Dépendance";"nan";"0.0";"None";"None";"None";"None";"nan";"7.238435";"43.69078";"000MP"
"2025-58329";"2025-12-22";"1";"Vente";"428390.0";"39.0";"B";"AV AIME MARTIN";"0050";"06200";"06088";"Nice";"06";"None";"None";"06088000MP0374";"None";"None";"428";"nan";"429";"nan";"434";"71.34";"None";"None";"None";"None";"3";"3";"Dépendance";"nan";"0.0";"None";"None";"None";"None";"nan";"7.238435";"43.69078";"000MP"
"2025-58329";"2025-12-22";"1";"Vente";"428390.0";"39.0";"B";"AV AIME MARTIN";"0050";"06200";"06088";"Nice";"06";"None";"None";"06088000MP0374";"None";"None";"428";"nan";"429";"nan";"434";"71.34";"None";"None";"None";"None";"3";"3";"Dépendance";"nan";"0.0";"None";"None";"None";"None";"nan";"7.238435";"43.69078";"000MP"
"2025-58533";"2025-12-22";"1";"Vente";"247000.0";"2.0";"None";"RUE CORDERIE";"1690";"06200";"06088";"Nice";"06";"None";"None";"06088000MP0491";"None";"None";"77";"nan";"None";"nan";"None";"nan";"None";"None";"None";"None";"1";"3";"Dépendance";"nan";"0.0";"None";"None";"None";"None";"nan";"7.244066";"43.691389";"000MP"
"2025-57573";"2025-12-19";"1";"Vente";"240000.0";"39.0";"B";"AV AIME MARTIN";"0050";"06200";"06088";"Nice";"06";"None";"None";"06088000MP0374";"None";"None";"331";"nan";"342";"nan";"None";"nan";"None";"None";"None";"None";"2";"2";"Appartement";"50.0";"2.0";"None";"None";"None";"None";"nan";"7.238435";"43.69078";"000MP"
"2025-57573";"2025-12-19";"1";"Vente";"240000.0";"39.0";"B";"AV AIME MARTIN";"0050";"06200";"06088";"Nice";"06";"None";"None";"06088000MP0374";"None";"None";"331";"nan";"342";"nan";"None";"nan";"None";"None";"None";"None";"2";"3";"Dépendance";"nan";"0.0";"None";"None";"None";"None";"nan";"7.238435";"43.69078";"000MP"
"2025-57573";"2025-12-19";"1";"Vente";"240000.0";"39.0";"B";"AV AIME MARTIN";"0050";"06200";"06088";"Nice";"06";"None";"None";"06088000MP0374";"None";"None";"319";"nan";"None";"nan";"None";"nan";"None";"None";"None";"None";"1";"3";"Dépendance";"nan";"0.0";"None";"None";"None";"None";"nan";"7.238435";"43.69078";"000MP"
"2025-57902";"2025-12-19";"1";"Vente";"22000.0";"2.0";"None";"RUE CORDERIE";"1690";"06200";"06088";"Nice";"06";"None";"None";"06088000MP0491";"None";"None";"122";"nan";"None";"nan";"None";"nan";"None";"None";"None";"None";"1";"3";"Dépendance";"nan";"0.0";"None";"None";"None";"None";"nan";"7.244066";"43.691389";"000MP"
"2025-58200";"2025-12-18";"1";"Vente";"300000.0";"115.0";"None";"PROM DES ANGLAIS";"0240";"06200";"06088";"Nice";"06";"None";"None";"06088000MP0274";"None";"None";"42";"nan";"94";"52.33";"None";"nan";"None";"None";"None";"None";"2";"2";"Appartement";"48.0";"2.0";"None";"None";"None";"None";"nan";"7.244868";"43.690792";"000MP"
"2025-58341";"2025-12-17";"1";"Vente";"235000.0";"39.0";"None";"AV AIME MARTIN";"0050";"06200";"06088";"Nice";"06";"None";"None";"06088000MP0393";"None";"None";"418";"nan";"493";"54.63";"None";"nan";"None";"None";"None";"None";"2";"2";"Appartement";"53.0";"2.0";"None";"None";"None";"None";"nan";"7.239451";"43.691055";"000MP"
"2025-58341";"2025-12-17";"1";"Vente";"235000.0";"39.0";"None";"AV AIME MARTIN";"0050";"06200";"06088";"Nice";"06";"None";"None";"06088000MP0393";"None";"None";"418";"nan";"493";"54.63";"None";"nan";"None";"None";"None";"None";"2";"3";"Dépendance";"nan";"0.0";"None";"None";"None";"None";"nan";"7.239451";"43.691055";"000MP"
"2025-58341";"2025-12-17";"1";"Vente";"235000.0";"39.0";"None";"AV AIME MARTIN";"0050";"06200";"06088";"Nice";"06";"None";"None";"06088000MP0393";"None";"None";"418";"nan";"493";"54.63";"None";"nan";"None";"None";"None";"None";"2";"3";"Dépendance";"nan";"0.0";"None";"None";"None";"None";"nan";"7.239451";"43.691055";"000MP"
"2025-57754";"2025-12-15";"1";"Vente";"359600.0";"3.0";"None";"AV DE LA CALIFORNIE";"1045";"06200";"06088";"Nice";"06";"None";"None";"06088000MP0272";"None";"None";"9";"67.06";"None";"nan";"None";"nan";"None";"None";"None";"None";"1";"2";"Appartement";"65.0";"3.0";"None";"None";"None";"None";"nan";"7.244725";"43.690986";"000MP"
"2025-57754";"2025-12-15";"1";"Vente";"359600.0";"3.0";"None";"AV DE LA CALIFORNIE";"1045";"06200";"06088";"Nice";"06";"None";"None";"06088000MP0272";"None";"None";"9";"67.06";"None";"nan";"None";"nan";"None";"None";"None";"None";"1";"3";"Dépendance";"nan";"0.0";"None";"None";"None";"None";"nan";"7.244725";"43.690986";"000MP"
"2025-57754";"2025-12-15";"1";"Vente";"359600.0";"3.0";"None";"AV DE LA CALIFORNIE";"1045";"06200";"06088";"Nice";"06";"None";"None";"06088000MP0272";"None";"None";"9";"67.06";"None";"nan";"None";"nan";"None";"None";"None";"None";"1";"3";"Dépendance";"nan";"0.0";"None";"None";"None";"None";"nan";"7.244725";"43.690986";"000MP"
"2025-57155";"2025-12-12";"1";"Vente";"185000.0";"20.0";"None";"AV AIME MARTIN";"0050";"06200";"06088";"Nice";"06";"None";"None";"06088000MP0092";"None";"None";"3";"nan";"9";"36.07";"None";"nan";"None";"None";"None";"None";"2";"2";"Appartement";"37.0";"2.0";"None";"None";"None";"None";"nan";"7.241862";"43.692584";"000MP"
"2025-57155";"2025-12-12";"1";"Vente";"185000.0";"20.0";"None";"AV AIME MARTIN";"0050";"06200";"06088";"Nice";"06";"None";"None";"06088000MP0092";"None";"None";"3";"nan";"9";"36.07";"None";"nan";"None";"None";"None";"None";"2";"3";"Dépendance";"nan";"0.0";"None";"None";"None";"None";"nan";"7.241862";"43.692584";"000MP"
"2025-57706";"2025-12-11";"1";"Vente";"700000.0";"73.0";"None";"BD EDOUARD HERRIOT";"2188";"06200";"06088";"Nice";"06";"None";"None";"06088000MP0312";"None";"None";"240";"nan";"286";"nan";"None";"nan";"None";"None";"None";"None";"2";"2";"Appartement";"85.0";"3.0";"None";"None";"None";"None";"nan";"7.237787";"43.691443";"000MP"
"2025-57706";"2025-12-11";"1";"Vente";"700000.0";"73.0";"None";"BD EDOUARD HERRIOT";"2188";"06200";"06088";"Nice";"06";"None";"None";"06088000MP0312";"None";"None";"241";"nan";"285";"nan";"None";"nan";"None";"None";"None";"None";"2";"2";"Appartement";"68.0";"2.0";"None";"None";"None";"None";"nan";"7.237787";"43.691443";"000MP"
"2025-57706";"2025-12-11";"1";"Vente";"700000.0";"73.0";"None";"BD EDOUARD HERRIOT";"2188";"06200";"06088";"Nice";"06";"None";"None";"06088000MP0312";"None";"None";"425";"nan";"None";"nan";"None";"nan";"None";"None";"None";"None";"1";"3";"Dépendance";"nan";"0.0";"None";"None";"None";"None";"nan";"7.237787";"43.691443";"000MP"
"2025-57706";"2025-12-11";"1";"Vente";"700000.0";"73.0";"None";"BD EDOUARD HERRIOT";"2188";"06200";"06088";"Nice";"06";"None";"None";"06088000MP0312";"None";"None";"201";"nan";"None";"nan";"None";"nan";"None";"None";"None";"None";"1";"3";"Dépendance";"nan";"0.0";"None";"None";"None";"None";"nan";"7.237787";"43.691443";"000MP"
"2025-57706";"2025-12-11";"1";"Vente";"700000.0";"73.0";"None";"BD EDOUARD HERRIOT";"2188";"06200";"06088";"Nice";"06";"None";"None";"06088000MP0312";"None";"None";"241";"nan";"285";"nan";"None";"nan";"None";"None";"None";"None";"2";"3";"Dépendance";"nan";"0.0";"None";"None";"None";"None";"nan";"7.237787";"43.691443";"000MP"
"2025-57706";"2025-12-11";"1";"Vente";"700000.0";"73.0";"None";"BD EDOUARD HERRIOT";"2188";"06200";"06088";"Nice";"06";"None";"None";"06088000MP0312";"None";"None";"240";"nan";"286";"nan";"None";"nan";"None";"None";"None";"None";"2";"3";"Dépendance";"nan";"0.0";"None";"None";"None";"None";"nan";"7.237787";"43.691443";"000MP"
"2025-57706";"2025-12-11";"1";"Vente";"700000.0";"73.0";"None";"BD EDOUARD HERRIOT";"2188";"06200";"06088";"Nice";"06";"None";"None";"06088000MP0312";"None";"None";"241";"nan";"285";"nan";"None";"nan";"None";"None";"None";"None";"2";"3";"Dépendance";"nan";"0.0";"None";"None";"None";"None";"nan";"7.237787";"43.691443";"000MP"
"2025-57965";"2025-12-10";"1";"Vente";"277000.0";"39.0";"None";"AV AIME MARTIN";"0050";"06200";"06088";"Nice";"06";"None";"None";"06088000MP0393";"None";"None";"936";"nan";"994";"nan";"None";"nan";"None";"None";"None";"None";"2";"2";"Appartement";"84.0";"3.0";"None";"None";"None";"None";"nan";"7.239451";"43.691055";"000MP"
"2025-57965";"2025-12-10";"1";"Vente";"277000.0";"39.0";"None";"AV AIME MARTIN";"0050";"06200";"06088";"Nice";"06";"None";"None";"06088000MP0393";"None";"None";"894";"nan";"None";"nan";"None";"nan";"None";"None";"None";"None";"1";"3";"Dépendance";"nan";"0.0";"None";"None";"None";"None";"nan";"7.239451";"43.691055";"000MP"
"2025-57965";"2025-12-10";"1";"Vente";"277000.0";"39.0";"None";"AV AIME MARTIN";"0050";"06200";"06088";"Nice";"06";"None";"None";"06088000MP0393";"None";"None";"936";"nan";"994";"nan";"None";"nan";"None";"None";"None";"None";"2";"3";"Dépendance";"nan";"0.0";"None";"None";"None";"None";"nan";"7.239451";"43.691055";"000MP"
"2025-57405";"2025-12-09";"1";"Vente";"34800.0";"2.0";"None";"RUE CORDERIE";"1690";"06200";"06088";"Nice";"06";"None";"None";"06088000MP0491";"None";"None";"99";"nan";"None";"nan";"None";"nan";"None";"None";"None";"None";"1";"3";"Dépendance";"nan";"0.0";"None";"None";"None";"None";"nan";"7.244066";"43.691389";"000MP"
"2025-56605";"2025-12-04";"1";"Vente";"210000.0";"17.0";"None";"BD CARLONE";"1140";"06200";"06088";"Nice";"06";"None";"None";"06088000MP0057";"None";"None";"23";"nan";"66";"44.37";"None";"nan";"None";"None";"None";"None";"2";"2";"Appartement";"43.0";"2.0";"None";"None";"None";"None";"nan";"7.241667";"43.693494";"000MP"
"2025-56605";"2025-12-04";"1";"Vente";"210000.0";"17.0";"None";"BD CARLONE";"1140";"06200";"06088";"Nice";"06";"None";"None";"06088000MP0057";"None";"None";"23";"nan";"None";"nan";"None";"nan";"None";"None";"None";"None";"1";"3";"Dépendance";"nan";"0.0";"None";"None";"None";"None";"nan";"7.241667";"43.693494";"000MP"
"2025-56564";"2025-12-01";"1";"Vente";"77000.0";"16.0";"None";"BD MAGNAN";"3875";"06200";"06088";"Nice";"06";"None";"None";"06088000MP0050";"None";"None";"27";"nan";"None";"nan";"None";"nan";"None";"None";"None";"None";"1";"2";"Appartement";"20.0";"2.0";"None";"None";"None";"None";"nan";"7.241639";"43.692968";"000MP"
"2025-56657";"2025-12-01";"1";"Vente";"155000.0";"35.0";"None";"BD CARLONE";"1140";"06200";"06088";"Nice";"06";"None";"None";"06088000MP0419";"None";"None";"48";"33.05";"None";"nan";"None";"nan";"None";"None";"None";"None";"1";"2";"Appartement";"32.0";"2.0";"None";"None";"None";"None";"nan";"7.240023";"43.693328";"000MP"
"2025-56920";"2025-12-01";"1";"Vente";"16000.0";"19.0";"None";"AV DE BELLET";"0735";"06200";"06088";"Nice";"06";"None";"None";"06088000MP0193";"None";"None";"50";"nan";"None";"nan";"None";"nan";"None";"None";"None";"None";"1";"3";"Dépendance";"nan";"0.0";"None";"None";"None";"None";"nan";"7.24389";"43.692369";"000MP"
"2025-56703";"2025-11-28";"1";"Vente";"140000.0";"24.0";"None";"AV DE LA CALIFORNIE";"1045";"06200";"06088";"Nice";"06";"None";"None";"06088000MP0482";"None";"None";"136";"26.0";"183";"nan";"None";"nan";"None";"None";"None";"None";"2";"2";"Appartement";"25.0";"1.0";"None";"None";"None";"None";"nan";"7.24279";"43.691002";"000MP"
"2025-56703";"2025-11-28";"1";"Vente";"140000.0";"24.0";"None";"AV DE LA CALIFORNIE";"1045";"06200";"06088";"Nice";"06";"None";"None";"06088000MP0482";"None";"None";"136";"26.0";"183";"nan";"None";"nan";"None";"None";"None";"None";"2";"3";"Dépendance";"nan";"0.0";"None";"None";"None";"None";"nan";"7.24279";"43.691002";"000MP"
"2025-56703";"2025-11-28";"1";"Vente";"140000.0";"24.0";"None";"AV DE LA CALIFORNIE";"1045";"06200";"06088";"Nice";"06";"None";"None";"06088000MP0482";"None";"None";"136";"26.0";"183";"nan";"None";"nan";"None";"None";"None";"None";"2";"3";"Dépendance";"nan";"0.0";"None";"None";"None";"None";"nan";"7.24279";"43.691002";"000MP"
"2025-56229";"2025-11-24";"1";"Vente";"124000.0";"1.0";"None";"RUE FONTANA";"2530";"06200";"06088";"Nice";"06";"None";"None";"06088000MP0027";"None";"None";"15";"25.52";"3";"nan";"None";"nan";"None";"None";"None";"None";"2";"2";"Appartement";"29.0";"1.0";"None";"None";"None";"None";"nan";"7.2412";"43.693353";"000MP"
"2025-57192";"2025-11-24";"1";"Vente";"152000.0";"24.0";"None";"AV DE LA CALIFORNIE";"1045";"06200";"06088";"Nice";"06";"None";"None";"06088000MP0482";"None";"None";"156";"25.88";"167";"nan";"None";"nan";"None";"None";"None";"None";"2";"2";"Appartement";"26.0";"1.0";"None";"None";"None";"None";"nan";"7.24279";"43.691002";"000MP"
"2025-56229";"2025-11-24";"1";"Vente";"124000.0";"1.0";"None";"RUE FONTANA";"2530";"06200";"06088";"Nice";"06";"None";"None";"06088000MP0027";"None";"None";"15";"25.52";"3";"nan";"None";"nan";"None";"None";"None";"None";"2";"3";"Dépendance";"nan";"0.0";"None";"None";"None";"None";"nan";"7.2412";"43.693353";"000MP"
"2025-57192";"2025-11-24";"1";"Vente";"152000.0";"24.0";"None";"AV DE LA CALIFORNIE";"1045";"06200";"06088";"Nice";"06";"None";"None";"06088000MP0482";"None";"None";"156";"25.88";"167";"nan";"None";"nan";"None";"None";"None";"None";"2";"3";"Dépendance";"nan";"0.0";"None";"None";"None";"None";"nan";"7.24279";"43.691002";"000MP"
"2025-57192";"2025-11-24";"1";"Vente";"152000.0";"24.0";"None";"AV DE LA CALIFORNIE";"1045";"06200";"06088";"Nice";"06";"None";"None";"06088000MP0482";"None";"None";"219";"nan";"None";"nan";"None";"nan";"None";"None";"None";"None";"1";"3";"Dépendance";"nan";"0.0";"None";"None";"None";"None";"nan";"7.24279";"43.691002";"000MP"
"2025-57192";"2025-11-24";"1";"Vente";"152000.0";"24.0";"None";"AV DE LA CALIFORNIE";"1045";"06200";"06088";"Nice";"06";"None";"None";"06088000MP0482";"None";"None";"156";"25.88";"167";"nan";"None";"nan";"None";"None";"None";"None";"2";"3";"Dépendance";"nan";"0.0";"None";"None";"None";"None";"nan";"7.24279";"43.691002";"000MP"
"2025-56986";"2025-11-21";"1";"Vente";"184000.0";"115.0";"None";"PROM DES ANGLAIS";"0240";"06200";"06088";"Nice";"06";"None";"None";"06088000MP0274";"None";"None";"103";"21.0";"None";"nan";"None";"nan";"None";"None";"None";"None";"1";"2";"Appartement";"20.0";"1.0";"None";"None";"None";"None";"nan";"7.244868";"43.690792";"000MP"
"2025-55965";"2025-11-19";"1";"Vente";"200000.0";"121.0";"None";"PROM DES ANGLAIS";"0240";"06200";"06088";"Nice";"06";"None";"None";"06088000MP0277";"None";"None";"12";"41.75";"13";"nan";"21";"nan";"None";"None";"None";"None";"3";"2";"Appartement";"35.0";"2.0";"None";"None";"None";"None";"nan";"7.244547";"43.690531";"000MP"
"2025-55965";"2025-11-19";"1";"Vente";"200000.0";"121.0";"None";"PROM DES ANGLAIS";"0240";"06200";"06088";"Nice";"06";"None";"None";"06088000MP0277";"None";"None";"14";"nan";"None";"nan";"None";"nan";"None";"None";"None";"None";"1";"3";"Dépendance";"nan";"0.0";"None";"None";"None";"None";"nan";"7.244547";"43.690531";"000MP"
"2025-55965";"2025-11-19";"1";"Vente";"200000.0";"121.0";"None";"PROM DES ANGLAIS";"0240";"06200";"06088";"Nice";"06";"None";"None";"06088000MP0277";"None";"None";"12";"41.75";"13";"nan";"21";"nan";"None";"None";"None";"None";"3";"3";"Dépendance";"nan";"0.0";"None";"None";"None";"None";"nan";"7.244547";"43.690531";"000MP"
"2025-57029";"2025-11-18";"1";"Vente";"190000.0";"46.0";"None";"AV DE LA CALIFORNIE";"1045";"06200";"06088";"Nice";"06";"None";"None";"06088000MP0238";"None";"None";"249";"56.1";"None";"nan";"None";"nan";"None";"None";"None";"None";"1";"2";"Appartement";"58.0";"2.0";"None";"None";"None";"None";"nan";"7.241192";"43.690102";"000MP"
"2025-55802";"2025-11-18";"1";"Vente";"25000.0";"46.0";"None";"AV DE LA CALIFORNIE";"1045";"06200";"06088";"Nice";"06";"None";"None";"06088000MP0238";"None";"None";"78";"nan";"None";"nan";"None";"nan";"None";"None";"None";"None";"1";"3";"Dépendance";"nan";"0.0";"None";"None";"None";"None";"nan";"7.241192";"43.690102";"000MP"
"2025-57029";"2025-11-18";"1";"Vente";"190000.0";"46.0";"None";"AV DE LA CALIFORNIE";"1045";"06200";"06088";"Nice";"06";"None";"None";"06088000MP0238";"None";"None";"249";"56.1";"None";"nan";"None";"nan";"None";"None";"None";"None";"1";"3";"Dépendance";"nan";"0.0";"None";"None";"None";"None";"nan";"7.241192";"43.690102";"000MP"
"2025-57029";"2025-11-18";"1";"Vente";"190000.0";"46.0";"None";"AV DE LA CALIFORNIE";"1045";"06200";"06088";"Nice";"06";"None";"None";"06088000MP0238";"None";"None";"249";"56.1";"None";"nan";"None";"nan";"None";"None";"None";"None";"1";"3";"Dépendance";"nan";"0.0";"None";"None";"None";"None";"nan";"7.241192";"43.690102";"000MP"
"2025-55663";"2025-11-13";"1";"Vente";"182000.0";"50.0";"None";"AV DE LA CALIFORNIE";"1045";"06200";"06088";"Nice";"06";"None";"None";"06088000MP0351";"None";"None";"42";"nan";"None";"nan";"None";"nan";"None";"None";"None";"None";"1";"2";"Appartement";"60.0";"2.0";"None";"None";"None";"None";"nan";"7.240797";"43.689892";"000MP"
"2025-55659";"2025-11-07";"1";"Vente";"154000.0";"52.0";"None";"AV DE LA CALIFORNIE";"1045";"06200";"06088";"Nice";"06";"None";"None";"06088000MP0487";"None";"None";"64";"21.35";"None";"nan";"None";"nan";"None";"None";"None";"None";"1";"2";"Appartement";"22.0";"2.0";"None";"None";"None";"None";"nan";"7.240755";"43.689691";"000MP"
"2025-56182";"2025-11-07";"1";"Vente";"252381.0";"39.0";"None";"AV AIME MARTIN";"0050";"06200";"06088";"Nice";"06";"None";"None";"06088000MP0393";"None";"None";"247";"nan";"320";"54.02";"None";"nan";"None";"None";"None";"None";"2";"2";"Appartement";"58.0";"2.0";"None";"None";"None";"None";"nan";"7.239451";"43.691055";"000MP"
"2025-56182";"2025-11-07";"1";"Vente";"252381.0";"39.0";"None";"AV AIME MARTIN";"0050";"06200";"06088";"Nice";"06";"None";"None";"06088000MP0393";"None";"None";"247";"nan";"320";"54.02";"None";"nan";"None";"None";"None";"None";"2";"3";"Dépendance";"nan";"0.0";"None";"None";"None";"None";"nan";"7.239451";"43.691055";"000MP"
"2025-56182";"2025-11-07";"1";"Vente";"252381.0";"39.0";"None";"AV AIME MARTIN";"0050";"06200";"06088";"Nice";"06";"None";"None";"06088000MP0393";"None";"None";"188";"nan";"None";"nan";"None";"nan";"None";"None";"None";"None";"1";"3";"Dépendance";"nan";"0.0";"None";"None";"None";"None";"nan";"7.239451";"43.691055";"000MP"
"2025-55340";"2025-11-05";"1";"Vente";"121000.0";"35.0";"None";"BD CARLONE";"1140";"06200";"06088";"Nice";"06";"None";"None";"06088000MP0419";"None";"None";"47";"19.0";"None";"nan";"None";"nan";"None";"None";"None";"None";"1";"2";"Appartement";"20.0";"1.0";"None";"None";"None";"None";"nan";"7.240023";"43.693328";"000MP"
"2025-55307";"2025-10-30";"1";"Vente";"30000.0";"30.0";"None";"AV DE LA CALIFORNIE";"1045";"06200";"06088";"Nice";"06";"None";"None";"06088000MP0377";"None";"None";"200";"nan";"None";"nan";"None";"nan";"None";"None";"None";"None";"1";"3";"Dépendance";"nan";"0.0";"None";"None";"None";"None";"nan";"7.241991";"43.69075";"000MP"
"2025-55431";"2025-10-29";"1";"Vente";"298450.0";"39.0";"None";"AV AIME MARTIN";"0050";"06200";"06088";"Nice";"06";"None";"None";"06088000MP0393";"None";"None";"552";"nan";"584";"51.82";"None";"nan";"None";"None";"None";"None";"2";"2";"Appartement";"53.0";"2.0";"None";"None";"None";"None";"nan";"7.239451";"43.691055";"000MP"
"2025-55735";"2025-10-29";"1";"Vente";"316350.0";"4.0";"None";"AV DE LA CALIFORNIE";"1045";"06200";"06088";"Nice";"06";"None";"None";"06088000MP0491";"None";"None";"370";"42.65";"None";"nan";"None";"nan";"None";"None";"None";"None";"1";"2";"Appartement";"42.0";"2.0";"None";"None";"None";"None";"nan";"7.244066";"43.691389";"000MP"
"2025-55431";"2025-10-29";"1";"Vente";"298450.0";"39.0";"None";"AV AIME MARTIN";"0050";"06200";"06088";"Nice";"06";"None";"None";"06088000MP0393";"None";"None";"552";"nan";"584";"51.82";"None";"nan";"None";"None";"None";"None";"2";"3";"Dépendance";"nan";"0.0";"None";"None";"None";"None";"nan";"7.239451";"43.691055";"000MP"
"2025-55431";"2025-10-29";"1";"Vente";"298450.0";"39.0";"None";"AV AIME MARTIN";"0050";"06200";"06088";"Nice";"06";"None";"None";"06088000MP0393";"None";"None";"543";"nan";"None";"nan";"None";"nan";"None";"None";"None";"None";"1";"3";"Dépendance";"nan";"0.0";"None";"None";"None";"None";"nan";"7.239451";"43.691055";"000MP"
"2025-55735";"2025-10-29";"1";"Vente";"316350.0";"2.0";"None";"RUE CORDERIE";"1690";"06200";"06088";"Nice";"06";"None";"None";"06088000MP0491";"None";"None";"127";"nan";"None";"nan";"None";"nan";"None";"None";"None";"None";"1";"3";"Dépendance";"nan";"0.0";"None";"None";"None";"None";"nan";"7.244066";"43.691389";"000MP"
"2025-54868";"2025-10-23";"1";"Vente";"171000.0";"1.0";"None";"BD MAGNAN";"3875";"06200";"06088";"Nice";"06";"None";"None";"06088000MP0069";"None";"None";"2";"nan";"9";"53.0";"None";"nan";"None";"None";"None";"None";"2";"2";"Appartement";"60.0";"3.0";"None";"None";"None";"None";"nan";"7.243101";"43.693341";"000MP"
"2025-54868";"2025-10-23";"1";"Vente";"171000.0";"1.0";"None";"BD MAGNAN";"3875";"06200";"06088";"Nice";"06";"None";"None";"06088000MP0069";"None";"None";"2";"nan";"9";"53.0";"None";"nan";"None";"None";"None";"None";"2";"3";"Dépendance";"nan";"0.0";"None";"None";"None";"None";"nan";"7.243101";"43.693341";"000MP"
"2025-55210";"2025-10-21";"1";"Vente";"147000.0";"23.0";"None";"AV DE LA CALIFORNIE";"1045";"06200";"06088";"Nice";"06";"None";"None";"06088000MP0484";"None";"None";"110";"nan";"27";"nan";"None";"nan";"None";"None";"None";"None";"2";"2";"Appartement";"28.0";"1.0";"None";"None";"None";"None";"nan";"7.242935";"43.690305";"000MP"
"2025-55210";"2025-10-21";"1";"Vente";"147000.0";"23.0";"None";"AV DE LA CALIFORNIE";"1045";"06200";"06088";"Nice";"06";"None";"None";"06088000MP0484";"None";"None";"110";"nan";"27";"nan";"None";"nan";"None";"None";"None";"None";"2";"3";"Dépendance";"nan";"0.0";"None";"None";"None";"None";"nan";"7.242935";"43.690305";"000MP"
"2025-54795";"2025-10-17";"1";"Vente";"68618.0";"12.0";"None";"AV DE LA CALIFORNIE";"1045";"06200";"06088";"Nice";"06";"None";"None";"06088000MP0491";"None";"None";"420";"19.24";"None";"nan";"None";"nan";"None";"None";"None";"None";"1";"4";"Local industriel. commercial ou assimilé";"23.0";"0.0";"None";"None";"None";"None";"nan";"7.244066";"43.691389";"000MP"
"2025-54425";"2025-10-13";"1";"Vente";"365000.0";"54.0";"None";"AV DE LA CALIFORNIE";"1045";"06200";"06088";"Nice";"06";"None";"None";"06088000MP0244";"None";"None";"40";"nan";"None";"nan";"None";"nan";"None";"None";"None";"None";"1";"3";"Dépendance";"nan";"0.0";"None";"None";"None";"None";"nan";"7.240503";"43.689604";"000MP"
"2025-54644";"2025-10-13";"1";"Vente";"43000.0";"54.0";"None";"AV DE LA CALIFORNIE";"1045";"06200";"06088";"Nice";"06";"None";"None";"06088000MP0244";"None";"None";"19";"nan";"20";"nan";"None";"nan";"None";"None";"None";"None";"2";"3";"Dépendance";"nan";"0.0";"None";"None";"None";"None";"nan";"7.240503";"43.689604";"000MP"
"2025-55257";"2025-10-13";"1";"Vente";"26000.0";"46.0";"None";"AV DE LA CALIFORNIE";"1045";"06200";"06088";"Nice";"06";"None";"None";"06088000MP0238";"None";"None";"93";"nan";"None";"nan";"None";"nan";"None";"None";"None";"None";"1";"3";"Dépendance";"nan";"0.0";"None";"None";"None";"None";"nan";"7.241192";"43.690102";"000MP"
"2025-53866";"2025-10-10";"1";"Vente";"215000.0";"47.0";"None";"AV DE LA CALIFORNIE";"1045";"06200";"06088";"Nice";"06";"None";"None";"06088000MP0421";"None";"None";"6";"nan";"None";"nan";"None";"nan";"None";"None";"None";"None";"1";"2";"Appartement";"45.0";"4.0";"None";"None";"None";"None";"nan";"7.242015";"43.689768";"000MP"
"2025-54577";"2025-10-07";"1";"Vente";"211000.0";"39.0";"B";"AV AIME MARTIN";"0050";"06200";"06088";"Nice";"06";"None";"None";"06088000MP0374";"None";"None";"414";"nan";"447";"nan";"None";"nan";"None";"None";"None";"None";"2";"2";"Appartement";"48.0";"2.0";"None";"None";"None";"None";"nan";"7.238435";"43.69078";"000MP"
"2025-54577";"2025-10-07";"1";"Vente";"211000.0";"39.0";"B";"AV AIME MARTIN";"0050";"06200";"06088";"Nice";"06";"None";"None";"06088000MP0374";"None";"None";"414";"nan";"447";"nan";"None";"nan";"None";"None";"None";"None";"2";"3";"Dépendance";"nan";"0.0";"None";"None";"None";"None";"nan";"7.238435";"43.69078";"000MP"
"2025-53904";"2025-10-03";"1";"Vente";"440000.0";"8.0";"None";"AV DU PETIT FABRON";"4975";"06200";"06088";"Nice";"06";"None";"None";"06088000MP0178";"None";"None";"12";"nan";"65";"73.77";"None";"nan";"None";"None";"None";"None";"2";"2";"Appartement";"76.0";"3.0";"None";"None";"None";"None";"nan";"7.238392";"43.689676";"000MP"
"2025-54084";"2025-10-03";"1";"Vente";"905000.0";"147.0";"None";"PROM DES ANGLAIS";"0240";"06200";"06088";"Nice";"06";"None";"None";"06088000MP0294";"None";"None";"101";"nan";"18";"125.71";"59";"nan";"None";"None";"None";"None";"3";"2";"Appartement";"100.0";"3.0";"None";"None";"None";"None";"nan";"7.242173";"43.689639";"000MP"
"2025-53904";"2025-10-03";"1";"Vente";"440000.0";"8.0";"None";"AV DU PETIT FABRON";"4975";"06200";"06088";"Nice";"06";"None";"None";"06088000MP0178";"None";"None";"12";"nan";"65";"73.77";"None";"nan";"None";"None";"None";"None";"2";"3";"Dépendance";"nan";"0.0";"None";"None";"None";"None";"nan";"7.238392";"43.689676";"000MP"
"2025-53904";"2025-10-03";"1";"Vente";"440000.0";"8.0";"None";"AV DU PETIT FABRON";"4975";"06200";"06088";"Nice";"06";"None";"None";"06088000MP0178";"None";"None";"12";"nan";"65";"73.77";"None";"nan";"None";"None";"None";"None";"2";"3";"Dépendance";"nan";"0.0";"None";"None";"None";"None";"nan";"7.238392";"43.689676";"000MP"
"2025-53904";"2025-10-03";"1";"Vente";"440000.0";"8.0";"None";"AV DU PETIT FABRON";"4975";"06200";"06088";"Nice";"06";"None";"None";"06088000MP0178";"None";"None";"49";"nan";"None";"nan";"None";"nan";"None";"None";"None";"None";"1";"3";"Dépendance";"nan";"0.0";"None";"None";"None";"None";"nan";"7.238392";"43.689676";"000MP"
"2025-54084";"2025-10-03";"1";"Vente";"905000.0";"147.0";"None";"PROM DES ANGLAIS";"0240";"06200";"06088";"Nice";"06";"None";"None";"06088000MP0294";"None";"None";"101";"nan";"18";"125.71";"59";"nan";"None";"None";"None";"None";"3";"3";"Dépendance";"nan";"0.0";"None";"None";"None";"None";"nan";"7.242173";"43.689639";"000MP"
"2025-54848";"2025-10-01";"1";"Vente";"95000.0";"12.0";"None";"AV DE LA CALIFORNIE";"1045";"06200";"06088";"Nice";"06";"None";"None";"06088000MP0491";"None";"None";"440";"18.04";"None";"nan";"None";"nan";"None";"None";"None";"None";"1";"4";"Local industriel. commercial ou assimilé";"17.0";"0.0";"None";"None";"None";"None";"nan";"7.244066";"43.691389";"000MP"
"2025-53982";"2025-09-30";"1";"Vente";"146200.0";"9.0";"None";"RUE SAINT HONORE";"5770";"06200";"06088";"Nice";"06";"None";"None";"06088000MP0044";"None";"None";"5";"23.01";"None";"nan";"None";"nan";"None";"None";"None";"None";"1";"2";"Appartement";"20.0";"1.0";"None";"None";"None";"None";"nan";"7.241256";"43.693093";"000MP"
"2025-53856";"2025-09-29";"1";"Vente";"295100.0";"9.0";"None";"AV GLORIA";"2955";"06200";"06088";"Nice";"06";"None";"None";"06088000MP0491";"None";"None";"236";"nan";"None";"nan";"None";"nan";"None";"None";"None";"None";"1";"2";"Appartement";"44.0";"2.0";"None";"None";"None";"None";"nan";"7.244066";"43.691389";"000MP"
"2025-54699";"2025-09-29";"1";"Vente";"239000.0";"6.0";"None";"AV DU PETIT FABRON";"4975";"06200";"06088";"Nice";"06";"None";"None";"06088000MP0427";"None";"None";"112";"78.47";"94";"nan";"None";"nan";"None";"None";"None";"None";"2";"2";"Appartement";"80.0";"4.0";"None";"None";"None";"None";"nan";"7.239484";"43.690313";"000MP"
"2025-53856";"2025-09-29";"1";"Vente";"295100.0";"2.0";"None";"RUE CORDERIE";"1690";"06200";"06088";"Nice";"06";"None";"None";"06088000MP0491";"None";"None";"75";"nan";"None";"nan";"None";"nan";"None";"None";"None";"None";"1";"3";"Dépendance";"nan";"0.0";"None";"None";"None";"None";"nan";"7.244066";"43.691389";"000MP"
"2025-54699";"2025-09-29";"1";"Vente";"239000.0";"6.0";"None";"AV DU PETIT FABRON";"4975";"06200";"06088";"Nice";"06";"None";"None";"06088000MP0427";"None";"None";"142";"nan";"None";"nan";"None";"nan";"None";"None";"None";"None";"1";"3";"Dépendance";"nan";"0.0";"None";"None";"None";"None";"nan";"7.239484";"43.690313";"000MP"
"2025-54699";"2025-09-29";"1";"Vente";"239000.0";"6.0";"None";"AV DU PETIT FABRON";"4975";"06200";"06088";"Nice";"06";"None";"None";"06088000MP0427";"None";"None";"112";"78.47";"94";"nan";"None";"nan";"None";"None";"None";"None";"2";"3";"Dépendance";"nan";"0.0";"None";"None";"None";"None";"nan";"7.239484";"43.690313";"000MP"
"2025-53277";"2025-09-26";"1";"Vente";"38000.0";"20.0";"None";"BD MAGNAN";"3875";"06200";"06088";"Nice";"06";"None";"None";"06088000MP0043";"None";"None";"25";"nan";"None";"nan";"None";"nan";"None";"None";"None";"None";"1";"3";"Dépendance";"nan";"0.0";"None";"None";"None";"None";"nan";"7.240931";"43.692943";"000MP"
"2025-54063";"2025-09-25";"1";"Vente";"125000.0";"4.0";"None";"RUE SAINT HONORE";"5770";"06200";"06088";"Nice";"06";"None";"None";"06088000MP0055";"None";"None";"15";"nan";"None";"nan";"None";"nan";"None";"None";"None";"None";"1";"2";"Appartement";"32.0";"2.0";"None";"None";"None";"None";"nan";"7.241815";"43.693263";"000MP"
"2025-54199";"2025-09-25";"1";"Vente";"237000.0";"24.0";"None";"AV DE LA CALIFORNIE";"1045";"06200";"06088";"Nice";"06";"None";"None";"06088000MP0482";"None";"None";"131";"57.62";"198";"nan";"None";"nan";"None";"None";"None";"None";"2";"2";"Appartement";"58.0";"2.0";"None";"None";"None";"None";"nan";"7.24279";"43.691002";"000MP"
"2025-54199";"2025-09-25";"1";"Vente";"237000.0";"24.0";"None";"AV DE LA CALIFORNIE";"1045";"06200";"06088";"Nice";"06";"None";"None";"06088000MP0482";"None";"None";"131";"57.62";"198";"nan";"None";"nan";"None";"None";"None";"None";"2";"3";"Dépendance";"nan";"0.0";"None";"None";"None";"None";"nan";"7.24279";"43.691002";"000MP"
"2025-54199";"2025-09-25";"1";"Vente";"237000.0";"24.0";"None";"AV DE LA CALIFORNIE";"1045";"06200";"06088";"Nice";"06";"None";"None";"06088000MP0482";"None";"None";"131";"57.62";"198";"nan";"None";"nan";"None";"None";"None";"None";"2";"3";"Dépendance";"nan";"0.0";"None";"None";"None";"None";"nan";"7.24279";"43.691002";"000MP"
"2025-54200";"2025-09-25";"1";"Vente";"40000.0";"24.0";"None";"AV DE LA CALIFORNIE";"1045";"06200";"06088";"Nice";"06";"None";"None";"06088000MP0482";"None";"None";"241";"nan";"None";"nan";"None";"nan";"None";"None";"None";"None";"1";"3";"Dépendance";"nan";"0.0";"None";"None";"None";"None";"nan";"7.24279";"43.691002";"000MP"
"2025-53427";"2025-09-23";"1";"Vente";"285000.0";"30.0";"None";"AV DE LA CALIFORNIE";"1045";"06200";"06088";"Nice";"06";"None";"None";"06088000MP0377";"None";"None";"152";"nan";"242";"43.18";"None";"nan";"None";"None";"None";"None";"2";"2";"Appartement";"43.0";"2.0";"None";"None";"None";"None";"nan";"7.241991";"43.69075";"000MP"
"2025-53427";"2025-09-23";"1";"Vente";"285000.0";"30.0";"None";"AV DE LA CALIFORNIE";"1045";"06200";"06088";"Nice";"06";"None";"None";"06088000MP0377";"None";"None";"195";"nan";"None";"nan";"None";"nan";"None";"None";"None";"None";"1";"3";"Dépendance";"nan";"0.0";"None";"None";"None";"None";"nan";"7.241991";"43.69075";"000MP"
"2025-53427";"2025-09-23";"1";"Vente";"285000.0";"30.0";"None";"AV DE LA CALIFORNIE";"1045";"06200";"06088";"Nice";"06";"None";"None";"06088000MP0377";"None";"None";"152";"nan";"242";"43.18";"None";"nan";"None";"None";"None";"None";"2";"3";"Dépendance";"nan";"0.0";"None";"None";"None";"None";"nan";"7.241991";"43.69075";"000MP"
"2025-52947";"2025-09-22";"1";"Vente";"174000.0";"26.0";"None";"AV DE LA CALIFORNIE";"1045";"06200";"06088";"Nice";"06";"None";"None";"06088000MP0379";"None";"None";"115";"nan";"20";"nan";"None";"nan";"None";"None";"None";"None";"2";"2";"Appartement";"27.0";"1.0";"None";"None";"None";"None";"nan";"7.242407";"43.690616";"000MP"
"2025-53536";"2025-09-22";"1";"Vente";"96000.0";"30.0";"None";"AV AIME MARTIN";"0050";"06200";"06088";"Nice";"06";"None";"None";"06088000MP0087";"None";"None";"5";"nan";"None";"nan";"None";"nan";"None";"None";"None";"None";"1";"2";"Appartement";"40.0";"3.0";"None";"None";"None";"None";"nan";"7.241153";"43.692481";"000MP"
"2025-52947";"2025-09-22";"1";"Vente";"174000.0";"26.0";"None";"AV DE LA CALIFORNIE";"1045";"06200";"06088";"Nice";"06";"None";"None";"06088000MP0379";"None";"None";"115";"nan";"20";"nan";"None";"nan";"None";"None";"None";"None";"2";"3";"Dépendance";"nan";"0.0";"None";"None";"None";"None";"nan";"7.242407";"43.690616";"000MP"
"2025-53471";"2025-09-18";"1";"Vente";"575885.16";"20.0";"None";"BD MAGNAN";"3875";"06200";"06088";"Nice";"06";"None";"None";"06088000MP0043";"None";"None";"128";"nan";"76";"nan";"None";"nan";"None";"None";"None";"None";"2";"2";"Appartement";"63.0";"2.0";"None";"None";"None";"None";"nan";"7.240931";"43.692943";"000MP"
"2025-53560";"2025-09-18";"1";"Vente";"128000.0";"24.0";"None";"AV DE LA CALIFORNIE";"1045";"06200";"06088";"Nice";"06";"None";"None";"06088000MP0482";"None";"None";"137";"25.35";"174";"nan";"None";"nan";"None";"None";"None";"None";"2";"2";"Appartement";"25.0";"1.0";"None";"None";"None";"None";"nan";"7.24279";"43.691002";"000MP"
"2025-53471";"2025-09-18";"1";"Vente";"575885.16";"20.0";"None";"BD MAGNAN";"3875";"06200";"06088";"Nice";"06";"None";"None";"06088000MP0043";"None";"None";"128";"nan";"76";"nan";"None";"nan";"None";"None";"None";"None";"2";"3";"Dépendance";"nan";"0.0";"None";"None";"None";"None";"nan";"7.240931";"43.692943";"000MP"
"2025-53471";"2025-09-18";"1";"Vente";"575885.16";"20.0";"None";"BD MAGNAN";"3875";"06200";"06088";"Nice";"06";"None";"None";"06088000MP0043";"None";"None";"128";"nan";"76";"nan";"None";"nan";"None";"None";"None";"None";"2";"3";"Dépendance";"nan";"0.0";"None";"None";"None";"None";"nan";"7.240931";"43.692943";"000MP"
"2025-53560";"2025-09-18";"1";"Vente";"128000.0";"24.0";"None";"AV DE LA CALIFORNIE";"1045";"06200";"06088";"Nice";"06";"None";"None";"06088000MP0482";"None";"None";"137";"25.35";"174";"nan";"None";"nan";"None";"None";"None";"None";"2";"3";"Dépendance";"nan";"0.0";"None";"None";"None";"None";"nan";"7.24279";"43.691002";"000MP"
"2025-53560";"2025-09-18";"1";"Vente";"128000.0";"24.0";"None";"AV DE LA CALIFORNIE";"1045";"06200";"06088";"Nice";"06";"None";"None";"06088000MP0482";"None";"None";"137";"25.35";"174";"nan";"None";"nan";"None";"None";"None";"None";"2";"3";"Dépendance";"nan";"0.0";"None";"None";"None";"None";"nan";"7.24279";"43.691002";"000MP"
"2025-53384";"2025-09-16";"1";"Vente";"119500.0";"93.0";"None";"BD EDOUARD HERRIOT";"2188";"06200";"06088";"Nice";"06";"None";"None";"06088000MP0167";"None";"None";"604";"20.35";"None";"nan";"None";"nan";"None";"None";"None";"None";"1";"2";"Appartement";"21.0";"1.0";"None";"None";"None";"None";"nan";"7.237443";"43.690451";"000MP"
"2025-53020";"2025-09-16";"1";"Vente";"27000.0";"30.0";"None";"AV DE LA CALIFORNIE";"1045";"06200";"06088";"Nice";"06";"None";"None";"06088000MP0377";"None";"None";"185";"nan";"None";"nan";"None";"nan";"None";"None";"None";"None";"1";"3";"Dépendance";"nan";"0.0";"None";"None";"None";"None";"nan";"7.241991";"43.69075";"000MP"
"2025-53084";"2025-09-15";"1";"Vente";"470000.0";"119.0";"None";"PROM DES ANGLAIS";"0240";"06200";"06088";"Nice";"06";"None";"None";"06088000MP0276";"None";"None";"6";"nan";"7";"nan";"None";"nan";"None";"None";"None";"None";"2";"2";"Appartement";"59.0";"3.0";"None";"None";"None";"None";"nan";"7.244592";"43.690589";"000MP"
"2025-52863";"2025-09-12";"1";"Vente";"210000.0";"26.0";"None";"AV DE LA CALIFORNIE";"1045";"06200";"06088";"Nice";"06";"None";"None";"06088000MP0379";"None";"None";"28";"nan";"83";"nan";"None";"nan";"None";"None";"None";"None";"2";"2";"Appartement";"72.0";"3.0";"None";"None";"None";"None";"nan";"7.242407";"43.690616";"000MP"
"2025-52863";"2025-09-12";"1";"Vente";"210000.0";"26.0";"None";"AV DE LA CALIFORNIE";"1045";"06200";"06088";"Nice";"06";"None";"None";"06088000MP0379";"None";"None";"28";"nan";"83";"nan";"None";"nan";"None";"None";"None";"None";"2";"3";"Dépendance";"nan";"0.0";"None";"None";"None";"None";"nan";"7.242407";"43.690616";"000MP"
"2025-52636";"2025-09-10";"1";"Vente";"150000.0";"4.0";"None";"AV DE LA CALIFORNIE";"1045";"06200";"06088";"Nice";"06";"None";"None";"06088000MP0491";"None";"None";"343";"22.54";"None";"nan";"None";"nan";"None";"None";"None";"None";"1";"2";"Appartement";"21.0";"1.0";"None";"None";"None";"None";"nan";"7.244066";"43.691389";"000MP"
"2025-53134";"2025-09-10";"1";"Vente";"170000.0";"15.0";"None";"BD CARLONE";"1140";"06200";"06088";"Nice";"06";"None";"None";"06088000MP0058";"None";"None";"108";"nan";"None";"nan";"None";"nan";"None";"None";"None";"None";"1";"2";"Appartement";"41.0";"2.0";"None";"None";"None";"None";"nan";"7.241787";"43.693554";"000MP"
"2025-52684";"2025-09-02";"1";"Vente";"180000.0";"46.0";"None";"AV DE LA CALIFORNIE";"1045";"06200";"06088";"Nice";"06";"None";"None";"06088000MP0238";"None";"None";"229";"nan";"80";"nan";"None";"nan";"None";"None";"None";"None";"2";"4";"Local industriel. commercial ou assimilé";"68.0";"0.0";"None";"None";"None";"None";"nan";"7.241192";"43.690102";"000MP"
"2025-52671";"2025-09-01";"1";"Vente";"565200.0";"7.0";"None";"AV GLORIA";"2955";"06200";"06088";"Nice";"06";"None";"None";"06088000MP0491";"None";"None";"289";"66.85";"None";"nan";"None";"nan";"None";"None";"None";"None";"1";"2";"Appartement";"67.0";"3.0";"None";"None";"None";"None";"nan";"7.244066";"43.691389";"000MP"
"2025-52671";"2025-09-01";"1";"Vente";"565200.0";"2.0";"None";"RUE CORDERIE";"1690";"06200";"06088";"Nice";"06";"None";"None";"06088000MP0491";"None";"None";"154";"nan";"None";"nan";"None";"nan";"None";"None";"None";"None";"1";"3";"Dépendance";"nan";"0.0";"None";"None";"None";"None";"nan";"7.244066";"43.691389";"000MP"
"2025-52949";"2025-08-29";"1";"Vente";"290000.0";"6.0";"None";"AV DU PETIT FABRON";"4975";"06200";"06088";"Nice";"06";"None";"None";"06088000MP0427";"None";"None";"124";"78.34";"93";"nan";"None";"nan";"None";"None";"None";"None";"2";"2";"Appartement";"78.0";"3.0";"None";"None";"None";"None";"nan";"7.239484";"43.690313";"000MP"
"2025-53034";"2025-08-29";"1";"Vente";"130000.0";"73.0";"None";"BD EDOUARD HERRIOT";"2188";"06200";"06088";"Nice";"06";"None";"None";"06088000MP0159";"None";"None";"139";"28.98";"16";"nan";"None";"nan";"None";"None";"None";"None";"2";"2";"Appartement";"29.0";"1.0";"None";"None";"None";"None";"nan";"7.238503";"43.691826";"000MP"
"2025-52949";"2025-08-29";"1";"Vente";"290000.0";"6.0";"None";"AV DU PETIT FABRON";"4975";"06200";"06088";"Nice";"06";"None";"None";"06088000MP0427";"None";"None";"124";"78.34";"93";"nan";"None";"nan";"None";"None";"None";"None";"2";"3";"Dépendance";"nan";"0.0";"None";"None";"None";"None";"nan";"7.239484";"43.690313";"000MP"
"2025-52949";"2025-08-29";"1";"Vente";"290000.0";"6.0";"None";"AV DU PETIT FABRON";"4975";"06200";"06088";"Nice";"06";"None";"None";"06088000MP0427";"None";"None";"141";"nan";"None";"nan";"None";"nan";"None";"None";"None";"None";"1";"3";"Dépendance";"nan";"0.0";"None";"None";"None";"None";"nan";"7.239484";"43.690313";"000MP"
"2025-53034";"2025-08-29";"1";"Vente";"130000.0";"73.0";"None";"BD EDOUARD HERRIOT";"2188";"06200";"06088";"Nice";"06";"None";"None";"06088000MP0159";"None";"None";"139";"28.98";"16";"nan";"None";"nan";"None";"None";"None";"None";"2";"3";"Dépendance";"nan";"0.0";"None";"None";"None";"None";"nan";"7.238503";"43.691826";"000MP"
"2025-53034";"2025-08-29";"1";"Vente";"130000.0";"73.0";"None";"BD EDOUARD HERRIOT";"2188";"06200";"06088";"Nice";"06";"None";"None";"06088000MP0159";"None";"None";"139";"28.98";"16";"nan";"None";"nan";"None";"None";"None";"None";"2";"3";"Dépendance";"nan";"0.0";"None";"None";"None";"None";"nan";"7.238503";"43.691826";"000MP"
"2025-52845";"2025-08-28";"1";"Vente";"108500.0";"24.0";"None";"AV DE LA CALIFORNIE";"1045";"06200";"06088";"Nice";"06";"None";"None";"06088000MP0482";"None";"None";"156";"nan";"167";"nan";"None";"nan";"None";"None";"None";"None";"2";"2";"Appartement";"26.0";"1.0";"None";"None";"None";"None";"nan";"7.24279";"43.691002";"000MP"
"2025-52845";"2025-08-28";"1";"Vente";"108500.0";"24.0";"None";"AV DE LA CALIFORNIE";"1045";"06200";"06088";"Nice";"06";"None";"None";"06088000MP0482";"None";"None";"156";"nan";"167";"nan";"None";"nan";"None";"None";"None";"None";"2";"3";"Dépendance";"nan";"0.0";"None";"None";"None";"None";"nan";"7.24279";"43.691002";"000MP"
"2025-52845";"2025-08-28";"1";"Vente";"108500.0";"24.0";"None";"AV DE LA CALIFORNIE";"1045";"06200";"06088";"Nice";"06";"None";"None";"06088000MP0482";"None";"None";"156";"nan";"167";"nan";"None";"nan";"None";"None";"None";"None";"2";"3";"Dépendance";"nan";"0.0";"None";"None";"None";"None";"nan";"7.24279";"43.691002";"000MP"
"2025-52845";"2025-08-28";"1";"Vente";"108500.0";"24.0";"None";"AV DE LA CALIFORNIE";"1045";"06200";"06088";"Nice";"06";"None";"None";"06088000MP0482";"None";"None";"219";"nan";"None";"nan";"None";"nan";"None";"None";"None";"None";"1";"3";"Dépendance";"nan";"0.0";"None";"None";"None";"None";"nan";"7.24279";"43.691002";"000MP"
"2025-51949";"2025-08-27";"1";"Vente";"215000.0";"10.0";"None";"BD MAGNAN";"3875";"06200";"06088";"Nice";"06";"None";"None";"06088000MP0064";"None";"None";"63";"64.01";"None";"nan";"None";"nan";"None";"None";"None";"None";"1";"2";"Appartement";"66.0";"3.0";"None";"None";"None";"None";"nan";"7.242394";"43.69322";"000MP"
"2025-52352";"2025-08-26";"1";"Vente";"204000.0";"20.0";"None";"BD MAGNAN";"3875";"06200";"06088";"Nice";"06";"None";"None";"06088000MP0043";"None";"None";"102";"nan";"123";"63.24";"None";"nan";"None";"None";"None";"None";"2";"2";"Appartement";"53.0";"1.0";"None";"None";"None";"None";"nan";"7.240931";"43.692943";"000MP"
"2025-52352";"2025-08-26";"1";"Vente";"204000.0";"20.0";"None";"BD MAGNAN";"3875";"06200";"06088";"Nice";"06";"None";"None";"06088000MP0043";"None";"None";"102";"nan";"123";"63.24";"None";"nan";"None";"None";"None";"None";"2";"3";"Dépendance";"nan";"0.0";"None";"None";"None";"None";"nan";"7.240931";"43.692943";"000MP"
"2025-52369";"2025-08-13";"1";"Vente";"76820.0";"16.0";"None";"BD MAGNAN";"3875";"06200";"06088";"Nice";"06";"None";"None";"06088000MP0050";"None";"None";"17";"nan";"None";"nan";"None";"nan";"None";"None";"None";"None";"1";"2";"Appartement";"18.0";"1.0";"None";"None";"None";"None";"nan";"7.241639";"43.692968";"000MP"
"2025-51495";"2025-08-11";"1";"Vente";"547000.0";"39.0";"None";"AV AIME MARTIN";"0050";"06200";"06088";"Nice";"06";"None";"None";"06088000MP0393";"None";"None";"429";"nan";"504";"87.17";"None";"nan";"None";"None";"None";"None";"2";"2";"Appartement";"87.0";"4.0";"None";"None";"None";"None";"nan";"7.239451";"43.691055";"000MP"
"2025-52084";"2025-08-11";"1";"Vente";"225000.0";"17.0";"None";"AV DE LA CALIFORNIE";"1045";"06200";"06088";"Nice";"06";"None";"None";"06088000MP0262";"None";"None";"52";"49.65";"None";"nan";"None";"nan";"None";"None";"None";"None";"1";"2";"Appartement";"45.0";"2.0";"None";"None";"None";"None";"nan";"7.243473";"43.690503";"000MP"
"2025-51495";"2025-08-11";"1";"Vente";"547000.0";"39.0";"None";"AV AIME MARTIN";"0050";"06200";"06088";"Nice";"06";"None";"None";"06088000MP0393";"None";"None";"429";"nan";"504";"87.17";"None";"nan";"None";"None";"None";"None";"2";"3";"Dépendance";"nan";"0.0";"None";"None";"None";"None";"nan";"7.239451";"43.691055";"000MP"
"2025-51495";"2025-08-11";"1";"Vente";"547000.0";"39.0";"None";"AV AIME MARTIN";"0050";"06200";"06088";"Nice";"06";"None";"None";"06088000MP0393";"None";"None";"357";"nan";"None";"nan";"None";"nan";"None";"None";"None";"None";"1";"3";"Dépendance";"nan";"0.0";"None";"None";"None";"None";"nan";"7.239451";"43.691055";"000MP"
"2025-51616";"2025-08-11";"1";"Vente";"36000.0";"2.0";"None";"RUE CORDERIE";"1690";"06200";"06088";"Nice";"06";"None";"None";"06088000MP0491";"None";"None";"29";"nan";"None";"nan";"None";"nan";"None";"None";"None";"None";"1";"3";"Dépendance";"nan";"0.0";"None";"None";"None";"None";"nan";"7.244066";"43.691389";"000MP"
"2025-51616";"2025-08-11";"1";"Vente";"36000.0";"2.0";"None";"RUE CORDERIE";"1690";"06200";"06088";"Nice";"06";"None";"None";"06088000MP0491";"None";"None";"30";"nan";"None";"nan";"None";"nan";"None";"None";"None";"None";"1";"3";"Dépendance";"nan";"0.0";"None";"None";"None";"None";"nan";"7.244066";"43.691389";"000MP"
"2025-51926";"2025-08-08";"1";"Vente";"533000.0";"145.0";"None";"PROM DES ANGLAIS";"0240";"06200";"06088";"Nice";"06";"None";"None";"06088000MP0294";"None";"None";"103";"90.43";"80";"nan";"None";"nan";"None";"None";"None";"None";"2";"2";"Appartement";"99.0";"4.0";"None";"None";"None";"None";"nan";"7.242173";"43.689639";"000MP"
"2025-51926";"2025-08-08";"1";"Vente";"533000.0";"145.0";"None";"PROM DES ANGLAIS";"0240";"06200";"06088";"Nice";"06";"None";"None";"06088000MP0294";"None";"None";"103";"90.43";"80";"nan";"None";"nan";"None";"None";"None";"None";"2";"3";"Dépendance";"nan";"0.0";"None";"None";"None";"None";"nan";"7.242173";"43.689639";"000MP"
"2025-51617";"2025-08-05";"1";"Vente";"123000.0";"12.0";"B";"BD MAGNAN";"3875";"06200";"06088";"Nice";"06";"None";"None";"06088000MP0052";"None";"None";"14";"20.15";"22";"nan";"None";"nan";"None";"None";"None";"None";"2";"2";"Appartement";"17.0";"1.0";"None";"None";"None";"None";"nan";"7.242135";"43.693073";"000MP"
"2025-52012";"2025-08-05";"1";"Vente";"153000.0";"3.0";"None";"PAE PET AVE DE LA CALIFORNIE";"1050";"06200";"06088";"Nice";"06";"None";"None";"06088000MP0267";"None";"None";"10";"27.32";"None";"nan";"None";"nan";"None";"None";"None";"None";"1";"2";"Appartement";"27.0";"1.0";"None";"None";"None";"None";"nan";"7.244472";"43.690689";"000MP"
"2025-51617";"2025-08-05";"1";"Vente";"123000.0";"12.0";"B";"BD MAGNAN";"3875";"06200";"06088";"Nice";"06";"None";"None";"06088000MP0052";"None";"None";"14";"20.15";"22";"nan";"None";"nan";"None";"None";"None";"None";"2";"3";"Dépendance";"nan";"0.0";"None";"None";"None";"None";"nan";"7.242135";"43.693073";"000MP"
"2025-51575";"2025-07-31";"1";"Vente";"194500.0";"23.0";"None";"AV DE LA CALIFORNIE";"1045";"06200";"06088";"Nice";"06";"None";"None";"06088000MP0484";"None";"None";"5";"nan";"84";"37.28";"None";"nan";"None";"None";"None";"None";"2";"2";"Appartement";"37.0";"1.0";"None";"None";"None";"None";"nan";"7.242935";"43.690305";"000MP"
"2025-51575";"2025-07-31";"1";"Vente";"194500.0";"23.0";"None";"AV DE LA CALIFORNIE";"1045";"06200";"06088";"Nice";"06";"None";"None";"06088000MP0484";"None";"None";"5";"nan";"84";"37.28";"None";"nan";"None";"None";"None";"None";"2";"3";"Dépendance";"nan";"0.0";"None";"None";"None";"None";"nan";"7.242935";"43.690305";"000MP"
"2025-50744";"2025-07-30";"1";"Vente";"160000.0";"48.0";"None";"AV DE LA CALIFORNIE";"1045";"06200";"06088";"Nice";"06";"None";"None";"06088000MP0352";"None";"None";"30";"48.08";"None";"nan";"None";"nan";"None";"None";"None";"None";"1";"2";"Appartement";"48.0";"2.0";"None";"None";"None";"None";"nan";"7.240953";"43.690008";"000MP"
"2025-51286";"2025-07-30";"1";"Vente";"188700.0";"9001.0";"None";"AV MONT RABEAU";"4390";"06200";"06088";"Nice";"06";"None";"None";"06088000MP0167";"None";"None";"1206";"nan";"1247";"34.14";"None";"nan";"None";"None";"None";"None";"2";"2";"Appartement";"34.0";"1.0";"None";"None";"None";"None";"nan";"7.237443";"43.690451";"000MP"
"2025-51946";"2025-07-30";"1";"Vente";"269000.0";"71.0";"None";"BD EDOUARD HERRIOT";"2188";"06200";"06088";"Nice";"06";"None";"None";"06088000MP0301";"None";"None";"14";"nan";"44";"62.08";"None";"nan";"None";"None";"None";"None";"2";"2";"Appartement";"59.0";"2.0";"None";"None";"None";"None";"nan";"7.238842";"43.692155";"000MP"
"2025-51286";"2025-07-30";"1";"Vente";"188700.0";"20.0";"B";"AV MONT RABEAU";"4390";"06200";"06088";"Nice";"06";"None";"None";"06088000MP0167";"None";"None";"986";"nan";"None";"nan";"None";"nan";"None";"None";"None";"None";"1";"3";"Dépendance";"nan";"0.0";"None";"None";"None";"None";"nan";"7.237443";"43.690451";"000MP"
"2025-51286";"2025-07-30";"1";"Vente";"188700.0";"9001.0";"None";"AV MONT RABEAU";"4390";"06200";"06088";"Nice";"06";"None";"None";"06088000MP0167";"None";"None";"1206";"nan";"1247";"34.14";"None";"nan";"None";"None";"None";"None";"2";"3";"Dépendance";"nan";"0.0";"None";"None";"None";"None";"nan";"7.237443";"43.690451";"000MP"
"2025-51946";"2025-07-30";"1";"Vente";"269000.0";"71.0";"None";"BD EDOUARD HERRIOT";"2188";"06200";"06088";"Nice";"06";"None";"None";"06088000MP0301";"None";"None";"14";"nan";"44";"62.08";"None";"nan";"None";"None";"None";"None";"2";"3";"Dépendance";"nan";"0.0";"None";"None";"None";"None";"nan";"7.238842";"43.692155";"000MP"
"2025-51365";"2025-07-29";"1";"Vente";"165000.0";"52.0";"None";"AV DE LA CALIFORNIE";"1045";"06200";"06088";"Nice";"06";"None";"None";"06088000MP0487";"None";"None";"104";"nan";"None";"nan";"None";"nan";"None";"None";"None";"None";"1";"2";"Appartement";"22.0";"1.0";"None";"None";"None";"None";"nan";"7.240755";"43.689691";"000MP"
"2025-51365";"2025-07-29";"1";"Vente";"165000.0";"52.0";"None";"AV DE LA CALIFORNIE";"1045";"06200";"06088";"Nice";"06";"None";"None";"06088000MP0487";"None";"None";"26";"nan";"None";"nan";"None";"nan";"None";"None";"None";"None";"1";"3";"Dépendance";"nan";"0.0";"None";"None";"None";"None";"nan";"7.240755";"43.689691";"000MP"
"2025-51568";"2025-07-25";"1";"Vente";"135000.0";"23.0";"None";"BD MAGNAN";"3875";"06200";"06088";"Nice";"06";"None";"None";"06088000MP0086";"None";"None";"48";"nan";"95";"44.83";"None";"nan";"None";"None";"None";"None";"2";"2";"Appartement";"50.0";"2.0";"None";"None";"None";"None";"nan";"7.240812";"43.692554";"000MP"
"2025-51568";"2025-07-25";"1";"Vente";"135000.0";"23.0";"None";"BD MAGNAN";"3875";"06200";"06088";"Nice";"06";"None";"None";"06088000MP0086";"None";"None";"48";"nan";"95";"44.83";"None";"nan";"None";"None";"None";"None";"2";"3";"Dépendance";"nan";"0.0";"None";"None";"None";"None";"nan";"7.240812";"43.692554";"000MP"
"2025-51215";"2025-07-23";"1";"Vente";"294000.0";"7.0";"None";"AV GLORIA";"2955";"06200";"06088";"Nice";"06";"None";"None";"06088000MP0491";"None";"None";"275";"nan";"None";"nan";"None";"nan";"None";"None";"None";"None";"1";"2";"Appartement";"37.0";"2.0";"None";"None";"None";"None";"nan";"7.244066";"43.691389";"000MP"
"2025-51215";"2025-07-23";"1";"Vente";"294000.0";"2.0";"None";"RUE CORDERIE";"1690";"06200";"06088";"Nice";"06";"None";"None";"06088000MP0491";"None";"None";"44";"nan";"None";"nan";"None";"nan";"None";"None";"None";"None";"1";"3";"Dépendance";"nan";"0.0";"None";"None";"None";"None";"nan";"7.244066";"43.691389";"000MP"
"2025-50985";"2025-07-22";"1";"Vente";"289000.0";"10.0";"None";"BD MAGNAN";"3875";"06200";"06088";"Nice";"06";"None";"None";"06088000MP0064";"None";"None";"67";"64.55";"7";"nan";"None";"nan";"None";"None";"None";"None";"2";"2";"Appartement";"62.0";"3.0";"None";"None";"None";"None";"nan";"7.242394";"43.69322";"000MP"
"2025-50355";"2025-07-18";"1";"Vente";"185000.0";"20.0";"None";"BD MAGNAN";"3875";"06200";"06088";"Nice";"06";"None";"None";"06088000MP0043";"None";"None";"102";"nan";"123";"63.08";"None";"nan";"None";"None";"None";"None";"2";"2";"Appartement";"53.0";"1.0";"None";"None";"None";"None";"nan";"7.240931";"43.692943";"000MP"
"2025-50355";"2025-07-18";"1";"Vente";"185000.0";"20.0";"None";"BD MAGNAN";"3875";"06200";"06088";"Nice";"06";"None";"None";"06088000MP0043";"None";"None";"102";"nan";"123";"63.08";"None";"nan";"None";"None";"None";"None";"2";"3";"Dépendance";"nan";"0.0";"None";"None";"None";"None";"nan";"7.240931";"43.692943";"000MP"
"2025-51429";"2025-07-17";"1";"Vente";"368000.0";"24.0";"None";"AV DE LA CALIFORNIE";"1045";"06200";"06088";"Nice";"06";"None";"None";"06088000MP0482";"None";"None";"237";"nan";"None";"nan";"None";"nan";"None";"None";"None";"None";"1";"3";"Dépendance";"nan";"0.0";"None";"None";"None";"None";"nan";"7.24279";"43.691002";"000MP"
"2025-50688";"2025-07-16";"1";"Vente";"279000.0";"39.0";"None";"AV AIME MARTIN";"0050";"06200";"06088";"Nice";"06";"None";"None";"06088000MP0393";"None";"None";"258";"nan";"None";"nan";"None";"nan";"None";"None";"None";"None";"1";"2";"Appartement";"80.0";"3.0";"None";"None";"None";"None";"nan";"7.239451";"43.691055";"000MP"
"2025-50688";"2025-07-16";"1";"Vente";"279000.0";"39.0";"None";"AV AIME MARTIN";"0050";"06200";"06088";"Nice";"06";"None";"None";"06088000MP0393";"None";"None";"331";"54.17";"None";"nan";"None";"nan";"None";"None";"None";"None";"1";"2";"Appartement";"54.0";"2.0";"None";"None";"None";"None";"nan";"7.239451";"43.691055";"000MP"
"2025-50688";"2025-07-16";"1";"Vente";"279000.0";"39.0";"None";"AV AIME MARTIN";"0050";"06200";"06088";"Nice";"06";"None";"None";"06088000MP0393";"None";"None";"331";"54.17";"None";"nan";"None";"nan";"None";"None";"None";"None";"1";"3";"Dépendance";"nan";"0.0";"None";"None";"None";"None";"nan";"7.239451";"43.691055";"000MP"
"2025-50688";"2025-07-16";"1";"Vente";"279000.0";"39.0";"None";"AV AIME MARTIN";"0050";"06200";"06088";"Nice";"06";"None";"None";"06088000MP0393";"None";"None";"258";"nan";"None";"nan";"None";"nan";"None";"None";"None";"None";"1";"3";"Dépendance";"nan";"0.0";"None";"None";"None";"None";"nan";"7.239451";"43.691055";"000MP"
"2025-50132";"2025-07-11";"1";"Vente";"250000.0";"19.0";"None";"AV DE BELLET";"0735";"06200";"06088";"Nice";"06";"None";"None";"06088000MP0193";"None";"None";"45";"60.47";"None";"nan";"None";"nan";"None";"None";"None";"None";"1";"2";"Appartement";"61.0";"3.0";"None";"None";"None";"None";"nan";"7.24389";"43.692369";"000MP"
"2025-51058";"2025-07-11";"1";"Vente";"311000.0";"30.0";"None";"AV DE LA CALIFORNIE";"1045";"06200";"06088";"Nice";"06";"None";"None";"06088000MP0377";"None";"None";"145";"nan";"282";"nan";"None";"nan";"None";"None";"None";"None";"2";"2";"Appartement";"46.0";"2.0";"None";"None";"None";"None";"nan";"7.241991";"43.69075";"000MP"
"2025-51082";"2025-07-11";"1";"Vente";"443738.28";"141.0";"None";"PROM DES ANGLAIS";"0240";"06200";"06088";"Nice";"06";"None";"None";"06088000MP0417";"None";"None";"16";"nan";"38";"46.05";"None";"nan";"None";"None";"None";"None";"2";"2";"Appartement";"49.0";"2.0";"None";"None";"None";"None";"nan";"7.24269";"43.68991";"000MP"
"2025-51058";"2025-07-11";"1";"Vente";"311000.0";"30.0";"None";"AV DE LA CALIFORNIE";"1045";"06200";"06088";"Nice";"06";"None";"None";"06088000MP0377";"None";"None";"222";"nan";"None";"nan";"None";"nan";"None";"None";"None";"None";"1";"3";"Dépendance";"nan";"0.0";"None";"None";"None";"None";"nan";"7.241991";"43.69075";"000MP"
"2025-51058";"2025-07-11";"1";"Vente";"311000.0";"30.0";"None";"AV DE LA CALIFORNIE";"1045";"06200";"06088";"Nice";"06";"None";"None";"06088000MP0377";"None";"None";"145";"nan";"282";"nan";"None";"nan";"None";"None";"None";"None";"2";"3";"Dépendance";"nan";"0.0";"None";"None";"None";"None";"nan";"7.241991";"43.69075";"000MP"
"2025-51082";"2025-07-11";"1";"Vente";"443738.28";"141.0";"None";"PROM DES ANGLAIS";"0240";"06200";"06088";"Nice";"06";"None";"None";"06088000MP0417";"None";"None";"2";"nan";"None";"nan";"None";"nan";"None";"None";"None";"None";"1";"3";"Dépendance";"nan";"0.0";"None";"None";"None";"None";"nan";"7.24269";"43.68991";"000MP"
"2025-51082";"2025-07-11";"1";"Vente";"443738.28";"141.0";"None";"PROM DES ANGLAIS";"0240";"06200";"06088";"Nice";"06";"None";"None";"06088000MP0417";"None";"None";"16";"nan";"38";"46.05";"None";"nan";"None";"None";"None";"None";"2";"3";"Dépendance";"nan";"0.0";"None";"None";"None";"None";"nan";"7.24269";"43.68991";"000MP"
"2025-51326";"2025-07-11";"1";"Vente";"70000.0";"1.0";"None";"IMP AMARO";"0157";"06200";"06088";"Nice";"06";"None";"None";"06088000MP0228";"None";"None";"168";"nan";"None";"nan";"None";"nan";"None";"None";"None";"None";"1";"4";"Local industriel. commercial ou assimilé";"60.0";"0.0";"None";"None";"None";"None";"nan";"7.242418";"43.690722";"000MP"
"2025-50251";"2025-07-10";"1";"Vente";"336000.0";"20.0";"B";"AV MONT RABEAU";"4390";"06200";"06088";"Nice";"06";"None";"None";"06088000MP0167";"None";"None";"1037";"61.77";"934";"nan";"None";"nan";"None";"None";"None";"None";"2";"2";"Appartement";"62.0";"2.0";"None";"None";"None";"None";"nan";"7.237443";"43.690451";"000MP"
"2025-50251";"2025-07-10";"1";"Vente";"336000.0";"20.0";"B";"AV MONT RABEAU";"4390";"06200";"06088";"Nice";"06";"None";"None";"06088000MP0167";"None";"None";"1037";"61.77";"934";"nan";"None";"nan";"None";"None";"None";"None";"2";"3";"Dépendance";"nan";"0.0";"None";"None";"None";"None";"nan";"7.237443";"43.690451";"000MP"
"2025-50471";"2025-07-08";"1";"Vente";"32500.0";"35.0";"None";"BD CARLONE";"1140";"06200";"06088";"Nice";"06";"None";"None";"06088000MP0419";"None";"None";"18";"nan";"None";"nan";"None";"nan";"None";"None";"None";"None";"1";"3";"Dépendance";"nan";"0.0";"None";"None";"None";"None";"nan";"7.240023";"43.693328";"000MP"
"2025-49873";"2025-07-07";"1";"Vente";"280000.0";"8.0";"None";"AV DU PETIT FABRON";"4975";"06200";"06088";"Nice";"06";"None";"None";"06088000MP0178";"None";"None";"14";"nan";"59";"59.05";"None";"nan";"None";"None";"None";"None";"2";"2";"Appartement";"61.0";"2.0";"None";"None";"None";"None";"nan";"7.238392";"43.689676";"000MP"
"2025-50559";"2025-07-07";"1";"Vente";"105000.0";"61.0";"None";"BD EDOUARD HERRIOT";"2188";"06200";"06088";"Nice";"06";"None";"None";"06088000MP0038";"None";"None";"27";"nan";"67";"nan";"None";"nan";"None";"None";"None";"None";"2";"2";"Appartement";"20.0";"1.0";"None";"None";"None";"None";"nan";"7.240062";"43.69275";"000MP"
"2025-49873";"2025-07-07";"1";"Vente";"280000.0";"8.0";"None";"AV DU PETIT FABRON";"4975";"06200";"06088";"Nice";"06";"None";"None";"06088000MP0178";"None";"None";"25";"nan";"None";"nan";"None";"nan";"None";"None";"None";"None";"1";"3";"Dépendance";"nan";"0.0";"None";"None";"None";"None";"nan";"7.238392";"43.689676";"000MP"
"2025-49873";"2025-07-07";"1";"Vente";"280000.0";"8.0";"None";"AV DU PETIT FABRON";"4975";"06200";"06088";"Nice";"06";"None";"None";"06088000MP0178";"None";"None";"14";"nan";"59";"59.05";"None";"nan";"None";"None";"None";"None";"2";"3";"Dépendance";"nan";"0.0";"None";"None";"None";"None";"nan";"7.238392";"43.689676";"000MP"
"2025-49873";"2025-07-07";"1";"Vente";"280000.0";"8.0";"None";"AV DU PETIT FABRON";"4975";"06200";"06088";"Nice";"06";"None";"None";"06088000MP0178";"None";"None";"14";"nan";"59";"59.05";"None";"nan";"None";"None";"None";"None";"2";"3";"Dépendance";"nan";"0.0";"None";"None";"None";"None";"nan";"7.238392";"43.689676";"000MP"
"2025-50559";"2025-07-07";"1";"Vente";"105000.0";"61.0";"None";"BD EDOUARD HERRIOT";"2188";"06200";"06088";"Nice";"06";"None";"None";"06088000MP0038";"None";"None";"27";"nan";"67";"nan";"None";"nan";"None";"None";"None";"None";"2";"3";"Dépendance";"nan";"0.0";"None";"None";"None";"None";"nan";"7.240062";"43.69275";"000MP"
"2025-50110";"2025-07-03";"1";"Vente";"639000.0";"39.0";"None";"AV AIME MARTIN";"0050";"06200";"06088";"Nice";"06";"None";"None";"06088000MP0393";"None";"None";"550";"nan";"582";"nan";"None";"nan";"None";"None";"None";"None";"2";"2";"Appartement";"117.0";"5.0";"None";"None";"None";"None";"nan";"7.239451";"43.691055";"000MP"
"2025-50110";"2025-07-03";"1";"Vente";"639000.0";"39.0";"None";"AV AIME MARTIN";"0050";"06200";"06088";"Nice";"06";"None";"None";"06088000MP0393";"None";"None";"550";"nan";"582";"nan";"None";"nan";"None";"None";"None";"None";"2";"3";"Dépendance";"nan";"0.0";"None";"None";"None";"None";"nan";"7.239451";"43.691055";"000MP"
"2025-50346";"2025-07-03";"1";"Vente";"57500.0";"39.0";"None";"AV AIME MARTIN";"0050";"06200";"06088";"Nice";"06";"None";"None";"06088000MP0393";"None";"None";"353";"nan";"None";"nan";"None";"nan";"None";"None";"None";"None";"1";"3";"Dépendance";"nan";"0.0";"None";"None";"None";"None";"nan";"7.239451";"43.691055";"000MP"
"2025-49753";"2025-07-01";"1";"Vente";"215000.0";"20.0";"None";"BD MAGNAN";"3875";"06200";"06088";"Nice";"06";"None";"None";"06088000MP0043";"None";"None";"122";"54.58";"64";"nan";"None";"nan";"None";"None";"None";"None";"2";"2";"Appartement";"51.0";"2.0";"None";"None";"None";"None";"nan";"7.240931";"43.692943";"000MP"
"2025-50043";"2025-07-01";"1";"Vente";"84700.0";"52.0";"None";"AV DE LA CALIFORNIE";"1045";"06200";"06088";"Nice";"06";"None";"None";"06088000MP0341";"None";"None";"156";"42.24";"None";"nan";"None";"nan";"None";"None";"None";"None";"1";"2";"Appartement";"39.0";"2.0";"None";"None";"None";"None";"nan";"7.240781";"43.68953";"000MP"
"2025-49753";"2025-07-01";"1";"Vente";"215000.0";"20.0";"None";"BD MAGNAN";"3875";"06200";"06088";"Nice";"06";"None";"None";"06088000MP0043";"None";"None";"122";"54.58";"64";"nan";"None";"nan";"None";"None";"None";"None";"2";"3";"Dépendance";"nan";"0.0";"None";"None";"None";"None";"nan";"7.240931";"43.692943";"000MP"
"2025-49571";"2025-06-30";"1";"Vente";"135000.0";"13.0";"None";"AV DE LA CALIFORNIE";"1045";"06200";"06088";"Nice";"06";"None";"None";"06088000MP0264";"None";"None";"19";"nan";"8";"32.69";"None";"nan";"None";"None";"None";"None";"2";"2";"Appartement";"31.0";"1.0";"None";"None";"None";"None";"nan";"7.243971";"43.690636";"000MP"
"2025-49571";"2025-06-30";"1";"Vente";"135000.0";"13.0";"None";"AV DE LA CALIFORNIE";"1045";"06200";"06088";"Nice";"06";"None";"None";"06088000MP0264";"None";"None";"19";"nan";"8";"32.69";"None";"nan";"None";"None";"None";"None";"2";"3";"Dépendance";"nan";"0.0";"None";"None";"None";"None";"nan";"7.243971";"43.690636";"000MP"
"2025-49999";"2025-06-27";"1";"Vente";"388000.0";"54.0";"None";"AV DE LA CALIFORNIE";"1045";"06200";"06088";"Nice";"06";"None";"None";"06088000MP0244";"None";"None";"74";"nan";"None";"nan";"None";"nan";"None";"None";"None";"None";"1";"2";"Appartement";"71.0";"3.0";"None";"None";"None";"None";"nan";"7.240503";"43.689604";"000MP"
"2025-49999";"2025-06-27";"1";"Vente";"388000.0";"54.0";"None";"AV DE LA CALIFORNIE";"1045";"06200";"06088";"Nice";"06";"None";"None";"06088000MP0244";"None";"None";"74";"nan";"None";"nan";"None";"nan";"None";"None";"None";"None";"1";"3";"Dépendance";"nan";"0.0";"None";"None";"None";"None";"nan";"7.240503";"43.689604";"000MP"
"2025-49999";"2025-06-27";"1";"Vente";"388000.0";"54.0";"None";"AV DE LA CALIFORNIE";"1045";"06200";"06088";"Nice";"06";"None";"None";"06088000MP0244";"None";"None";"6";"nan";"None";"nan";"None";"nan";"None";"None";"None";"None";"1";"3";"Dépendance";"nan";"0.0";"None";"None";"None";"None";"nan";"7.240503";"43.689604";"000MP"
"2025-49155";"2025-06-26";"1";"Vente";"141000.0";"19.0";"B";"AV AIME MARTIN";"0050";"06200";"06088";"Nice";"06";"None";"None";"06088000MP0128";"None";"None";"1";"nan";"11";"20.45";"None";"nan";"None";"None";"None";"None";"2";"2";"Appartement";"16.0";"1.0";"None";"None";"None";"None";"nan";"7.242147";"43.692311";"000MP"
"2025-49155";"2025-06-26";"1";"Vente";"141000.0";"19.0";"B";"AV AIME MARTIN";"0050";"06200";"06088";"Nice";"06";"None";"None";"06088000MP0128";"None";"None";"1";"nan";"11";"20.45";"None";"nan";"None";"None";"None";"None";"2";"3";"Dépendance";"nan";"0.0";"None";"None";"None";"None";"nan";"7.242147";"43.692311";"000MP"
"2025-50320";"2025-06-25";"1";"Vente";"195000.0";"46.0";"None";"AV DE LA CALIFORNIE";"1045";"06200";"06088";"Nice";"06";"None";"None";"06088000MP0238";"None";"None";"18";"nan";"226";"66.14";"None";"nan";"None";"None";"None";"None";"2";"2";"Appartement";"69.0";"3.0";"None";"None";"None";"None";"nan";"7.241192";"43.690102";"000MP"
"2025-50320";"2025-06-25";"1";"Vente";"195000.0";"46.0";"None";"AV DE LA CALIFORNIE";"1045";"06200";"06088";"Nice";"06";"None";"None";"06088000MP0238";"None";"None";"18";"nan";"226";"66.14";"None";"nan";"None";"None";"None";"None";"2";"3";"Dépendance";"nan";"0.0";"None";"None";"None";"None";"nan";"7.241192";"43.690102";"000MP"
"2025-50320";"2025-06-25";"1";"Vente";"195000.0";"46.0";"None";"AV DE LA CALIFORNIE";"1045";"06200";"06088";"Nice";"06";"None";"None";"06088000MP0238";"None";"None";"18";"nan";"226";"66.14";"None";"nan";"None";"None";"None";"None";"2";"3";"Dépendance";"nan";"0.0";"None";"None";"None";"None";"nan";"7.241192";"43.690102";"000MP"
"2025-49318";"2025-06-24";"1";"Vente";"215000.0";"11.0";"None";"AV GLORIA";"2955";"06200";"06088";"Nice";"06";"None";"None";"06088000MP0216";"None";"None";"21";"57.79";"None";"nan";"None";"nan";"None";"None";"None";"None";"1";"2";"Appartement";"60.0";"3.0";"None";"None";"None";"None";"nan";"7.243553";"43.691276";"000MP"
"2025-49318";"2025-06-24";"1";"Vente";"215000.0";"11.0";"None";"AV GLORIA";"2955";"06200";"06088";"Nice";"06";"None";"None";"06088000MP0216";"None";"None";"21";"57.79";"None";"nan";"None";"nan";"None";"None";"None";"None";"1";"3";"Dépendance";"nan";"0.0";"None";"None";"None";"None";"nan";"7.243553";"43.691276";"000MP"
"2025-48927";"2025-06-23";"1";"Vente";"474990.0";"39.0";"None";"AV AIME MARTIN";"0050";"06200";"06088";"Nice";"06";"None";"None";"06088000MP0393";"None";"None";"560";"nan";"592";"56.26";"None";"nan";"None";"None";"None";"None";"2";"2";"Appartement";"57.0";"2.0";"None";"None";"None";"None";"nan";"7.239451";"43.691055";"000MP"
"2025-49901";"2025-06-23";"1";"Vente";"420000.0";"39.0";"None";"AV AIME MARTIN";"0050";"06200";"06088";"Nice";"06";"None";"None";"06088000MP0393";"None";"None";"226";"nan";"280";"nan";"None";"nan";"None";"None";"None";"None";"2";"2";"Appartement";"90.0";"4.0";"None";"None";"None";"None";"nan";"7.239451";"43.691055";"000MP"
"2025-48927";"2025-06-23";"1";"Vente";"474990.0";"39.0";"None";"AV AIME MARTIN";"0050";"06200";"06088";"Nice";"06";"None";"None";"06088000MP0393";"None";"None";"560";"nan";"592";"56.26";"None";"nan";"None";"None";"None";"None";"2";"3";"Dépendance";"nan";"0.0";"None";"None";"None";"None";"nan";"7.239451";"43.691055";"000MP"
"2025-48927";"2025-06-23";"1";"Vente";"474990.0";"39.0";"None";"AV AIME MARTIN";"0050";"06200";"06088";"Nice";"06";"None";"None";"06088000MP0393";"None";"None";"560";"nan";"592";"56.26";"None";"nan";"None";"None";"None";"None";"2";"3";"Dépendance";"nan";"0.0";"None";"None";"None";"None";"nan";"7.239451";"43.691055";"000MP"
"2025-49901";"2025-06-23";"1";"Vente";"420000.0";"39.0";"None";"AV AIME MARTIN";"0050";"06200";"06088";"Nice";"06";"None";"None";"06088000MP0393";"None";"None";"226";"nan";"280";"nan";"None";"nan";"None";"None";"None";"None";"2";"3";"Dépendance";"nan";"0.0";"None";"None";"None";"None";"nan";"7.239451";"43.691055";"000MP"
"2025-48699";"2025-06-16";"1";"Vente";"357800.0";"121.0";"None";"PROM DES ANGLAIS";"0240";"06200";"06088";"Nice";"06";"None";"None";"06088000MP0277";"None";"None";"25";"45.72";"None";"nan";"None";"nan";"None";"None";"None";"None";"1";"2";"Appartement";"46.0";"3.0";"None";"None";"None";"None";"nan";"7.244547";"43.690531";"000MP"
"2025-48789";"2025-06-16";"1";"Vente";"154000.0";"50.0";"None";"AV DE LA CALIFORNIE";"1045";"06200";"06088";"Nice";"06";"None";"None";"06088000MP0351";"None";"None";"37";"40.08";"None";"nan";"None";"nan";"None";"None";"None";"None";"1";"2";"Appartement";"52.0";"2.0";"None";"None";"None";"None";"nan";"7.240797";"43.689892";"000MP"
"2025-48878";"2025-06-16";"1";"Vente";"233000.0";"4.0";"None";"AV DU PETIT FABRON";"4975";"06200";"06088";"Nice";"06";"None";"None";"06088000MP0179";"None";"None";"1";"nan";"56";"nan";"None";"nan";"None";"None";"None";"None";"2";"2";"Appartement";"51.0";"2.0";"None";"None";"None";"None";"nan";"7.238898";"43.689994";"000MP"
"2025-49416";"2025-06-16";"1";"Vente";"592870.0";"23.0";"None";"BD MAGNAN";"3875";"06200";"06088";"Nice";"06";"None";"None";"06088000MP0086";"None";"None";"106";"nan";"45";"nan";"None";"nan";"None";"None";"None";"None";"2";"2";"Appartement";"107.0";"3.0";"None";"None";"None";"None";"nan";"7.240812";"43.692554";"000MP"
"2025-49581";"2025-06-16";"1";"Vente";"220000.0";"71.0";"None";"BD EDOUARD HERRIOT";"2188";"06200";"06088";"Nice";"06";"None";"None";"06088000MP0301";"None";"None";"20";"nan";"38";"56.02";"None";"nan";"None";"None";"None";"None";"2";"2";"Appartement";"54.0";"2.0";"None";"None";"None";"None";"nan";"7.238842";"43.692155";"000MP"
"2025-48878";"2025-06-16";"1";"Vente";"233000.0";"4.0";"None";"AV DU PETIT FABRON";"4975";"06200";"06088";"Nice";"06";"None";"None";"06088000MP0179";"None";"None";"1";"nan";"56";"nan";"None";"nan";"None";"None";"None";"None";"2";"3";"Dépendance";"nan";"0.0";"None";"None";"None";"None";"nan";"7.238898";"43.689994";"000MP"
"2025-48878";"2025-06-16";"1";"Vente";"233000.0";"4.0";"None";"AV DU PETIT FABRON";"4975";"06200";"06088";"Nice";"06";"None";"None";"06088000MP0179";"None";"None";"28";"nan";"None";"nan";"None";"nan";"None";"None";"None";"None";"1";"3";"Dépendance";"nan";"0.0";"None";"None";"None";"None";"nan";"7.238898";"43.689994";"000MP"
"2025-49416";"2025-06-16";"1";"Vente";"592870.0";"23.0";"None";"BD MAGNAN";"3875";"06200";"06088";"Nice";"06";"None";"None";"06088000MP0086";"None";"None";"106";"nan";"45";"nan";"None";"nan";"None";"None";"None";"None";"2";"3";"Dépendance";"nan";"0.0";"None";"None";"None";"None";"nan";"7.240812";"43.692554";"000MP"
"2025-49416";"2025-06-16";"1";"Vente";"592870.0";"23.0";"None";"BD MAGNAN";"3875";"06200";"06088";"Nice";"06";"None";"None";"06088000MP0086";"None";"None";"16";"nan";"None";"nan";"None";"nan";"None";"None";"None";"None";"1";"3";"Dépendance";"nan";"0.0";"None";"None";"None";"None";"nan";"7.240812";"43.692554";"000MP"
"2025-49581";"2025-06-16";"1";"Vente";"220000.0";"71.0";"None";"BD EDOUARD HERRIOT";"2188";"06200";"06088";"Nice";"06";"None";"None";"06088000MP0301";"None";"None";"20";"nan";"38";"56.02";"None";"nan";"None";"None";"None";"None";"2";"3";"Dépendance";"nan";"0.0";"None";"None";"None";"None";"nan";"7.238842";"43.692155";"000MP"
"2025-49126";"2025-06-12";"1";"Vente";"50000.0";"36.0";"None";"AV DE LA CALIFORNIE";"1045";"06200";"06088";"Nice";"06";"None";"None";"06088000MP0476";"None";"None";"68";"nan";"None";"nan";"None";"nan";"None";"None";"None";"None";"1";"3";"Dépendance";"nan";"0.0";"None";"None";"None";"None";"nan";"7.241609";"43.690264";"000MP"
"2025-48903";"2025-06-10";"1";"Vente";"27000.0";"18.0";"None";"BD MAGNAN";"3875";"06200";"06088";"Nice";"06";"None";"None";"06088000MP0497";"None";"None";"6";"nan";"None";"nan";"None";"nan";"None";"None";"None";"None";"1";"3";"Dépendance";"nan";"0.0";"None";"None";"None";"None";"nan";"7.241279";"43.692951";"000MP"
"2025-48882";"2025-06-06";"1";"Vente";"100000.0";"6.0";"T";"AV GLORIA";"2955";"06200";"06088";"Nice";"06";"None";"None";"06088000MP0186";"None";"None";"18";"17.34";"None";"nan";"None";"nan";"None";"None";"None";"None";"1";"2";"Appartement";"22.0";"1.0";"None";"None";"None";"None";"nan";"7.243504";"43.691714";"000MP"
"2025-48182";"2025-06-04";"1";"Vente";"120000.0";"1.0";"None";"IMP AMARO";"0157";"06200";"06088";"Nice";"06";"None";"None";"06088000MP0228";"None";"None";"135";"19.35";"None";"nan";"None";"nan";"None";"None";"None";"None";"1";"2";"Appartement";"19.0";"1.0";"None";"None";"None";"None";"nan";"7.242418";"43.690722";"000MP"
"2025-48241";"2025-06-04";"1";"Vente";"147000.0";"52.0";"None";"AV DE LA CALIFORNIE";"1045";"06200";"06088";"Nice";"06";"None";"None";"06088000MP0487";"None";"None";"72";"22.25";"None";"nan";"None";"nan";"None";"None";"None";"None";"1";"2";"Appartement";"22.0";"2.0";"None";"None";"None";"None";"nan";"7.240755";"43.689691";"000MP"
"2025-48402";"2025-06-04";"1";"Vente";"45000.0";"39.0";"None";"AV AIME MARTIN";"0050";"06200";"06088";"Nice";"06";"None";"None";"06088000MP0393";"None";"None";"542";"nan";"None";"nan";"None";"nan";"None";"None";"None";"None";"1";"3";"Dépendance";"nan";"0.0";"None";"None";"None";"None";"nan";"7.239451";"43.691055";"000MP"
"2025-48859";"2025-05-28";"1";"Vente";"479000.0";"39.0";"None";"AV AIME MARTIN";"0050";"06200";"06088";"Nice";"06";"None";"None";"06088000MP0393";"None";"None";"625";"56.07";"None";"nan";"None";"nan";"None";"None";"None";"None";"1";"2";"Appartement";"53.0";"2.0";"None";"None";"None";"None";"nan";"7.239451";"43.691055";"000MP"
"2025-48658";"2025-05-28";"1";"Vente";"46000.0";"39.0";"None";"AV AIME MARTIN";"0050";"06200";"06088";"Nice";"06";"None";"None";"06088000MP0393";"None";"None";"527";"nan";"None";"nan";"None";"nan";"None";"None";"None";"None";"1";"3";"Dépendance";"nan";"0.0";"None";"None";"None";"None";"nan";"7.239451";"43.691055";"000MP"
"2025-48859";"2025-05-28";"1";"Vente";"479000.0";"39.0";"None";"AV AIME MARTIN";"0050";"06200";"06088";"Nice";"06";"None";"None";"06088000MP0393";"None";"None";"625";"56.07";"None";"nan";"None";"nan";"None";"None";"None";"None";"1";"3";"Dépendance";"nan";"0.0";"None";"None";"None";"None";"nan";"7.239451";"43.691055";"000MP"
"2025-48328";"2025-05-27";"1";"Vente";"293100.0";"4.0";"None";"AV DE LA CALIFORNIE";"1045";"06200";"06088";"Nice";"06";"None";"None";"06088000MP0491";"None";"None";"357";"43.45";"None";"nan";"None";"nan";"None";"None";"None";"None";"1";"2";"Appartement";"43.0";"2.0";"None";"None";"None";"None";"nan";"7.244066";"43.691389";"000MP"
"2025-48328";"2025-05-27";"1";"Vente";"293100.0";"2.0";"None";"RUE CORDERIE";"1690";"06200";"06088";"Nice";"06";"None";"None";"06088000MP0491";"None";"None";"103";"nan";"None";"nan";"None";"nan";"None";"None";"None";"None";"1";"3";"Dépendance";"nan";"0.0";"None";"None";"None";"None";"nan";"7.244066";"43.691389";"000MP"
"2025-47985";"2025-05-21";"1";"Vente";"243000.0";"3.0";"None";"AV GLORIA";"2955";"06200";"06088";"Nice";"06";"None";"None";"06088000MP0491";"None";"None";"330";"32.7";"None";"nan";"None";"nan";"None";"None";"None";"None";"1";"2";"Appartement";"32.0";"2.0";"None";"None";"None";"None";"nan";"7.244066";"43.691389";"000MP"
"2025-48271";"2025-05-21";"1";"Vente";"200000.0";"48.0";"None";"AV DE LA CALIFORNIE";"1045";"06200";"06088";"Nice";"06";"None";"None";"06088000MP0352";"None";"None";"28";"nan";"None";"nan";"None";"nan";"None";"None";"None";"None";"1";"2";"Appartement";"62.0";"2.0";"None";"None";"None";"None";"nan";"7.240953";"43.690008";"000MP"
"2025-47985";"2025-05-21";"1";"Vente";"243000.0";"2.0";"None";"RUE CORDERIE";"1690";"06200";"06088";"Nice";"06";"None";"None";"06088000MP0491";"None";"None";"38";"nan";"None";"nan";"None";"nan";"None";"None";"None";"None";"1";"3";"Dépendance";"nan";"0.0";"None";"None";"None";"None";"nan";"7.244066";"43.691389";"000MP"
"2025-47647";"2025-05-15";"1";"Vente";"132000.0";"50.0";"None";"AV DE LA CALIFORNIE";"1045";"06200";"06088";"Nice";"06";"None";"None";"06088000MP0351";"None";"None";"39";"40.76";"None";"nan";"None";"nan";"None";"None";"None";"None";"1";"2";"Appartement";"55.0";"2.0";"None";"None";"None";"None";"nan";"7.240797";"43.689892";"000MP"
"2025-47589";"2025-05-14";"1";"Vente";"32000.0";"20.0";"None";"BD MAGNAN";"3875";"06200";"06088";"Nice";"06";"None";"None";"06088000MP0043";"None";"None";"39";"nan";"None";"nan";"None";"nan";"None";"None";"None";"None";"1";"3";"Dépendance";"nan";"0.0";"None";"None";"None";"None";"nan";"7.240931";"43.692943";"000MP"
"2025-46877";"2025-04-30";"1";"Vente";"145000.0";"30.0";"None";"AV DE LA CALIFORNIE";"1045";"06200";"06088";"Nice";"06";"None";"None";"06088000MP0377";"None";"None";"172";"nan";"265";"20.29";"None";"nan";"None";"None";"None";"None";"2";"2";"Appartement";"20.0";"1.0";"None";"None";"None";"None";"nan";"7.241991";"43.69075";"000MP"
"2025-46877";"2025-04-30";"1";"Vente";"145000.0";"30.0";"None";"AV DE LA CALIFORNIE";"1045";"06200";"06088";"Nice";"06";"None";"None";"06088000MP0377";"None";"None";"172";"nan";"265";"20.29";"None";"nan";"None";"None";"None";"None";"2";"3";"Dépendance";"nan";"0.0";"None";"None";"None";"None";"nan";"7.241991";"43.69075";"000MP"
"2025-47186";"2025-04-29";"1";"Vente";"534000.0";"4.0";"None";"AV DE LA CALIFORNIE";"1045";"06200";"06088";"Nice";"06";"None";"None";"06088000MP0491";"None";"None";"372";"72.07";"None";"nan";"None";"nan";"None";"None";"None";"None";"1";"2";"Appartement";"72.0";"3.0";"None";"None";"None";"None";"nan";"7.244066";"43.691389";"000MP"
"2025-47186";"2025-04-29";"1";"Vente";"534000.0";"2.0";"None";"RUE CORDERIE";"1690";"06200";"06088";"Nice";"06";"None";"None";"06088000MP0491";"None";"None";"23";"nan";"None";"nan";"None";"nan";"None";"None";"None";"None";"1";"3";"Dépendance";"nan";"0.0";"None";"None";"None";"None";"nan";"7.244066";"43.691389";"000MP"
"2025-47610";"2025-04-28";"1";"Vente";"520000.0";"39.0";"B";"AV AIME MARTIN";"0050";"06200";"06088";"Nice";"06";"None";"None";"06088000MP0374";"None";"None";"432";"nan";"456";"102.44";"None";"nan";"None";"None";"None";"None";"2";"2";"Appartement";"103.0";"4.0";"None";"None";"None";"None";"nan";"7.238435";"43.69078";"000MP"
"2025-47610";"2025-04-28";"1";"Vente";"520000.0";"39.0";"B";"AV AIME MARTIN";"0050";"06200";"06088";"Nice";"06";"None";"None";"06088000MP0374";"None";"None";"405";"nan";"None";"nan";"None";"nan";"None";"None";"None";"None";"1";"3";"Dépendance";"nan";"0.0";"None";"None";"None";"None";"nan";"7.238435";"43.69078";"000MP"
"2025-47610";"2025-04-28";"1";"Vente";"520000.0";"39.0";"B";"AV AIME MARTIN";"0050";"06200";"06088";"Nice";"06";"None";"None";"06088000MP0374";"None";"None";"432";"nan";"456";"102.44";"None";"nan";"None";"None";"None";"None";"2";"3";"Dépendance";"nan";"0.0";"None";"None";"None";"None";"nan";"7.238435";"43.69078";"000MP"
"2025-46835";"2025-04-23";"1";"Vente";"143500.0";"4.0";"None";"AV DU PETIT FABRON";"4975";"06200";"06088";"Nice";"06";"None";"None";"06088000MP0179";"None";"None";"66";"nan";"None";"nan";"None";"nan";"None";"None";"None";"None";"1";"2";"Appartement";"31.0";"1.0";"None";"None";"None";"None";"nan";"7.238898";"43.689994";"000MP"
"2025-46835";"2025-04-23";"1";"Vente";"143500.0";"4.0";"None";"AV DU PETIT FABRON";"4975";"06200";"06088";"Nice";"06";"None";"None";"06088000MP0179";"None";"None";"66";"nan";"None";"nan";"None";"nan";"None";"None";"None";"None";"1";"3";"Dépendance";"nan";"0.0";"None";"None";"None";"None";"nan";"7.238898";"43.689994";"000MP"
"2025-47489";"2025-04-23";"1";"Vente";"250000.0";"73.0";"None";"BD EDOUARD HERRIOT";"2188";"06200";"06088";"Nice";"06";"None";"None";"06088000MP0159";"None";"None";"199";"68.66";"None";"nan";"None";"nan";"None";"None";"None";"None";"1";"4";"Local industriel. commercial ou assimilé";"60.0";"0.0";"None";"None";"None";"None";"nan";"7.238503";"43.691826";"000MP"
"2025-46417";"2025-04-22";"1";"Vente";"187540.0";"15.0";"None";"AV DE LA CALIFORNIE";"1045";"06200";"06088";"Nice";"06";"None";"None";"06088000MP0263";"None";"None";"45";"nan";"7";"nan";"None";"nan";"None";"None";"None";"None";"2";"2";"Appartement";"40.0";"1.0";"None";"None";"None";"None";"nan";"7.24374";"43.690585";"000MP"
"2025-46222";"2025-04-17";"1";"Vente";"220000.0";"121.0";"None";"PROM DES ANGLAIS";"0240";"06200";"06088";"Nice";"06";"None";"None";"06088000MP0277";"None";"None";"3";"37.2";"None";"nan";"None";"nan";"None";"None";"None";"None";"1";"2";"Appartement";"37.0";"2.0";"None";"None";"None";"None";"nan";"7.244547";"43.690531";"000MP"
"2025-46222";"2025-04-17";"1";"Vente";"220000.0";"121.0";"None";"PROM DES ANGLAIS";"0240";"06200";"06088";"Nice";"06";"None";"None";"06088000MP0277";"None";"None";"14";"nan";"None";"nan";"None";"nan";"None";"None";"None";"None";"1";"3";"Dépendance";"nan";"0.0";"None";"None";"None";"None";"nan";"7.244547";"43.690531";"000MP"
"2025-46331";"2025-04-15";"1";"Vente";"495000.0";"93.0";"None";"BD EDOUARD HERRIOT";"2188";"06200";"06088";"Nice";"06";"None";"None";"06088000MP0167";"None";"None";"119";"nan";"168";"91.12";"None";"nan";"None";"None";"None";"None";"2";"2";"Appartement";"90.0";"3.0";"None";"None";"None";"None";"nan";"7.237443";"43.690451";"000MP"
"2025-46331";"2025-04-15";"1";"Vente";"495000.0";"93.0";"None";"BD EDOUARD HERRIOT";"2188";"06200";"06088";"Nice";"06";"None";"None";"06088000MP0167";"None";"None";"119";"nan";"168";"91.12";"None";"nan";"None";"None";"None";"None";"2";"3";"Dépendance";"nan";"0.0";"None";"None";"None";"None";"nan";"7.237443";"43.690451";"000MP"
"2025-46331";"2025-04-15";"1";"Vente";"495000.0";"93.0";"None";"BD EDOUARD HERRIOT";"2188";"06200";"06088";"Nice";"06";"None";"None";"06088000MP0167";"None";"None";"119";"nan";"168";"91.12";"None";"nan";"None";"None";"None";"None";"2";"3";"Dépendance";"nan";"0.0";"None";"None";"None";"None";"nan";"7.237443";"43.690451";"000MP"
"2025-46325";"2025-04-11";"1";"Vente";"1000000.0";"35.0";"None";"AV DE LA CALIFORNIE";"1045";"06200";"06088";"Nice";"06";"None";"None";"06088000MP0257";"None";"None";"57";"123.57";"None";"nan";"None";"nan";"None";"None";"None";"None";"1";"2";"Appartement";"146.0";"5.0";"None";"None";"None";"None";"nan";"7.242788";"43.690095";"000MP"
"2025-46325";"2025-04-11";"1";"Vente";"1000000.0";"35.0";"None";"AV DE LA CALIFORNIE";"1045";"06200";"06088";"Nice";"06";"None";"None";"06088000MP0257";"None";"None";"57";"123.57";"None";"nan";"None";"nan";"None";"None";"None";"None";"1";"3";"Dépendance";"nan";"0.0";"None";"None";"None";"None";"nan";"7.242788";"43.690095";"000MP"
"2025-46217";"2025-04-08";"1";"Vente";"143000.0";"7.0";"None";"AV GLORIA";"2955";"06200";"06088";"Nice";"06";"None";"None";"06088000MP0491";"None";"None";"273";"23.77";"None";"nan";"None";"nan";"None";"None";"None";"None";"1";"2";"Appartement";"24.0";"1.0";"None";"None";"None";"None";"nan";"7.244066";"43.691389";"000MP"
"2025-46034";"2025-04-04";"1";"Vente";"245000.0";"1.0";"None";"IMP AMARO";"0157";"06200";"06088";"Nice";"06";"None";"None";"06088000MP0228";"None";"None";"146";"42.03";"None";"nan";"None";"nan";"None";"None";"None";"None";"1";"2";"Appartement";"42.0";"2.0";"None";"None";"None";"None";"nan";"7.242418";"43.690722";"000MP"
"2025-46134";"2025-04-04";"1";"Vente";"325000.0";"54.0";"None";"AV DE LA CALIFORNIE";"1045";"06200";"06088";"Nice";"06";"None";"None";"06088000MP0244";"None";"None";"93";"68.97";"None";"nan";"None";"nan";"None";"None";"None";"None";"1";"2";"Appartement";"71.0";"3.0";"None";"None";"None";"None";"nan";"7.240503";"43.689604";"000MP"
"2025-46034";"2025-04-04";"1";"Vente";"245000.0";"1.0";"None";"IMP AMARO";"0157";"06200";"06088";"Nice";"06";"None";"None";"06088000MP0228";"None";"None";"63";"nan";"None";"nan";"None";"nan";"None";"None";"None";"None";"1";"3";"Dépendance";"nan";"0.0";"None";"None";"None";"None";"nan";"7.242418";"43.690722";"000MP"
"2025-46028";"2025-04-03";"1";"Vente";"129000.0";"9.0";"None";"RUE SAINT HONORE";"5770";"06200";"06088";"Nice";"06";"None";"None";"06088000MP0044";"None";"None";"2";"19.15";"None";"nan";"None";"nan";"None";"None";"None";"None";"1";"2";"Appartement";"18.0";"1.0";"None";"None";"None";"None";"nan";"7.241256";"43.693093";"000MP"
"2025-45624";"2025-04-01";"1";"Vente";"161000.0";"52.0";"None";"AV DE LA CALIFORNIE";"1045";"06200";"06088";"Nice";"06";"None";"None";"06088000MP0487";"None";"None";"103";"24.08";"None";"nan";"None";"nan";"None";"None";"None";"None";"1";"2";"Appartement";"22.0";"1.0";"None";"None";"None";"None";"nan";"7.240755";"43.689691";"000MP"
"2025-45628";"2025-04-01";"1";"Vente";"126000.0";"24.0";"None";"AV DE LA CALIFORNIE";"1045";"06200";"06088";"Nice";"06";"None";"None";"06088000MP0482";"None";"None";"299";"20.07";"None";"nan";"None";"nan";"None";"None";"None";"None";"1";"2";"Appartement";"21.0";"1.0";"None";"None";"None";"None";"nan";"7.24279";"43.691002";"000MP"
"2025-46025";"2025-04-01";"1";"Vente";"450000.0";"127.0";"None";"PROM DES ANGLAIS";"0240";"06200";"06088";"Nice";"06";"None";"None";"06088000MP0280";"None";"None";"26";"nan";"53";"nan";"None";"nan";"None";"None";"None";"None";"2";"2";"Appartement";"50.0";"1.0";"None";"None";"None";"None";"nan";"7.243919";"43.690363";"000MP"
"2025-45624";"2025-04-01";"1";"Vente";"161000.0";"52.0";"None";"AV DE LA CALIFORNIE";"1045";"06200";"06088";"Nice";"06";"None";"None";"06088000MP0487";"None";"None";"18";"nan";"None";"nan";"None";"nan";"None";"None";"None";"None";"1";"3";"Dépendance";"nan";"0.0";"None";"None";"None";"None";"nan";"7.240755";"43.689691";"000MP"
"2025-46025";"2025-04-01";"1";"Vente";"450000.0";"127.0";"None";"PROM DES ANGLAIS";"0240";"06200";"06088";"Nice";"06";"None";"None";"06088000MP0280";"None";"None";"26";"nan";"53";"nan";"None";"nan";"None";"None";"None";"None";"2";"3";"Dépendance";"nan";"0.0";"None";"None";"None";"None";"nan";"7.243919";"43.690363";"000MP"
"2025-46126";"2025-03-31";"1";"Vente";"161000.0";"17.0";"None";"BD CARLONE";"1140";"06200";"06088";"Nice";"06";"None";"None";"06088000MP0057";"None";"None";"1";"nan";"78";"34.8";"None";"nan";"None";"None";"None";"None";"2";"2";"Appartement";"36.0";"1.0";"None";"None";"None";"None";"nan";"7.241667";"43.693494";"000MP"
"2025-46126";"2025-03-31";"1";"Vente";"161000.0";"17.0";"None";"BD CARLONE";"1140";"06200";"06088";"Nice";"06";"None";"None";"06088000MP0057";"None";"None";"1";"nan";"78";"34.8";"None";"nan";"None";"None";"None";"None";"2";"3";"Dépendance";"nan";"0.0";"None";"None";"None";"None";"nan";"7.241667";"43.693494";"000MP"
"2025-45477";"2025-03-27";"1";"Vente";"176730.0";"7.0";"None";"BD CARLONE";"1140";"06200";"06088";"Nice";"06";"None";"None";"06088000MP0063";"None";"None";"13";"nan";"None";"nan";"None";"nan";"None";"None";"None";"None";"1";"2";"Appartement";"72.0";"4.0";"None";"None";"None";"None";"nan";"7.242355";"43.693418";"000MP"
"2025-45560";"2025-03-25";"1";"Vente";"363000.0";"121.0";"None";"PROM DES ANGLAIS";"0240";"06200";"06088";"Nice";"06";"None";"None";"06088000MP0277";"None";"None";"24";"33.36";"None";"nan";"None";"nan";"None";"None";"None";"None";"1";"2";"Appartement";"33.0";"2.0";"None";"None";"None";"None";"nan";"7.244547";"43.690531";"000MP"
"2025-45560";"2025-03-25";"1";"Vente";"363000.0";"121.0";"None";"PROM DES ANGLAIS";"0240";"06200";"06088";"Nice";"06";"None";"None";"06088000MP0277";"None";"None";"24";"33.36";"None";"nan";"None";"nan";"None";"None";"None";"None";"1";"2";"Appartement";"46.0";"3.0";"None";"None";"None";"None";"nan";"7.244547";"43.690531";"000MP"
"2025-45333";"2025-03-19";"1";"Vente";"174000.0";"115.0";"None";"PROM DES ANGLAIS";"0240";"06200";"06088";"Nice";"06";"None";"None";"06088000MP0274";"None";"None";"107";"21.52";"None";"nan";"None";"nan";"None";"None";"None";"None";"1";"2";"Appartement";"20.0";"1.0";"None";"None";"None";"None";"nan";"7.244868";"43.690792";"000MP"
"2025-45317";"2025-03-18";"1";"Vente";"126000.0";"54.0";"None";"AV DE LA CALIFORNIE";"1045";"06200";"06088";"Nice";"06";"None";"None";"06088000MP0244";"None";"None";"98";"69.55";"None";"nan";"None";"nan";"None";"None";"None";"None";"1";"2";"Appartement";"70.0";"3.0";"None";"None";"None";"None";"nan";"7.240503";"43.689604";"000MP"
"2025-45586";"2025-03-17";"1";"Vente";"140000.0";"15.0";"None";"BD CARLONE";"1140";"06200";"06088";"Nice";"06";"None";"None";"06088000MP0058";"None";"None";"110";"nan";"None";"nan";"None";"nan";"None";"None";"None";"None";"1";"2";"Appartement";"41.0";"2.0";"None";"None";"None";"None";"nan";"7.241787";"43.693554";"000MP"
"2025-44995";"2025-03-12";"1";"Vente";"101500.0";"23.0";"None";"AV DE LA CALIFORNIE";"1045";"06200";"06088";"Nice";"06";"None";"None";"06088000MP0484";"None";"None";"106";"nan";"21";"nan";"None";"nan";"None";"None";"None";"None";"2";"2";"Appartement";"25.0";"1.0";"None";"None";"None";"None";"nan";"7.242935";"43.690305";"000MP"
"2025-44995";"2025-03-12";"1";"Vente";"101500.0";"23.0";"None";"AV DE LA CALIFORNIE";"1045";"06200";"06088";"Nice";"06";"None";"None";"06088000MP0484";"None";"None";"106";"nan";"21";"nan";"None";"nan";"None";"None";"None";"None";"2";"3";"Dépendance";"nan";"0.0";"None";"None";"None";"None";"nan";"7.242935";"43.690305";"000MP"
"2025-44607";"2025-03-11";"1";"Vente";"162293.0";"7.0";"None";"BD CARLONE";"1140";"06200";"06088";"Nice";"06";"None";"None";"06088000MP0063";"None";"None";"11";"nan";"None";"nan";"None";"nan";"None";"None";"None";"None";"1";"2";"Appartement";"60.0";"3.0";"None";"None";"None";"None";"nan";"7.242355";"43.693418";"000MP"
"2025-44691";"2025-03-11";"1";"Vente";"175000.0";"17.0";"None";"AV DE LA CALIFORNIE";"1045";"06200";"06088";"Nice";"06";"None";"None";"06088000MP0262";"None";"None";"69";"20.35";"None";"nan";"None";"nan";"None";"None";"None";"None";"1";"2";"Appartement";"21.0";"1.0";"None";"None";"None";"None";"nan";"7.243473";"43.690503";"000MP"
"2025-45160";"2025-03-07";"1";"Vente";"213000.0";"143.0";"None";"PROM DES ANGLAIS";"0240";"06200";"06088";"Nice";"06";"None";"None";"06088000MP0293";"None";"None";"35";"nan";"71";"38.04";"None";"nan";"None";"None";"None";"None";"2";"2";"Appartement";"40.0";"1.0";"None";"None";"None";"None";"nan";"7.242594";"43.689703";"000MP"
"2025-45160";"2025-03-07";"1";"Vente";"213000.0";"143.0";"None";"PROM DES ANGLAIS";"0240";"06200";"06088";"Nice";"06";"None";"None";"06088000MP0293";"None";"None";"35";"nan";"71";"38.04";"None";"nan";"None";"None";"None";"None";"2";"3";"Dépendance";"nan";"0.0";"None";"None";"None";"None";"nan";"7.242594";"43.689703";"000MP"
"2025-44596";"2025-03-06";"1";"Vente";"286000.0";"20.0";"B";"AV MONT RABEAU";"4390";"06200";"06088";"Nice";"06";"None";"None";"06088000MP0167";"None";"None";"1001";"60.09";"926";"nan";"None";"nan";"None";"None";"None";"None";"2";"2";"Appartement";"62.0";"2.0";"None";"None";"None";"None";"nan";"7.237443";"43.690451";"000MP"
"2025-44596";"2025-03-06";"1";"Vente";"286000.0";"20.0";"B";"AV MONT RABEAU";"4390";"06200";"06088";"Nice";"06";"None";"None";"06088000MP0167";"None";"None";"1001";"60.09";"926";"nan";"None";"nan";"None";"None";"None";"None";"2";"3";"Dépendance";"nan";"0.0";"None";"None";"None";"None";"nan";"7.237443";"43.690451";"000MP"
"2025-44366";"2025-03-05";"1";"Vente";"258000.0";"26.0";"None";"AV DE LA CALIFORNIE";"1045";"06200";"06088";"Nice";"06";"None";"None";"06088000MP0379";"None";"None";"56";"nan";"85";"60.67";"None";"nan";"None";"None";"None";"None";"2";"2";"Appartement";"68.0";"2.0";"None";"None";"None";"None";"nan";"7.242407";"43.690616";"000MP"
"2025-44366";"2025-03-05";"1";"Vente";"258000.0";"26.0";"None";"AV DE LA CALIFORNIE";"1045";"06200";"06088";"Nice";"06";"None";"None";"06088000MP0379";"None";"None";"56";"nan";"85";"60.67";"None";"nan";"None";"None";"None";"None";"2";"3";"Dépendance";"nan";"0.0";"None";"None";"None";"None";"nan";"7.242407";"43.690616";"000MP"
"2025-44189";"2025-03-03";"1";"Vente";"45000.0";"2.0";"None";"RUE CORDERIE";"1690";"06200";"06088";"Nice";"06";"None";"None";"06088000MP0491";"None";"None";"197";"nan";"None";"nan";"None";"nan";"None";"None";"None";"None";"1";"3";"Dépendance";"nan";"0.0";"None";"None";"None";"None";"nan";"7.244066";"43.691389";"000MP"
"2025-43997";"2025-02-28";"1";"Vente";"135000.0";"52.0";"None";"AV DE LA CALIFORNIE";"1045";"06200";"06088";"Nice";"06";"None";"None";"06088000MP0487";"None";"None";"94";"23.46";"None";"nan";"None";"nan";"None";"None";"None";"None";"1";"2";"Appartement";"22.0";"1.0";"None";"None";"None";"None";"nan";"7.240755";"43.689691";"000MP"
"2025-44100";"2025-02-27";"1";"Vente";"129000.0";"93.0";"None";"BD EDOUARD HERRIOT";"2188";"06200";"06088";"Nice";"06";"None";"None";"06088000MP0167";"None";"None";"490";"nan";"506";"nan";"545";"84.84";"None";"None";"None";"None";"3";"2";"Appartement";"82.0";"3.0";"None";"None";"None";"None";"nan";"7.237443";"43.690451";"000MP"
"2025-44100";"2025-02-27";"1";"Vente";"129000.0";"93.0";"None";"BD EDOUARD HERRIOT";"2188";"06200";"06088";"Nice";"06";"None";"None";"06088000MP0167";"None";"None";"490";"nan";"506";"nan";"545";"84.84";"None";"None";"None";"None";"3";"3";"Dépendance";"nan";"0.0";"None";"None";"None";"None";"nan";"7.237443";"43.690451";"000MP"
"2025-44100";"2025-02-27";"1";"Vente";"129000.0";"93.0";"None";"BD EDOUARD HERRIOT";"2188";"06200";"06088";"Nice";"06";"None";"None";"06088000MP0167";"None";"None";"490";"nan";"506";"nan";"545";"84.84";"None";"None";"None";"None";"3";"3";"Dépendance";"nan";"0.0";"None";"None";"None";"None";"nan";"7.237443";"43.690451";"000MP"
"2025-44544";"2025-02-25";"1";"Vente";"260000.0";"17.0";"None";"BD CARLONE";"1140";"06200";"06088";"Nice";"06";"None";"None";"06088000MP0057";"None";"None";"11";"nan";"64";"nan";"None";"nan";"None";"None";"None";"None";"2";"2";"Appartement";"31.0";"1.0";"None";"None";"None";"None";"nan";"7.241667";"43.693494";"000MP"
"2025-44544";"2025-02-25";"1";"Vente";"260000.0";"17.0";"None";"BD CARLONE";"1140";"06200";"06088";"Nice";"06";"None";"None";"06088000MP0057";"None";"None";"25";"nan";"70";"nan";"None";"nan";"None";"None";"None";"None";"2";"2";"Appartement";"51.0";"2.0";"None";"None";"None";"None";"nan";"7.241667";"43.693494";"000MP"
"2025-44544";"2025-02-25";"1";"Vente";"260000.0";"17.0";"None";"BD CARLONE";"1140";"06200";"06088";"Nice";"06";"None";"None";"06088000MP0057";"None";"None";"11";"nan";"64";"nan";"None";"nan";"None";"None";"None";"None";"2";"3";"Dépendance";"nan";"0.0";"None";"None";"None";"None";"nan";"7.241667";"43.693494";"000MP"
"2025-44544";"2025-02-25";"1";"Vente";"260000.0";"17.0";"None";"BD CARLONE";"1140";"06200";"06088";"Nice";"06";"None";"None";"06088000MP0057";"None";"None";"25";"nan";"70";"nan";"None";"nan";"None";"None";"None";"None";"2";"3";"Dépendance";"nan";"0.0";"None";"None";"None";"None";"nan";"7.241667";"43.693494";"000MP"
"2025-44012";"2025-02-24";"1";"Vente";"527606.0";"6.0";"None";"AV DU PETIT FABRON";"4975";"06200";"06088";"Nice";"06";"None";"None";"06088000MP0427";"None";"None";"32";"nan";"52";"93.28";"None";"nan";"None";"None";"None";"None";"2";"2";"Appartement";"82.0";"3.0";"None";"None";"None";"None";"nan";"7.239484";"43.690313";"000MP"
"2025-44012";"2025-02-24";"1";"Vente";"527606.0";"6.0";"None";"AV DU PETIT FABRON";"4975";"06200";"06088";"Nice";"06";"None";"None";"06088000MP0427";"None";"None";"32";"nan";"52";"93.28";"None";"nan";"None";"None";"None";"None";"2";"3";"Dépendance";"nan";"0.0";"None";"None";"None";"None";"nan";"7.239484";"43.690313";"000MP"
"2025-44012";"2025-02-24";"1";"Vente";"527606.0";"6.0";"None";"AV DU PETIT FABRON";"4975";"06200";"06088";"Nice";"06";"None";"None";"06088000MP0427";"None";"None";"68";"nan";"None";"nan";"None";"nan";"None";"None";"None";"None";"1";"3";"Dépendance";"nan";"0.0";"None";"None";"None";"None";"nan";"7.239484";"43.690313";"000MP"
"2025-43634";"2025-02-19";"1";"Vente";"136000.0";"9.0";"None";"RUE SAINT HONORE";"5770";"06200";"06088";"Nice";"06";"None";"None";"06088000MP0044";"None";"None";"5";"23.01";"None";"nan";"None";"nan";"None";"None";"None";"None";"1";"2";"Appartement";"20.0";"1.0";"None";"None";"None";"None";"nan";"7.241256";"43.693093";"000MP"
"2025-44386";"2025-02-19";"1";"Vente";"198000.0";"47.0";"None";"BD CARLONE";"1140";"06200";"06088";"Nice";"06";"None";"None";"06088000MP0011";"None";"None";"33";"9.42";"36";"24.85";"37";"61.0";"None";"None";"None";"None";"3";"4";"Local industriel. commercial ou assimilé";"30.0";"0.0";"None";"None";"None";"None";"nan";"7.239083";"43.693569";"000MP"
"2025-43680";"2025-02-17";"1";"Vente";"175490.0";"31.0";"None";"BD CARLONE";"1140";"06200";"06088";"Nice";"06";"None";"None";"06088000MP0020";"None";"None";"106";"nan";"112";"40.02";"None";"nan";"None";"None";"None";"None";"2";"2";"Appartement";"40.0";"2.0";"None";"None";"None";"None";"nan";"7.240313";"43.693373";"000MP"
"2025-44496";"2025-02-17";"1";"Vente";"200000.0";"6.0";"None";"AV DU PETIT FABRON";"4975";"06200";"06088";"Nice";"06";"None";"None";"06088000MP0427";"None";"None";"125";"50.91";"None";"nan";"None";"nan";"None";"None";"None";"None";"1";"2";"Appartement";"50.0";"2.0";"None";"None";"None";"None";"nan";"7.239484";"43.690313";"000MP"
"2025-44496";"2025-02-17";"1";"Vente";"200000.0";"6.0";"None";"AV DU PETIT FABRON";"4975";"06200";"06088";"Nice";"06";"None";"None";"06088000MP0427";"None";"None";"90";"nan";"None";"nan";"None";"nan";"None";"None";"None";"None";"1";"3";"Dépendance";"nan";"0.0";"None";"None";"None";"None";"nan";"7.239484";"43.690313";"000MP"
"2025-43899";"2025-02-12";"1";"Vente";"190000.0";"49.0";"None";"AV DE LA CALIFORNIE";"1045";"06200";"06088";"Nice";"06";"None";"None";"06088000MP0251";"None";"None";"27";"nan";"5";"nan";"None";"nan";"None";"None";"None";"None";"2";"2";"Appartement";"60.0";"2.0";"None";"None";"None";"None";"nan";"7.24187";"43.689691";"000MP"
"2025-43899";"2025-02-12";"1";"Vente";"190000.0";"49.0";"None";"AV DE LA CALIFORNIE";"1045";"06200";"06088";"Nice";"06";"None";"None";"06088000MP0251";"None";"None";"27";"nan";"5";"nan";"None";"nan";"None";"None";"None";"None";"2";"3";"Dépendance";"nan";"0.0";"None";"None";"None";"None";"nan";"7.24187";"43.689691";"000MP"
"2025-43544";"2025-02-11";"1";"Vente";"570000.0";"39.0";"None";"AV AIME MARTIN";"0050";"06200";"06088";"Nice";"06";"None";"None";"06088000MP0393";"None";"None";"794";"nan";"836";"112.21";"None";"nan";"None";"None";"None";"None";"2";"2";"Appartement";"113.0";"4.0";"None";"None";"None";"None";"nan";"7.239451";"43.691055";"000MP"
"2025-43544";"2025-02-11";"1";"Vente";"570000.0";"39.0";"None";"AV AIME MARTIN";"0050";"06200";"06088";"Nice";"06";"None";"None";"06088000MP0393";"None";"None";"794";"nan";"836";"112.21";"None";"nan";"None";"None";"None";"None";"2";"3";"Dépendance";"nan";"0.0";"None";"None";"None";"None";"nan";"7.239451";"43.691055";"000MP"
"2025-43544";"2025-02-11";"1";"Vente";"570000.0";"39.0";"None";"AV AIME MARTIN";"0050";"06200";"06088";"Nice";"06";"None";"None";"06088000MP0393";"None";"None";"763";"nan";"None";"nan";"None";"nan";"None";"None";"None";"None";"1";"3";"Dépendance";"nan";"0.0";"None";"None";"None";"None";"nan";"7.239451";"43.691055";"000MP"
"2025-43225";"2025-02-04";"1";"Vente";"238940.0";"26.0";"None";"AV AIME MARTIN";"0050";"06200";"06088";"Nice";"06";"None";"None";"06088000MP0089";"None";"None";"2";"47.51";"None";"nan";"None";"nan";"None";"None";"None";"None";"1";"2";"Appartement";"52.0";"2.0";"None";"None";"None";"None";"nan";"7.241393";"43.692538";"000MP"
"2025-43737";"2025-02-03";"1";"Vente";"410000.0";"39.0";"None";"AV AIME MARTIN";"0050";"06200";"06088";"Nice";"06";"None";"None";"06088000MP0393";"None";"None";"913";"nan";"953";"nan";"None";"nan";"None";"None";"None";"None";"2";"2";"Appartement";"83.0";"3.0";"None";"None";"None";"None";"nan";"7.239451";"43.691055";"000MP"
"2025-43737";"2025-02-03";"1";"Vente";"410000.0";"39.0";"None";"AV AIME MARTIN";"0050";"06200";"06088";"Nice";"06";"None";"None";"06088000MP0393";"None";"None";"913";"nan";"953";"nan";"None";"nan";"None";"None";"None";"None";"2";"3";"Dépendance";"nan";"0.0";"None";"None";"None";"None";"nan";"7.239451";"43.691055";"000MP"
"2025-43031";"2025-01-31";"1";"Vente";"190000.0";"8.0";"None";"AV GLORIA";"2955";"06200";"06088";"Nice";"06";"None";"None";"06088000MP0304";"None";"None";"42";"nan";"6";"nan";"None";"nan";"None";"None";"None";"None";"2";"2";"Appartement";"55.0";"2.0";"None";"None";"None";"None";"nan";"7.243226";"43.691569";"000MP"
"2025-43031";"2025-01-31";"1";"Vente";"190000.0";"8.0";"None";"AV GLORIA";"2955";"06200";"06088";"Nice";"06";"None";"None";"06088000MP0304";"None";"None";"42";"nan";"6";"nan";"None";"nan";"None";"None";"None";"None";"2";"3";"Dépendance";"nan";"0.0";"None";"None";"None";"None";"nan";"7.243226";"43.691569";"000MP"
"2025-43114";"2025-01-29";"1";"Vente";"360000.0";"9.0";"None";"AV GLORIA";"2955";"06200";"06088";"Nice";"06";"None";"None";"06088000MP0491";"None";"None";"249";"75.47";"None";"nan";"None";"nan";"None";"None";"None";"None";"1";"2";"Appartement";"75.0";"3.0";"None";"None";"None";"None";"nan";"7.244066";"43.691389";"000MP"
"2025-43114";"2025-01-29";"1";"Vente";"360000.0";"2.0";"None";"RUE CORDERIE";"1690";"06200";"06088";"Nice";"06";"None";"None";"06088000MP0491";"None";"None";"67";"nan";"None";"nan";"None";"nan";"None";"None";"None";"None";"1";"3";"Dépendance";"nan";"0.0";"None";"None";"None";"None";"nan";"7.244066";"43.691389";"000MP"
"2025-43316";"2025-01-28";"1";"Vente";"181285.0";"46.0";"None";"AV DE LA CALIFORNIE";"1045";"06200";"06088";"Nice";"06";"None";"None";"06088000MP0238";"None";"None";"183";"nan";"253";"55.64";"None";"nan";"None";"None";"None";"None";"2";"2";"Appartement";"58.0";"2.0";"None";"None";"None";"None";"nan";"7.241192";"43.690102";"000MP"
"2025-43316";"2025-01-28";"1";"Vente";"181285.0";"46.0";"None";"AV DE LA CALIFORNIE";"1045";"06200";"06088";"Nice";"06";"None";"None";"06088000MP0238";"None";"None";"183";"nan";"253";"55.64";"None";"nan";"None";"None";"None";"None";"2";"3";"Dépendance";"nan";"0.0";"None";"None";"None";"None";"nan";"7.241192";"43.690102";"000MP"
"2025-43316";"2025-01-28";"1";"Vente";"181285.0";"46.0";"None";"AV DE LA CALIFORNIE";"1045";"06200";"06088";"Nice";"06";"None";"None";"06088000MP0238";"None";"None";"183";"nan";"253";"55.64";"None";"nan";"None";"None";"None";"None";"2";"3";"Dépendance";"nan";"0.0";"None";"None";"None";"None";"nan";"7.241192";"43.690102";"000MP"
"2025-42490";"2025-01-27";"1";"Vente";"480000.0";"39.0";"None";"AV AIME MARTIN";"0050";"06200";"06088";"Nice";"06";"None";"None";"06088000MP0393";"None";"None";"796";"nan";"838";"71.69";"None";"nan";"None";"None";"None";"None";"2";"2";"Appartement";"76.0";"3.0";"None";"None";"None";"None";"nan";"7.239451";"43.691055";"000MP"
"2025-42490";"2025-01-27";"1";"Vente";"480000.0";"39.0";"None";"AV AIME MARTIN";"0050";"06200";"06088";"Nice";"06";"None";"None";"06088000MP0393";"None";"None";"796";"nan";"838";"71.69";"None";"nan";"None";"None";"None";"None";"2";"3";"Dépendance";"nan";"0.0";"None";"None";"None";"None";"nan";"7.239451";"43.691055";"000MP"
"2025-42490";"2025-01-27";"1";"Vente";"480000.0";"39.0";"None";"AV AIME MARTIN";"0050";"06200";"06088";"Nice";"06";"None";"None";"06088000MP0393";"None";"None";"746";"nan";"None";"nan";"None";"nan";"None";"None";"None";"None";"1";"3";"Dépendance";"nan";"0.0";"None";"None";"None";"None";"nan";"7.239451";"43.691055";"000MP"
"2025-42490";"2025-01-27";"1";"Vente";"480000.0";"39.0";"None";"AV AIME MARTIN";"0050";"06200";"06088";"Nice";"06";"None";"None";"06088000MP0393";"None";"None";"796";"nan";"838";"71.69";"None";"nan";"None";"None";"None";"None";"2";"3";"Dépendance";"nan";"0.0";"None";"None";"None";"None";"nan";"7.239451";"43.691055";"000MP"
"2025-42506";"2025-01-24";"1";"Vente";"99000.0";"19.0";"None";"BD MAGNAN";"3875";"06200";"06088";"Nice";"06";"None";"None";"06088000MP0081";"None";"None";"29";"16.49";"None";"nan";"None";"nan";"None";"None";"None";"None";"1";"2";"Appartement";"17.0";"1.0";"None";"None";"None";"None";"nan";"7.241211";"43.692638";"000MP"
"2025-42307";"2025-01-20";"1";"Vente";"38000.0";"2.0";"None";"RUE CORDERIE";"1690";"06200";"06088";"Nice";"06";"None";"None";"06088000MP0491";"None";"None";"1";"nan";"None";"nan";"None";"nan";"None";"None";"None";"None";"1";"3";"Dépendance";"nan";"0.0";"None";"None";"None";"None";"nan";"7.244066";"43.691389";"000MP"
"2025-42830";"2025-01-17";"1";"Vente";"535000.0";"20.0";"None";"AV DE LA CALIFORNIE";"1045";"06200";"06088";"Nice";"06";"None";"None";"06088000MP0495";"None";"None";"124";"nan";"83";"nan";"None";"nan";"None";"None";"None";"None";"2";"2";"Appartement";"44.0";"2.0";"None";"None";"None";"None";"nan";"7.24336";"43.690968";"000MP"
"2025-42830";"2025-01-17";"1";"Vente";"535000.0";"20.0";"None";"AV DE LA CALIFORNIE";"1045";"06200";"06088";"Nice";"06";"None";"None";"06088000MP0495";"None";"None";"148";"nan";"None";"nan";"None";"nan";"None";"None";"None";"None";"1";"2";"Appartement";"44.0";"2.0";"None";"None";"None";"None";"nan";"7.24336";"43.690968";"000MP"
"2025-42830";"2025-01-17";"1";"Vente";"535000.0";"20.0";"None";"AV DE LA CALIFORNIE";"1045";"06200";"06088";"Nice";"06";"None";"None";"06088000MP0495";"None";"None";"128";"nan";"90";"nan";"91";"nan";"None";"None";"None";"None";"3";"2";"Appartement";"56.0";"2.0";"None";"None";"None";"None";"nan";"7.24336";"43.690968";"000MP"
"2025-42874";"2025-01-17";"1";"Vente";"380000.0";"39.0";"B";"AV AIME MARTIN";"0050";"06200";"06088";"Nice";"06";"None";"None";"06088000MP0374";"None";"None";"103";"nan";"130";"75.2";"None";"nan";"None";"None";"None";"None";"2";"2";"Appartement";"76.0";"3.0";"None";"None";"None";"None";"nan";"7.238435";"43.69078";"000MP"
"2025-42830";"2025-01-17";"1";"Vente";"535000.0";"20.0";"None";"AV DE LA CALIFORNIE";"1045";"06200";"06088";"Nice";"06";"None";"None";"06088000MP0495";"None";"None";"128";"nan";"90";"nan";"91";"nan";"None";"None";"None";"None";"3";"3";"Dépendance";"nan";"0.0";"None";"None";"None";"None";"nan";"7.24336";"43.690968";"000MP"
"2025-42830";"2025-01-17";"1";"Vente";"535000.0";"20.0";"None";"AV DE LA CALIFORNIE";"1045";"06200";"06088";"Nice";"06";"None";"None";"06088000MP0495";"None";"None";"124";"nan";"83";"nan";"None";"nan";"None";"None";"None";"None";"2";"3";"Dépendance";"nan";"0.0";"None";"None";"None";"None";"nan";"7.24336";"43.690968";"000MP"
"2025-42874";"2025-01-17";"1";"Vente";"380000.0";"39.0";"B";"AV AIME MARTIN";"0050";"06200";"06088";"Nice";"06";"None";"None";"06088000MP0374";"None";"None";"103";"nan";"130";"75.2";"None";"nan";"None";"None";"None";"None";"2";"3";"Dépendance";"nan";"0.0";"None";"None";"None";"None";"nan";"7.238435";"43.69078";"000MP"
"2025-42874";"2025-01-17";"1";"Vente";"380000.0";"39.0";"B";"AV AIME MARTIN";"0050";"06200";"06088";"Nice";"06";"None";"None";"06088000MP0374";"None";"None";"118";"12.0";"None";"nan";"None";"nan";"None";"None";"None";"None";"1";"3";"Dépendance";"nan";"0.0";"None";"None";"None";"None";"nan";"7.238435";"43.69078";"000MP"
"2025-42874";"2025-01-17";"1";"Vente";"380000.0";"39.0";"B";"AV AIME MARTIN";"0050";"06200";"06088";"Nice";"06";"None";"None";"06088000MP0374";"None";"None";"103";"nan";"130";"75.2";"None";"nan";"None";"None";"None";"None";"2";"3";"Dépendance";"nan";"0.0";"None";"None";"None";"None";"nan";"7.238435";"43.69078";"000MP"
"2025-42145";"2025-01-16";"1";"Vente";"35000.0";"54.0";"None";"AV DE LA CALIFORNIE";"1045";"06200";"06088";"Nice";"06";"None";"None";"06088000MP0244";"None";"None";"9";"nan";"None";"nan";"None";"nan";"None";"None";"None";"None";"1";"3";"Dépendance";"nan";"0.0";"None";"None";"None";"None";"nan";"7.240503";"43.689604";"000MP"
"2025-42306";"2025-01-14";"1";"Vente";"37500.0";"2.0";"None";"RUE CORDERIE";"1690";"06200";"06088";"Nice";"06";"None";"None";"06088000MP0491";"None";"None";"109";"nan";"None";"nan";"None";"nan";"None";"None";"None";"None";"1";"3";"Dépendance";"nan";"0.0";"None";"None";"None";"None";"nan";"7.244066";"43.691389";"000MP"
"2025-42481";"2025-01-13";"1";"Vente";"45000.0";"39.0";"None";"AV AIME MARTIN";"0050";"06200";"06088";"Nice";"06";"None";"None";"06088000MP0393";"None";"None";"372";"nan";"None";"nan";"None";"nan";"None";"None";"None";"None";"1";"3";"Dépendance";"nan";"0.0";"None";"None";"None";"None";"nan";"7.239451";"43.691055";"000MP"
"2025-42557";"2025-01-09";"1";"Vente";"232000.0";"93.0";"None";"BD EDOUARD HERRIOT";"2188";"06200";"06088";"Nice";"06";"None";"None";"06088000MP0167";"None";"None";"810";"nan";"846";"70.0";"None";"nan";"None";"None";"None";"None";"2";"2";"Appartement";"65.0";"2.0";"None";"None";"None";"None";"nan";"7.237443";"43.690451";"000MP"
"2025-42557";"2025-01-09";"1";"Vente";"232000.0";"93.0";"None";"BD EDOUARD HERRIOT";"2188";"06200";"06088";"Nice";"06";"None";"None";"06088000MP0167";"None";"None";"810";"nan";"846";"70.0";"None";"nan";"None";"None";"None";"None";"2";"3";"Dépendance";"nan";"0.0";"None";"None";"None";"None";"nan";"7.237443";"43.690451";"000MP"
"2024-54721";"2024-12-31";"1";"Vente";"26400.0";"23.0";"None";"AV DU PETIT FABRON";"4975";"06200";"06088";"Nice";"06";"None";"None";"06088000MP0174";"None";"None";"22";"nan";"35";"nan";"None";"nan";"None";"None";"None";"None";"2";"2";"Appartement";"48.0";"2.0";"None";"None";"None";"None";"nan";"7.238008";"43.689856";"000MP"
"2024-54721";"2024-12-31";"1";"Vente";"26400.0";"23.0";"None";"AV DU PETIT FABRON";"4975";"06200";"06088";"Nice";"06";"None";"None";"06088000MP0174";"None";"None";"22";"nan";"35";"nan";"None";"nan";"None";"None";"None";"None";"2";"3";"Dépendance";"nan";"0.0";"None";"None";"None";"None";"nan";"7.238008";"43.689856";"000MP"
"2024-54721";"2024-12-31";"1";"Vente";"26400.0";"23.0";"None";"AV DU PETIT FABRON";"4975";"06200";"06088";"Nice";"06";"None";"None";"06088000MP0174";"None";"None";"3";"nan";"None";"nan";"None";"nan";"None";"None";"None";"None";"1";"3";"Dépendance";"nan";"0.0";"None";"None";"None";"None";"nan";"7.238008";"43.689856";"000MP"
"2024-54807";"2024-12-27";"1";"Vente";"185000.0";"35.0";"None";"AV DE LA CALIFORNIE";"1045";"06200";"06088";"Nice";"06";"None";"None";"06088000MP0257";"None";"None";"41";"nan";"None";"nan";"None";"nan";"None";"None";"None";"None";"1";"2";"Appartement";"29.0";"1.0";"None";"None";"None";"None";"nan";"7.242788";"43.690095";"000MP"
"2024-54807";"2024-12-27";"1";"Vente";"185000.0";"35.0";"None";"AV DE LA CALIFORNIE";"1045";"06200";"06088";"Nice";"06";"None";"None";"06088000MP0257";"None";"None";"41";"nan";"None";"nan";"None";"nan";"None";"None";"None";"None";"1";"3";"Dépendance";"nan";"0.0";"None";"None";"None";"None";"nan";"7.242788";"43.690095";"000MP"
"2024-54041";"2024-12-20";"1";"Vente";"256200.0";"9.0";"None";"BD CARLONE";"1140";"06200";"06088";"Nice";"06";"None";"None";"06088000MP0062";"None";"None";"36";"76.22";"None";"nan";"None";"nan";"None";"None";"None";"None";"1";"2";"Appartement";"76.0";"4.0";"None";"None";"None";"None";"nan";"7.242177";"43.693504";"000MP"
"2024-54394";"2024-12-20";"1";"Vente";"191000.0";"11.0";"None";"AV DE LA CALIFORNIE";"1045";"06200";"06088";"Nice";"06";"None";"None";"06088000MP0265";"None";"None";"35";"nan";"None";"nan";"None";"nan";"None";"None";"None";"None";"1";"2";"Appartement";"34.0";"2.0";"None";"None";"None";"None";"nan";"7.244172";"43.690736";"000MP"
"2024-54428";"2024-12-20";"1";"Vente";"411000.0";"20.0";"B";"AV MONT RABEAU";"4390";"06200";"06088";"Nice";"06";"None";"None";"06088000MP0167";"None";"None";"1034";"75.47";"962";"nan";"None";"nan";"None";"None";"None";"None";"2";"2";"Appartement";"78.0";"3.0";"None";"None";"None";"None";"nan";"7.237443";"43.690451";"000MP"
"2024-54428";"2024-12-20";"1";"Vente";"411000.0";"20.0";"B";"AV MONT RABEAU";"4390";"06200";"06088";"Nice";"06";"None";"None";"06088000MP0167";"None";"None";"1034";"75.47";"962";"nan";"None";"nan";"None";"None";"None";"None";"2";"3";"Dépendance";"nan";"0.0";"None";"None";"None";"None";"nan";"7.237443";"43.690451";"000MP"
"2024-54428";"2024-12-20";"1";"Vente";"411000.0";"20.0";"B";"AV MONT RABEAU";"4390";"06200";"06088";"Nice";"06";"None";"None";"06088000MP0167";"None";"None";"976";"nan";"None";"nan";"None";"nan";"None";"None";"None";"None";"1";"3";"Dépendance";"nan";"0.0";"None";"None";"None";"None";"nan";"7.237443";"43.690451";"000MP"
"2024-54137";"2024-12-19";"1";"Vente";"669000.0";"115.0";"None";"PROM DES ANGLAIS";"0240";"06200";"06088";"Nice";"06";"None";"None";"06088000MP0274";"None";"None";"17";"nan";"57";"116.26";"None";"nan";"None";"None";"None";"None";"2";"2";"Appartement";"109.0";"4.0";"None";"None";"None";"None";"nan";"7.244868";"43.690792";"000MP"
"2024-54137";"2024-12-19";"1";"Vente";"669000.0";"115.0";"None";"PROM DES ANGLAIS";"0240";"06200";"06088";"Nice";"06";"None";"None";"06088000MP0274";"None";"None";"17";"nan";"57";"116.26";"None";"nan";"None";"None";"None";"None";"2";"3";"Dépendance";"nan";"0.0";"None";"None";"None";"None";"nan";"7.244868";"43.690792";"000MP"
"2024-54137";"2024-12-19";"1";"Vente";"669000.0";"115.0";"None";"PROM DES ANGLAIS";"0240";"06200";"06088";"Nice";"06";"None";"None";"06088000MP0274";"None";"None";"17";"nan";"57";"116.26";"None";"nan";"None";"None";"None";"None";"2";"3";"Dépendance";"nan";"0.0";"None";"None";"None";"None";"nan";"7.244868";"43.690792";"000MP"
"2024-53977";"2024-12-17";"1";"Vente";"20000.0";"39.0";"None";"AV AIME MARTIN";"0050";"06200";"06088";"Nice";"06";"None";"None";"06088000MP0393";"None";"None";"765";"nan";"None";"nan";"None";"nan";"None";"None";"None";"None";"1";"3";"Dépendance";"nan";"0.0";"None";"None";"None";"None";"nan";"7.239451";"43.691055";"000MP"
"2024-53576";"2024-12-16";"1";"Vente";"380775.0";"49.0";"None";"AV DE LA CALIFORNIE";"1045";"06200";"06088";"Nice";"06";"None";"None";"06088000MP0251";"None";"None";"12";"nan";"48";"43.07";"None";"nan";"None";"None";"None";"None";"2";"2";"Appartement";"43.0";"2.0";"None";"None";"None";"None";"nan";"7.24187";"43.689691";"000MP"
"2024-53963";"2024-12-16";"1";"Vente";"265000.0";"46.0";"None";"AV DE LA CALIFORNIE";"1045";"06200";"06088";"Nice";"06";"None";"None";"06088000MP0238";"None";"None";"238";"nan";"66";"nan";"None";"nan";"None";"None";"None";"None";"2";"2";"Appartement";"69.0";"3.0";"None";"None";"None";"None";"nan";"7.241192";"43.690102";"000MP"
"2024-53576";"2024-12-16";"1";"Vente";"380775.0";"49.0";"None";"AV DE LA CALIFORNIE";"1045";"06200";"06088";"Nice";"06";"None";"None";"06088000MP0251";"None";"None";"12";"nan";"48";"43.07";"None";"nan";"None";"None";"None";"None";"2";"3";"Dépendance";"nan";"0.0";"None";"None";"None";"None";"nan";"7.24187";"43.689691";"000MP"
"2024-53939";"2024-12-16";"1";"Vente";"29000.0";"73.0";"None";"BD EDOUARD HERRIOT";"2188";"06200";"06088";"Nice";"06";"None";"None";"06088000MP0159";"None";"None";"63";"nan";"None";"nan";"None";"nan";"None";"None";"None";"None";"1";"3";"Dépendance";"nan";"0.0";"None";"None";"None";"None";"nan";"7.238503";"43.691826";"000MP"
"2024-53963";"2024-12-16";"1";"Vente";"265000.0";"46.0";"None";"AV DE LA CALIFORNIE";"1045";"06200";"06088";"Nice";"06";"None";"None";"06088000MP0238";"None";"None";"238";"nan";"66";"nan";"None";"nan";"None";"None";"None";"None";"2";"3";"Dépendance";"nan";"0.0";"None";"None";"None";"None";"nan";"7.241192";"43.690102";"000MP"
"2024-53963";"2024-12-16";"1";"Vente";"265000.0";"46.0";"None";"AV DE LA CALIFORNIE";"1045";"06200";"06088";"Nice";"06";"None";"None";"06088000MP0238";"None";"None";"34";"nan";"None";"nan";"None";"nan";"None";"None";"None";"None";"1";"3";"Dépendance";"nan";"0.0";"None";"None";"None";"None";"nan";"7.241192";"43.690102";"000MP"
"2024-53963";"2024-12-16";"1";"Vente";"265000.0";"46.0";"None";"AV DE LA CALIFORNIE";"1045";"06200";"06088";"Nice";"06";"None";"None";"06088000MP0238";"None";"None";"238";"nan";"66";"nan";"None";"nan";"None";"None";"None";"None";"2";"3";"Dépendance";"nan";"0.0";"None";"None";"None";"None";"nan";"7.241192";"43.690102";"000MP"
"2024-53806";"2024-12-12";"1";"Vente";"75000.0";"16.0";"None";"BD MAGNAN";"3875";"06200";"06088";"Nice";"06";"None";"None";"06088000MP0050";"None";"None";"16";"9.64";"None";"nan";"None";"nan";"None";"None";"None";"None";"1";"2";"Appartement";"11.0";"1.0";"None";"None";"None";"None";"nan";"7.241639";"43.692968";"000MP"
"2024-53900";"2024-12-10";"1";"Vente";"118000.0";"6.0";"T";"AV GLORIA";"2955";"06200";"06088";"Nice";"06";"None";"None";"06088000MP0186";"None";"None";"17";"29.37";"None";"nan";"None";"nan";"None";"None";"None";"None";"1";"2";"Appartement";"30.0";"1.0";"None";"None";"None";"None";"nan";"7.243504";"43.691714";"000MP"
"2024-53287";"2024-12-02";"1";"Vente";"25000.0";"46.0";"None";"AV DE LA CALIFORNIE";"1045";"06200";"06088";"Nice";"06";"None";"None";"06088000MP0238";"None";"None";"94";"nan";"None";"nan";"None";"nan";"None";"None";"None";"None";"1";"3";"Dépendance";"nan";"0.0";"None";"None";"None";"None";"nan";"7.241192";"43.690102";"000MP"
"2024-53722";"2024-11-29";"1";"Vente";"330340.0";"6.0";"None";"AV DU PETIT FABRON";"4975";"06200";"06088";"Nice";"06";"None";"None";"06088000MP0427";"None";"None";"13";"nan";"34";"74.87";"None";"nan";"None";"None";"None";"None";"2";"2";"Appartement";"79.0";"3.0";"None";"None";"None";"None";"nan";"7.239484";"43.690313";"000MP"
"2024-53722";"2024-11-29";"1";"Vente";"330340.0";"6.0";"None";"AV DU PETIT FABRON";"4975";"06200";"06088";"Nice";"06";"None";"None";"06088000MP0427";"None";"None";"56";"nan";"None";"nan";"None";"nan";"None";"None";"None";"None";"1";"3";"Dépendance";"nan";"0.0";"None";"None";"None";"None";"nan";"7.239484";"43.690313";"000MP"
"2024-53722";"2024-11-29";"1";"Vente";"330340.0";"6.0";"None";"AV DU PETIT FABRON";"4975";"06200";"06088";"Nice";"06";"None";"None";"06088000MP0427";"None";"None";"13";"nan";"34";"74.87";"None";"nan";"None";"None";"None";"None";"2";"3";"Dépendance";"nan";"0.0";"None";"None";"None";"None";"nan";"7.239484";"43.690313";"000MP"
"2024-53722";"2024-11-29";"1";"Vente";"330340.0";"6.0";"None";"AV DU PETIT FABRON";"4975";"06200";"06088";"Nice";"06";"None";"None";"06088000MP0427";"None";"None";"13";"nan";"34";"74.87";"None";"nan";"None";"None";"None";"None";"2";"3";"Dépendance";"nan";"0.0";"None";"None";"None";"None";"nan";"7.239484";"43.690313";"000MP"
"2024-53048";"2024-11-27";"1";"Vente";"870000.0";"143.0";"None";"PROM DES ANGLAIS";"0240";"06200";"06088";"Nice";"06";"None";"None";"06088000MP0293";"None";"None";"110";"68.15";"22";"nan";"None";"nan";"None";"None";"None";"None";"2";"2";"Appartement";"68.0";"2.0";"None";"None";"None";"None";"nan";"7.242594";"43.689703";"000MP"
"2024-53506";"2024-11-27";"1";"Vente";"740930.0";"39.0";"None";"AV AIME MARTIN";"0050";"06200";"06088";"Nice";"06";"None";"None";"06088000MP0393";"None";"None";"546";"nan";"578";"nan";"None";"nan";"None";"None";"None";"None";"2";"2";"Appartement";"110.0";"5.0";"None";"None";"None";"None";"nan";"7.239451";"43.691055";"000MP"
"2024-53048";"2024-11-27";"1";"Vente";"870000.0";"143.0";"None";"PROM DES ANGLAIS";"0240";"06200";"06088";"Nice";"06";"None";"None";"06088000MP0293";"None";"None";"110";"68.15";"22";"nan";"None";"nan";"None";"None";"None";"None";"2";"3";"Dépendance";"nan";"0.0";"None";"None";"None";"None";"nan";"7.242594";"43.689703";"000MP"
"2024-53048";"2024-11-27";"1";"Vente";"870000.0";"143.0";"None";"PROM DES ANGLAIS";"0240";"06200";"06088";"Nice";"06";"None";"None";"06088000MP0293";"None";"None";"110";"68.15";"22";"nan";"None";"nan";"None";"None";"None";"None";"2";"3";"Dépendance";"nan";"0.0";"None";"None";"None";"None";"nan";"7.242594";"43.689703";"000MP"
"2024-53048";"2024-11-27";"1";"Vente";"870000.0";"143.0";"None";"PROM DES ANGLAIS";"0240";"06200";"06088";"Nice";"06";"None";"None";"06088000MP0293";"None";"None";"47";"nan";"None";"nan";"None";"nan";"None";"None";"None";"None";"1";"3";"Dépendance";"nan";"0.0";"None";"None";"None";"None";"nan";"7.242594";"43.689703";"000MP"
"2024-53506";"2024-11-27";"1";"Vente";"740930.0";"39.0";"None";"AV AIME MARTIN";"0050";"06200";"06088";"Nice";"06";"None";"None";"06088000MP0393";"None";"None";"546";"nan";"578";"nan";"None";"nan";"None";"None";"None";"None";"2";"3";"Dépendance";"nan";"0.0";"None";"None";"None";"None";"nan";"7.239451";"43.691055";"000MP"
"2024-53506";"2024-11-27";"1";"Vente";"740930.0";"39.0";"None";"AV AIME MARTIN";"0050";"06200";"06088";"Nice";"06";"None";"None";"06088000MP0393";"None";"None";"727";"nan";"None";"nan";"None";"nan";"None";"None";"None";"None";"1";"3";"Dépendance";"nan";"0.0";"None";"None";"None";"None";"nan";"7.239451";"43.691055";"000MP"
"2024-53506";"2024-11-27";"1";"Vente";"740930.0";"39.0";"None";"AV AIME MARTIN";"0050";"06200";"06088";"Nice";"06";"None";"None";"06088000MP0393";"None";"None";"546";"nan";"578";"nan";"None";"nan";"None";"None";"None";"None";"2";"3";"Dépendance";"nan";"0.0";"None";"None";"None";"None";"nan";"7.239451";"43.691055";"000MP"
"2024-54183";"2024-11-26";"1";"Vente";"98000.0";"34.0";"None";"RUE SAINT HONORE";"5770";"06200";"06088";"Nice";"06";"None";"None";"06088000MP0007";"None";"None";"4";"nan";"None";"nan";"None";"nan";"None";"None";"None";"None";"1";"2";"Appartement";"25.0";"1.0";"None";"None";"None";"None";"nan";"7.238825";"43.693546";"000MP"
"2024-52548";"2024-11-25";"1";"Vente";"29000.0";"61.0";"None";"BD EDOUARD HERRIOT";"2188";"06200";"06088";"Nice";"06";"None";"None";"06088000MP0038";"None";"None";"14";"nan";"None";"nan";"None";"nan";"None";"None";"None";"None";"1";"3";"Dépendance";"nan";"0.0";"None";"None";"None";"None";"nan";"7.240062";"43.69275";"000MP"
"2024-53035";"2024-11-25";"1";"Vente";"30000.0";"52.0";"None";"AV DE LA CALIFORNIE";"1045";"06200";"06088";"Nice";"06";"None";"None";"06088000MP0487";"None";"None";"48";"nan";"None";"nan";"None";"nan";"None";"None";"None";"None";"1";"3";"Dépendance";"nan";"0.0";"None";"None";"None";"None";"nan";"7.240755";"43.689691";"000MP"
"2024-52675";"2024-11-20";"1";"Vente";"145000.0";"16.0";"None";"BD MAGNAN";"3875";"06200";"06088";"Nice";"06";"None";"None";"06088000MP0050";"None";"None";"19";"27.77";"None";"nan";"None";"nan";"None";"None";"None";"None";"1";"2";"Appartement";"27.0";"1.0";"None";"None";"None";"None";"nan";"7.241639";"43.692968";"000MP"
"2024-52671";"2024-11-18";"1";"Vente";"370000.0";"143.0";"None";"PROM DES ANGLAIS";"0240";"06200";"06088";"Nice";"06";"None";"None";"06088000MP0293";"None";"None";"34";"nan";"67";"nan";"None";"nan";"None";"None";"None";"None";"2";"2";"Appartement";"48.0";"2.0";"None";"None";"None";"None";"nan";"7.242594";"43.689703";"000MP"
"2024-52671";"2024-11-18";"1";"Vente";"370000.0";"143.0";"None";"PROM DES ANGLAIS";"0240";"06200";"06088";"Nice";"06";"None";"None";"06088000MP0293";"None";"None";"34";"nan";"67";"nan";"None";"nan";"None";"None";"None";"None";"2";"3";"Dépendance";"nan";"0.0";"None";"None";"None";"None";"nan";"7.242594";"43.689703";"000MP"
"2024-52671";"2024-11-18";"1";"Vente";"370000.0";"30.0";"None";"AV DE LA CALIFORNIE";"1045";"06200";"06088";"Nice";"06";"None";"None";"06088000MP0377";"None";"None";"175";"nan";"None";"nan";"None";"nan";"None";"None";"None";"None";"1";"3";"Dépendance";"nan";"0.0";"None";"None";"None";"None";"nan";"7.241991";"43.69075";"000MP"
"2024-52195";"2024-11-14";"1";"Vente";"28000.0";"93.0";"None";"BD EDOUARD HERRIOT";"2188";"06200";"06088";"Nice";"06";"None";"None";"06088000MP0167";"None";"None";"551";"nan";"None";"nan";"None";"nan";"None";"None";"None";"None";"1";"3";"Dépendance";"nan";"0.0";"None";"None";"None";"None";"nan";"7.237443";"43.690451";"000MP"
"2024-52152";"2024-11-08";"1";"Vente";"160000.0";"52.0";"None";"AV DE LA CALIFORNIE";"1045";"06200";"06088";"Nice";"06";"None";"None";"06088000MP0341";"None";"None";"150";"23.4";"None";"nan";"None";"nan";"None";"None";"None";"None";"1";"2";"Appartement";"22.0";"1.0";"None";"None";"None";"None";"nan";"7.240781";"43.68953";"000MP"
"2024-53002";"2024-11-06";"1";"Vente";"51000.0";"93.0";"None";"BD EDOUARD HERRIOT";"2188";"06200";"06088";"Nice";"06";"None";"None";"06088000MP0167";"None";"None";"518";"9.0";"None";"nan";"None";"nan";"None";"None";"None";"None";"1";"3";"Dépendance";"nan";"0.0";"None";"None";"None";"None";"nan";"7.237443";"43.690451";"000MP"
"2024-51801";"2024-11-05";"1";"Vente";"100000.0";"16.0";"None";"BD MAGNAN";"3875";"06200";"06088";"Nice";"06";"None";"None";"06088000MP0050";"None";"None";"3";"33.02";"None";"nan";"None";"nan";"None";"None";"None";"None";"1";"2";"Appartement";"36.0";"2.0";"None";"None";"None";"None";"nan";"7.241639";"43.692968";"000MP"
"2024-51898";"2024-10-31";"1";"Vente";"182000.0";"7.0";"None";"BD MAGNAN";"3875";"06200";"06088";"Nice";"06";"None";"None";"06088000MP0073";"None";"None";"7";"nan";"None";"nan";"None";"nan";"None";"None";"None";"None";"1";"2";"Appartement";"61.0";"3.0";"None";"None";"None";"None";"nan";"7.242582";"43.692933";"000MP"
"2024-52243";"2024-10-25";"1";"Vente";"238000.0";"39.0";"None";"AV AIME MARTIN";"0050";"06200";"06088";"Nice";"06";"None";"None";"06088000MP0393";"None";"None";"221";"nan";"275";"54.99";"None";"nan";"None";"None";"None";"None";"2";"2";"Appartement";"54.0";"2.0";"None";"None";"None";"None";"nan";"7.239451";"43.691055";"000MP"
"2024-52243";"2024-10-25";"1";"Vente";"238000.0";"39.0";"None";"AV AIME MARTIN";"0050";"06200";"06088";"Nice";"06";"None";"None";"06088000MP0393";"None";"None";"221";"nan";"275";"54.99";"None";"nan";"None";"None";"None";"None";"2";"3";"Dépendance";"nan";"0.0";"None";"None";"None";"None";"nan";"7.239451";"43.691055";"000MP"
"2024-51734";"2024-10-24";"1";"Vente";"85000.0";"93.0";"None";"BD EDOUARD HERRIOT";"2188";"06200";"06088";"Nice";"06";"None";"None";"06088000MP0167";"None";"None";"553";"13.24";"554";"nan";"None";"nan";"None";"None";"None";"None";"2";"2";"Appartement";"15.0";"1.0";"None";"None";"None";"None";"nan";"7.237443";"43.690451";"000MP"
"2024-51502";"2024-10-22";"1";"Vente";"455000.0";"7.0";"None";"AV GLORIA";"2955";"06200";"06088";"Nice";"06";"None";"None";"06088000MP0491";"None";"None";"278";"nan";"None";"nan";"None";"nan";"None";"None";"None";"None";"1";"2";"Appartement";"73.0";"3.0";"None";"None";"None";"None";"nan";"7.244066";"43.691389";"000MP"
"2024-51502";"2024-10-22";"1";"Vente";"455000.0";"2.0";"None";"RUE CORDERIE";"1690";"06200";"06088";"Nice";"06";"None";"None";"06088000MP0491";"None";"None";"26";"nan";"None";"nan";"None";"nan";"None";"None";"None";"None";"1";"3";"Dépendance";"nan";"0.0";"None";"None";"None";"None";"nan";"7.244066";"43.691389";"000MP"
"2024-51706";"2024-10-21";"1";"Vente";"26000.0";"2.0";"None";"RUE CORDERIE";"1690";"06200";"06088";"Nice";"06";"None";"None";"06088000MP0491";"None";"None";"99";"nan";"None";"nan";"None";"nan";"None";"None";"None";"None";"1";"3";"Dépendance";"nan";"0.0";"None";"None";"None";"None";"nan";"7.244066";"43.691389";"000MP"
"2024-51372";"2024-10-18";"1";"Vente";"274000.0";"4.0";"None";"AV DE LA CALIFORNIE";"1045";"06200";"06088";"Nice";"06";"None";"None";"06088000MP0491";"None";"None";"361";"39.33";"None";"nan";"None";"nan";"None";"None";"None";"None";"1";"2";"Appartement";"39.0";"2.0";"None";"None";"None";"None";"nan";"7.244066";"43.691389";"000MP"
"2024-51372";"2024-10-18";"1";"Vente";"274000.0";"2.0";"None";"RUE CORDERIE";"1690";"06200";"06088";"Nice";"06";"None";"None";"06088000MP0491";"None";"None";"130";"nan";"None";"nan";"None";"nan";"None";"None";"None";"None";"1";"3";"Dépendance";"nan";"0.0";"None";"None";"None";"None";"nan";"7.244066";"43.691389";"000MP"
"2024-52746";"2024-10-17";"1";"Vente";"329000.0";"39.0";"None";"AV AIME MARTIN";"0050";"06200";"06088";"Nice";"06";"None";"None";"06088000MP0393";"None";"None";"777";"nan";"811";"70.25";"None";"nan";"None";"None";"None";"None";"2";"2";"Appartement";"71.0";"3.0";"None";"None";"None";"None";"nan";"7.239451";"43.691055";"000MP"
"2024-52746";"2024-10-17";"1";"Vente";"329000.0";"39.0";"None";"AV AIME MARTIN";"0050";"06200";"06088";"Nice";"06";"None";"None";"06088000MP0393";"None";"None";"777";"nan";"811";"70.25";"None";"nan";"None";"None";"None";"None";"2";"3";"Dépendance";"nan";"0.0";"None";"None";"None";"None";"nan";"7.239451";"43.691055";"000MP"
"2024-52746";"2024-10-17";"1";"Vente";"329000.0";"39.0";"None";"AV AIME MARTIN";"0050";"06200";"06088";"Nice";"06";"None";"None";"06088000MP0393";"None";"None";"771";"nan";"None";"nan";"None";"nan";"None";"None";"None";"None";"1";"3";"Dépendance";"nan";"0.0";"None";"None";"None";"None";"nan";"7.239451";"43.691055";"000MP"
"2024-51934";"2024-10-15";"1";"Vente";"160000.0";"39.0";"None";"AV DE LA CALIFORNIE";"1045";"06200";"06088";"Nice";"06";"None";"None";"06088000MP0254";"None";"None";"6";"nan";"7";"58.51";"None";"nan";"None";"None";"None";"None";"2";"2";"Appartement";"51.0";"3.0";"None";"None";"None";"None";"nan";"7.242406";"43.690034";"000MP"
"2024-51071";"2024-10-14";"1";"Vente";"238460.0";"26.0";"None";"AV AIME MARTIN";"0050";"06200";"06088";"Nice";"06";"None";"None";"06088000MP0089";"None";"None";"2";"47.51";"None";"nan";"None";"nan";"None";"None";"None";"None";"1";"2";"Appartement";"52.0";"2.0";"None";"None";"None";"None";"nan";"7.241393";"43.692538";"000MP"
"2024-50457";"2024-10-07";"1";"Vente";"255000.0";"3.0";"None";"AV GLORIA";"2955";"06200";"06088";"Nice";"06";"None";"None";"06088000MP0491";"None";"None";"294";"39.92";"None";"nan";"None";"nan";"None";"None";"None";"None";"1";"2";"Appartement";"40.0";"2.0";"None";"None";"None";"None";"nan";"7.244066";"43.691389";"000MP"
"2024-50457";"2024-10-07";"1";"Vente";"255000.0";"2.0";"None";"RUE CORDERIE";"1690";"06200";"06088";"Nice";"06";"None";"None";"06088000MP0491";"None";"None";"190";"nan";"None";"nan";"None";"nan";"None";"None";"None";"None";"1";"3";"Dépendance";"nan";"0.0";"None";"None";"None";"None";"nan";"7.244066";"43.691389";"000MP"
"2024-50820";"2024-10-03";"1";"Vente";"214286.0";"143.0";"None";"PROM DES ANGLAIS";"0240";"06200";"06088";"Nice";"06";"None";"None";"06088000MP0293";"None";"None";"29";"nan";"76";"27.07";"None";"nan";"None";"None";"None";"None";"2";"2";"Appartement";"27.0";"1.0";"None";"None";"None";"None";"nan";"7.242594";"43.689703";"000MP"
"2024-50820";"2024-10-03";"1";"Vente";"214286.0";"143.0";"None";"PROM DES ANGLAIS";"0240";"06200";"06088";"Nice";"06";"None";"None";"06088000MP0293";"None";"None";"29";"nan";"76";"27.07";"None";"nan";"None";"None";"None";"None";"2";"3";"Dépendance";"nan";"0.0";"None";"None";"None";"None";"nan";"7.242594";"43.689703";"000MP"
"2024-50826";"2024-09-30";"1";"Vente";"525650.0";"143.0";"None";"PROM DES ANGLAIS";"0240";"06200";"06088";"Nice";"06";"None";"None";"06088000MP0293";"None";"None";"15";"nan";"78";"54.15";"None";"nan";"None";"None";"None";"None";"2";"2";"Appartement";"58.0";"2.0";"None";"None";"None";"None";"nan";"7.242594";"43.689703";"000MP"
"2024-50826";"2024-09-30";"1";"Vente";"525650.0";"143.0";"None";"PROM DES ANGLAIS";"0240";"06200";"06088";"Nice";"06";"None";"None";"06088000MP0293";"None";"None";"15";"nan";"78";"54.15";"None";"nan";"None";"None";"None";"None";"2";"3";"Dépendance";"nan";"0.0";"None";"None";"None";"None";"nan";"7.242594";"43.689703";"000MP"
"2024-50871";"2024-09-27";"1";"Vente";"175000.0";"50.0";"None";"AV DE LA CALIFORNIE";"1045";"06200";"06088";"Nice";"06";"None";"None";"06088000MP0351";"None";"None";"21";"nan";"None";"nan";"None";"nan";"None";"None";"None";"None";"1";"2";"Appartement";"57.0";"2.0";"None";"None";"None";"None";"nan";"7.240797";"43.689892";"000MP"
"2024-51085";"2024-09-27";"1";"Vente";"23000.0";"52.0";"None";"AV DE LA CALIFORNIE";"1045";"06200";"06088";"Nice";"06";"None";"None";"06088000MP0487";"None";"None";"86";"nan";"None";"nan";"None";"nan";"None";"None";"None";"None";"1";"3";"Dépendance";"nan";"0.0";"None";"None";"None";"None";"nan";"7.240755";"43.689691";"000MP"
"2024-50366";"2024-09-24";"1";"Vente";"213000.0";"17.0";"None";"AV DE LA CALIFORNIE";"1045";"06200";"06088";"Nice";"06";"None";"None";"06088000MP0262";"None";"None";"65";"34.86";"None";"nan";"None";"nan";"None";"None";"None";"None";"1";"2";"Appartement";"35.0";"2.0";"None";"None";"None";"None";"nan";"7.243473";"43.690503";"000MP"
"2024-50506";"2024-09-23";"1";"Vente";"480976.0";"73.0";"None";"BD EDOUARD HERRIOT";"2188";"06200";"06088";"Nice";"06";"None";"None";"06088000MP0312";"None";"None";"86";"nan";"None";"nan";"None";"nan";"None";"None";"None";"None";"1";"2";"Appartement";"108.0";"3.0";"None";"None";"None";"None";"nan";"7.237787";"43.691443";"000MP"
"2024-50857";"2024-09-23";"1";"Vente";"125000.0";"15.0";"None";"AV DE BELLET";"0735";"06200";"06088";"Nice";"06";"None";"None";"06088000MP0420";"None";"None";"136";"nan";"209";"29.4";"None";"nan";"None";"None";"None";"None";"2";"2";"Appartement";"29.0";"1.0";"None";"None";"None";"None";"nan";"7.244073";"43.692023";"000MP"
"2024-50506";"2024-09-23";"1";"Vente";"480976.0";"73.0";"None";"BD EDOUARD HERRIOT";"2188";"06200";"06088";"Nice";"06";"None";"None";"06088000MP0312";"None";"None";"86";"nan";"None";"nan";"None";"nan";"None";"None";"None";"None";"1";"3";"Dépendance";"nan";"0.0";"None";"None";"None";"None";"nan";"7.237787";"43.691443";"000MP"
"2024-50506";"2024-09-23";"1";"Vente";"480976.0";"73.0";"None";"BD EDOUARD HERRIOT";"2188";"06200";"06088";"Nice";"06";"None";"None";"06088000MP0312";"None";"None";"412";"nan";"None";"nan";"None";"nan";"None";"None";"None";"None";"1";"3";"Dépendance";"nan";"0.0";"None";"None";"None";"None";"nan";"7.237787";"43.691443";"000MP"
"2024-50857";"2024-09-23";"1";"Vente";"125000.0";"15.0";"None";"AV DE BELLET";"0735";"06200";"06088";"Nice";"06";"None";"None";"06088000MP0420";"None";"None";"136";"nan";"209";"29.4";"None";"nan";"None";"None";"None";"None";"2";"3";"Dépendance";"nan";"0.0";"None";"None";"None";"None";"nan";"7.244073";"43.692023";"000MP"
"2024-49987";"2024-09-19";"1";"Vente";"160000.0";"1.0";"None";"BD MAGNAN";"3875";"06200";"06088";"Nice";"06";"None";"None";"06088000MP0069";"None";"None";"6";"57.55";"None";"nan";"None";"nan";"None";"None";"None";"None";"1";"2";"Appartement";"53.0";"3.0";"None";"None";"None";"None";"nan";"7.243101";"43.693341";"000MP"
"2024-49987";"2024-09-19";"1";"Vente";"160000.0";"1.0";"None";"BD MAGNAN";"3875";"06200";"06088";"Nice";"06";"None";"None";"06088000MP0069";"None";"None";"6";"57.55";"None";"nan";"None";"nan";"None";"None";"None";"None";"1";"3";"Dépendance";"nan";"0.0";"None";"None";"None";"None";"nan";"7.243101";"43.693341";"000MP"
"2024-49987";"2024-09-19";"1";"Vente";"160000.0";"1.0";"None";"BD MAGNAN";"3875";"06200";"06088";"Nice";"06";"None";"None";"06088000MP0069";"None";"None";"6";"57.55";"None";"nan";"None";"nan";"None";"None";"None";"None";"1";"3";"Dépendance";"nan";"0.0";"None";"None";"None";"None";"nan";"7.243101";"43.693341";"000MP"
"2024-49914";"2024-09-17";"1";"Vente";"348000.0";"6.0";"B";"AV GLORIA";"2955";"06200";"06088";"Nice";"06";"None";"None";"06088000MP0187";"None";"None";"15";"110.98";"42";"nan";"None";"nan";"None";"None";"None";"None";"2";"2";"Appartement";"106.0";"4.0";"None";"None";"None";"None";"nan";"7.243515";"43.691917";"000MP"
"2024-49914";"2024-09-17";"1";"Vente";"348000.0";"6.0";"B";"AV GLORIA";"2955";"06200";"06088";"Nice";"06";"None";"None";"06088000MP0187";"None";"None";"22";"nan";"None";"nan";"None";"nan";"None";"None";"None";"None";"1";"3";"Dépendance";"nan";"0.0";"None";"None";"None";"None";"nan";"7.243515";"43.691917";"000MP"
"2024-49914";"2024-09-17";"1";"Vente";"348000.0";"6.0";"B";"AV GLORIA";"2955";"06200";"06088";"Nice";"06";"None";"None";"06088000MP0187";"None";"None";"15";"110.98";"42";"nan";"None";"nan";"None";"None";"None";"None";"2";"3";"Dépendance";"nan";"0.0";"None";"None";"None";"None";"nan";"7.243515";"43.691917";"000MP"
"2024-50509";"2024-09-16";"1";"Vente";"435000.0";"24.0";"None";"AV DE LA CALIFORNIE";"1045";"06200";"06088";"Nice";"06";"None";"None";"06088000MP0482";"None";"None";"182";"nan";"321";"63.26";"None";"nan";"None";"None";"None";"None";"2";"2";"Appartement";"64.0";"3.0";"None";"None";"None";"None";"nan";"7.24279";"43.691002";"000MP"
"2024-50509";"2024-09-16";"1";"Vente";"435000.0";"24.0";"None";"AV DE LA CALIFORNIE";"1045";"06200";"06088";"Nice";"06";"None";"None";"06088000MP0482";"None";"None";"242";"nan";"None";"nan";"None";"nan";"None";"None";"None";"None";"1";"3";"Dépendance";"nan";"0.0";"None";"None";"None";"None";"nan";"7.24279";"43.691002";"000MP"
"2024-50509";"2024-09-16";"1";"Vente";"435000.0";"24.0";"None";"AV DE LA CALIFORNIE";"1045";"06200";"06088";"Nice";"06";"None";"None";"06088000MP0482";"None";"None";"182";"nan";"321";"63.26";"None";"nan";"None";"None";"None";"None";"2";"3";"Dépendance";"nan";"0.0";"None";"None";"None";"None";"nan";"7.24279";"43.691002";"000MP"
"2024-50509";"2024-09-16";"1";"Vente";"435000.0";"24.0";"None";"AV DE LA CALIFORNIE";"1045";"06200";"06088";"Nice";"06";"None";"None";"06088000MP0482";"None";"None";"182";"nan";"321";"63.26";"None";"nan";"None";"None";"None";"None";"2";"3";"Dépendance";"nan";"0.0";"None";"None";"None";"None";"nan";"7.24279";"43.691002";"000MP"
"2024-49400";"2024-09-13";"1";"Vente";"24000.0";"6.0";"T";"AV GLORIA";"2955";"06200";"06088";"Nice";"06";"None";"None";"06088000MP0186";"None";"None";"2";"nan";"None";"nan";"None";"nan";"None";"None";"None";"None";"1";"3";"Dépendance";"nan";"0.0";"None";"None";"None";"None";"nan";"7.243504";"43.691714";"000MP"
"2024-49582";"2024-09-13";"1";"Vente en l'état futur d'achèvement";"25000.0";"18.0";"None";"BD MAGNAN";"3875";"06200";"06088";"Nice";"06";"None";"None";"06088000MP0497";"None";"None";"6";"nan";"None";"nan";"None";"nan";"None";"None";"None";"None";"1";"3";"Dépendance";"nan";"0.0";"None";"None";"None";"None";"nan";"7.241279";"43.692951";"000MP"
"2024-50381";"2024-09-11";"1";"Vente";"464000.0";"39.0";"None";"AV AIME MARTIN";"0050";"06200";"06088";"Nice";"06";"None";"None";"06088000MP0393";"None";"None";"932";"nan";"990";"102.05";"None";"nan";"None";"None";"None";"None";"2";"2";"Appartement";"98.0";"4.0";"None";"None";"None";"None";"nan";"7.239451";"43.691055";"000MP"
"2024-50381";"2024-09-11";"1";"Vente";"464000.0";"39.0";"None";"AV AIME MARTIN";"0050";"06200";"06088";"Nice";"06";"None";"None";"06088000MP0393";"None";"None";"932";"nan";"990";"102.05";"None";"nan";"None";"None";"None";"None";"2";"3";"Dépendance";"nan";"0.0";"None";"None";"None";"None";"nan";"7.239451";"43.691055";"000MP"
"2024-50381";"2024-09-11";"1";"Vente";"464000.0";"39.0";"None";"AV AIME MARTIN";"0050";"06200";"06088";"Nice";"06";"None";"None";"06088000MP0393";"None";"None";"893";"nan";"None";"nan";"None";"nan";"None";"None";"None";"None";"1";"3";"Dépendance";"nan";"0.0";"None";"None";"None";"None";"nan";"7.239451";"43.691055";"000MP"
"2024-49530";"2024-09-10";"1";"Vente";"93000.0";"37.0";"None";"BD CARLONE";"1140";"06200";"06088";"Nice";"06";"None";"None";"06088000MP0015";"None";"None";"9";"nan";"None";"nan";"None";"nan";"None";"None";"None";"None";"1";"2";"Appartement";"19.0";"1.0";"None";"None";"None";"None";"nan";"7.23976";"43.693387";"000MP"
"2024-50257";"2024-09-10";"1";"Vente";"30000.0";"141.0";"None";"PROM DES ANGLAIS";"0240";"06200";"06088";"Nice";"06";"None";"None";"06088000MP0417";"None";"None";"4";"nan";"None";"nan";"None";"nan";"None";"None";"None";"None";"1";"3";"Dépendance";"nan";"0.0";"None";"None";"None";"None";"nan";"7.24269";"43.68991";"000MP"
"2024-49159";"2024-09-06";"1";"Vente";"159000.0";"9.0";"None";"BD MAGNAN";"3875";"06200";"06088";"Nice";"06";"None";"None";"06088000MP0074";"None";"None";"6";"nan";"None";"nan";"None";"nan";"None";"None";"None";"None";"1";"2";"Appartement";"27.0";"2.0";"None";"None";"None";"None";"nan";"7.242473";"43.692823";"000MP"
"2024-49208";"2024-09-05";"1";"Vente";"185000.0";"93.0";"None";"BD EDOUARD HERRIOT";"2188";"06200";"06088";"Nice";"06";"None";"None";"06088000MP0167";"None";"None";"821";"nan";"842";"nan";"None";"nan";"None";"None";"None";"None";"2";"2";"Appartement";"47.0";"1.0";"None";"None";"None";"None";"nan";"7.237443";"43.690451";"000MP"
"2024-49674";"2024-09-05";"1";"Vente";"362000.0";"54.0";"None";"AV DE LA CALIFORNIE";"1045";"06200";"06088";"Nice";"06";"None";"None";"06088000MP0244";"None";"None";"64";"86.17";"None";"nan";"None";"nan";"None";"None";"None";"None";"1";"2";"Appartement";"80.0";"4.0";"None";"None";"None";"None";"nan";"7.240503";"43.689604";"000MP"
"2024-49208";"2024-09-05";"1";"Vente";"185000.0";"93.0";"None";"BD EDOUARD HERRIOT";"2188";"06200";"06088";"Nice";"06";"None";"None";"06088000MP0167";"None";"None";"821";"nan";"842";"nan";"None";"nan";"None";"None";"None";"None";"2";"3";"Dépendance";"nan";"0.0";"None";"None";"None";"None";"nan";"7.237443";"43.690451";"000MP"
"2024-49674";"2024-09-05";"1";"Vente";"362000.0";"54.0";"None";"AV DE LA CALIFORNIE";"1045";"06200";"06088";"Nice";"06";"None";"None";"06088000MP0244";"None";"None";"21";"nan";"None";"nan";"None";"nan";"None";"None";"None";"None";"1";"3";"Dépendance";"nan";"0.0";"None";"None";"None";"None";"nan";"7.240503";"43.689604";"000MP"
"2024-49132";"2024-09-04";"1";"Vente";"165000.0";"73.0";"None";"BD EDOUARD HERRIOT";"2188";"06200";"06088";"Nice";"06";"None";"None";"06088000MP0312";"None";"None";"21";"nan";"290";"nan";"None";"nan";"None";"None";"None";"None";"2";"2";"Appartement";"29.0";"2.0";"None";"None";"None";"None";"nan";"7.237787";"43.691443";"000MP"
"2024-49712";"2024-09-04";"1";"Vente";"404000.0";"39.0";"None";"AV AIME MARTIN";"0050";"06200";"06088";"Nice";"06";"None";"None";"06088000MP0393";"None";"None";"249";"nan";"322";"nan";"None";"nan";"None";"None";"None";"None";"2";"2";"Appartement";"94.0";"4.0";"None";"None";"None";"None";"nan";"7.239451";"43.691055";"000MP"
"2024-49132";"2024-09-04";"1";"Vente";"165000.0";"73.0";"None";"BD EDOUARD HERRIOT";"2188";"06200";"06088";"Nice";"06";"None";"None";"06088000MP0312";"None";"None";"21";"nan";"290";"nan";"None";"nan";"None";"None";"None";"None";"2";"3";"Dépendance";"nan";"0.0";"None";"None";"None";"None";"nan";"7.237787";"43.691443";"000MP"
"2024-49712";"2024-09-04";"1";"Vente";"404000.0";"39.0";"None";"AV AIME MARTIN";"0050";"06200";"06088";"Nice";"06";"None";"None";"06088000MP0393";"None";"None";"249";"nan";"322";"nan";"None";"nan";"None";"None";"None";"None";"2";"3";"Dépendance";"nan";"0.0";"None";"None";"None";"None";"nan";"7.239451";"43.691055";"000MP"
"2024-49712";"2024-09-04";"1";"Vente";"404000.0";"39.0";"None";"AV AIME MARTIN";"0050";"06200";"06088";"Nice";"06";"None";"None";"06088000MP0393";"None";"None";"213";"nan";"None";"nan";"None";"nan";"None";"None";"None";"None";"1";"3";"Dépendance";"nan";"0.0";"None";"None";"None";"None";"nan";"7.239451";"43.691055";"000MP"
"2024-49326";"2024-09-03";"1";"Vente";"222000.0";"73.0";"None";"BD EDOUARD HERRIOT";"2188";"06200";"06088";"Nice";"06";"None";"None";"06088000MP0312";"None";"None";"227";"nan";"268";"nan";"None";"nan";"None";"None";"None";"None";"2";"2";"Appartement";"53.0";"2.0";"None";"None";"None";"None";"nan";"7.237787";"43.691443";"000MP"
"2024-49252";"2024-09-03";"1";"Vente";"43500.0";"24.0";"None";"AV DE LA CALIFORNIE";"1045";"06200";"06088";"Nice";"06";"None";"None";"06088000MP0482";"None";"None";"286";"nan";"None";"nan";"None";"nan";"None";"None";"None";"None";"1";"3";"Dépendance";"nan";"0.0";"None";"None";"None";"None";"nan";"7.24279";"43.691002";"000MP"
"2024-49326";"2024-09-03";"1";"Vente";"222000.0";"73.0";"None";"BD EDOUARD HERRIOT";"2188";"06200";"06088";"Nice";"06";"None";"None";"06088000MP0312";"None";"None";"227";"nan";"268";"nan";"None";"nan";"None";"None";"None";"None";"2";"3";"Dépendance";"nan";"0.0";"None";"None";"None";"None";"nan";"7.237787";"43.691443";"000MP"
"2024-49326";"2024-09-03";"1";"Vente";"222000.0";"73.0";"None";"BD EDOUARD HERRIOT";"2188";"06200";"06088";"Nice";"06";"None";"None";"06088000MP0312";"None";"None";"227";"nan";"268";"nan";"None";"nan";"None";"None";"None";"None";"2";"3";"Dépendance";"nan";"0.0";"None";"None";"None";"None";"nan";"7.237787";"43.691443";"000MP"
"2024-49023";"2024-08-30";"1";"Vente";"347000.0";"36.0";"None";"AV DE LA CALIFORNIE";"1045";"06200";"06088";"Nice";"06";"None";"None";"06088000MP0476";"None";"None";"101";"86.49";"39";"nan";"None";"nan";"None";"None";"None";"None";"2";"2";"Appartement";"86.0";"4.0";"None";"None";"None";"None";"nan";"7.241609";"43.690264";"000MP"
"2024-49023";"2024-08-30";"1";"Vente";"347000.0";"36.0";"None";"AV DE LA CALIFORNIE";"1045";"06200";"06088";"Nice";"06";"None";"None";"06088000MP0476";"None";"None";"20";"nan";"None";"nan";"None";"nan";"None";"None";"None";"None";"1";"3";"Dépendance";"nan";"0.0";"None";"None";"None";"None";"nan";"7.241609";"43.690264";"000MP"
"2024-49023";"2024-08-30";"1";"Vente";"347000.0";"36.0";"None";"AV DE LA CALIFORNIE";"1045";"06200";"06088";"Nice";"06";"None";"None";"06088000MP0476";"None";"None";"101";"86.49";"39";"nan";"None";"nan";"None";"None";"None";"None";"2";"3";"Dépendance";"nan";"0.0";"None";"None";"None";"None";"nan";"7.241609";"43.690264";"000MP"
"2024-48898";"2024-08-27";"1";"Vente";"375000.0";"147.0";"None";"PROM DES ANGLAIS";"0240";"06200";"06088";"Nice";"06";"None";"None";"06088000MP0294";"None";"None";"36";"nan";"42";"nan";"None";"nan";"None";"None";"None";"None";"2";"2";"Appartement";"96.0";"3.0";"None";"None";"None";"None";"nan";"7.242173";"43.689639";"000MP"
"2024-48898";"2024-08-27";"1";"Vente";"375000.0";"147.0";"None";"PROM DES ANGLAIS";"0240";"06200";"06088";"Nice";"06";"None";"None";"06088000MP0294";"None";"None";"85";"nan";"None";"nan";"None";"nan";"None";"None";"None";"None";"1";"3";"Dépendance";"nan";"0.0";"None";"None";"None";"None";"nan";"7.242173";"43.689639";"000MP"
"2024-48898";"2024-08-27";"1";"Vente";"375000.0";"147.0";"None";"PROM DES ANGLAIS";"0240";"06200";"06088";"Nice";"06";"None";"None";"06088000MP0294";"None";"None";"36";"nan";"42";"nan";"None";"nan";"None";"None";"None";"None";"2";"3";"Dépendance";"nan";"0.0";"None";"None";"None";"None";"nan";"7.242173";"43.689639";"000MP"
"2024-49201";"2024-08-21";"1";"Vente";"293500.0";"39.0";"None";"AV AIME MARTIN";"0050";"06200";"06088";"Nice";"06";"None";"None";"06088000MP0393";"None";"None";"775";"nan";"809";"nan";"None";"nan";"None";"None";"None";"None";"2";"2";"Appartement";"55.0";"2.0";"None";"None";"None";"None";"nan";"7.239451";"43.691055";"000MP"
"2024-48570";"2024-08-21";"1";"Vente";"52000.0";"39.0";"None";"AV AIME MARTIN";"0050";"06200";"06088";"Nice";"06";"None";"None";"06088000MP0393";"None";"None";"750";"nan";"None";"nan";"None";"nan";"None";"None";"None";"None";"1";"3";"Dépendance";"nan";"0.0";"None";"None";"None";"None";"nan";"7.239451";"43.691055";"000MP"
"2024-49201";"2024-08-21";"1";"Vente";"293500.0";"39.0";"None";"AV AIME MARTIN";"0050";"06200";"06088";"Nice";"06";"None";"None";"06088000MP0393";"None";"None";"775";"nan";"809";"nan";"None";"nan";"None";"None";"None";"None";"2";"3";"Dépendance";"nan";"0.0";"None";"None";"None";"None";"nan";"7.239451";"43.691055";"000MP"
"2024-48406";"2024-08-12";"1";"Vente";"192500.0";"5.0";"None";"BD CARLONE";"1140";"06200";"06088";"Nice";"06";"None";"None";"06088000MP0065";"None";"None";"9";"52.22";"None";"nan";"None";"nan";"None";"None";"None";"None";"1";"2";"Appartement";"53.0";"3.0";"None";"None";"None";"None";"nan";"7.24264";"43.693388";"000MP"
"2024-48486";"2024-08-12";"1";"Vente";"680000.0";"93.0";"None";"BD EDOUARD HERRIOT";"2188";"06200";"06088";"Nice";"06";"None";"None";"06088000MP0167";"None";"None";"510";"nan";"543";"nan";"None";"nan";"None";"None";"None";"None";"2";"2";"Appartement";"110.0";"3.0";"None";"None";"None";"None";"nan";"7.237443";"43.690451";"000MP"
"2024-48852";"2024-08-12";"1";"Vente";"120000.0";"20.0";"None";"RUE SAINT HONORE";"5770";"06200";"06088";"Nice";"06";"None";"None";"06088000MP0033";"None";"None";"2";"19.4";"None";"nan";"None";"nan";"None";"None";"None";"None";"1";"2";"Appartement";"19.0";"1.0";"None";"None";"None";"None";"nan";"7.239976";"43.693179";"000MP"
"2024-48486";"2024-08-12";"1";"Vente";"680000.0";"93.0";"None";"BD EDOUARD HERRIOT";"2188";"06200";"06088";"Nice";"06";"None";"None";"06088000MP0167";"None";"None";"510";"nan";"543";"nan";"None";"nan";"None";"None";"None";"None";"2";"3";"Dépendance";"nan";"0.0";"None";"None";"None";"None";"nan";"7.237443";"43.690451";"000MP"
"2024-48486";"2024-08-12";"1";"Vente";"680000.0";"93.0";"None";"BD EDOUARD HERRIOT";"2188";"06200";"06088";"Nice";"06";"None";"None";"06088000MP0167";"None";"None";"455";"nan";"None";"nan";"None";"nan";"None";"None";"None";"None";"1";"3";"Dépendance";"nan";"0.0";"None";"None";"None";"None";"nan";"7.237443";"43.690451";"000MP"
"2024-48602";"2024-08-09";"1";"Vente";"247000.0";"3.0";"None";"AV GLORIA";"2955";"06200";"06088";"Nice";"06";"None";"None";"06088000MP0491";"None";"None";"308";"39.31";"None";"nan";"None";"nan";"None";"None";"None";"None";"1";"2";"Appartement";"39.0";"2.0";"None";"None";"None";"None";"nan";"7.244066";"43.691389";"000MP"
"2024-50417";"2024-08-09";"1";"Vente";"370000.0";"35.0";"None";"AV DE LA CALIFORNIE";"1045";"06200";"06088";"Nice";"06";"None";"None";"06088000MP0257";"None";"None";"31";"nan";"None";"nan";"None";"nan";"None";"None";"None";"None";"1";"2";"Appartement";"89.0";"3.0";"None";"None";"None";"None";"nan";"7.242788";"43.690095";"000MP"
"2024-49140";"2024-08-09";"1";"Vente";"10000.0";"46.0";"None";"AV DE LA CALIFORNIE";"1045";"06200";"06088";"Nice";"06";"None";"None";"06088000MP0238";"None";"None";"143";"nan";"None";"nan";"None";"nan";"None";"None";"None";"None";"1";"3";"Dépendance";"nan";"0.0";"None";"None";"None";"None";"nan";"7.241192";"43.690102";"000MP"
"2024-48600";"2024-08-08";"1";"Vente";"100000.0";"52.0";"None";"AV DE LA CALIFORNIE";"1045";"06200";"06088";"Nice";"06";"None";"None";"06088000MP0341";"None";"None";"159";"nan";"None";"nan";"None";"nan";"None";"None";"None";"None";"1";"2";"Appartement";"22.0";"1.0";"None";"None";"None";"None";"nan";"7.240781";"43.68953";"000MP"
"2024-48600";"2024-08-08";"1";"Vente";"100000.0";"52.0";"None";"AV DE LA CALIFORNIE";"1045";"06200";"06088";"Nice";"06";"None";"None";"06088000MP0487";"None";"None";"48";"nan";"None";"nan";"None";"nan";"None";"None";"None";"None";"1";"3";"Dépendance";"nan";"0.0";"None";"None";"None";"None";"nan";"7.240755";"43.689691";"000MP"
"2024-48405";"2024-08-02";"1";"Vente";"124000.0";"6.0";"T";"AV GLORIA";"2955";"06200";"06088";"Nice";"06";"None";"None";"06088000MP0186";"None";"None";"37";"17.6";"None";"nan";"None";"nan";"None";"None";"None";"None";"1";"2";"Appartement";"24.0";"1.0";"None";"None";"None";"None";"nan";"7.243504";"43.691714";"000MP"
"2024-48407";"2024-08-01";"1";"Vente";"205000.0";"3.0";"None";"BD MAGNAN";"3875";"06200";"06088";"Nice";"06";"None";"None";"06088000MP0071";"None";"None";"20";"nan";"3";"65.81";"None";"nan";"None";"None";"None";"None";"2";"2";"Appartement";"65.0";"3.0";"None";"None";"None";"None";"nan";"7.242824";"43.693128";"000MP"
"2024-48407";"2024-08-01";"1";"Vente";"205000.0";"3.0";"None";"BD MAGNAN";"3875";"06200";"06088";"Nice";"06";"None";"None";"06088000MP0071";"None";"None";"20";"nan";"3";"65.81";"None";"nan";"None";"None";"None";"None";"2";"3";"Dépendance";"nan";"0.0";"None";"None";"None";"None";"nan";"7.242824";"43.693128";"000MP"
"2024-47991";"2024-07-31";"1";"Vente";"110350.0";"16.0";"None";"BD MAGNAN";"3875";"06200";"06088";"Nice";"06";"None";"None";"06088000MP0050";"None";"None";"14";"nan";"None";"nan";"None";"nan";"None";"None";"None";"None";"1";"2";"Appartement";"24.0";"1.0";"None";"None";"None";"None";"nan";"7.241639";"43.692968";"000MP"
"2024-48000";"2024-07-30";"1";"Vente";"457000.0";"127.0";"None";"PROM DES ANGLAIS";"0240";"06200";"06088";"Nice";"06";"None";"None";"06088000MP0280";"None";"None";"14";"nan";"70";"nan";"None";"nan";"None";"None";"None";"None";"2";"2";"Appartement";"56.0";"2.0";"None";"None";"None";"None";"nan";"7.243919";"43.690363";"000MP"
"2024-48000";"2024-07-30";"1";"Vente";"457000.0";"127.0";"None";"PROM DES ANGLAIS";"0240";"06200";"06088";"Nice";"06";"None";"None";"06088000MP0280";"None";"None";"14";"nan";"70";"nan";"None";"nan";"None";"None";"None";"None";"2";"3";"Dépendance";"nan";"0.0";"None";"None";"None";"None";"nan";"7.243919";"43.690363";"000MP"
"2024-48000";"2024-07-30";"1";"Vente";"457000.0";"127.0";"None";"PROM DES ANGLAIS";"0240";"06200";"06088";"Nice";"06";"None";"None";"06088000MP0280";"None";"None";"14";"nan";"70";"nan";"None";"nan";"None";"None";"None";"None";"2";"3";"Dépendance";"nan";"0.0";"None";"None";"None";"None";"nan";"7.243919";"43.690363";"000MP"
"2024-47925";"2024-07-29";"1";"Vente";"245000.0";"20.0";"None";"BD MAGNAN";"3875";"06200";"06088";"Nice";"06";"None";"None";"06088000MP0043";"None";"None";"165";"nan";"42";"nan";"None";"nan";"None";"None";"None";"None";"2";"2";"Appartement";"62.0";"2.0";"None";"None";"None";"None";"nan";"7.240931";"43.692943";"000MP"
"2024-47925";"2024-07-29";"1";"Vente";"245000.0";"20.0";"None";"BD MAGNAN";"3875";"06200";"06088";"Nice";"06";"None";"None";"06088000MP0043";"None";"None";"165";"nan";"42";"nan";"None";"nan";"None";"None";"None";"None";"2";"3";"Dépendance";"nan";"0.0";"None";"None";"None";"None";"nan";"7.240931";"43.692943";"000MP"
"2024-47423";"2024-07-24";"1";"Vente";"131500.0";"20.0";"None";"BD MAGNAN";"3875";"06200";"06088";"Nice";"06";"None";"None";"06088000MP0043";"None";"None";"106";"nan";"130";"29.25";"None";"nan";"None";"None";"None";"None";"2";"2";"Appartement";"28.0";"1.0";"None";"None";"None";"None";"nan";"7.240931";"43.692943";"000MP"
"2024-48008";"2024-07-24";"1";"Vente";"398000.0";"39.0";"None";"AV AIME MARTIN";"0050";"06200";"06088";"Nice";"06";"None";"None";"06088000MP0393";"None";"None";"394";"nan";"449";"87.4";"None";"nan";"None";"None";"None";"None";"2";"2";"Appartement";"90.0";"4.0";"None";"None";"None";"None";"nan";"7.239451";"43.691055";"000MP"
"2024-47423";"2024-07-24";"1";"Vente";"131500.0";"20.0";"None";"BD MAGNAN";"3875";"06200";"06088";"Nice";"06";"None";"None";"06088000MP0043";"None";"None";"106";"nan";"130";"29.25";"None";"nan";"None";"None";"None";"None";"2";"3";"Dépendance";"nan";"0.0";"None";"None";"None";"None";"nan";"7.240931";"43.692943";"000MP"
"2024-47781";"2024-07-24";"1";"Vente";"28000.0";"39.0";"None";"AV AIME MARTIN";"0050";"06200";"06088";"Nice";"06";"None";"None";"06088000MP0393";"None";"None";"709";"nan";"None";"nan";"None";"nan";"None";"None";"None";"None";"1";"3";"Dépendance";"nan";"0.0";"None";"None";"None";"None";"nan";"7.239451";"43.691055";"000MP"
"2024-48008";"2024-07-24";"1";"Vente";"398000.0";"39.0";"None";"AV AIME MARTIN";"0050";"06200";"06088";"Nice";"06";"None";"None";"06088000MP0393";"None";"None";"394";"nan";"449";"87.4";"None";"nan";"None";"None";"None";"None";"2";"3";"Dépendance";"nan";"0.0";"None";"None";"None";"None";"nan";"7.239451";"43.691055";"000MP"
"2024-47868";"2024-07-22";"1";"Vente";"770000.0";"73.0";"None";"BD EDOUARD HERRIOT";"2188";"06200";"06088";"Nice";"06";"None";"None";"06088000MP0312";"None";"None";"237";"nan";"242";"nan";"243";"130.42";"244";"None";"None";"None";"4";"2";"Appartement";"140.0";"5.0";"None";"None";"None";"None";"nan";"7.237787";"43.691443";"000MP"
"2024-47868";"2024-07-22";"1";"Vente";"770000.0";"73.0";"None";"BD EDOUARD HERRIOT";"2188";"06200";"06088";"Nice";"06";"None";"None";"06088000MP0312";"None";"None";"237";"nan";"242";"nan";"243";"130.42";"244";"None";"None";"None";"4";"3";"Dépendance";"nan";"0.0";"None";"None";"None";"None";"nan";"7.237787";"43.691443";"000MP"
"2024-47868";"2024-07-22";"1";"Vente";"770000.0";"73.0";"None";"BD EDOUARD HERRIOT";"2188";"06200";"06088";"Nice";"06";"None";"None";"06088000MP0312";"None";"None";"434";"nan";"None";"nan";"None";"nan";"None";"None";"None";"None";"1";"3";"Dépendance";"nan";"0.0";"None";"None";"None";"None";"nan";"7.237787";"43.691443";"000MP"
"2024-47868";"2024-07-22";"1";"Vente";"770000.0";"73.0";"None";"BD EDOUARD HERRIOT";"2188";"06200";"06088";"Nice";"06";"None";"None";"06088000MP0312";"None";"None";"435";"nan";"None";"nan";"None";"nan";"None";"None";"None";"None";"1";"3";"Dépendance";"nan";"0.0";"None";"None";"None";"None";"nan";"7.237787";"43.691443";"000MP"
"2024-47868";"2024-07-22";"1";"Vente";"770000.0";"73.0";"None";"BD EDOUARD HERRIOT";"2188";"06200";"06088";"Nice";"06";"None";"None";"06088000MP0312";"None";"None";"237";"nan";"242";"nan";"243";"130.42";"244";"None";"None";"None";"4";"3";"Dépendance";"nan";"0.0";"None";"None";"None";"None";"nan";"7.237787";"43.691443";"000MP"
"2024-47249";"2024-07-19";"1";"Vente";"139000.0";"9.0";"None";"BD MAGNAN";"3875";"06200";"06088";"Nice";"06";"None";"None";"06088000MP0074";"None";"None";"58";"nan";"None";"nan";"None";"nan";"None";"None";"None";"None";"1";"2";"Appartement";"20.0";"1.0";"None";"None";"None";"None";"nan";"7.242473";"43.692823";"000MP"
"2024-47129";"2024-07-18";"1";"Vente";"126500.0";"39.0";"None";"AV DE LA CALIFORNIE";"1045";"06200";"06088";"Nice";"06";"None";"None";"06088000MP0254";"None";"None";"18";"nan";"None";"nan";"None";"nan";"None";"None";"None";"None";"1";"2";"Appartement";"32.0";"2.0";"None";"None";"None";"None";"nan";"7.242406";"43.690034";"000MP"
"2024-47897";"2024-07-18";"1";"Vente";"381000.0";"127.0";"None";"PROM DES ANGLAIS";"0240";"06200";"06088";"Nice";"06";"None";"None";"06088000MP0280";"None";"None";"10";"nan";"46";"nan";"None";"nan";"None";"None";"None";"None";"2";"2";"Appartement";"42.0";"1.0";"None";"None";"None";"None";"nan";"7.243919";"43.690363";"000MP"
"2024-47897";"2024-07-18";"1";"Vente";"381000.0";"127.0";"None";"PROM DES ANGLAIS";"0240";"06200";"06088";"Nice";"06";"None";"None";"06088000MP0280";"None";"None";"10";"nan";"46";"nan";"None";"nan";"None";"None";"None";"None";"2";"3";"Dépendance";"nan";"0.0";"None";"None";"None";"None";"nan";"7.243919";"43.690363";"000MP"
"2024-47259";"2024-07-16";"1";"Vente";"255000.0";"3.0";"None";"AV GLORIA";"2955";"06200";"06088";"Nice";"06";"None";"None";"06088000MP0491";"None";"None";"293";"nan";"None";"nan";"None";"nan";"None";"None";"None";"None";"1";"2";"Appartement";"44.0";"2.0";"None";"None";"None";"None";"nan";"7.244066";"43.691389";"000MP"
"2024-47736";"2024-07-16";"1";"Vente";"276520.0";"46.0";"None";"AV DE LA CALIFORNIE";"1045";"06200";"06088";"Nice";"06";"None";"None";"06088000MP0238";"None";"None";"177";"nan";"256";"67.26";"None";"nan";"None";"None";"None";"None";"2";"2";"Appartement";"69.0";"3.0";"None";"None";"None";"None";"nan";"7.241192";"43.690102";"000MP"
"2024-47259";"2024-07-16";"1";"Vente";"255000.0";"2.0";"None";"RUE CORDERIE";"1690";"06200";"06088";"Nice";"06";"None";"None";"06088000MP0491";"None";"None";"36";"nan";"None";"nan";"None";"nan";"None";"None";"None";"None";"1";"3";"Dépendance";"nan";"0.0";"None";"None";"None";"None";"nan";"7.244066";"43.691389";"000MP"
"2024-47736";"2024-07-16";"1";"Vente";"276520.0";"46.0";"None";"AV DE LA CALIFORNIE";"1045";"06200";"06088";"Nice";"06";"None";"None";"06088000MP0238";"None";"None";"177";"nan";"256";"67.26";"None";"nan";"None";"None";"None";"None";"2";"3";"Dépendance";"nan";"0.0";"None";"None";"None";"None";"nan";"7.241192";"43.690102";"000MP"
"2024-47736";"2024-07-16";"1";"Vente";"276520.0";"46.0";"None";"AV DE LA CALIFORNIE";"1045";"06200";"06088";"Nice";"06";"None";"None";"06088000MP0238";"None";"None";"108";"nan";"None";"nan";"None";"nan";"None";"None";"None";"None";"1";"3";"Dépendance";"nan";"0.0";"None";"None";"None";"None";"nan";"7.241192";"43.690102";"000MP"
"2024-47736";"2024-07-16";"1";"Vente";"276520.0";"46.0";"None";"AV DE LA CALIFORNIE";"1045";"06200";"06088";"Nice";"06";"None";"None";"06088000MP0238";"None";"None";"177";"nan";"256";"67.26";"None";"nan";"None";"None";"None";"None";"2";"3";"Dépendance";"nan";"0.0";"None";"None";"None";"None";"nan";"7.241192";"43.690102";"000MP"
"2024-46969";"2024-07-09";"1";"Vente";"133380.0";"6.0";"None";"RUE SAINT HONORE";"5770";"06200";"06088";"Nice";"06";"None";"None";"06088000MP0056";"None";"None";"10";"29.11";"None";"nan";"None";"nan";"None";"None";"None";"None";"1";"2";"Appartement";"30.0";"1.0";"None";"None";"None";"None";"nan";"7.241592";"43.693344";"000MP"
"2024-47663";"2024-07-09";"1";"Vente";"430000.0";"39.0";"None";"AV AIME MARTIN";"0050";"06200";"06088";"Nice";"06";"None";"None";"06088000MP0393";"None";"None";"248";"nan";"321";"71.5";"None";"nan";"None";"None";"None";"None";"2";"2";"Appartement";"70.0";"3.0";"None";"None";"None";"None";"nan";"7.239451";"43.691055";"000MP"
"2024-47663";"2024-07-09";"1";"Vente";"430000.0";"39.0";"None";"AV AIME MARTIN";"0050";"06200";"06088";"Nice";"06";"None";"None";"06088000MP0393";"None";"None";"248";"nan";"321";"71.5";"None";"nan";"None";"None";"None";"None";"2";"3";"Dépendance";"nan";"0.0";"None";"None";"None";"None";"nan";"7.239451";"43.691055";"000MP"
"2024-47663";"2024-07-09";"1";"Vente";"430000.0";"39.0";"None";"AV AIME MARTIN";"0050";"06200";"06088";"Nice";"06";"None";"None";"06088000MP0393";"None";"None";"248";"nan";"321";"71.5";"None";"nan";"None";"None";"None";"None";"2";"3";"Dépendance";"nan";"0.0";"None";"None";"None";"None";"nan";"7.239451";"43.691055";"000MP"
"2024-47663";"2024-07-09";"1";"Vente";"430000.0";"39.0";"None";"AV AIME MARTIN";"0050";"06200";"06088";"Nice";"06";"None";"None";"06088000MP0393";"None";"None";"705";"nan";"None";"nan";"None";"nan";"None";"None";"None";"None";"1";"3";"Dépendance";"nan";"0.0";"None";"None";"None";"None";"nan";"7.239451";"43.691055";"000MP"
"2024-46886";"2024-07-02";"1";"Vente";"225000.0";"11.0";"None";"AV GLORIA";"2955";"06200";"06088";"Nice";"06";"None";"None";"06088000MP0216";"None";"None";"25";"nan";"53";"nan";"None";"nan";"None";"None";"None";"None";"2";"2";"Appartement";"53.0";"3.0";"None";"None";"None";"None";"nan";"7.243553";"43.691276";"000MP"
"2024-46886";"2024-07-02";"1";"Vente";"225000.0";"11.0";"None";"AV GLORIA";"2955";"06200";"06088";"Nice";"06";"None";"None";"06088000MP0216";"None";"None";"25";"nan";"53";"nan";"None";"nan";"None";"None";"None";"None";"2";"3";"Dépendance";"nan";"0.0";"None";"None";"None";"None";"nan";"7.243553";"43.691276";"000MP"
"2024-47029";"2024-06-28";"1";"Vente";"410000.0";"9.0";"None";"AV GLORIA";"2955";"06200";"06088";"Nice";"06";"None";"None";"06088000MP0491";"None";"None";"247";"nan";"None";"nan";"None";"nan";"None";"None";"None";"None";"1";"2";"Appartement";"70.0";"3.0";"None";"None";"None";"None";"nan";"7.244066";"43.691389";"000MP"
"2024-46768";"2024-06-28";"1";"Vente";"27000.0";"46.0";"None";"AV DE LA CALIFORNIE";"1045";"06200";"06088";"Nice";"06";"None";"None";"06088000MP0238";"None";"None";"148";"nan";"None";"nan";"None";"nan";"None";"None";"None";"None";"1";"3";"Dépendance";"nan";"0.0";"None";"None";"None";"None";"nan";"7.241192";"43.690102";"000MP"
"2024-47029";"2024-06-28";"1";"Vente";"410000.0";"2.0";"None";"RUE CORDERIE";"1690";"06200";"06088";"Nice";"06";"None";"None";"06088000MP0491";"None";"None";"187";"nan";"None";"nan";"None";"nan";"None";"None";"None";"None";"1";"3";"Dépendance";"nan";"0.0";"None";"None";"None";"None";"nan";"7.244066";"43.691389";"000MP"
"2024-46306";"2024-06-27";"1";"Vente";"35000.0";"2.0";"None";"RUE CORDERIE";"1690";"06200";"06088";"Nice";"06";"None";"None";"06088000MP0491";"None";"None";"55";"nan";"None";"nan";"None";"nan";"None";"None";"None";"None";"1";"3";"Dépendance";"nan";"0.0";"None";"None";"None";"None";"nan";"7.244066";"43.691389";"000MP"
"2024-46193";"2024-06-21";"1";"Vente";"17000.0";"20.0";"None";"RUE SAINT HONORE";"5770";"06200";"06088";"Nice";"06";"None";"None";"06088000MP0033";"None";"None";"19";"nan";"None";"nan";"None";"nan";"None";"None";"None";"None";"1";"3";"Dépendance";"nan";"0.0";"None";"None";"None";"None";"nan";"7.239976";"43.693179";"000MP"
"2024-46883";"2024-06-21";"1";"Vente";"950000.0";"9001.0";"None";"SQ GENERAL FERRIE";"2835";"06200";"06088";"Nice";"06";"None";"None";"06088000MP0273";"None";"None";"1";"nan";"6";"nan";"8";"nan";"None";"None";"None";"None";"3";"4";"Local industriel. commercial ou assimilé";"160.0";"0.0";"None";"None";"None";"None";"nan";"7.244823";"43.691045";"000MP"
"2024-45941";"2024-06-19";"1";"Vente";"131000.0";"3.0";"None";"BD CARLONE";"1140";"06200";"06088";"Nice";"06";"None";"None";"06088000MP0067";"None";"None";"18";"55.02";"None";"nan";"None";"nan";"None";"None";"None";"None";"1";"2";"Appartement";"52.0";"3.0";"None";"None";"None";"None";"nan";"7.24279";"43.69345";"000MP"
"2024-45941";"2024-06-19";"1";"Vente";"131000.0";"3.0";"None";"BD CARLONE";"1140";"06200";"06088";"Nice";"06";"None";"None";"06088000MP0067";"None";"None";"18";"55.02";"None";"nan";"None";"nan";"None";"None";"None";"None";"1";"3";"Dépendance";"nan";"0.0";"None";"None";"None";"None";"nan";"7.24279";"43.69345";"000MP"
"2024-46518";"2024-06-19";"1";"Vente";"41000.0";"24.0";"None";"AV DE LA CALIFORNIE";"1045";"06200";"06088";"Nice";"06";"None";"None";"06088000MP0482";"None";"None";"234";"nan";"None";"nan";"None";"nan";"None";"None";"None";"None";"1";"3";"Dépendance";"nan";"0.0";"None";"None";"None";"None";"nan";"7.24279";"43.691002";"000MP"
"2024-45658";"2024-06-17";"1";"Vente";"87000.0";"1.0";"None";"IMP AMARO";"0157";"06200";"06088";"Nice";"06";"None";"None";"06088000MP0228";"None";"None";"150";"24.23";"8";"nan";"None";"nan";"None";"None";"None";"None";"2";"2";"Appartement";"24.0";"1.0";"None";"None";"None";"None";"nan";"7.242418";"43.690722";"000MP"
"2024-45659";"2024-06-17";"1";"Vente";"120000.0";"1.0";"None";"IMP AMARO";"0157";"06200";"06088";"Nice";"06";"None";"None";"06088000MP0228";"None";"None";"150";"nan";"8";"nan";"None";"nan";"None";"None";"None";"None";"2";"2";"Appartement";"24.0";"1.0";"None";"None";"None";"None";"nan";"7.242418";"43.690722";"000MP"
"2024-45670";"2024-06-17";"1";"Vente";"420000.0";"73.0";"None";"BD EDOUARD HERRIOT";"2188";"06200";"06088";"Nice";"06";"None";"None";"06088000MP0312";"None";"None";"17";"nan";"87";"nan";"None";"nan";"None";"None";"None";"None";"2";"2";"Appartement";"84.0";"2.0";"None";"None";"None";"None";"nan";"7.237787";"43.691443";"000MP"
"2024-45658";"2024-06-17";"1";"Vente";"87000.0";"1.0";"None";"IMP AMARO";"0157";"06200";"06088";"Nice";"06";"None";"None";"06088000MP0228";"None";"None";"150";"24.23";"8";"nan";"None";"nan";"None";"None";"None";"None";"2";"3";"Dépendance";"nan";"0.0";"None";"None";"None";"None";"nan";"7.242418";"43.690722";"000MP"
"2024-45659";"2024-06-17";"1";"Vente";"120000.0";"1.0";"None";"IMP AMARO";"0157";"06200";"06088";"Nice";"06";"None";"None";"06088000MP0228";"None";"None";"150";"nan";"8";"nan";"None";"nan";"None";"None";"None";"None";"2";"3";"Dépendance";"nan";"0.0";"None";"None";"None";"None";"nan";"7.242418";"43.690722";"000MP"
"2024-45670";"2024-06-17";"1";"Vente";"420000.0";"73.0";"None";"BD EDOUARD HERRIOT";"2188";"06200";"06088";"Nice";"06";"None";"None";"06088000MP0312";"None";"None";"17";"nan";"87";"nan";"None";"nan";"None";"None";"None";"None";"2";"3";"Dépendance";"nan";"0.0";"None";"None";"None";"None";"nan";"7.237787";"43.691443";"000MP"
"2024-45670";"2024-06-17";"1";"Vente";"420000.0";"73.0";"None";"BD EDOUARD HERRIOT";"2188";"06200";"06088";"Nice";"06";"None";"None";"06088000MP0312";"None";"None";"415";"nan";"None";"nan";"None";"nan";"None";"None";"None";"None";"1";"3";"Dépendance";"nan";"0.0";"None";"None";"None";"None";"nan";"7.237787";"43.691443";"000MP"
"2024-47055";"2024-06-14";"1";"Vente";"40000.0";"73.0";"None";"BD EDOUARD HERRIOT";"2188";"06200";"06088";"Nice";"06";"None";"None";"06088000MP0312";"None";"None";"251";"nan";"None";"nan";"None";"nan";"None";"None";"None";"None";"1";"3";"Dépendance";"nan";"0.0";"None";"None";"None";"None";"nan";"7.237787";"43.691443";"000MP"
"2024-46465";"2024-06-11";"1";"Vente";"146000.0";"9001.0";"None";"AV MONT RABEAU";"4390";"06200";"06088";"Nice";"06";"None";"None";"06088000MP0167";"None";"None";"1212";"nan";"1245";"nan";"None";"nan";"None";"None";"None";"None";"2";"2";"Appartement";"34.0";"1.0";"None";"None";"None";"None";"nan";"7.237443";"43.690451";"000MP"
"2024-46465";"2024-06-11";"1";"Vente";"146000.0";"9001.0";"None";"AV MONT RABEAU";"4390";"06200";"06088";"Nice";"06";"None";"None";"06088000MP0167";"None";"None";"1212";"nan";"1245";"nan";"None";"nan";"None";"None";"None";"None";"2";"3";"Dépendance";"nan";"0.0";"None";"None";"None";"None";"nan";"7.237443";"43.690451";"000MP"
"2024-46100";"2024-06-06";"1";"Vente";"26000.0";"73.0";"None";"BD EDOUARD HERRIOT";"2188";"06200";"06088";"Nice";"06";"None";"None";"06088000MP0312";"None";"None";"414";"nan";"None";"nan";"None";"nan";"None";"None";"None";"None";"1";"3";"Dépendance";"nan";"0.0";"None";"None";"None";"None";"nan";"7.237787";"43.691443";"000MP"
"2024-45247";"2024-05-27";"1";"Vente";"303000.0";"36.0";"None";"AV DE LA CALIFORNIE";"1045";"06200";"06088";"Nice";"06";"None";"None";"06088000MP0476";"None";"None";"111";"74.2";"None";"nan";"None";"nan";"None";"None";"None";"None";"1";"2";"Appartement";"74.0";"3.0";"None";"None";"None";"None";"nan";"7.241609";"43.690264";"000MP"
"2024-45395";"2024-05-27";"1";"Vente";"190000.0";"93.0";"None";"BD EDOUARD HERRIOT";"2188";"06200";"06088";"Nice";"06";"None";"None";"06088000MP0167";"None";"None";"114";"nan";"178";"nan";"None";"nan";"None";"None";"None";"None";"2";"2";"Appartement";"49.0";"1.0";"None";"None";"None";"None";"nan";"7.237443";"43.690451";"000MP"
"2024-45247";"2024-05-27";"1";"Vente";"303000.0";"36.0";"None";"AV DE LA CALIFORNIE";"1045";"06200";"06088";"Nice";"06";"None";"None";"06088000MP0476";"None";"None";"111";"74.2";"None";"nan";"None";"nan";"None";"None";"None";"None";"1";"3";"Dépendance";"nan";"0.0";"None";"None";"None";"None";"nan";"7.241609";"43.690264";"000MP"
"2024-45247";"2024-05-27";"1";"Vente";"303000.0";"36.0";"None";"AV DE LA CALIFORNIE";"1045";"06200";"06088";"Nice";"06";"None";"None";"06088000MP0476";"None";"None";"35";"nan";"None";"nan";"None";"nan";"None";"None";"None";"None";"1";"3";"Dépendance";"nan";"0.0";"None";"None";"None";"None";"nan";"7.241609";"43.690264";"000MP"
"2024-44692";"2024-05-22";"1";"Vente";"35000.0";"19.0";"None";"AV DE BELLET";"0735";"06200";"06088";"Nice";"06";"None";"None";"06088000MP0193";"None";"None";"17";"nan";"None";"nan";"None";"nan";"None";"None";"None";"None";"1";"3";"Dépendance";"nan";"0.0";"None";"None";"None";"None";"nan";"7.24389";"43.692369";"000MP"
"2024-44650";"2024-05-21";"1";"Vente";"290000.0";"143.0";"None";"PROM DES ANGLAIS";"0240";"06200";"06088";"Nice";"06";"None";"None";"06088000MP0293";"None";"None";"1";"nan";"68";"41.17";"None";"nan";"None";"None";"None";"None";"2";"2";"Appartement";"37.0";"2.0";"None";"None";"None";"None";"nan";"7.242594";"43.689703";"000MP"
"2024-44650";"2024-05-21";"1";"Vente";"290000.0";"143.0";"None";"PROM DES ANGLAIS";"0240";"06200";"06088";"Nice";"06";"None";"None";"06088000MP0293";"None";"None";"1";"nan";"68";"41.17";"None";"nan";"None";"None";"None";"None";"2";"3";"Dépendance";"nan";"0.0";"None";"None";"None";"None";"nan";"7.242594";"43.689703";"000MP"
"2024-44986";"2024-05-17";"1";"Vente";"320000.0";"44.0";"None";"AV DE LA CALIFORNIE";"1045";"06200";"06088";"Nice";"06";"None";"None";"06088000MP0327";"None";"None";"None";"nan";"None";"nan";"None";"nan";"None";"None";"None";"None";"0";"2";"Appartement";"41.0";"2.0";"S";"sols";"None";"None";"73.0";"7.24156";"43.690125";"000MP"
"2024-44986";"2024-05-17";"1";"Vente";"320000.0";"44.0";"None";"AV DE LA CALIFORNIE";"1045";"06200";"06088";"Nice";"06";"None";"None";"06088000MP0327";"None";"None";"None";"nan";"None";"nan";"None";"nan";"None";"None";"None";"None";"0";"2";"Appartement";"43.0";"2.0";"S";"sols";"None";"None";"73.0";"7.24156";"43.690125";"000MP"
"2024-44986";"2024-05-17";"1";"Vente";"320000.0";"44.0";"None";"AV DE LA CALIFORNIE";"1045";"06200";"06088";"Nice";"06";"None";"None";"06088000MP0327";"None";"None";"None";"nan";"None";"nan";"None";"nan";"None";"None";"None";"None";"0";"2";"Appartement";"43.0";"2.0";"S";"sols";"None";"None";"73.0";"7.24156";"43.690125";"000MP"
"2024-44986";"2024-05-17";"1";"Vente";"320000.0";"44.0";"None";"AV DE LA CALIFORNIE";"1045";"06200";"06088";"Nice";"06";"None";"None";"06088000MP0327";"None";"None";"None";"nan";"None";"nan";"None";"nan";"None";"None";"None";"None";"0";"3";"Dépendance";"nan";"0.0";"S";"sols";"None";"None";"73.0";"7.24156";"43.690125";"000MP"
"2024-44925";"2024-05-14";"1";"Vente";"39500.0";"4.0";"None";"AV DU PETIT FABRON";"4975";"06200";"06088";"Nice";"06";"None";"None";"06088000MP0179";"None";"None";"76";"nan";"None";"nan";"None";"nan";"None";"None";"None";"None";"1";"2";"Appartement";"13.0";"1.0";"None";"None";"None";"None";"nan";"7.238898";"43.689994";"000MP"
"2024-45070";"2024-05-14";"1";"Vente";"187000.0";"54.0";"None";"AV DE LA CALIFORNIE";"1045";"06200";"06088";"Nice";"06";"None";"None";"06088000MP0244";"None";"None";"93";"nan";"None";"nan";"None";"nan";"None";"None";"None";"None";"1";"2";"Appartement";"71.0";"3.0";"None";"None";"None";"None";"nan";"7.240503";"43.689604";"000MP"
"2024-44403";"2024-05-07";"1";"Vente";"327750.0";"15.0";"T";"BD MAGNAN";"3875";"06200";"06088";"Nice";"06";"None";"None";"06088000MP0079";"None";"None";"10";"nan";"9";"nan";"None";"nan";"None";"None";"None";"None";"2";"2";"Appartement";"90.0";"4.0";"None";"None";"None";"None";"nan";"7.24164";"43.692704";"000MP"
"2024-44403";"2024-05-07";"1";"Vente";"327750.0";"20.0";"None";"BD MAGNAN";"3875";"06200";"06088";"Nice";"06";"None";"None";"06088000MP0043";"None";"None";"34";"nan";"None";"nan";"None";"nan";"None";"None";"None";"None";"1";"3";"Dépendance";"nan";"0.0";"None";"None";"None";"None";"nan";"7.240931";"43.692943";"000MP"
"2024-44403";"2024-05-07";"1";"Vente";"327750.0";"15.0";"T";"BD MAGNAN";"3875";"06200";"06088";"Nice";"06";"None";"None";"06088000MP0079";"None";"None";"10";"nan";"9";"nan";"None";"nan";"None";"None";"None";"None";"2";"3";"Dépendance";"nan";"0.0";"None";"None";"None";"None";"nan";"7.24164";"43.692704";"000MP"
"2024-45087";"2024-05-02";"1";"Vente";"164000.0";"17.0";"None";"BD MAGNAN";"3875";"06200";"06088";"Nice";"06";"None";"None";"06088000MP0080";"None";"None";"16";"nan";"None";"nan";"None";"nan";"None";"None";"None";"None";"1";"2";"Appartement";"54.0";"3.0";"None";"None";"None";"None";"nan";"7.241499";"43.692691";"000MP"
"2024-44478";"2024-04-30";"1";"Vente";"1270000.0";"27.0";"None";"AV AIME MARTIN";"0050";"06200";"06088";"Nice";"06";"None";"None";"06088000MP0144";"None";"None";"None";"nan";"None";"nan";"None";"nan";"None";"None";"None";"None";"0";"1";"Maison";"167.0";"7.0";"S";"sols";"None";"None";"847.0";"7.241464";"43.692219";"000MP"
"2024-44247";"2024-04-30";"1";"Vente";"27000.0";"52.0";"None";"AV DE LA CALIFORNIE";"1045";"06200";"06088";"Nice";"06";"None";"None";"06088000MP0487";"None";"None";"37";"nan";"None";"nan";"None";"nan";"None";"None";"None";"None";"1";"3";"Dépendance";"nan";"0.0";"None";"None";"None";"None";"nan";"7.240755";"43.689691";"000MP"
"2024-44293";"2024-04-30";"1";"Vente";"31000.0";"2.0";"None";"RUE CORDERIE";"1690";"06200";"06088";"Nice";"06";"None";"None";"06088000MP0491";"None";"None";"6";"nan";"None";"nan";"None";"nan";"None";"None";"None";"None";"1";"3";"Dépendance";"nan";"0.0";"None";"None";"None";"None";"nan";"7.244066";"43.691389";"000MP"
"2024-44265";"2024-04-30";"1";"Vente";"102323.0";"12.0";"None";"AV DE LA CALIFORNIE";"1045";"06200";"06088";"Nice";"06";"None";"None";"06088000MP0491";"None";"None";"386";"nan";"None";"nan";"None";"nan";"None";"None";"None";"None";"1";"4";"Local industriel. commercial ou assimilé";"18.0";"0.0";"None";"None";"None";"None";"nan";"7.244066";"43.691389";"000MP"
"2024-45201";"2024-04-26";"1";"Vente";"48000.0";"73.0";"None";"BD EDOUARD HERRIOT";"2188";"06200";"06088";"Nice";"06";"None";"None";"06088000MP0159";"None";"None";"131";"nan";"None";"nan";"None";"nan";"None";"None";"None";"None";"1";"3";"Dépendance";"nan";"0.0";"None";"None";"None";"None";"nan";"7.238503";"43.691826";"000MP"
"2024-44201";"2024-04-25";"1";"Vente";"115450.0";"3.0";"None";"BD CARLONE";"1140";"06200";"06088";"Nice";"06";"None";"None";"06088000MP0067";"None";"None";"5";"nan";"None";"nan";"None";"nan";"None";"None";"None";"None";"1";"2";"Appartement";"52.0";"3.0";"None";"None";"None";"None";"nan";"7.24279";"43.69345";"000MP"
"2024-44201";"2024-04-25";"1";"Vente";"115450.0";"3.0";"None";"BD CARLONE";"1140";"06200";"06088";"Nice";"06";"None";"None";"06088000MP0067";"None";"None";"5";"nan";"None";"nan";"None";"nan";"None";"None";"None";"None";"1";"3";"Dépendance";"nan";"0.0";"None";"None";"None";"None";"nan";"7.24279";"43.69345";"000MP"
"2024-44201";"2024-04-25";"1";"Vente";"115450.0";"3.0";"None";"BD CARLONE";"1140";"06200";"06088";"Nice";"06";"None";"None";"06088000MP0067";"None";"None";"12";"28.35";"4";"nan";"None";"nan";"None";"None";"None";"None";"2";"4";"Local industriel. commercial ou assimilé";"80.0";"0.0";"None";"None";"None";"None";"nan";"7.24279";"43.69345";"000MP"
"2024-44418";"2024-04-24";"1";"Vente";"33000.0";"20.0";"None";"AV DE LA CALIFORNIE";"1045";"06200";"06088";"Nice";"06";"None";"None";"06088000MP0495";"None";"None";"75";"nan";"None";"nan";"None";"nan";"None";"None";"None";"None";"1";"3";"Dépendance";"nan";"0.0";"None";"None";"None";"None";"nan";"7.24336";"43.690968";"000MP"
"2024-43125";"2024-04-11";"1";"Vente";"373200.0";"147.0";"None";"PROM DES ANGLAIS";"0240";"06200";"06088";"Nice";"06";"None";"None";"06088000MP0294";"None";"None";"31";"nan";"47";"nan";"None";"nan";"None";"None";"None";"None";"2";"2";"Appartement";"71.0";"2.0";"None";"None";"None";"None";"nan";"7.242173";"43.689639";"000MP"
"2024-43373";"2024-04-11";"1";"Vente";"379000.0";"127.0";"None";"PROM DES ANGLAIS";"0240";"06200";"06088";"Nice";"06";"None";"None";"06088000MP0280";"None";"None";"11";"nan";"73";"nan";"None";"nan";"None";"None";"None";"None";"2";"2";"Appartement";"42.0";"1.0";"None";"None";"None";"None";"nan";"7.243919";"43.690363";"000MP"
"2024-43125";"2024-04-11";"1";"Vente";"373200.0";"147.0";"None";"PROM DES ANGLAIS";"0240";"06200";"06088";"Nice";"06";"None";"None";"06088000MP0294";"None";"None";"31";"nan";"47";"nan";"None";"nan";"None";"None";"None";"None";"2";"3";"Dépendance";"nan";"0.0";"None";"None";"None";"None";"nan";"7.242173";"43.689639";"000MP"
"2024-43125";"2024-04-11";"1";"Vente";"373200.0";"24.0";"None";"AV DE LA CALIFORNIE";"1045";"06200";"06088";"Nice";"06";"None";"None";"06088000MP0482";"None";"None";"251";"nan";"None";"nan";"None";"nan";"None";"None";"None";"None";"1";"3";"Dépendance";"nan";"0.0";"None";"None";"None";"None";"nan";"7.24279";"43.691002";"000MP"
"2024-43373";"2024-04-11";"1";"Vente";"379000.0";"127.0";"None";"PROM DES ANGLAIS";"0240";"06200";"06088";"Nice";"06";"None";"None";"06088000MP0280";"None";"None";"11";"nan";"73";"nan";"None";"nan";"None";"None";"None";"None";"2";"3";"Dépendance";"nan";"0.0";"None";"None";"None";"None";"nan";"7.243919";"43.690363";"000MP"
"2024-43211";"2024-04-10";"1";"Vente";"26000.0";"2.0";"None";"RUE CORDERIE";"1690";"06200";"06088";"Nice";"06";"None";"None";"06088000MP0491";"None";"None";"182";"nan";"None";"nan";"None";"nan";"None";"None";"None";"None";"1";"3";"Dépendance";"nan";"0.0";"None";"None";"None";"None";"nan";"7.244066";"43.691389";"000MP"
"2024-43076";"2024-04-09";"1";"Vente";"108000.0";"16.0";"None";"BD MAGNAN";"3875";"06200";"06088";"Nice";"06";"None";"None";"06088000MP0050";"None";"None";"7";"17.04";"None";"nan";"None";"nan";"None";"None";"None";"None";"1";"2";"Appartement";"16.0";"1.0";"None";"None";"None";"None";"nan";"7.241639";"43.692968";"000MP"
"2024-43136";"2024-04-08";"1";"Vente";"28000.0";"19.0";"None";"BD MAGNAN";"3875";"06200";"06088";"Nice";"06";"None";"None";"06088000MP0081";"None";"None";"5";"nan";"None";"nan";"None";"nan";"None";"None";"None";"None";"1";"3";"Dépendance";"nan";"0.0";"None";"None";"None";"None";"nan";"7.241211";"43.692638";"000MP"
"2024-43027";"2024-04-05";"1";"Vente";"98956.0";"6.0";"T";"AV GLORIA";"2955";"06200";"06088";"Nice";"06";"None";"None";"06088000MP0186";"None";"None";"18";"nan";"None";"nan";"None";"nan";"None";"None";"None";"None";"1";"2";"Appartement";"22.0";"1.0";"None";"None";"None";"None";"nan";"7.243504";"43.691714";"000MP"
"2024-43198";"2024-04-03";"1";"Vente";"191833.0";"26.0";"None";"BD MAGNAN";"3875";"06200";"06088";"Nice";"06";"None";"None";"06088000MP0037";"None";"None";"41";"nan";"43";"nan";"None";"nan";"None";"None";"None";"None";"2";"2";"Appartement";"39.0";"1.0";"None";"None";"None";"None";"nan";"7.240067";"43.692854";"000MP"
"2024-42910";"2024-04-03";"1";"Vente";"45000.0";"2.0";"None";"RUE CORDERIE";"1690";"06200";"06088";"Nice";"06";"None";"None";"06088000MP0491";"None";"None";"21";"nan";"None";"nan";"None";"nan";"None";"None";"None";"None";"1";"3";"Dépendance";"nan";"0.0";"None";"None";"None";"None";"nan";"7.244066";"43.691389";"000MP"
"2024-43198";"2024-04-03";"1";"Vente";"191833.0";"26.0";"None";"BD MAGNAN";"3875";"06200";"06088";"Nice";"06";"None";"None";"06088000MP0037";"None";"None";"41";"nan";"43";"nan";"None";"nan";"None";"None";"None";"None";"2";"3";"Dépendance";"nan";"0.0";"None";"None";"None";"None";"nan";"7.240067";"43.692854";"000MP"
"2024-42624";"2024-03-29";"1";"Vente";"226000.0";"9.0";"None";"BD CARLONE";"1140";"06200";"06088";"Nice";"06";"None";"None";"06088000MP0062";"None";"None";"36";"nan";"None";"nan";"None";"nan";"None";"None";"None";"None";"1";"2";"Appartement";"76.0";"4.0";"None";"None";"None";"None";"nan";"7.242177";"43.693504";"000MP"
"2024-42715";"2024-03-29";"1";"Vente";"34800.0";"52.0";"None";"AV DE LA CALIFORNIE";"1045";"06200";"06088";"Nice";"06";"None";"None";"06088000MP0341";"None";"None";"118";"nan";"None";"nan";"None";"nan";"None";"None";"None";"None";"1";"3";"Dépendance";"nan";"0.0";"None";"None";"None";"None";"nan";"7.240781";"43.68953";"000MP"
"2024-43303";"2024-03-28";"1";"Vente";"45000.0";"93.0";"None";"BD EDOUARD HERRIOT";"2188";"06200";"06088";"Nice";"06";"None";"None";"06088000MP0167";"None";"None";"718";"nan";"None";"nan";"None";"nan";"None";"None";"None";"None";"1";"3";"Dépendance";"nan";"0.0";"None";"None";"None";"None";"nan";"7.237443";"43.690451";"000MP"
"2024-42947";"2024-03-26";"1";"Vente";"312300.0";"49.0";"None";"AV DE LA CALIFORNIE";"1045";"06200";"06088";"Nice";"06";"None";"None";"06088000MP0251";"None";"None";"52";"68.9";"9";"nan";"None";"nan";"None";"None";"None";"None";"2";"2";"Appartement";"64.0";"4.0";"None";"None";"None";"None";"nan";"7.24187";"43.689691";"000MP"
"2024-42947";"2024-03-26";"1";"Vente";"312300.0";"49.0";"None";"AV DE LA CALIFORNIE";"1045";"06200";"06088";"Nice";"06";"None";"None";"06088000MP0251";"None";"None";"52";"68.9";"9";"nan";"None";"nan";"None";"None";"None";"None";"2";"3";"Dépendance";"nan";"0.0";"None";"None";"None";"None";"nan";"7.24187";"43.689691";"000MP"
"2024-42598";"2024-03-20";"1";"Vente";"262000.0";"24.0";"None";"AV DE LA CALIFORNIE";"1045";"06200";"06088";"Nice";"06";"None";"None";"06088000MP0482";"None";"None";"192";"nan";"320";"57.02";"None";"nan";"None";"None";"None";"None";"2";"2";"Appartement";"57.0";"2.0";"None";"None";"None";"None";"nan";"7.24279";"43.691002";"000MP"
"2024-42638";"2024-03-20";"1";"Vente";"547170.0";"141.0";"None";"PROM DES ANGLAIS";"0240";"06200";"06088";"Nice";"06";"None";"None";"06088000MP0417";"None";"None";"33";"nan";"None";"nan";"None";"nan";"None";"None";"None";"None";"1";"2";"Appartement";"66.0";"2.0";"None";"None";"None";"None";"nan";"7.24269";"43.68991";"000MP"
"2024-42598";"2024-03-20";"1";"Vente";"262000.0";"24.0";"None";"AV DE LA CALIFORNIE";"1045";"06200";"06088";"Nice";"06";"None";"None";"06088000MP0482";"None";"None";"192";"nan";"320";"57.02";"None";"nan";"None";"None";"None";"None";"2";"3";"Dépendance";"nan";"0.0";"None";"None";"None";"None";"nan";"7.24279";"43.691002";"000MP"
"2024-42598";"2024-03-20";"1";"Vente";"262000.0";"24.0";"None";"AV DE LA CALIFORNIE";"1045";"06200";"06088";"Nice";"06";"None";"None";"06088000MP0482";"None";"None";"192";"nan";"320";"57.02";"None";"nan";"None";"None";"None";"None";"2";"3";"Dépendance";"nan";"0.0";"None";"None";"None";"None";"nan";"7.24279";"43.691002";"000MP"
"2024-42103";"2024-03-18";"1";"Vente";"170000.0";"3.0";"None";"BD CARLONE";"1140";"06200";"06088";"Nice";"06";"None";"None";"06088000MP0067";"None";"None";"15";"nan";"None";"nan";"None";"nan";"None";"None";"None";"None";"1";"2";"Appartement";"56.0";"3.0";"None";"None";"None";"None";"nan";"7.24279";"43.69345";"000MP"
"2024-42103";"2024-03-18";"1";"Vente";"170000.0";"3.0";"None";"BD CARLONE";"1140";"06200";"06088";"Nice";"06";"None";"None";"06088000MP0067";"None";"None";"15";"nan";"None";"nan";"None";"nan";"None";"None";"None";"None";"1";"3";"Dépendance";"nan";"0.0";"None";"None";"None";"None";"nan";"7.24279";"43.69345";"000MP"
"2024-43011";"2024-03-15";"1";"Vente";"170000.0";"5.0";"None";"AV DE LA CALIFORNIE";"1045";"06200";"06088";"Nice";"06";"None";"None";"06088000MP0271";"None";"None";"22";"56.39";"None";"nan";"None";"nan";"None";"None";"None";"None";"1";"2";"Appartement";"57.0";"3.0";"None";"None";"None";"None";"nan";"7.244585";"43.690872";"000MP"
"2024-42495";"2024-03-14";"1";"Vente";"155000.0";"17.0";"None";"AV DE LA CALIFORNIE";"1045";"06200";"06088";"Nice";"06";"None";"None";"06088000MP0262";"None";"None";"65";"nan";"None";"nan";"None";"nan";"None";"None";"None";"None";"1";"2";"Appartement";"35.0";"2.0";"None";"None";"None";"None";"nan";"7.243473";"43.690503";"000MP"
"2024-41926";"2024-03-12";"1";"Vente";"235000.0";"25.0";"None";"AV AIME MARTIN";"0050";"06200";"06088";"Nice";"06";"None";"None";"06088000MP0134";"None";"None";"14";"nan";"None";"nan";"None";"nan";"None";"None";"None";"None";"1";"2";"Appartement";"59.0";"3.0";"None";"None";"None";"None";"nan";"7.241645";"43.692299";"000MP"
"2024-41926";"2024-03-12";"1";"Vente";"235000.0";"25.0";"None";"AV AIME MARTIN";"0050";"06200";"06088";"Nice";"06";"None";"None";"06088000MP0134";"None";"None";"14";"nan";"None";"nan";"None";"nan";"None";"None";"None";"None";"1";"3";"Dépendance";"nan";"0.0";"None";"None";"None";"None";"nan";"7.241645";"43.692299";"000MP"
"2024-42081";"2024-03-11";"1";"Vente";"150000.0";"1.0";"None";"IMP AMARO";"0157";"06200";"06088";"Nice";"06";"None";"None";"06088000MP0228";"None";"None";"169";"70.47";"None";"nan";"None";"nan";"None";"None";"None";"None";"1";"4";"Local industriel. commercial ou assimilé";"73.0";"0.0";"None";"None";"None";"None";"nan";"7.242418";"43.690722";"000MP"
"2024-41845";"2024-03-08";"1";"Vente";"300000.0";"39.0";"None";"AV AIME MARTIN";"0050";"06200";"06088";"Nice";"06";"None";"None";"06088000MP0393";"None";"None";"383";"nan";"438";"nan";"None";"nan";"None";"None";"None";"None";"2";"2";"Appartement";"78.0";"3.0";"None";"None";"None";"None";"nan";"7.239451";"43.691055";"000MP"
"2024-41845";"2024-03-08";"1";"Vente";"300000.0";"39.0";"None";"AV AIME MARTIN";"0050";"06200";"06088";"Nice";"06";"None";"None";"06088000MP0393";"None";"None";"383";"nan";"438";"nan";"None";"nan";"None";"None";"None";"None";"2";"3";"Dépendance";"nan";"0.0";"None";"None";"None";"None";"nan";"7.239451";"43.691055";"000MP"
"2024-42200";"2024-03-05";"1";"Vente";"116000.0";"8.0";"None";"IMP DU SQUARE MAGNAN";"6280";"06200";"06088";"Nice";"06";"None";"None";"06088000MP0105";"None";"None";"6";"50.05";"None";"nan";"None";"nan";"None";"None";"None";"None";"1";"2";"Appartement";"45.0";"3.0";"None";"None";"None";"None";"nan";"7.243009";"43.692641";"000MP"
"2024-42006";"2024-03-01";"1";"Vente";"550000.0";"93.0";"None";"BD EDOUARD HERRIOT";"2188";"06200";"06088";"Nice";"06";"None";"None";"06088000MP0167";"None";"None";"373";"nan";"426";"107.43";"None";"nan";"None";"None";"None";"None";"2";"2";"Appartement";"117.0";"3.0";"None";"None";"None";"None";"nan";"7.237443";"43.690451";"000MP"
"2024-42006";"2024-03-01";"1";"Vente";"550000.0";"93.0";"None";"BD EDOUARD HERRIOT";"2188";"06200";"06088";"Nice";"06";"None";"None";"06088000MP0167";"None";"None";"373";"nan";"426";"107.43";"None";"nan";"None";"None";"None";"None";"2";"3";"Dépendance";"nan";"0.0";"None";"None";"None";"None";"nan";"7.237443";"43.690451";"000MP"
"2024-41894";"2024-02-29";"1";"Vente";"112000.0";"52.0";"None";"AV DE LA CALIFORNIE";"1045";"06200";"06088";"Nice";"06";"None";"None";"06088000MP0341";"None";"None";"141";"nan";"None";"nan";"None";"nan";"None";"None";"None";"None";"1";"2";"Appartement";"22.0";"1.0";"None";"None";"None";"None";"nan";"7.240781";"43.68953";"000MP"
"2024-41346";"2024-02-27";"1";"Vente";"150000.0";"15.0";"None";"BD CARLONE";"1140";"06200";"06088";"Nice";"06";"None";"None";"06088000MP0058";"None";"None";"102";"nan";"None";"nan";"None";"nan";"None";"None";"None";"None";"1";"4";"Local industriel. commercial ou assimilé";"65.0";"0.0";"None";"None";"None";"None";"nan";"7.241787";"43.693554";"000MP"
"2024-41659";"2024-02-26";"1";"Vente";"32000.0";"23.0";"None";"AV DE LA CALIFORNIE";"1045";"06200";"06088";"Nice";"06";"None";"None";"06088000MP0484";"None";"None";"47";"nan";"None";"nan";"None";"nan";"None";"None";"None";"None";"1";"3";"Dépendance";"nan";"0.0";"None";"None";"None";"None";"nan";"7.242935";"43.690305";"000MP"
"2024-41027";"2024-02-16";"1";"Vente";"321370.0";"15.0";"None";"AV DE LA CALIFORNIE";"1045";"06200";"06088";"Nice";"06";"None";"None";"06088000MP0263";"None";"None";"12";"nan";"34";"54.52";"None";"nan";"None";"None";"None";"None";"2";"2";"Appartement";"54.0";"2.0";"None";"None";"None";"None";"nan";"7.24374";"43.690585";"000MP"
"2024-41027";"2024-02-16";"1";"Vente";"321370.0";"15.0";"None";"AV DE LA CALIFORNIE";"1045";"06200";"06088";"Nice";"06";"None";"None";"06088000MP0263";"None";"None";"12";"nan";"34";"54.52";"None";"nan";"None";"None";"None";"None";"2";"3";"Dépendance";"nan";"0.0";"None";"None";"None";"None";"nan";"7.24374";"43.690585";"000MP"
"2024-40668";"2024-02-02";"1";"Vente";"10000.0";"52.0";"None";"AV DE LA CALIFORNIE";"1045";"06200";"06088";"Nice";"06";"None";"None";"06088000MP0487";"None";"None";"12";"nan";"None";"nan";"None";"nan";"None";"None";"None";"None";"1";"3";"Dépendance";"nan";"0.0";"None";"None";"None";"None";"nan";"7.240755";"43.689691";"000MP"
"2024-40765";"2024-02-01";"1";"Vente";"76000.0";"73.0";"None";"BD EDOUARD HERRIOT";"2188";"06200";"06088";"Nice";"06";"None";"None";"06088000MP0312";"None";"None";"5";"26.29";"6";"nan";"None";"nan";"None";"None";"None";"None";"2";"3";"Dépendance";"nan";"0.0";"None";"None";"None";"None";"nan";"7.237787";"43.691443";"000MP"
"2024-40430";"2024-01-26";"1";"Vente";"291000.0";"73.0";"None";"BD EDOUARD HERRIOT";"2188";"06200";"06088";"Nice";"06";"None";"None";"06088000MP0159";"None";"None";"142";"37.84";"33";"nan";"None";"nan";"None";"None";"None";"None";"2";"2";"Appartement";"37.0";"1.0";"None";"None";"None";"None";"nan";"7.238503";"43.691826";"000MP"
"2024-40430";"2024-01-26";"1";"Vente";"291000.0";"73.0";"None";"BD EDOUARD HERRIOT";"2188";"06200";"06088";"Nice";"06";"None";"None";"06088000MP0159";"None";"None";"142";"37.84";"33";"nan";"None";"nan";"None";"None";"None";"None";"2";"3";"Dépendance";"nan";"0.0";"None";"None";"None";"None";"nan";"7.238503";"43.691826";"000MP"
"2024-40553";"2024-01-24";"1";"Vente";"110000.0";"15.0";"None";"AV DE LA CALIFORNIE";"1045";"06200";"06088";"Nice";"06";"None";"None";"06088000MP0263";"None";"None";"13";"nan";"30";"nan";"None";"nan";"None";"None";"None";"None";"2";"2";"Appartement";"56.0";"2.0";"None";"None";"None";"None";"nan";"7.24374";"43.690585";"000MP"
"2024-40553";"2024-01-24";"1";"Vente";"110000.0";"15.0";"None";"AV DE LA CALIFORNIE";"1045";"06200";"06088";"Nice";"06";"None";"None";"06088000MP0263";"None";"None";"13";"nan";"30";"nan";"None";"nan";"None";"None";"None";"None";"2";"3";"Dépendance";"nan";"0.0";"None";"None";"None";"None";"nan";"7.24374";"43.690585";"000MP"
"2024-40156";"2024-01-22";"1";"Vente";"120000.0";"145.0";"None";"PROM DES ANGLAIS";"0240";"06200";"06088";"Nice";"06";"None";"None";"06088000MP0294";"None";"None";"29";"nan";"70";"nan";"None";"nan";"None";"None";"None";"None";"2";"2";"Appartement";"81.0";"2.0";"None";"None";"None";"None";"nan";"7.242173";"43.689639";"000MP"
"2024-40156";"2024-01-22";"1";"Vente";"120000.0";"147.0";"None";"PROM DES ANGLAIS";"0240";"06200";"06088";"Nice";"06";"None";"None";"06088000MP0294";"None";"None";"91";"nan";"None";"nan";"None";"nan";"None";"None";"None";"None";"1";"3";"Dépendance";"nan";"0.0";"None";"None";"None";"None";"nan";"7.242173";"43.689639";"000MP"
"2024-40467";"2024-01-19";"1";"Vente";"36000.0";"39.0";"None";"AV AIME MARTIN";"0050";"06200";"06088";"Nice";"06";"None";"None";"06088000MP0393";"None";"None";"760";"nan";"None";"nan";"None";"nan";"None";"None";"None";"None";"1";"3";"Dépendance";"nan";"0.0";"None";"None";"None";"None";"nan";"7.239451";"43.691055";"000MP"
"2024-40524";"2024-01-17";"1";"Vente";"275000.0";"73.0";"None";"BD EDOUARD HERRIOT";"2188";"06200";"06088";"Nice";"06";"None";"None";"06088000MP0312";"None";"None";"41";"nan";"67";"49.41";"None";"nan";"None";"None";"None";"None";"2";"2";"Appartement";"52.0";"2.0";"None";"None";"None";"None";"nan";"7.237787";"43.691443";"000MP"
"2024-40524";"2024-01-17";"1";"Vente";"275000.0";"73.0";"None";"BD EDOUARD HERRIOT";"2188";"06200";"06088";"Nice";"06";"None";"None";"06088000MP0312";"None";"None";"41";"nan";"67";"49.41";"None";"nan";"None";"None";"None";"None";"2";"3";"Dépendance";"nan";"0.0";"None";"None";"None";"None";"nan";"7.237787";"43.691443";"000MP"
"2024-40524";"2024-01-17";"1";"Vente";"275000.0";"73.0";"None";"BD EDOUARD HERRIOT";"2188";"06200";"06088";"Nice";"06";"None";"None";"06088000MP0312";"None";"None";"253";"nan";"None";"nan";"None";"nan";"None";"None";"None";"None";"1";"3";"Dépendance";"nan";"0.0";"None";"None";"None";"None";"nan";"7.237787";"43.691443";"000MP"
"2024-40524";"2024-01-17";"1";"Vente";"275000.0";"73.0";"None";"BD EDOUARD HERRIOT";"2188";"06200";"06088";"Nice";"06";"None";"None";"06088000MP0312";"None";"None";"41";"nan";"67";"49.41";"None";"nan";"None";"None";"None";"None";"2";"3";"Dépendance";"nan";"0.0";"None";"None";"None";"None";"nan";"7.237787";"43.691443";"000MP"
"2024-40146";"2024-01-15";"1";"Vente";"530000.0";"23.0";"None";"BD MAGNAN";"3875";"06200";"06088";"Nice";"06";"None";"None";"06088000MP0086";"None";"None";"65";"nan";"98";"nan";"None";"nan";"None";"None";"None";"None";"2";"2";"Appartement";"107.0";"3.0";"None";"None";"None";"None";"nan";"7.240812";"43.692554";"000MP"
"2024-40146";"2024-01-15";"1";"Vente";"530000.0";"23.0";"None";"BD MAGNAN";"3875";"06200";"06088";"Nice";"06";"None";"None";"06088000MP0086";"None";"None";"3";"nan";"None";"nan";"None";"nan";"None";"None";"None";"None";"1";"3";"Dépendance";"nan";"0.0";"None";"None";"None";"None";"nan";"7.240812";"43.692554";"000MP"
"2024-40146";"2024-01-15";"1";"Vente";"530000.0";"23.0";"None";"BD MAGNAN";"3875";"06200";"06088";"Nice";"06";"None";"None";"06088000MP0086";"None";"None";"65";"nan";"98";"nan";"None";"nan";"None";"None";"None";"None";"2";"3";"Dépendance";"nan";"0.0";"None";"None";"None";"None";"nan";"7.240812";"43.692554";"000MP"
"2024-39899";"2024-01-12";"1";"Vente";"310000.0";"4.0";"None";"AV DE LA CALIFORNIE";"1045";"06200";"06088";"Nice";"06";"None";"None";"06088000MP0491";"None";"None";"365";"nan";"None";"nan";"None";"nan";"None";"None";"None";"None";"1";"2";"Appartement";"33.0";"2.0";"None";"None";"None";"None";"nan";"7.244066";"43.691389";"000MP"
"2024-39899";"2024-01-12";"1";"Vente";"310000.0";"2.0";"None";"RUE CORDERIE";"1690";"06200";"06088";"Nice";"06";"None";"None";"06088000MP0491";"None";"None";"129";"nan";"None";"nan";"None";"nan";"None";"None";"None";"None";"1";"3";"Dépendance";"nan";"0.0";"None";"None";"None";"None";"nan";"7.244066";"43.691389";"000MP"
"2024-39837";"2024-01-11";"1";"Vente";"280000.0";"24.0";"None";"AV DE LA CALIFORNIE";"1045";"06200";"06088";"Nice";"06";"None";"None";"06088000MP0482";"None";"None";"182";"nan";"321";"64.57";"None";"nan";"None";"None";"None";"None";"2";"2";"Appartement";"64.0";"3.0";"None";"None";"None";"None";"nan";"7.24279";"43.691002";"000MP"
"2024-40006";"2024-01-11";"1";"Vente";"345000.0";"24.0";"None";"AV DE LA CALIFORNIE";"1045";"06200";"06088";"Nice";"06";"None";"None";"06088000MP0482";"None";"None";"182";"nan";"321";"64.57";"None";"nan";"None";"None";"None";"None";"2";"2";"Appartement";"64.0";"3.0";"None";"None";"None";"None";"nan";"7.24279";"43.691002";"000MP"
"2024-39837";"2024-01-11";"1";"Vente";"280000.0";"24.0";"None";"AV DE LA CALIFORNIE";"1045";"06200";"06088";"Nice";"06";"None";"None";"06088000MP0482";"None";"None";"182";"nan";"321";"64.57";"None";"nan";"None";"None";"None";"None";"2";"3";"Dépendance";"nan";"0.0";"None";"None";"None";"None";"nan";"7.24279";"43.691002";"000MP"
"2024-39837";"2024-01-11";"1";"Vente";"280000.0";"24.0";"None";"AV DE LA CALIFORNIE";"1045";"06200";"06088";"Nice";"06";"None";"None";"06088000MP0482";"None";"None";"242";"nan";"None";"nan";"None";"nan";"None";"None";"None";"None";"1";"3";"Dépendance";"nan";"0.0";"None";"None";"None";"None";"nan";"7.24279";"43.691002";"000MP"
"2024-39837";"2024-01-11";"1";"Vente";"280000.0";"24.0";"None";"AV DE LA CALIFORNIE";"1045";"06200";"06088";"Nice";"06";"None";"None";"06088000MP0482";"None";"None";"182";"nan";"321";"64.57";"None";"nan";"None";"None";"None";"None";"2";"3";"Dépendance";"nan";"0.0";"None";"None";"None";"None";"nan";"7.24279";"43.691002";"000MP"
"2024-40006";"2024-01-11";"1";"Vente";"345000.0";"24.0";"None";"AV DE LA CALIFORNIE";"1045";"06200";"06088";"Nice";"06";"None";"None";"06088000MP0482";"None";"None";"182";"nan";"321";"64.57";"None";"nan";"None";"None";"None";"None";"2";"3";"Dépendance";"nan";"0.0";"None";"None";"None";"None";"nan";"7.24279";"43.691002";"000MP"
"2024-40006";"2024-01-11";"1";"Vente";"345000.0";"24.0";"None";"AV DE LA CALIFORNIE";"1045";"06200";"06088";"Nice";"06";"None";"None";"06088000MP0482";"None";"None";"182";"nan";"321";"64.57";"None";"nan";"None";"None";"None";"None";"2";"3";"Dépendance";"nan";"0.0";"None";"None";"None";"None";"nan";"7.24279";"43.691002";"000MP"
"2024-40006";"2024-01-11";"1";"Vente";"345000.0";"24.0";"None";"AV DE LA CALIFORNIE";"1045";"06200";"06088";"Nice";"06";"None";"None";"06088000MP0482";"None";"None";"242";"nan";"None";"nan";"None";"nan";"None";"None";"None";"None";"1";"3";"Dépendance";"nan";"0.0";"None";"None";"None";"None";"nan";"7.24279";"43.691002";"000MP"
"2024-40002";"2024-01-11";"1";"Vente";"110352.0";"12.0";"None";"AV DE LA CALIFORNIE";"1045";"06200";"06088";"Nice";"06";"None";"None";"06088000MP0491";"None";"None";"439";"19.12";"None";"nan";"None";"nan";"None";"None";"None";"None";"1";"4";"Local industriel. commercial ou assimilé";"18.0";"0.0";"None";"None";"None";"None";"nan";"7.244066";"43.691389";"000MP"
"2023-59942";"2023-12-29";"1";"Vente en l'état futur d'achèvement";"172000.0";"9.0";"None";"BD MAGNAN";"3875";"06200";"06088";"Nice";"06";"None";"None";"06088000MP0074";"None";"None";"59";"29.25";"None";"nan";"None";"nan";"None";"None";"None";"None";"1";"2";"Appartement";"29.0";"2.0";"None";"None";"None";"None";"nan";"7.242473";"43.692823";"000MP"
"2023-60186";"2023-12-22";"1";"Vente";"591550.0";"93.0";"None";"BD EDOUARD HERRIOT";"2188";"06200";"06088";"Nice";"06";"None";"None";"06088000MP0167";"None";"None";"499";"nan";"529";"nan";"None";"nan";"None";"None";"None";"None";"2";"2";"Appartement";"116.0";"3.0";"None";"None";"None";"None";"nan";"7.237443";"43.690451";"000MP"
"2023-60361";"2023-12-22";"1";"Vente";"170000.0";"9001.0";"None";"AV MONT RABEAU";"4390";"06200";"06088";"Nice";"06";"None";"None";"06088000MP0167";"None";"None";"1210";"nan";"1250";"nan";"None";"nan";"None";"None";"None";"None";"2";"2";"Appartement";"34.0";"1.0";"None";"None";"None";"None";"nan";"7.237443";"43.690451";"000MP"
"2023-60186";"2023-12-22";"1";"Vente";"591550.0";"93.0";"None";"BD EDOUARD HERRIOT";"2188";"06200";"06088";"Nice";"06";"None";"None";"06088000MP0167";"None";"None";"499";"nan";"529";"nan";"None";"nan";"None";"None";"None";"None";"2";"3";"Dépendance";"nan";"0.0";"None";"None";"None";"None";"nan";"7.237443";"43.690451";"000MP"
"2023-60186";"2023-12-22";"1";"Vente";"591550.0";"93.0";"None";"BD EDOUARD HERRIOT";"2188";"06200";"06088";"Nice";"06";"None";"None";"06088000MP0167";"None";"None";"499";"nan";"529";"nan";"None";"nan";"None";"None";"None";"None";"2";"3";"Dépendance";"nan";"0.0";"None";"None";"None";"None";"nan";"7.237443";"43.690451";"000MP"
"2023-60361";"2023-12-22";"1";"Vente";"170000.0";"9001.0";"None";"AV MONT RABEAU";"4390";"06200";"06088";"Nice";"06";"None";"None";"06088000MP0167";"None";"None";"1210";"nan";"1250";"nan";"None";"nan";"None";"None";"None";"None";"2";"3";"Dépendance";"nan";"0.0";"None";"None";"None";"None";"nan";"7.237443";"43.690451";"000MP"
"2023-59843";"2023-12-20";"1";"Vente";"470000.0";"93.0";"None";"BD EDOUARD HERRIOT";"2188";"06200";"06088";"Nice";"06";"None";"None";"06088000MP0167";"None";"None";"817";"nan";"818";"nan";"875";"nan";"876";"None";"None";"None";"4";"2";"Appartement";"102.0";"4.0";"None";"None";"None";"None";"nan";"7.237443";"43.690451";"000MP"
"2023-59635";"2023-12-20";"1";"Vente";"36500.0";"2.0";"None";"RUE CORDERIE";"1690";"06200";"06088";"Nice";"06";"None";"None";"06088000MP0491";"None";"None";"128";"nan";"None";"nan";"None";"nan";"None";"None";"None";"None";"1";"3";"Dépendance";"nan";"0.0";"None";"None";"None";"None";"nan";"7.244066";"43.691389";"000MP"
"2023-59843";"2023-12-20";"1";"Vente";"470000.0";"93.0";"None";"BD EDOUARD HERRIOT";"2188";"06200";"06088";"Nice";"06";"None";"None";"06088000MP0167";"None";"None";"817";"nan";"818";"nan";"875";"nan";"876";"None";"None";"None";"4";"3";"Dépendance";"nan";"0.0";"None";"None";"None";"None";"nan";"7.237443";"43.690451";"000MP"
"2023-59843";"2023-12-20";"1";"Vente";"470000.0";"93.0";"None";"BD EDOUARD HERRIOT";"2188";"06200";"06088";"Nice";"06";"None";"None";"06088000MP0167";"None";"None";"817";"nan";"818";"nan";"875";"nan";"876";"None";"None";"None";"4";"3";"Dépendance";"nan";"0.0";"None";"None";"None";"None";"nan";"7.237443";"43.690451";"000MP"
"2023-59113";"2023-12-15";"1";"Vente";"520000.0";"141.0";"None";"PROM DES ANGLAIS";"0240";"06200";"06088";"Nice";"06";"None";"None";"06088000MP0417";"None";"None";"15";"nan";"37";"nan";"None";"nan";"None";"None";"None";"None";"2";"2";"Appartement";"66.0";"2.0";"None";"None";"None";"None";"nan";"7.24269";"43.68991";"000MP"
"2023-59325";"2023-12-15";"1";"Vente";"415000.0";"39.0";"B";"AV AIME MARTIN";"0050";"06200";"06088";"Nice";"06";"None";"None";"06088000MP0374";"None";"None";"412";"nan";"444";"nan";"None";"nan";"None";"None";"None";"None";"2";"2";"Appartement";"75.0";"3.0";"None";"None";"None";"None";"nan";"7.238435";"43.69078";"000MP"
"2023-59475";"2023-12-15";"1";"Vente";"158000.0";"26.0";"None";"AV DE LA CALIFORNIE";"1045";"06200";"06088";"Nice";"06";"None";"None";"06088000MP0379";"None";"None";"101";"nan";"38";"nan";"None";"nan";"None";"None";"None";"None";"2";"2";"Appartement";"34.0";"1.0";"None";"None";"None";"None";"nan";"7.242407";"43.690616";"000MP"
"2023-59533";"2023-12-15";"1";"Vente";"169600.0";"43.0";"None";"AV DE LA CALIFORNIE";"1045";"06200";"06088";"Nice";"06";"None";"None";"06088000MP0253";"None";"None";"20";"nan";"37";"nan";"None";"nan";"None";"None";"None";"None";"2";"2";"Appartement";"60.0";"2.0";"None";"None";"None";"None";"nan";"7.242214";"43.689909";"000MP"
"2023-59113";"2023-12-15";"1";"Vente";"520000.0";"141.0";"None";"PROM DES ANGLAIS";"0240";"06200";"06088";"Nice";"06";"None";"None";"06088000MP0417";"None";"None";"15";"nan";"37";"nan";"None";"nan";"None";"None";"None";"None";"2";"3";"Dépendance";"nan";"0.0";"None";"None";"None";"None";"nan";"7.24269";"43.68991";"000MP"
"2023-59325";"2023-12-15";"1";"Vente";"415000.0";"39.0";"B";"AV AIME MARTIN";"0050";"06200";"06088";"Nice";"06";"None";"None";"06088000MP0374";"None";"None";"412";"nan";"444";"nan";"None";"nan";"None";"None";"None";"None";"2";"3";"Dépendance";"nan";"0.0";"None";"None";"None";"None";"nan";"7.238435";"43.69078";"000MP"
"2023-59325";"2023-12-15";"1";"Vente";"415000.0";"39.0";"B";"AV AIME MARTIN";"0050";"06200";"06088";"Nice";"06";"None";"None";"06088000MP0374";"None";"None";"410";"nan";"None";"nan";"None";"nan";"None";"None";"None";"None";"1";"3";"Dépendance";"nan";"0.0";"None";"None";"None";"None";"nan";"7.238435";"43.69078";"000MP"
"2023-59475";"2023-12-15";"1";"Vente";"158000.0";"26.0";"None";"AV DE LA CALIFORNIE";"1045";"06200";"06088";"Nice";"06";"None";"None";"06088000MP0379";"None";"None";"101";"nan";"38";"nan";"None";"nan";"None";"None";"None";"None";"2";"3";"Dépendance";"nan";"0.0";"None";"None";"None";"None";"nan";"7.242407";"43.690616";"000MP"
"2023-59533";"2023-12-15";"1";"Vente";"169600.0";"43.0";"None";"AV DE LA CALIFORNIE";"1045";"06200";"06088";"Nice";"06";"None";"None";"06088000MP0253";"None";"None";"20";"nan";"37";"nan";"None";"nan";"None";"None";"None";"None";"2";"3";"Dépendance";"nan";"0.0";"None";"None";"None";"None";"nan";"7.242214";"43.689909";"000MP"
"2023-59100";"2023-12-14";"1";"Vente en l'état futur d'achèvement";"152100.0";"9.0";"None";"BD MAGNAN";"3875";"06200";"06088";"Nice";"06";"None";"None";"06088000MP0074";"None";"None";"55";"21.2";"None";"nan";"None";"nan";"None";"None";"None";"None";"1";"2";"Appartement";"21.0";"1.0";"None";"None";"None";"None";"nan";"7.242473";"43.692823";"000MP"
"2023-59183";"2023-12-12";"1";"Vente";"34000.0";"30.0";"None";"AV DE LA CALIFORNIE";"1045";"06200";"06088";"Nice";"06";"None";"None";"06088000MP0377";"None";"None";"220";"nan";"None";"nan";"None";"nan";"None";"None";"None";"None";"1";"3";"Dépendance";"nan";"0.0";"None";"None";"None";"None";"nan";"7.241991";"43.69075";"000MP"
"2023-59199";"2023-12-12";"1";"Vente";"39000.0";"52.0";"None";"AV DE LA CALIFORNIE";"1045";"06200";"06088";"Nice";"06";"None";"None";"06088000MP0487";"None";"None";"36";"nan";"None";"nan";"None";"nan";"None";"None";"None";"None";"1";"3";"Dépendance";"nan";"0.0";"None";"None";"None";"None";"nan";"7.240755";"43.689691";"000MP"
"2023-59392";"2023-12-11";"1";"Vente";"299000.0";"43.0";"None";"AV DE LA CALIFORNIE";"1045";"06200";"06088";"Nice";"06";"None";"None";"06088000MP0253";"None";"None";"19";"nan";"43";"51.7";"None";"nan";"None";"None";"None";"None";"2";"2";"Appartement";"55.0";"2.0";"None";"None";"None";"None";"nan";"7.242214";"43.689909";"000MP"
"2023-59392";"2023-12-11";"1";"Vente";"299000.0";"43.0";"None";"AV DE LA CALIFORNIE";"1045";"06200";"06088";"Nice";"06";"None";"None";"06088000MP0253";"None";"None";"19";"nan";"43";"51.7";"None";"nan";"None";"None";"None";"None";"2";"3";"Dépendance";"nan";"0.0";"None";"None";"None";"None";"nan";"7.242214";"43.689909";"000MP"
"2023-59529";"2023-12-05";"1";"Vente";"188000.0";"52.0";"None";"AV DE LA CALIFORNIE";"1045";"06200";"06088";"Nice";"06";"None";"None";"06088000MP0341";"None";"None";"152";"nan";"None";"nan";"None";"nan";"None";"None";"None";"None";"1";"2";"Appartement";"39.0";"2.0";"None";"None";"None";"None";"nan";"7.240781";"43.68953";"000MP"
"2023-59559";"2023-12-04";"1";"Vente";"25000.0";"2.0";"None";"RUE CORDERIE";"1690";"06200";"06088";"Nice";"06";"None";"None";"06088000MP0491";"None";"None";"184";"nan";"None";"nan";"None";"nan";"None";"None";"None";"None";"1";"3";"Dépendance";"nan";"0.0";"None";"None";"None";"None";"nan";"7.244066";"43.691389";"000MP"
"2023-59372";"2023-12-01";"1";"Vente";"162000.0";"15.0";"T";"BD MAGNAN";"3875";"06200";"06088";"Nice";"06";"None";"None";"06088000MP0079";"None";"None";"7";"49.57";"None";"nan";"None";"nan";"None";"None";"None";"None";"1";"2";"Appartement";"48.0";"2.0";"None";"None";"None";"None";"nan";"7.24164";"43.692704";"000MP"
"2023-59372";"2023-12-01";"1";"Vente";"162000.0";"15.0";"T";"BD MAGNAN";"3875";"06200";"06088";"Nice";"06";"None";"None";"06088000MP0079";"None";"None";"7";"49.57";"None";"nan";"None";"nan";"None";"None";"None";"None";"1";"3";"Dépendance";"nan";"0.0";"None";"None";"None";"None";"nan";"7.24164";"43.692704";"000MP"
"2023-58698";"2023-11-27";"1";"Vente";"449000.0";"46.0";"None";"AV DE LA CALIFORNIE";"1045";"06200";"06088";"Nice";"06";"None";"None";"06088000MP0238";"None";"None";"112";"nan";"267";"nan";"None";"nan";"None";"None";"None";"None";"2";"2";"Appartement";"87.0";"4.0";"None";"None";"None";"None";"nan";"7.241192";"43.690102";"000MP"
"2023-58698";"2023-11-27";"1";"Vente";"449000.0";"46.0";"None";"AV DE LA CALIFORNIE";"1045";"06200";"06088";"Nice";"06";"None";"None";"06088000MP0238";"None";"None";"112";"nan";"267";"nan";"None";"nan";"None";"None";"None";"None";"2";"3";"Dépendance";"nan";"0.0";"None";"None";"None";"None";"nan";"7.241192";"43.690102";"000MP"
"2023-58698";"2023-11-27";"1";"Vente";"449000.0";"46.0";"None";"AV DE LA CALIFORNIE";"1045";"06200";"06088";"Nice";"06";"None";"None";"06088000MP0238";"None";"None";"112";"nan";"267";"nan";"None";"nan";"None";"None";"None";"None";"2";"3";"Dépendance";"nan";"0.0";"None";"None";"None";"None";"nan";"7.241192";"43.690102";"000MP"
"2023-59013";"2023-11-22";"1";"Vente";"10000.0";"46.0";"None";"AV DE LA CALIFORNIE";"1045";"06200";"06088";"Nice";"06";"None";"None";"06088000MP0238";"None";"None";"142";"nan";"None";"nan";"None";"nan";"None";"None";"None";"None";"1";"3";"Dépendance";"nan";"0.0";"None";"None";"None";"None";"nan";"7.241192";"43.690102";"000MP"
"2023-58175";"2023-11-15";"1";"Vente";"186800.0";"17.0";"None";"BD CARLONE";"1140";"06200";"06088";"Nice";"06";"None";"None";"06088000MP0057";"None";"None";"16";"nan";"92";"nan";"None";"nan";"None";"None";"None";"None";"2";"2";"Appartement";"33.0";"1.0";"None";"None";"None";"None";"nan";"7.241667";"43.693494";"000MP"
"2023-58175";"2023-11-15";"1";"Vente";"186800.0";"17.0";"None";"BD CARLONE";"1140";"06200";"06088";"Nice";"06";"None";"None";"06088000MP0057";"None";"None";"16";"nan";"92";"nan";"None";"nan";"None";"None";"None";"None";"2";"3";"Dépendance";"nan";"0.0";"None";"None";"None";"None";"nan";"7.241667";"43.693494";"000MP"
"2023-58175";"2023-11-15";"1";"Vente";"186800.0";"17.0";"None";"BD CARLONE";"1140";"06200";"06088";"Nice";"06";"None";"None";"06088000MP0057";"None";"None";"16";"nan";"92";"nan";"None";"nan";"None";"None";"None";"None";"2";"3";"Dépendance";"nan";"0.0";"None";"None";"None";"None";"nan";"7.241667";"43.693494";"000MP"
"2023-58036";"2023-11-09";"1";"Vente";"190000.0";"7.0";"None";"AV GLORIA";"2955";"06200";"06088";"Nice";"06";"None";"None";"06088000MP0491";"None";"None";"261";"29.06";"None";"nan";"None";"nan";"None";"None";"None";"None";"1";"2";"Appartement";"28.0";"2.0";"None";"None";"None";"None";"nan";"7.244066";"43.691389";"000MP"
"2023-58036";"2023-11-09";"1";"Vente";"190000.0";"2.0";"None";"RUE CORDERIE";"1690";"06200";"06088";"Nice";"06";"None";"None";"06088000MP0491";"None";"None";"11";"nan";"None";"nan";"None";"nan";"None";"None";"None";"None";"1";"3";"Dépendance";"nan";"0.0";"None";"None";"None";"None";"nan";"7.244066";"43.691389";"000MP"
"2023-58165";"2023-11-08";"1";"Vente";"215000.0";"71.0";"None";"BD EDOUARD HERRIOT";"2188";"06200";"06088";"Nice";"06";"None";"None";"06088000MP0301";"None";"None";"21";"nan";"25";"nan";"None";"nan";"None";"None";"None";"None";"2";"2";"Appartement";"31.0";"1.0";"None";"None";"None";"None";"nan";"7.238842";"43.692155";"000MP"
"2023-58165";"2023-11-08";"1";"Vente";"215000.0";"71.0";"None";"BD EDOUARD HERRIOT";"2188";"06200";"06088";"Nice";"06";"None";"None";"06088000MP0301";"None";"None";"21";"nan";"25";"nan";"None";"nan";"None";"None";"None";"None";"2";"3";"Dépendance";"nan";"0.0";"None";"None";"None";"None";"nan";"7.238842";"43.692155";"000MP"
"2023-57862";"2023-11-07";"1";"Vente";"256000.0";"71.0";"None";"BD EDOUARD HERRIOT";"2188";"06200";"06088";"Nice";"06";"None";"None";"06088000MP0301";"None";"None";"2";"nan";"37";"nan";"None";"nan";"None";"None";"None";"None";"2";"2";"Appartement";"52.0";"2.0";"None";"None";"None";"None";"nan";"7.238842";"43.692155";"000MP"
"2023-57862";"2023-11-07";"1";"Vente";"256000.0";"71.0";"None";"BD EDOUARD HERRIOT";"2188";"06200";"06088";"Nice";"06";"None";"None";"06088000MP0301";"None";"None";"50";"nan";"None";"nan";"None";"nan";"None";"None";"None";"None";"1";"3";"Dépendance";"nan";"0.0";"None";"None";"None";"None";"nan";"7.238842";"43.692155";"000MP"
"2023-57862";"2023-11-07";"1";"Vente";"256000.0";"71.0";"None";"BD EDOUARD HERRIOT";"2188";"06200";"06088";"Nice";"06";"None";"None";"06088000MP0301";"None";"None";"2";"nan";"37";"nan";"None";"nan";"None";"None";"None";"None";"2";"3";"Dépendance";"nan";"0.0";"None";"None";"None";"None";"nan";"7.238842";"43.692155";"000MP"
"2023-57805";"2023-11-02";"1";"Vente";"500000.0";"123.0";"None";"PROM DES ANGLAIS";"0240";"06200";"06088";"Nice";"06";"None";"None";"06088000MP0278";"None";"None";"4";"nan";"None";"nan";"None";"nan";"None";"None";"None";"None";"1";"2";"Appartement";"54.0";"2.0";"None";"None";"None";"None";"nan";"7.24432";"43.690425";"000MP"
"2023-57712";"2023-10-31";"1";"Vente";"133000.0";"31.0";"None";"BD CARLONE";"1140";"06200";"06088";"Nice";"06";"None";"None";"06088000MP0020";"None";"None";"104";"nan";"116";"nan";"None";"nan";"None";"None";"None";"None";"2";"2";"Appartement";"42.0";"3.0";"None";"None";"None";"None";"nan";"7.240313";"43.693373";"000MP"
"2023-57651";"2023-10-30";"1";"Vente";"115000.0";"8.0";"None";"IMP DU SQUARE MAGNAN";"6280";"06200";"06088";"Nice";"06";"None";"None";"06088000MP0105";"None";"None";"5";"46.58";"None";"nan";"None";"nan";"None";"None";"None";"None";"1";"2";"Appartement";"30.0";"2.0";"None";"None";"None";"None";"nan";"7.243009";"43.692641";"000MP"
"2023-57439";"2023-10-27";"1";"Vente en l'état futur d'achèvement";"25000.0";"18.0";"None";"BD MAGNAN";"3875";"06200";"06088";"Nice";"06";"None";"None";"06088000MP0497";"None";"None";"3";"nan";"None";"nan";"None";"nan";"None";"None";"None";"None";"1";"3";"Dépendance";"nan";"0.0";"None";"None";"None";"None";"nan";"7.241279";"43.692951";"000MP"
"2023-57281";"2023-10-26";"1";"Vente";"150000.0";"23.0";"None";"AV DE LA CALIFORNIE";"1045";"06200";"06088";"Nice";"06";"None";"None";"06088000MP0484";"None";"None";"107";"27.87";"23";"nan";"None";"nan";"None";"None";"None";"None";"2";"2";"Appartement";"29.0";"1.0";"None";"None";"None";"None";"nan";"7.242935";"43.690305";"000MP"
"2023-57507";"2023-10-26";"1";"Vente";"282000.0";"4.0";"None";"AV DE LA CALIFORNIE";"1045";"06200";"06088";"Nice";"06";"None";"None";"06088000MP0491";"None";"None";"359";"nan";"None";"nan";"None";"nan";"None";"None";"None";"None";"1";"2";"Appartement";"33.0";"2.0";"None";"None";"None";"None";"nan";"7.244066";"43.691389";"000MP"
"2023-57736";"2023-10-26";"1";"Vente";"354000.0";"35.0";"None";"AV DE LA CALIFORNIE";"1045";"06200";"06088";"Nice";"06";"None";"None";"06088000MP0257";"None";"None";"15";"nan";"39";"nan";"None";"nan";"None";"None";"None";"None";"2";"2";"Appartement";"89.0";"3.0";"None";"None";"None";"None";"nan";"7.242788";"43.690095";"000MP"
"2023-57281";"2023-10-26";"1";"Vente";"150000.0";"23.0";"None";"AV DE LA CALIFORNIE";"1045";"06200";"06088";"Nice";"06";"None";"None";"06088000MP0484";"None";"None";"55";"nan";"None";"nan";"None";"nan";"None";"None";"None";"None";"1";"3";"Dépendance";"nan";"0.0";"None";"None";"None";"None";"nan";"7.242935";"43.690305";"000MP"
"2023-57281";"2023-10-26";"1";"Vente";"150000.0";"23.0";"None";"AV DE LA CALIFORNIE";"1045";"06200";"06088";"Nice";"06";"None";"None";"06088000MP0484";"None";"None";"107";"27.87";"23";"nan";"None";"nan";"None";"None";"None";"None";"2";"3";"Dépendance";"nan";"0.0";"None";"None";"None";"None";"nan";"7.242935";"43.690305";"000MP"
"2023-57507";"2023-10-26";"1";"Vente";"282000.0";"2.0";"None";"RUE CORDERIE";"1690";"06200";"06088";"Nice";"06";"None";"None";"06088000MP0491";"None";"None";"124";"nan";"None";"nan";"None";"nan";"None";"None";"None";"None";"1";"3";"Dépendance";"nan";"0.0";"None";"None";"None";"None";"nan";"7.244066";"43.691389";"000MP"
"2023-58067";"2023-10-26";"1";"Vente";"35000.0";"52.0";"None";"AV DE LA CALIFORNIE";"1045";"06200";"06088";"Nice";"06";"None";"None";"06088000MP0487";"None";"None";"40";"nan";"None";"nan";"None";"nan";"None";"None";"None";"None";"1";"3";"Dépendance";"nan";"0.0";"None";"None";"None";"None";"nan";"7.240755";"43.689691";"000MP"
"2023-56903";"2023-10-23";"1";"Vente en l'état futur d'achèvement";"197100.0";"9.0";"None";"BD MAGNAN";"3875";"06200";"06088";"Nice";"06";"None";"None";"06088000MP0074";"None";"None";"60";"nan";"None";"nan";"None";"nan";"None";"None";"None";"None";"1";"2";"Appartement";"29.0";"2.0";"None";"None";"None";"None";"nan";"7.242473";"43.692823";"000MP"
"2023-57295";"2023-10-23";"1";"Vente";"60000.0";"20.0";"None";"AV DE LA CALIFORNIE";"1045";"06200";"06088";"Nice";"06";"None";"None";"06088000MP0495";"None";"None";"116";"53.1";"None";"nan";"None";"nan";"None";"None";"None";"None";"1";"2";"Appartement";"54.0";"2.0";"None";"None";"None";"None";"nan";"7.24336";"43.690968";"000MP"
"2023-57404";"2023-10-20";"1";"Vente";"195000.0";"12.0";"None";"RUE SAINT HONORE";"5770";"06200";"06088";"Nice";"06";"None";"None";"06088000MP0029";"None";"None";"8";"41.75";"None";"nan";"None";"nan";"None";"None";"None";"None";"1";"2";"Appartement";"41.0";"2.0";"None";"None";"None";"None";"nan";"7.240585";"43.693305";"000MP"
"2023-57426";"2023-10-20";"1";"Vente";"60000.0";"59.0";"B";"BD EDOUARD HERRIOT";"2188";"06200";"06088";"Nice";"06";"None";"None";"06088000MP0037";"None";"None";"79";"12.28";"None";"nan";"None";"nan";"None";"None";"None";"None";"1";"2";"Appartement";"13.0";"1.0";"None";"None";"None";"None";"nan";"7.240067";"43.692854";"000MP"
"2023-57637";"2023-10-20";"1";"Vente";"24500.0";"2.0";"None";"RUE CORDERIE";"1690";"06200";"06088";"Nice";"06";"None";"None";"06088000MP0491";"None";"None";"152";"nan";"None";"nan";"None";"nan";"None";"None";"None";"None";"1";"3";"Dépendance";"nan";"0.0";"None";"None";"None";"None";"nan";"7.244066";"43.691389";"000MP"
"2023-56919";"2023-10-10";"1";"Vente";"215000.0";"73.0";"None";"BD EDOUARD HERRIOT";"2188";"06200";"06088";"Nice";"06";"None";"None";"06088000MP0312";"None";"None";"228";"nan";"261";"48.09";"None";"nan";"None";"None";"None";"None";"2";"2";"Appartement";"45.0";"2.0";"None";"None";"None";"None";"nan";"7.237787";"43.691443";"000MP"
"2023-56919";"2023-10-10";"1";"Vente";"215000.0";"73.0";"None";"BD EDOUARD HERRIOT";"2188";"06200";"06088";"Nice";"06";"None";"None";"06088000MP0312";"None";"None";"430";"nan";"None";"nan";"None";"nan";"None";"None";"None";"None";"1";"3";"Dépendance";"nan";"0.0";"None";"None";"None";"None";"nan";"7.237787";"43.691443";"000MP"
"2023-56788";"2023-10-09";"1";"Vente";"35000.0";"54.0";"None";"AV DE LA CALIFORNIE";"1045";"06200";"06088";"Nice";"06";"None";"None";"06088000MP0244";"None";"None";"18";"nan";"None";"nan";"None";"nan";"None";"None";"None";"None";"1";"3";"Dépendance";"nan";"0.0";"None";"None";"None";"None";"nan";"7.240503";"43.689604";"000MP"
"2023-57039";"2023-10-06";"1";"Vente";"250000.0";"46.0";"None";"AV DE LA CALIFORNIE";"1045";"06200";"06088";"Nice";"06";"None";"None";"06088000MP0238";"None";"None";"203";"nan";"None";"nan";"None";"nan";"None";"None";"None";"None";"1";"4";"Local industriel. commercial ou assimilé";"83.0";"0.0";"None";"None";"None";"None";"nan";"7.241192";"43.690102";"000MP"
"2023-56131";"2023-10-04";"1";"Vente";"57000.0";"52.0";"None";"AV DE LA CALIFORNIE";"1045";"06200";"06088";"Nice";"06";"None";"None";"06088000MP0341";"None";"None";"151";"nan";"None";"nan";"None";"nan";"None";"None";"None";"None";"1";"2";"Appartement";"22.0";"1.0";"None";"None";"None";"None";"nan";"7.240781";"43.68953";"000MP"
"2023-57006";"2023-10-02";"1";"Vente";"29000.0";"20.0";"None";"BD MAGNAN";"3875";"06200";"06088";"Nice";"06";"None";"None";"06088000MP0043";"None";"None";"20";"nan";"None";"nan";"None";"nan";"None";"None";"None";"None";"1";"3";"Dépendance";"nan";"0.0";"None";"None";"None";"None";"nan";"7.240931";"43.692943";"000MP"
"2023-56292";"2023-09-29";"1";"Vente";"102200.0";"8.0";"None";"IMP DU SQUARE MAGNAN";"6280";"06200";"06088";"Nice";"06";"None";"None";"06088000MP0105";"None";"None";"4";"45.28";"None";"nan";"None";"nan";"None";"None";"None";"None";"1";"2";"Appartement";"45.0";"3.0";"None";"None";"None";"None";"nan";"7.243009";"43.692641";"000MP"
"2023-56009";"2023-09-28";"1";"Vente";"328000.0";"15.0";"None";"AV DE LA CALIFORNIE";"1045";"06200";"06088";"Nice";"06";"None";"None";"06088000MP0263";"None";"None";"11";"nan";"38";"nan";"None";"nan";"None";"None";"None";"None";"2";"2";"Appartement";"56.0";"2.0";"None";"None";"None";"None";"nan";"7.24374";"43.690585";"000MP"
"2023-56009";"2023-09-28";"1";"Vente";"328000.0";"15.0";"None";"AV DE LA CALIFORNIE";"1045";"06200";"06088";"Nice";"06";"None";"None";"06088000MP0263";"None";"None";"11";"nan";"38";"nan";"None";"nan";"None";"None";"None";"None";"2";"3";"Dépendance";"nan";"0.0";"None";"None";"None";"None";"nan";"7.24374";"43.690585";"000MP"
"2023-56009";"2023-09-28";"1";"Vente";"328000.0";"15.0";"None";"AV DE LA CALIFORNIE";"1045";"06200";"06088";"Nice";"06";"None";"None";"06088000MP0263";"None";"None";"11";"nan";"38";"nan";"None";"nan";"None";"None";"None";"None";"2";"3";"Dépendance";"nan";"0.0";"None";"None";"None";"None";"nan";"7.24374";"43.690585";"000MP"
"2023-55667";"2023-09-27";"1";"Vente";"517000.0";"39.0";"None";"AV AIME MARTIN";"0050";"06200";"06088";"Nice";"06";"None";"None";"06088000MP0393";"None";"None";"391";"nan";"446";"87.59";"None";"nan";"None";"None";"None";"None";"2";"2";"Appartement";"90.0";"4.0";"None";"None";"None";"None";"nan";"7.239451";"43.691055";"000MP"
"2023-56280";"2023-09-27";"1";"Vente";"110000.0";"9.0";"None";"RUE SAINT HONORE";"5770";"06200";"06088";"Nice";"06";"None";"None";"06088000MP0044";"None";"None";"3";"nan";"None";"nan";"None";"nan";"None";"None";"None";"None";"1";"2";"Appartement";"15.0";"1.0";"None";"None";"None";"None";"nan";"7.241256";"43.693093";"000MP"
"2023-55667";"2023-09-27";"1";"Vente";"517000.0";"39.0";"None";"AV AIME MARTIN";"0050";"06200";"06088";"Nice";"06";"None";"None";"06088000MP0393";"None";"None";"391";"nan";"446";"87.59";"None";"nan";"None";"None";"None";"None";"2";"3";"Dépendance";"nan";"0.0";"None";"None";"None";"None";"nan";"7.239451";"43.691055";"000MP"
"2023-56480";"2023-09-26";"1";"Vente";"295000.0";"3.0";"None";"AV GLORIA";"2955";"06200";"06088";"Nice";"06";"None";"None";"06088000MP0491";"None";"None";"320";"nan";"None";"nan";"None";"nan";"None";"None";"None";"None";"1";"2";"Appartement";"43.0";"2.0";"None";"None";"None";"None";"nan";"7.244066";"43.691389";"000MP"
"2023-55598";"2023-09-26";"1";"Vente";"40000.0";"39.0";"None";"AV AIME MARTIN";"0050";"06200";"06088";"Nice";"06";"None";"None";"06088000MP0393";"None";"None";"354";"nan";"None";"nan";"None";"nan";"None";"None";"None";"None";"1";"3";"Dépendance";"nan";"0.0";"None";"None";"None";"None";"nan";"7.239451";"43.691055";"000MP"
"2023-56480";"2023-09-26";"1";"Vente";"295000.0";"2.0";"None";"RUE CORDERIE";"1690";"06200";"06088";"Nice";"06";"None";"None";"06088000MP0491";"None";"None";"205";"nan";"None";"nan";"None";"nan";"None";"None";"None";"None";"1";"3";"Dépendance";"nan";"0.0";"None";"None";"None";"None";"nan";"7.244066";"43.691389";"000MP"
"2023-55625";"2023-09-25";"1";"Vente";"370000.0";"39.0";"None";"AV AIME MARTIN";"0050";"06200";"06088";"Nice";"06";"None";"None";"06088000MP0393";"None";"None";"681";"nan";"693";"72.7";"None";"nan";"None";"None";"None";"None";"2";"2";"Appartement";"82.0";"3.0";"None";"None";"None";"None";"nan";"7.239451";"43.691055";"000MP"
"2023-55842";"2023-09-25";"1";"Vente";"90000.0";"6.0";"T";"AV GLORIA";"2955";"06200";"06088";"Nice";"06";"None";"None";"06088000MP0186";"None";"None";"35";"nan";"None";"nan";"None";"nan";"None";"None";"None";"None";"1";"2";"Appartement";"23.0";"1.0";"None";"None";"None";"None";"nan";"7.243504";"43.691714";"000MP"
"2023-55625";"2023-09-25";"1";"Vente";"370000.0";"39.0";"None";"AV AIME MARTIN";"0050";"06200";"06088";"Nice";"06";"None";"None";"06088000MP0393";"None";"None";"681";"nan";"693";"72.7";"None";"nan";"None";"None";"None";"None";"2";"3";"Dépendance";"nan";"0.0";"None";"None";"None";"None";"nan";"7.239451";"43.691055";"000MP"
"2023-55842";"2023-09-25";"1";"Vente";"90000.0";"6.0";"T";"AV GLORIA";"2955";"06200";"06088";"Nice";"06";"None";"None";"06088000MP0186";"None";"None";"9";"nan";"None";"nan";"None";"nan";"None";"None";"None";"None";"1";"3";"Dépendance";"nan";"0.0";"None";"None";"None";"None";"nan";"7.243504";"43.691714";"000MP"
"2023-56343";"2023-09-22";"1";"Vente";"413790.0";"39.0";"None";"AV AIME MARTIN";"0050";"06200";"06088";"Nice";"06";"None";"None";"06088000MP0393";"None";"None";"644";"nan";"656";"nan";"None";"nan";"None";"None";"None";"None";"2";"2";"Appartement";"74.0";"3.0";"None";"None";"None";"None";"nan";"7.239451";"43.691055";"000MP"
"2023-56430";"2023-09-22";"1";"Vente";"170000.0";"20.0";"None";"BD MAGNAN";"3875";"06200";"06088";"Nice";"06";"None";"None";"06088000MP0043";"None";"None";"128";"53.17";"76";"nan";"None";"nan";"None";"None";"None";"None";"2";"2";"Appartement";"63.0";"2.0";"None";"None";"None";"None";"nan";"7.240931";"43.692943";"000MP"
"2023-56343";"2023-09-22";"1";"Vente";"413790.0";"39.0";"None";"AV AIME MARTIN";"0050";"06200";"06088";"Nice";"06";"None";"None";"06088000MP0393";"None";"None";"901";"nan";"None";"nan";"None";"nan";"None";"None";"None";"None";"1";"3";"Dépendance";"nan";"0.0";"None";"None";"None";"None";"nan";"7.239451";"43.691055";"000MP"
"2023-56343";"2023-09-22";"1";"Vente";"413790.0";"39.0";"None";"AV AIME MARTIN";"0050";"06200";"06088";"Nice";"06";"None";"None";"06088000MP0393";"None";"None";"644";"nan";"656";"nan";"None";"nan";"None";"None";"None";"None";"2";"3";"Dépendance";"nan";"0.0";"None";"None";"None";"None";"nan";"7.239451";"43.691055";"000MP"
"2023-56396";"2023-09-22";"1";"Vente";"28000.0";"19.0";"None";"BD MAGNAN";"3875";"06200";"06088";"Nice";"06";"None";"None";"06088000MP0081";"None";"None";"15";"nan";"None";"nan";"None";"nan";"None";"None";"None";"None";"1";"3";"Dépendance";"nan";"0.0";"None";"None";"None";"None";"nan";"7.241211";"43.692638";"000MP"
"2023-56430";"2023-09-22";"1";"Vente";"170000.0";"20.0";"None";"BD MAGNAN";"3875";"06200";"06088";"Nice";"06";"None";"None";"06088000MP0043";"None";"None";"128";"53.17";"76";"nan";"None";"nan";"None";"None";"None";"None";"2";"3";"Dépendance";"nan";"0.0";"None";"None";"None";"None";"nan";"7.240931";"43.692943";"000MP"
"2023-56430";"2023-09-22";"1";"Vente";"170000.0";"20.0";"None";"BD MAGNAN";"3875";"06200";"06088";"Nice";"06";"None";"None";"06088000MP0043";"None";"None";"128";"53.17";"76";"nan";"None";"nan";"None";"None";"None";"None";"2";"3";"Dépendance";"nan";"0.0";"None";"None";"None";"None";"nan";"7.240931";"43.692943";"000MP"
"2023-55690";"2023-09-21";"1";"Vente";"102100.0";"18.0";"None";"BD MAGNAN";"3875";"06200";"06088";"Nice";"06";"None";"None";"06088000MP0497";"None";"None";"32";"22.2";"None";"nan";"None";"nan";"None";"None";"None";"None";"1";"2";"Appartement";"22.0";"1.0";"None";"None";"None";"None";"nan";"7.241279";"43.692951";"000MP"
"2023-55304";"2023-09-19";"1";"Vente";"20000.0";"46.0";"None";"AV DE LA CALIFORNIE";"1045";"06200";"06088";"Nice";"06";"None";"None";"06088000MP0238";"None";"None";"94";"nan";"None";"nan";"None";"nan";"None";"None";"None";"None";"1";"3";"Dépendance";"nan";"0.0";"None";"None";"None";"None";"nan";"7.241192";"43.690102";"000MP"
"2023-56262";"2023-09-18";"1";"Vente";"130000.0";"2.0";"None";"RUE SAINT HONORE";"5770";"06200";"06088";"Nice";"06";"None";"None";"06088000MP0054";"None";"None";"3";"nan";"None";"nan";"None";"nan";"None";"None";"None";"None";"1";"2";"Appartement";"50.0";"1.0";"None";"None";"None";"None";"nan";"7.242032";"43.693231";"000MP"
"2023-55903";"2023-09-15";"1";"Vente";"263800.0";"43.0";"None";"AV DE LA CALIFORNIE";"1045";"06200";"06088";"Nice";"06";"None";"None";"06088000MP0253";"None";"None";"11";"nan";"42";"nan";"None";"nan";"None";"None";"None";"None";"2";"2";"Appartement";"63.0";"2.0";"None";"None";"None";"None";"nan";"7.242214";"43.689909";"000MP"
"2023-55903";"2023-09-15";"1";"Vente";"263800.0";"43.0";"None";"AV DE LA CALIFORNIE";"1045";"06200";"06088";"Nice";"06";"None";"None";"06088000MP0253";"None";"None";"11";"nan";"42";"nan";"None";"nan";"None";"None";"None";"None";"2";"3";"Dépendance";"nan";"0.0";"None";"None";"None";"None";"nan";"7.242214";"43.689909";"000MP"
"2023-55169";"2023-09-13";"1";"Vente";"196000.0";"7.0";"None";"RUE SAINT HONORE";"5770";"06200";"06088";"Nice";"06";"None";"None";"06088000MP0047";"None";"None";"7";"57.5";"None";"nan";"None";"nan";"None";"None";"None";"None";"1";"2";"Appartement";"13.0";"1.0";"None";"None";"None";"None";"nan";"7.241376";"43.693147";"000MP"
"2023-55169";"2023-09-13";"1";"Vente";"196000.0";"7.0";"None";"RUE SAINT HONORE";"5770";"06200";"06088";"Nice";"06";"None";"None";"06088000MP0047";"None";"None";"7";"57.5";"None";"nan";"None";"nan";"None";"None";"None";"None";"1";"2";"Appartement";"13.0";"1.0";"None";"None";"None";"None";"nan";"7.241376";"43.693147";"000MP"
"2023-55169";"2023-09-13";"1";"Vente";"196000.0";"7.0";"None";"RUE SAINT HONORE";"5770";"06200";"06088";"Nice";"06";"None";"None";"06088000MP0047";"None";"None";"7";"57.5";"None";"nan";"None";"nan";"None";"None";"None";"None";"1";"2";"Appartement";"15.0";"1.0";"None";"None";"None";"None";"nan";"7.241376";"43.693147";"000MP"
"2023-55169";"2023-09-13";"1";"Vente";"196000.0";"7.0";"None";"RUE SAINT HONORE";"5770";"06200";"06088";"Nice";"06";"None";"None";"06088000MP0047";"None";"None";"7";"57.5";"None";"nan";"None";"nan";"None";"None";"None";"None";"1";"2";"Appartement";"15.0";"1.0";"None";"None";"None";"None";"nan";"7.241376";"43.693147";"000MP"
"2023-54925";"2023-09-08";"1";"Vente";"294750.0";"39.0";"None";"AV AIME MARTIN";"0050";"06200";"06088";"Nice";"06";"None";"None";"06088000MP0393";"None";"None";"571";"nan";"619";"51.71";"None";"nan";"None";"None";"None";"None";"2";"2";"Appartement";"64.0";"2.0";"None";"None";"None";"None";"nan";"7.239451";"43.691055";"000MP"
"2023-54925";"2023-09-08";"1";"Vente";"294750.0";"39.0";"None";"AV AIME MARTIN";"0050";"06200";"06088";"Nice";"06";"None";"None";"06088000MP0393";"None";"None";"571";"nan";"619";"51.71";"None";"nan";"None";"None";"None";"None";"2";"3";"Dépendance";"nan";"0.0";"None";"None";"None";"None";"nan";"7.239451";"43.691055";"000MP"
"2023-55265";"2023-09-06";"1";"Vente";"224200.0";"71.0";"None";"BD EDOUARD HERRIOT";"2188";"06200";"06088";"Nice";"06";"None";"None";"06088000MP0301";"None";"None";"56";"nan";"None";"nan";"None";"nan";"None";"None";"None";"None";"1";"2";"Appartement";"36.0";"1.0";"None";"None";"None";"None";"nan";"7.238842";"43.692155";"000MP"
"2023-55265";"2023-09-06";"1";"Vente";"224200.0";"71.0";"None";"BD EDOUARD HERRIOT";"2188";"06200";"06088";"Nice";"06";"None";"None";"06088000MP0301";"None";"None";"56";"nan";"None";"nan";"None";"nan";"None";"None";"None";"None";"1";"3";"Dépendance";"nan";"0.0";"None";"None";"None";"None";"nan";"7.238842";"43.692155";"000MP"
"2023-54731";"2023-08-29";"1";"Vente";"122000.0";"17.0";"None";"BD MAGNAN";"3875";"06200";"06088";"Nice";"06";"None";"None";"06088000MP0080";"None";"None";"15";"nan";"None";"nan";"None";"nan";"None";"None";"None";"None";"1";"2";"Appartement";"22.0";"1.0";"None";"None";"None";"None";"nan";"7.241499";"43.692691";"000MP"
"2023-55150";"2023-08-29";"1";"Vente";"247570.0";"49.0";"None";"AV DE LA CALIFORNIE";"1045";"06200";"06088";"Nice";"06";"None";"None";"06088000MP0251";"None";"None";"18";"nan";"30";"nan";"None";"nan";"None";"None";"None";"None";"2";"2";"Appartement";"43.0";"2.0";"None";"None";"None";"None";"nan";"7.24187";"43.689691";"000MP"
"2023-55150";"2023-08-29";"1";"Vente";"247570.0";"49.0";"None";"AV DE LA CALIFORNIE";"1045";"06200";"06088";"Nice";"06";"None";"None";"06088000MP0251";"None";"None";"18";"nan";"30";"nan";"None";"nan";"None";"None";"None";"None";"2";"3";"Dépendance";"nan";"0.0";"None";"None";"None";"None";"nan";"7.24187";"43.689691";"000MP"
"2023-54723";"2023-08-25";"1";"Vente";"335000.0";"93.0";"None";"BD EDOUARD HERRIOT";"2188";"06200";"06088";"Nice";"06";"None";"None";"06088000MP0167";"None";"None";"145";"nan";"158";"70.29";"None";"nan";"None";"None";"None";"None";"2";"2";"Appartement";"75.0";"2.0";"None";"None";"None";"None";"nan";"7.237443";"43.690451";"000MP"
"2023-54723";"2023-08-25";"1";"Vente";"335000.0";"93.0";"None";"BD EDOUARD HERRIOT";"2188";"06200";"06088";"Nice";"06";"None";"None";"06088000MP0167";"None";"None";"145";"nan";"158";"70.29";"None";"nan";"None";"None";"None";"None";"2";"3";"Dépendance";"nan";"0.0";"None";"None";"None";"None";"nan";"7.237443";"43.690451";"000MP"
"2023-54529";"2023-08-24";"1";"Vente";"527000.0";"93.0";"None";"BD EDOUARD HERRIOT";"2188";"06200";"06088";"Nice";"06";"None";"None";"06088000MP0167";"None";"None";"482";"nan";"542";"nan";"None";"nan";"None";"None";"None";"None";"2";"2";"Appartement";"102.0";"3.0";"None";"None";"None";"None";"nan";"7.237443";"43.690451";"000MP"
"2023-54529";"2023-08-24";"1";"Vente";"527000.0";"93.0";"None";"BD EDOUARD HERRIOT";"2188";"06200";"06088";"Nice";"06";"None";"None";"06088000MP0167";"None";"None";"482";"nan";"542";"nan";"None";"nan";"None";"None";"None";"None";"2";"3";"Dépendance";"nan";"0.0";"None";"None";"None";"None";"nan";"7.237443";"43.690451";"000MP"
"2023-54529";"2023-08-24";"1";"Vente";"527000.0";"93.0";"None";"BD EDOUARD HERRIOT";"2188";"06200";"06088";"Nice";"06";"None";"None";"06088000MP0167";"None";"None";"482";"nan";"542";"nan";"None";"nan";"None";"None";"None";"None";"2";"3";"Dépendance";"nan";"0.0";"None";"None";"None";"None";"nan";"7.237443";"43.690451";"000MP"
"2023-54160";"2023-08-23";"1";"Vente";"25000.0";"35.0";"None";"BD CARLONE";"1140";"06200";"06088";"Nice";"06";"None";"None";"06088000MP0419";"None";"None";"7";"nan";"None";"nan";"None";"nan";"None";"None";"None";"None";"1";"3";"Dépendance";"nan";"0.0";"None";"None";"None";"None";"nan";"7.240023";"43.693328";"000MP"
"2023-54402";"2023-08-21";"1";"Vente";"18000.0";"26.0";"None";"BD MAGNAN";"3875";"06200";"06088";"Nice";"06";"None";"None";"06088000MP0037";"None";"None";"45";"nan";"None";"nan";"None";"nan";"None";"None";"None";"None";"1";"3";"Dépendance";"nan";"0.0";"None";"None";"None";"None";"nan";"7.240067";"43.692854";"000MP"
"2023-54417";"2023-08-21";"1";"Vente";"18000.0";"26.0";"None";"BD MAGNAN";"3875";"06200";"06088";"Nice";"06";"None";"None";"06088000MP0037";"None";"None";"46";"nan";"None";"nan";"None";"nan";"None";"None";"None";"None";"1";"3";"Dépendance";"nan";"0.0";"None";"None";"None";"None";"nan";"7.240067";"43.692854";"000MP"
"2023-53934";"2023-08-10";"1";"Vente";"45000.0";"39.0";"None";"AV AIME MARTIN";"0050";"06200";"06088";"Nice";"06";"None";"None";"06088000MP0393";"None";"None";"356";"nan";"None";"nan";"None";"nan";"None";"None";"None";"None";"1";"3";"Dépendance";"nan";"0.0";"None";"None";"None";"None";"nan";"7.239451";"43.691055";"000MP"
"2023-53801";"2023-08-08";"1";"Vente";"129200.0";"2.0";"None";"RUE SAINT HONORE";"5770";"06200";"06088";"Nice";"06";"None";"None";"06088000MP0054";"None";"None";"19";"nan";"None";"nan";"None";"nan";"None";"None";"None";"None";"1";"2";"Appartement";"39.0";"1.0";"None";"None";"None";"None";"nan";"7.242032";"43.693231";"000MP"
"2023-53488";"2023-08-04";"1";"Vente";"777000.0";"39.0";"B";"AV AIME MARTIN";"0050";"06200";"06088";"Nice";"06";"None";"None";"06088000MP0374";"None";"None";"423";"nan";"424";"nan";"459";"127.97";"None";"None";"None";"None";"3";"2";"Appartement";"128.0";"4.0";"None";"None";"None";"None";"nan";"7.238435";"43.69078";"000MP"
"2023-53488";"2023-08-04";"1";"Vente";"777000.0";"39.0";"B";"AV AIME MARTIN";"0050";"06200";"06088";"Nice";"06";"None";"None";"06088000MP0374";"None";"None";"423";"nan";"424";"nan";"459";"127.97";"None";"None";"None";"None";"3";"3";"Dépendance";"nan";"0.0";"None";"None";"None";"None";"nan";"7.238435";"43.69078";"000MP"
"2023-53488";"2023-08-04";"1";"Vente";"777000.0";"39.0";"B";"AV AIME MARTIN";"0050";"06200";"06088";"Nice";"06";"None";"None";"06088000MP0374";"None";"None";"404";"nan";"None";"nan";"None";"nan";"None";"None";"None";"None";"1";"3";"Dépendance";"nan";"0.0";"None";"None";"None";"None";"nan";"7.238435";"43.69078";"000MP"
"2023-53488";"2023-08-04";"1";"Vente";"777000.0";"39.0";"B";"AV AIME MARTIN";"0050";"06200";"06088";"Nice";"06";"None";"None";"06088000MP0374";"None";"None";"423";"nan";"424";"nan";"459";"127.97";"None";"None";"None";"None";"3";"3";"Dépendance";"nan";"0.0";"None";"None";"None";"None";"nan";"7.238435";"43.69078";"000MP"
"2023-53488";"2023-08-04";"1";"Vente";"777000.0";"39.0";"B";"AV AIME MARTIN";"0050";"06200";"06088";"Nice";"06";"None";"None";"06088000MP0374";"None";"None";"423";"nan";"424";"nan";"459";"127.97";"None";"None";"None";"None";"3";"3";"Dépendance";"nan";"0.0";"None";"None";"None";"None";"nan";"7.238435";"43.69078";"000MP"
"2023-53845";"2023-08-01";"1";"Vente";"328650.0";"24.0";"None";"AV DE LA CALIFORNIE";"1045";"06200";"06088";"Nice";"06";"None";"None";"06088000MP0482";"None";"None";"215";"nan";"308";"nan";"None";"nan";"None";"None";"None";"None";"2";"2";"Appartement";"57.0";"2.0";"None";"None";"None";"None";"nan";"7.24279";"43.691002";"000MP"
"2023-53845";"2023-08-01";"1";"Vente";"328650.0";"24.0";"None";"AV DE LA CALIFORNIE";"1045";"06200";"06088";"Nice";"06";"None";"None";"06088000MP0482";"None";"None";"215";"nan";"308";"nan";"None";"nan";"None";"None";"None";"None";"2";"3";"Dépendance";"nan";"0.0";"None";"None";"None";"None";"nan";"7.24279";"43.691002";"000MP"
"2023-53845";"2023-08-01";"1";"Vente";"328650.0";"24.0";"None";"AV DE LA CALIFORNIE";"1045";"06200";"06088";"Nice";"06";"None";"None";"06088000MP0482";"None";"None";"215";"nan";"308";"nan";"None";"nan";"None";"None";"None";"None";"2";"3";"Dépendance";"nan";"0.0";"None";"None";"None";"None";"nan";"7.24279";"43.691002";"000MP"
"2023-53845";"2023-08-01";"1";"Vente";"328650.0";"24.0";"None";"AV DE LA CALIFORNIE";"1045";"06200";"06088";"Nice";"06";"None";"None";"06088000MP0482";"None";"None";"262";"nan";"None";"nan";"None";"nan";"None";"None";"None";"None";"1";"3";"Dépendance";"nan";"0.0";"None";"None";"None";"None";"nan";"7.24279";"43.691002";"000MP"
"2023-53662";"2023-07-31";"1";"Vente";"275000.0";"93.0";"None";"BD EDOUARD HERRIOT";"2188";"06200";"06088";"Nice";"06";"None";"None";"06088000MP0167";"None";"None";"145";"nan";"158";"nan";"None";"nan";"None";"None";"None";"None";"2";"2";"Appartement";"75.0";"2.0";"None";"None";"None";"None";"nan";"7.237443";"43.690451";"000MP"
"2023-53662";"2023-07-31";"1";"Vente";"275000.0";"93.0";"None";"BD EDOUARD HERRIOT";"2188";"06200";"06088";"Nice";"06";"None";"None";"06088000MP0167";"None";"None";"145";"nan";"158";"nan";"None";"nan";"None";"None";"None";"None";"2";"3";"Dépendance";"nan";"0.0";"None";"None";"None";"None";"nan";"7.237443";"43.690451";"000MP"
"2023-53086";"2023-07-27";"1";"Vente";"215000.0";"48.0";"None";"AV DE LA CALIFORNIE";"1045";"06200";"06088";"Nice";"06";"None";"None";"06088000MP0352";"None";"None";"15";"nan";"None";"nan";"None";"nan";"None";"None";"None";"None";"1";"2";"Appartement";"64.0";"2.0";"None";"None";"None";"None";"nan";"7.240953";"43.690008";"000MP"
"2023-53108";"2023-07-27";"1";"Vente";"132300.0";"9.0";"None";"BD MAGNAN";"3875";"06200";"06088";"Nice";"06";"None";"None";"06088000MP0074";"None";"None";"66";"19.45";"None";"nan";"None";"nan";"None";"None";"None";"None";"1";"2";"Appartement";"22.0";"1.0";"None";"None";"None";"None";"nan";"7.242473";"43.692823";"000MP"
"2023-53269";"2023-07-27";"1";"Vente";"195000.0";"17.0";"None";"BD CARLONE";"1140";"06200";"06088";"Nice";"06";"None";"None";"06088000MP0057";"None";"None";"36";"nan";"86";"44.15";"None";"nan";"None";"None";"None";"None";"2";"2";"Appartement";"42.0";"2.0";"None";"None";"None";"None";"nan";"7.241667";"43.693494";"000MP"
"2023-53447";"2023-07-27";"1";"Vente";"148000.0";"52.0";"None";"AV DE LA CALIFORNIE";"1045";"06200";"06088";"Nice";"06";"None";"None";"06088000MP0487";"None";"None";"107";"23.54";"None";"nan";"None";"nan";"None";"None";"None";"None";"1";"2";"Appartement";"22.0";"1.0";"None";"None";"None";"None";"nan";"7.240755";"43.689691";"000MP"
"2023-53199";"2023-07-27";"1";"Vente";"35000.0";"73.0";"None";"BD EDOUARD HERRIOT";"2188";"06200";"06088";"Nice";"06";"None";"None";"06088000MP0159";"None";"None";"110";"nan";"None";"nan";"None";"nan";"None";"None";"None";"None";"1";"3";"Dépendance";"nan";"0.0";"None";"None";"None";"None";"nan";"7.238503";"43.691826";"000MP"
"2023-53767";"2023-07-24";"1";"Vente";"207500.0";"30.0";"None";"AV DE LA CALIFORNIE";"1045";"06200";"06088";"Nice";"06";"None";"None";"06088000MP0377";"None";"None";"134";"nan";"235";"43.5";"None";"nan";"None";"None";"None";"None";"2";"2";"Appartement";"43.0";"2.0";"None";"None";"None";"None";"nan";"7.241991";"43.69075";"000MP"
"2023-53767";"2023-07-24";"1";"Vente";"207500.0";"30.0";"None";"AV DE LA CALIFORNIE";"1045";"06200";"06088";"Nice";"06";"None";"None";"06088000MP0377";"None";"None";"134";"nan";"235";"43.5";"None";"nan";"None";"None";"None";"None";"2";"3";"Dépendance";"nan";"0.0";"None";"None";"None";"None";"nan";"7.241991";"43.69075";"000MP"
"2023-52668";"2023-07-20";"1";"Vente";"301560.0";"24.0";"None";"AV DE LA CALIFORNIE";"1045";"06200";"06088";"Nice";"06";"None";"None";"06088000MP0482";"None";"None";"154";"nan";"200";"nan";"None";"nan";"None";"None";"None";"None";"2";"2";"Appartement";"50.0";"2.0";"None";"None";"None";"None";"nan";"7.24279";"43.691002";"000MP"
"2023-53137";"2023-07-20";"1";"Vente";"120000.0";"93.0";"None";"BD EDOUARD HERRIOT";"2188";"06200";"06088";"Nice";"06";"None";"None";"06088000MP0167";"None";"None";"606";"nan";"None";"nan";"None";"nan";"None";"None";"None";"None";"1";"2";"Appartement";"20.0";"1.0";"None";"None";"None";"None";"nan";"7.237443";"43.690451";"000MP"
"2023-52668";"2023-07-20";"1";"Vente";"301560.0";"24.0";"None";"AV DE LA CALIFORNIE";"1045";"06200";"06088";"Nice";"06";"None";"None";"06088000MP0482";"None";"None";"154";"nan";"200";"nan";"None";"nan";"None";"None";"None";"None";"2";"3";"Dépendance";"nan";"0.0";"None";"None";"None";"None";"nan";"7.24279";"43.691002";"000MP"
"2023-52668";"2023-07-20";"1";"Vente";"301560.0";"24.0";"None";"AV DE LA CALIFORNIE";"1045";"06200";"06088";"Nice";"06";"None";"None";"06088000MP0482";"None";"None";"154";"nan";"200";"nan";"None";"nan";"None";"None";"None";"None";"2";"3";"Dépendance";"nan";"0.0";"None";"None";"None";"None";"nan";"7.24279";"43.691002";"000MP"
"2023-52911";"2023-07-19";"1";"Vente";"957000.0";"39.0";"None";"AV AIME MARTIN";"0050";"06200";"06088";"Nice";"06";"None";"None";"06088000MP0393";"None";"None";"402";"nan";"457";"130.14";"None";"nan";"None";"None";"None";"None";"2";"2";"Appartement";"142.0";"5.0";"None";"None";"None";"None";"nan";"7.239451";"43.691055";"000MP"
"2023-53160";"2023-07-19";"1";"Vente";"190000.0";"11.0";"None";"AV GLORIA";"2955";"06200";"06088";"Nice";"06";"None";"None";"06088000MP0216";"None";"None";"37";"nan";"9";"55.83";"None";"nan";"None";"None";"None";"None";"2";"2";"Appartement";"62.0";"3.0";"None";"None";"None";"None";"nan";"7.243553";"43.691276";"000MP"
"2023-53508";"2023-07-19";"1";"Vente";"560500.0";"143.0";"None";"PROM DES ANGLAIS";"0240";"06200";"06088";"Nice";"06";"None";"None";"06088000MP0293";"None";"None";"43";"nan";"84";"55.19";"None";"nan";"None";"None";"None";"None";"2";"2";"Appartement";"63.0";"2.0";"None";"None";"None";"None";"nan";"7.242594";"43.689703";"000MP"
"2023-52911";"2023-07-19";"1";"Vente";"957000.0";"41.0";"None";"AV AIME MARTIN";"0050";"06200";"06088";"Nice";"06";"None";"None";"06088000MP0158";"None";"None";"61";"nan";"None";"nan";"None";"nan";"None";"None";"None";"None";"1";"3";"Dépendance";"nan";"0.0";"None";"None";"None";"None";"nan";"7.238312";"43.691584";"000MP"
"2023-52911";"2023-07-19";"1";"Vente";"957000.0";"39.0";"None";"AV AIME MARTIN";"0050";"06200";"06088";"Nice";"06";"None";"None";"06088000MP0393";"None";"None";"402";"nan";"457";"130.14";"None";"nan";"None";"None";"None";"None";"2";"3";"Dépendance";"nan";"0.0";"None";"None";"None";"None";"nan";"7.239451";"43.691055";"000MP"
"2023-52911";"2023-07-19";"1";"Vente";"957000.0";"39.0";"None";"AV AIME MARTIN";"0050";"06200";"06088";"Nice";"06";"None";"None";"06088000MP0393";"None";"None";"402";"nan";"457";"130.14";"None";"nan";"None";"None";"None";"None";"2";"3";"Dépendance";"nan";"0.0";"None";"None";"None";"None";"nan";"7.239451";"43.691055";"000MP"
"2023-53160";"2023-07-19";"1";"Vente";"190000.0";"11.0";"None";"AV GLORIA";"2955";"06200";"06088";"Nice";"06";"None";"None";"06088000MP0216";"None";"None";"37";"nan";"9";"55.83";"None";"nan";"None";"None";"None";"None";"2";"3";"Dépendance";"nan";"0.0";"None";"None";"None";"None";"nan";"7.243553";"43.691276";"000MP"
"2023-53508";"2023-07-19";"1";"Vente";"560500.0";"143.0";"None";"PROM DES ANGLAIS";"0240";"06200";"06088";"Nice";"06";"None";"None";"06088000MP0293";"None";"None";"43";"nan";"84";"55.19";"None";"nan";"None";"None";"None";"None";"2";"3";"Dépendance";"nan";"0.0";"None";"None";"None";"None";"nan";"7.242594";"43.689703";"000MP"
"2023-52495";"2023-07-18";"1";"Vente";"13000.0";"46.0";"None";"AV DE LA CALIFORNIE";"1045";"06200";"06088";"Nice";"06";"None";"None";"06088000MP0238";"None";"None";"75";"nan";"None";"nan";"None";"nan";"None";"None";"None";"None";"1";"3";"Dépendance";"nan";"0.0";"None";"None";"None";"None";"nan";"7.241192";"43.690102";"000MP"
"2023-52926";"2023-07-18";"1";"Vente";"32000.0";"30.0";"None";"AV DE LA CALIFORNIE";"1045";"06200";"06088";"Nice";"06";"None";"None";"06088000MP0377";"None";"None";"105";"nan";"None";"nan";"None";"nan";"None";"None";"None";"None";"1";"3";"Dépendance";"nan";"0.0";"None";"None";"None";"None";"nan";"7.241991";"43.69075";"000MP"
"2023-53100";"2023-07-12";"1";"Vente";"176500.0";"71.0";"None";"BD EDOUARD HERRIOT";"2188";"06200";"06088";"Nice";"06";"None";"None";"06088000MP0301";"None";"None";"17";"nan";"40";"nan";"None";"nan";"None";"None";"None";"None";"2";"2";"Appartement";"31.0";"1.0";"None";"None";"None";"None";"nan";"7.238842";"43.692155";"000MP"
"2023-53100";"2023-07-12";"1";"Vente";"176500.0";"71.0";"None";"BD EDOUARD HERRIOT";"2188";"06200";"06088";"Nice";"06";"None";"None";"06088000MP0301";"None";"None";"17";"nan";"40";"nan";"None";"nan";"None";"None";"None";"None";"2";"3";"Dépendance";"nan";"0.0";"None";"None";"None";"None";"nan";"7.238842";"43.692155";"000MP"
"2023-53330";"2023-07-10";"1";"Vente";"250000.0";"23.0";"None";"BD CARLONE";"1140";"06200";"06088";"Nice";"06";"None";"None";"06088000MP0416";"None";"None";"31";"nan";"73";"61.74";"None";"nan";"None";"None";"None";"None";"2";"2";"Appartement";"63.0";"3.0";"None";"None";"None";"None";"nan";"7.240984";"43.693458";"000MP"
"2023-53330";"2023-07-10";"1";"Vente";"250000.0";"23.0";"None";"BD CARLONE";"1140";"06200";"06088";"Nice";"06";"None";"None";"06088000MP0416";"None";"None";"5";"nan";"None";"nan";"None";"nan";"None";"None";"None";"None";"1";"3";"Dépendance";"nan";"0.0";"None";"None";"None";"None";"nan";"7.240984";"43.693458";"000MP"
"2023-53330";"2023-07-10";"1";"Vente";"250000.0";"23.0";"None";"BD CARLONE";"1140";"06200";"06088";"Nice";"06";"None";"None";"06088000MP0416";"None";"None";"31";"nan";"73";"61.74";"None";"nan";"None";"None";"None";"None";"2";"3";"Dépendance";"nan";"0.0";"None";"None";"None";"None";"nan";"7.240984";"43.693458";"000MP"
"2023-52316";"2023-07-05";"1";"Vente";"280480.0";"73.0";"None";"BD EDOUARD HERRIOT";"2188";"06200";"06088";"Nice";"06";"None";"None";"06088000MP0159";"None";"None";"158";"nan";"2";"nan";"None";"nan";"None";"None";"None";"None";"2";"2";"Appartement";"50.0";"2.0";"None";"None";"None";"None";"nan";"7.238503";"43.691826";"000MP"
"2023-52316";"2023-07-05";"1";"Vente";"280480.0";"73.0";"None";"BD EDOUARD HERRIOT";"2188";"06200";"06088";"Nice";"06";"None";"None";"06088000MP0159";"None";"None";"158";"nan";"2";"nan";"None";"nan";"None";"None";"None";"None";"2";"3";"Dépendance";"nan";"0.0";"None";"None";"None";"None";"nan";"7.238503";"43.691826";"000MP"
"2023-52316";"2023-07-05";"1";"Vente";"280480.0";"73.0";"None";"BD EDOUARD HERRIOT";"2188";"06200";"06088";"Nice";"06";"None";"None";"06088000MP0159";"None";"None";"158";"nan";"2";"nan";"None";"nan";"None";"None";"None";"None";"2";"3";"Dépendance";"nan";"0.0";"None";"None";"None";"None";"nan";"7.238503";"43.691826";"000MP"
"2023-52993";"2023-07-05";"1";"Vente";"25000.0";"2.0";"None";"RUE CORDERIE";"1690";"06200";"06088";"Nice";"06";"None";"None";"06088000MP0491";"None";"None";"51";"nan";"None";"nan";"None";"nan";"None";"None";"None";"None";"1";"3";"Dépendance";"nan";"0.0";"None";"None";"None";"None";"nan";"7.244066";"43.691389";"000MP"
"2023-51345";"2023-06-28";"1";"Vente";"346000.0";"93.0";"None";"BD EDOUARD HERRIOT";"2188";"06200";"06088";"Nice";"06";"None";"None";"06088000MP0167";"None";"None";"561";"nan";"615";"nan";"None";"nan";"None";"None";"None";"None";"2";"2";"Appartement";"60.0";"2.0";"None";"None";"None";"None";"nan";"7.237443";"43.690451";"000MP"
"2023-51345";"2023-06-28";"1";"Vente";"346000.0";"93.0";"None";"BD EDOUARD HERRIOT";"2188";"06200";"06088";"Nice";"06";"None";"None";"06088000MP0167";"None";"None";"561";"nan";"615";"nan";"None";"nan";"None";"None";"None";"None";"2";"3";"Dépendance";"nan";"0.0";"None";"None";"None";"None";"nan";"7.237443";"43.690451";"000MP"
"2023-51345";"2023-06-28";"1";"Vente";"346000.0";"93.0";"None";"BD EDOUARD HERRIOT";"2188";"06200";"06088";"Nice";"06";"None";"None";"06088000MP0167";"None";"None";"561";"nan";"615";"nan";"None";"nan";"None";"None";"None";"None";"2";"3";"Dépendance";"nan";"0.0";"None";"None";"None";"None";"nan";"7.237443";"43.690451";"000MP"
"2023-51345";"2023-06-28";"1";"Vente";"346000.0";"93.0";"None";"BD EDOUARD HERRIOT";"2188";"06200";"06088";"Nice";"06";"None";"None";"06088000MP0167";"None";"None";"561";"nan";"615";"nan";"None";"nan";"None";"None";"None";"None";"2";"3";"Dépendance";"nan";"0.0";"None";"None";"None";"None";"nan";"7.237443";"43.690451";"000MP"
"2023-51408";"2023-06-27";"1";"Vente";"155600.0";"9.0";"None";"BD MAGNAN";"3875";"06200";"06088";"Nice";"06";"None";"None";"06088000MP0074";"None";"None";"61";"21.2";"None";"nan";"None";"nan";"None";"None";"None";"None";"1";"2";"Appartement";"28.0";"2.0";"None";"None";"None";"None";"nan";"7.242473";"43.692823";"000MP"
"2023-51696";"2023-06-26";"1";"Vente";"82500.0";"59.0";"B";"BD EDOUARD HERRIOT";"2188";"06200";"06088";"Nice";"06";"None";"None";"06088000MP0037";"None";"None";"74";"nan";"None";"nan";"None";"nan";"None";"None";"None";"None";"1";"2";"Appartement";"13.0";"1.0";"None";"None";"None";"None";"nan";"7.240067";"43.692854";"000MP"
"2023-51130";"2023-06-22";"1";"Vente";"72000.0";"6.0";"None";"RUE SAINT HONORE";"5770";"06200";"06088";"Nice";"06";"None";"None";"06088000MP0056";"None";"None";"4";"nan";"None";"nan";"None";"nan";"None";"None";"None";"None";"1";"2";"Appartement";"23.0";"1.0";"None";"None";"None";"None";"nan";"7.241592";"43.693344";"000MP"
"2023-51749";"2023-06-22";"1";"Vente";"775000.0";"17.0";"None";"AV DE LA CALIFORNIE";"1045";"06200";"06088";"Nice";"06";"None";"None";"06088000MP0262";"None";"None";"19";"nan";"None";"nan";"None";"nan";"None";"None";"None";"None";"1";"3";"Dépendance";"nan";"0.0";"None";"None";"None";"None";"nan";"7.243473";"43.690503";"000MP"
"2023-51270";"2023-06-21";"1";"Vente";"79000.0";"34.0";"None";"AV AIME MARTIN";"0050";"06200";"06088";"Nice";"06";"None";"None";"06088000MP0470";"None";"None";"6";"nan";"None";"nan";"None";"nan";"None";"None";"None";"None";"1";"2";"Appartement";"13.0";"1.0";"None";"None";"None";"None";"nan";"7.240471";"43.692416";"000MP"
"2023-51180";"2023-06-20";"1";"Vente";"28000.0";"24.0";"None";"AV DE LA CALIFORNIE";"1045";"06200";"06088";"Nice";"06";"None";"None";"06088000MP0482";"None";"None";"238";"nan";"None";"nan";"None";"nan";"None";"None";"None";"None";"1";"3";"Dépendance";"nan";"0.0";"None";"None";"None";"None";"nan";"7.24279";"43.691002";"000MP"
"2023-51200";"2023-06-19";"1";"Vente";"420370.0";"127.0";"None";"PROM DES ANGLAIS";"0240";"06200";"06088";"Nice";"06";"None";"None";"06088000MP0280";"None";"None";"27";"nan";"59";"nan";"None";"nan";"None";"None";"None";"None";"2";"2";"Appartement";"58.0";"2.0";"None";"None";"None";"None";"nan";"7.243919";"43.690363";"000MP"
"2023-51200";"2023-06-19";"1";"Vente";"420370.0";"127.0";"None";"PROM DES ANGLAIS";"0240";"06200";"06088";"Nice";"06";"None";"None";"06088000MP0280";"None";"None";"27";"nan";"59";"nan";"None";"nan";"None";"None";"None";"None";"2";"3";"Dépendance";"nan";"0.0";"None";"None";"None";"None";"nan";"7.243919";"43.690363";"000MP"
"2023-51989";"2023-06-16";"1";"Vente";"115000.0";"20.0";"None";"AV DE LA CALIFORNIE";"1045";"06200";"06088";"Nice";"06";"None";"None";"06088000MP0495";"None";"None";"114";"nan";"88";"nan";"None";"nan";"None";"None";"None";"None";"2";"2";"Appartement";"26.0";"1.0";"None";"None";"None";"None";"nan";"7.24336";"43.690968";"000MP"
"2023-51989";"2023-06-16";"1";"Vente";"115000.0";"20.0";"None";"AV DE LA CALIFORNIE";"1045";"06200";"06088";"Nice";"06";"None";"None";"06088000MP0495";"None";"None";"114";"nan";"88";"nan";"None";"nan";"None";"None";"None";"None";"2";"3";"Dépendance";"nan";"0.0";"None";"None";"None";"None";"nan";"7.24336";"43.690968";"000MP"
"2023-52997";"2023-06-16";"1";"Vente";"30000.0";"1.0";"None";"IMP AMARO";"0157";"06200";"06088";"Nice";"06";"None";"None";"06088000MP0228";"None";"None";"64";"nan";"None";"nan";"None";"nan";"None";"None";"None";"None";"1";"3";"Dépendance";"nan";"0.0";"None";"None";"None";"None";"nan";"7.242418";"43.690722";"000MP"
"2023-51162";"2023-06-15";"1";"Vente";"180000.0";"9001.0";"None";"AV MONT RABEAU";"4390";"06200";"06088";"Nice";"06";"None";"None";"06088000MP0167";"None";"None";"1226";"nan";"1256";"nan";"None";"nan";"None";"None";"None";"None";"2";"2";"Appartement";"34.0";"1.0";"None";"None";"None";"None";"nan";"7.237443";"43.690451";"000MP"
"2023-51162";"2023-06-15";"1";"Vente";"180000.0";"9001.0";"None";"AV MONT RABEAU";"4390";"06200";"06088";"Nice";"06";"None";"None";"06088000MP0167";"None";"None";"1226";"nan";"1256";"nan";"None";"nan";"None";"None";"None";"None";"2";"3";"Dépendance";"nan";"0.0";"None";"None";"None";"None";"nan";"7.237443";"43.690451";"000MP"
"2023-51162";"2023-06-15";"1";"Vente";"180000.0";"9001.0";"None";"AV MONT RABEAU";"4390";"06200";"06088";"Nice";"06";"None";"None";"06088000MP0167";"None";"None";"1308";"nan";"None";"nan";"None";"nan";"None";"None";"None";"None";"1";"3";"Dépendance";"nan";"0.0";"None";"None";"None";"None";"nan";"7.237443";"43.690451";"000MP"
"2023-50918";"2023-06-13";"1";"Vente";"115000.0";"20.0";"None";"AV AIME MARTIN";"0050";"06200";"06088";"Nice";"06";"None";"None";"06088000MP0092";"None";"None";"3";"nan";"9";"37.24";"None";"nan";"None";"None";"None";"None";"2";"2";"Appartement";"40.0";"2.0";"None";"None";"None";"None";"nan";"7.241862";"43.692584";"000MP"
"2023-50918";"2023-06-13";"1";"Vente";"115000.0";"20.0";"None";"AV AIME MARTIN";"0050";"06200";"06088";"Nice";"06";"None";"None";"06088000MP0092";"None";"None";"3";"nan";"9";"37.24";"None";"nan";"None";"None";"None";"None";"2";"3";"Dépendance";"nan";"0.0";"None";"None";"None";"None";"nan";"7.241862";"43.692584";"000MP"
"2023-50695";"2023-06-09";"1";"Vente";"342500.0";"3.0";"None";"AV GLORIA";"2955";"06200";"06088";"Nice";"06";"None";"None";"06088000MP0491";"None";"None";"334";"54.44";"None";"nan";"None";"nan";"None";"None";"None";"None";"1";"2";"Appartement";"52.0";"2.0";"None";"None";"None";"None";"nan";"7.244066";"43.691389";"000MP"
"2023-50695";"2023-06-09";"1";"Vente";"342500.0";"2.0";"None";"RUE CORDERIE";"1690";"06200";"06088";"Nice";"06";"None";"None";"06088000MP0491";"None";"None";"93";"nan";"None";"nan";"None";"nan";"None";"None";"None";"None";"1";"3";"Dépendance";"nan";"0.0";"None";"None";"None";"None";"nan";"7.244066";"43.691389";"000MP"
"2023-50750";"2023-06-08";"1";"Vente";"29000.0";"20.0";"B";"AV MONT RABEAU";"4390";"06200";"06088";"Nice";"06";"None";"None";"06088000MP0167";"None";"None";"972";"nan";"None";"nan";"None";"nan";"None";"None";"None";"None";"1";"3";"Dépendance";"nan";"0.0";"None";"None";"None";"None";"nan";"7.237443";"43.690451";"000MP"
"2023-50421";"2023-06-02";"1";"Vente";"250000.0";"5.0";"None";"AV DE LA CALIFORNIE";"1045";"06200";"06088";"Nice";"06";"None";"None";"06088000MP0271";"None";"None";"17";"nan";"6";"nan";"None";"nan";"None";"None";"None";"None";"2";"2";"Appartement";"75.0";"3.0";"None";"None";"None";"None";"nan";"7.244585";"43.690872";"000MP"
"2023-50421";"2023-06-02";"1";"Vente";"250000.0";"5.0";"None";"AV DE LA CALIFORNIE";"1045";"06200";"06088";"Nice";"06";"None";"None";"06088000MP0271";"None";"None";"17";"nan";"6";"nan";"None";"nan";"None";"None";"None";"None";"2";"3";"Dépendance";"nan";"0.0";"None";"None";"None";"None";"nan";"7.244585";"43.690872";"000MP"
"2023-50617";"2023-06-01";"1";"Vente en l'état futur d'achèvement";"72000.0";"18.0";"None";"BD MAGNAN";"3875";"06200";"06088";"Nice";"06";"None";"None";"06088000MP0497";"None";"None";"7";"nan";"None";"nan";"None";"nan";"None";"None";"None";"None";"1";"3";"Dépendance";"nan";"0.0";"None";"None";"None";"None";"nan";"7.241279";"43.692951";"000MP"
"2023-50617";"2023-06-01";"1";"Vente en l'état futur d'achèvement";"72000.0";"18.0";"None";"BD MAGNAN";"3875";"06200";"06088";"Nice";"06";"None";"None";"06088000MP0497";"None";"None";"11";"nan";"None";"nan";"None";"nan";"None";"None";"None";"None";"1";"3";"Dépendance";"nan";"0.0";"None";"None";"None";"None";"nan";"7.241279";"43.692951";"000MP"
"2023-50617";"2023-06-01";"1";"Vente en l'état futur d'achèvement";"72000.0";"18.0";"None";"BD MAGNAN";"3875";"06200";"06088";"Nice";"06";"None";"None";"06088000MP0497";"None";"None";"9";"nan";"None";"nan";"None";"nan";"None";"None";"None";"None";"1";"3";"Dépendance";"nan";"0.0";"None";"None";"None";"None";"nan";"7.241279";"43.692951";"000MP"
"2023-50451";"2023-05-31";"1";"Vente";"298070.0";"35.0";"None";"AV DE LA CALIFORNIE";"1045";"06200";"06088";"Nice";"06";"None";"None";"06088000MP0257";"None";"None";"24";"nan";"None";"nan";"None";"nan";"None";"None";"None";"None";"1";"2";"Appartement";"55.0";"2.0";"None";"None";"None";"None";"nan";"7.242788";"43.690095";"000MP"
"2023-50859";"2023-05-31";"1";"Vente";"726750.0";"6.0";"None";"AV DU PETIT FABRON";"4975";"06200";"06088";"Nice";"06";"None";"None";"06088000MP0427";"None";"None";"19";"nan";"53";"nan";"None";"nan";"None";"None";"None";"None";"2";"2";"Appartement";"99.0";"3.0";"None";"None";"None";"None";"nan";"7.239484";"43.690313";"000MP"
"2023-50859";"2023-05-31";"1";"Vente";"726750.0";"6.0";"None";"AV DU PETIT FABRON";"4975";"06200";"06088";"Nice";"06";"None";"None";"06088000MP0427";"None";"None";"19";"nan";"53";"nan";"None";"nan";"None";"None";"None";"None";"2";"3";"Dépendance";"nan";"0.0";"None";"None";"None";"None";"nan";"7.239484";"43.690313";"000MP"
"2023-50859";"2023-05-31";"1";"Vente";"726750.0";"6.0";"None";"AV DU PETIT FABRON";"4975";"06200";"06088";"Nice";"06";"None";"None";"06088000MP0427";"None";"None";"72";"nan";"None";"nan";"None";"nan";"None";"None";"None";"None";"1";"3";"Dépendance";"nan";"0.0";"None";"None";"None";"None";"nan";"7.239484";"43.690313";"000MP"
"2023-50083";"2023-05-26";"1";"Vente";"290000.0";"9.0";"None";"AV GLORIA";"2955";"06200";"06088";"Nice";"06";"None";"None";"06088000MP0491";"None";"None";"251";"nan";"None";"nan";"None";"nan";"None";"None";"None";"None";"1";"2";"Appartement";"44.0";"2.0";"None";"None";"None";"None";"nan";"7.244066";"43.691389";"000MP"
"2023-50083";"2023-05-26";"1";"Vente";"290000.0";"2.0";"None";"RUE CORDERIE";"1690";"06200";"06088";"Nice";"06";"None";"None";"06088000MP0491";"None";"None";"78";"nan";"None";"nan";"None";"nan";"None";"None";"None";"None";"1";"3";"Dépendance";"nan";"0.0";"None";"None";"None";"None";"nan";"7.244066";"43.691389";"000MP"
"2023-50164";"2023-05-23";"1";"Vente";"143000.0";"1.0";"None";"IMP AMARO";"0157";"06200";"06088";"Nice";"06";"None";"None";"06088000MP0228";"None";"None";"123";"24.61";"24";"nan";"None";"nan";"None";"None";"None";"None";"2";"2";"Appartement";"24.0";"1.0";"None";"None";"None";"None";"nan";"7.242418";"43.690722";"000MP"
"2023-50164";"2023-05-23";"1";"Vente";"143000.0";"1.0";"None";"IMP AMARO";"0157";"06200";"06088";"Nice";"06";"None";"None";"06088000MP0228";"None";"None";"73";"nan";"None";"nan";"None";"nan";"None";"None";"None";"None";"1";"3";"Dépendance";"nan";"0.0";"None";"None";"None";"None";"nan";"7.242418";"43.690722";"000MP"
"2023-50164";"2023-05-23";"1";"Vente";"143000.0";"1.0";"None";"IMP AMARO";"0157";"06200";"06088";"Nice";"06";"None";"None";"06088000MP0228";"None";"None";"123";"24.61";"24";"nan";"None";"nan";"None";"None";"None";"None";"2";"3";"Dépendance";"nan";"0.0";"None";"None";"None";"None";"nan";"7.242418";"43.690722";"000MP"
"2023-50020";"2023-05-22";"1";"Vente";"482000.0";"39.0";"None";"AV AIME MARTIN";"0050";"06200";"06088";"Nice";"06";"None";"None";"06088000MP0393";"None";"None";"974";"nan";"None";"nan";"None";"nan";"None";"None";"None";"None";"1";"2";"Appartement";"151.0";"5.0";"None";"None";"None";"None";"nan";"7.239451";"43.691055";"000MP"
"2023-50046";"2023-05-17";"1";"Vente";"235000.0";"39.0";"None";"AV AIME MARTIN";"0050";"06200";"06088";"Nice";"06";"None";"None";"06088000MP0393";"None";"None";"32";"nan";"56";"nan";"None";"nan";"None";"None";"None";"None";"2";"2";"Appartement";"49.0";"2.0";"None";"None";"None";"None";"nan";"7.239451";"43.691055";"000MP"
"2023-49840";"2023-05-17";"1";"Vente";"30000.0";"2.0";"None";"RUE CORDERIE";"1690";"06200";"06088";"Nice";"06";"None";"None";"06088000MP0491";"None";"None";"107";"nan";"None";"nan";"None";"nan";"None";"None";"None";"None";"1";"3";"Dépendance";"nan";"0.0";"None";"None";"None";"None";"nan";"7.244066";"43.691389";"000MP"
"2023-50046";"2023-05-17";"1";"Vente";"235000.0";"39.0";"None";"AV AIME MARTIN";"0050";"06200";"06088";"Nice";"06";"None";"None";"06088000MP0393";"None";"None";"32";"nan";"56";"nan";"None";"nan";"None";"None";"None";"None";"2";"3";"Dépendance";"nan";"0.0";"None";"None";"None";"None";"nan";"7.239451";"43.691055";"000MP"
"2023-50046";"2023-05-17";"1";"Vente";"235000.0";"39.0";"None";"AV AIME MARTIN";"0050";"06200";"06088";"Nice";"06";"None";"None";"06088000MP0393";"None";"None";"23";"nan";"None";"nan";"None";"nan";"None";"None";"None";"None";"1";"3";"Dépendance";"nan";"0.0";"None";"None";"None";"None";"nan";"7.239451";"43.691055";"000MP"
"2023-49378";"2023-05-16";"1";"Vente";"495000.0";"6.0";"None";"AV DU PETIT FABRON";"4975";"06200";"06088";"Nice";"06";"None";"None";"06088000MP0427";"None";"None";"29";"nan";"49";"nan";"None";"nan";"None";"None";"None";"None";"2";"2";"Appartement";"112.0";"4.0";"None";"None";"None";"None";"nan";"7.239484";"43.690313";"000MP"
"2023-49726";"2023-05-16";"1";"Vente";"321500.0";"48.0";"None";"AV DE LA CALIFORNIE";"1045";"06200";"06088";"Nice";"06";"None";"None";"06088000MP0352";"None";"None";"27";"nan";"None";"nan";"None";"nan";"None";"None";"None";"None";"1";"2";"Appartement";"51.0";"2.0";"None";"None";"None";"None";"nan";"7.240953";"43.690008";"000MP"
"2023-49378";"2023-05-16";"1";"Vente";"495000.0";"6.0";"None";"AV DU PETIT FABRON";"4975";"06200";"06088";"Nice";"06";"None";"None";"06088000MP0427";"None";"None";"73";"nan";"None";"nan";"None";"nan";"None";"None";"None";"None";"1";"3";"Dépendance";"nan";"0.0";"None";"None";"None";"None";"nan";"7.239484";"43.690313";"000MP"
"2023-49378";"2023-05-16";"1";"Vente";"495000.0";"6.0";"None";"AV DU PETIT FABRON";"4975";"06200";"06088";"Nice";"06";"None";"None";"06088000MP0427";"None";"None";"57";"nan";"None";"nan";"None";"nan";"None";"None";"None";"None";"1";"3";"Dépendance";"nan";"0.0";"None";"None";"None";"None";"nan";"7.239484";"43.690313";"000MP"
"2023-49378";"2023-05-16";"1";"Vente";"495000.0";"6.0";"None";"AV DU PETIT FABRON";"4975";"06200";"06088";"Nice";"06";"None";"None";"06088000MP0427";"None";"None";"29";"nan";"49";"nan";"None";"nan";"None";"None";"None";"None";"2";"3";"Dépendance";"nan";"0.0";"None";"None";"None";"None";"nan";"7.239484";"43.690313";"000MP"
"2023-49726";"2023-05-16";"1";"Vente";"321500.0";"46.0";"None";"AV DE LA CALIFORNIE";"1045";"06200";"06088";"Nice";"06";"None";"None";"06088000MP0238";"None";"None";"53";"nan";"None";"nan";"None";"nan";"None";"None";"None";"None";"1";"3";"Dépendance";"nan";"0.0";"None";"None";"None";"None";"nan";"7.241192";"43.690102";"000MP"
"2023-49726";"2023-05-16";"1";"Vente";"321500.0";"48.0";"None";"AV DE LA CALIFORNIE";"1045";"06200";"06088";"Nice";"06";"None";"None";"06088000MP0352";"None";"None";"27";"nan";"None";"nan";"None";"nan";"None";"None";"None";"None";"1";"3";"Dépendance";"nan";"0.0";"None";"None";"None";"None";"nan";"7.240953";"43.690008";"000MP"
"2023-49292";"2023-05-15";"1";"Vente";"880000.0";"65.0";"None";"BD CARLONE";"1140";"06200";"06088";"Nice";"06";"None";"None";"06088000MP0163";"None";"None";"None";"nan";"None";"nan";"None";"nan";"None";"None";"None";"None";"0";"2";"Appartement";"71.0";"3.0";"S";"sols";"None";"None";"720.0";"7.239662";"43.692315";"000MP"
"2023-49292";"2023-05-15";"1";"Vente";"880000.0";"65.0";"None";"BD CARLONE";"1140";"06200";"06088";"Nice";"06";"None";"None";"06088000MP0163";"None";"None";"None";"nan";"None";"nan";"None";"nan";"None";"None";"None";"None";"0";"2";"Appartement";"71.0";"3.0";"S";"sols";"None";"None";"720.0";"7.239662";"43.692315";"000MP"
"2023-49292";"2023-05-15";"1";"Vente";"880000.0";"65.0";"None";"BD CARLONE";"1140";"06200";"06088";"Nice";"06";"None";"None";"06088000MP0163";"None";"None";"None";"nan";"None";"nan";"None";"nan";"None";"None";"None";"None";"0";"2";"Appartement";"69.0";"3.0";"S";"sols";"None";"None";"720.0";"7.239662";"43.692315";"000MP"
"2023-49919";"2023-05-15";"1";"Vente";"150000.0";"6.0";"None";"AV DU PETIT FABRON";"4975";"06200";"06088";"Nice";"06";"None";"None";"06088000MP0427";"None";"None";"125";"nan";"None";"nan";"None";"nan";"None";"None";"None";"None";"1";"2";"Appartement";"50.0";"2.0";"None";"None";"None";"None";"nan";"7.239484";"43.690313";"000MP"
"2023-49292";"2023-05-15";"1";"Vente";"880000.0";"65.0";"None";"BD CARLONE";"1140";"06200";"06088";"Nice";"06";"None";"None";"06088000MP0163";"None";"None";"None";"nan";"None";"nan";"None";"nan";"None";"None";"None";"None";"0";"3";"Dépendance";"nan";"0.0";"S";"sols";"None";"None";"720.0";"7.239662";"43.692315";"000MP"
"2023-49292";"2023-05-15";"1";"Vente";"880000.0";"65.0";"None";"BD CARLONE";"1140";"06200";"06088";"Nice";"06";"None";"None";"06088000MP0163";"None";"None";"None";"nan";"None";"nan";"None";"nan";"None";"None";"None";"None";"0";"3";"Dépendance";"nan";"0.0";"S";"sols";"None";"None";"720.0";"7.239662";"43.692315";"000MP"
"2023-49292";"2023-05-15";"1";"Vente";"880000.0";"65.0";"None";"BD CARLONE";"1140";"06200";"06088";"Nice";"06";"None";"None";"06088000MP0163";"None";"None";"None";"nan";"None";"nan";"None";"nan";"None";"None";"None";"None";"0";"3";"Dépendance";"nan";"0.0";"S";"sols";"None";"None";"720.0";"7.239662";"43.692315";"000MP"
"2023-49292";"2023-05-15";"1";"Vente";"880000.0";"65.0";"None";"BD CARLONE";"1140";"06200";"06088";"Nice";"06";"None";"None";"06088000MP0163";"None";"None";"None";"nan";"None";"nan";"None";"nan";"None";"None";"None";"None";"0";"3";"Dépendance";"nan";"0.0";"S";"sols";"None";"None";"720.0";"7.239662";"43.692315";"000MP"
"2023-49919";"2023-05-15";"1";"Vente";"150000.0";"6.0";"None";"AV DU PETIT FABRON";"4975";"06200";"06088";"Nice";"06";"None";"None";"06088000MP0427";"None";"None";"90";"nan";"None";"nan";"None";"nan";"None";"None";"None";"None";"1";"3";"Dépendance";"nan";"0.0";"None";"None";"None";"None";"nan";"7.239484";"43.690313";"000MP"
"2023-49618";"2023-05-12";"1";"Vente";"260000.0";"6.0";"None";"AV DU PETIT FABRON";"4975";"06200";"06088";"Nice";"06";"None";"None";"06088000MP0427";"None";"None";"115";"nan";"95";"nan";"None";"nan";"None";"None";"None";"None";"2";"2";"Appartement";"70.0";"3.0";"None";"None";"None";"None";"nan";"7.239484";"43.690313";"000MP"
"2023-49618";"2023-05-12";"1";"Vente";"260000.0";"6.0";"None";"AV DU PETIT FABRON";"4975";"06200";"06088";"Nice";"06";"None";"None";"06088000MP0427";"None";"None";"115";"nan";"95";"nan";"None";"nan";"None";"None";"None";"None";"2";"3";"Dépendance";"nan";"0.0";"None";"None";"None";"None";"nan";"7.239484";"43.690313";"000MP"
"2023-49618";"2023-05-12";"1";"Vente";"260000.0";"6.0";"None";"AV DU PETIT FABRON";"4975";"06200";"06088";"Nice";"06";"None";"None";"06088000MP0427";"None";"None";"146";"nan";"None";"nan";"None";"nan";"None";"None";"None";"None";"1";"3";"Dépendance";"nan";"0.0";"None";"None";"None";"None";"nan";"7.239484";"43.690313";"000MP"
"2023-49848";"2023-05-09";"1";"Vente";"840000.0";"39.0";"B";"AV AIME MARTIN";"0050";"06200";"06088";"Nice";"06";"None";"None";"06088000MP0374";"None";"None";"109";"nan";"134";"nan";"None";"nan";"None";"None";"None";"None";"2";"2";"Appartement";"130.0";"4.0";"None";"None";"None";"None";"nan";"7.238435";"43.69078";"000MP"
"2023-49848";"2023-05-09";"1";"Vente";"840000.0";"39.0";"B";"AV AIME MARTIN";"0050";"06200";"06088";"Nice";"06";"None";"None";"06088000MP0374";"None";"None";"111";"nan";"None";"nan";"None";"nan";"None";"None";"None";"None";"1";"3";"Dépendance";"nan";"0.0";"None";"None";"None";"None";"nan";"7.238435";"43.69078";"000MP"
"2023-49848";"2023-05-09";"1";"Vente";"840000.0";"39.0";"B";"AV AIME MARTIN";"0050";"06200";"06088";"Nice";"06";"None";"None";"06088000MP0374";"None";"None";"109";"nan";"134";"nan";"None";"nan";"None";"None";"None";"None";"2";"3";"Dépendance";"nan";"0.0";"None";"None";"None";"None";"nan";"7.238435";"43.69078";"000MP"
"2023-49848";"2023-05-09";"1";"Vente";"840000.0";"39.0";"B";"AV AIME MARTIN";"0050";"06200";"06088";"Nice";"06";"None";"None";"06088000MP0374";"None";"None";"121";"nan";"None";"nan";"None";"nan";"None";"None";"None";"None";"1";"3";"Dépendance";"nan";"0.0";"None";"None";"None";"None";"nan";"7.238435";"43.69078";"000MP"
"2023-49091";"2023-05-04";"1";"Vente";"131500.0";"9.0";"None";"BD MAGNAN";"3875";"06200";"06088";"Nice";"06";"None";"None";"06088000MP0074";"None";"None";"9";"20.0";"None";"nan";"None";"nan";"None";"None";"None";"None";"1";"2";"Appartement";"20.0";"1.0";"None";"None";"None";"None";"nan";"7.242473";"43.692823";"000MP"
"2023-50389";"2023-05-02";"1";"Vente";"350000.0";"39.0";"None";"AV AIME MARTIN";"0050";"06200";"06088";"Nice";"06";"None";"None";"06088000MP0393";"None";"None";"911";"nan";"951";"83.0";"None";"nan";"None";"None";"None";"None";"2";"2";"Appartement";"89.0";"3.0";"None";"None";"None";"None";"nan";"7.239451";"43.691055";"000MP"
"2023-50389";"2023-05-02";"1";"Vente";"350000.0";"39.0";"None";"AV AIME MARTIN";"0050";"06200";"06088";"Nice";"06";"None";"None";"06088000MP0393";"None";"None";"720";"nan";"None";"nan";"None";"nan";"None";"None";"None";"None";"1";"3";"Dépendance";"nan";"0.0";"None";"None";"None";"None";"nan";"7.239451";"43.691055";"000MP"
"2023-50389";"2023-05-02";"1";"Vente";"350000.0";"39.0";"None";"AV AIME MARTIN";"0050";"06200";"06088";"Nice";"06";"None";"None";"06088000MP0393";"None";"None";"911";"nan";"951";"83.0";"None";"nan";"None";"None";"None";"None";"2";"3";"Dépendance";"nan";"0.0";"None";"None";"None";"None";"nan";"7.239451";"43.691055";"000MP"
"2023-48767";"2023-04-27";"1";"Vente";"355000.0";"3.0";"None";"AV DE LA CALIFORNIE";"1045";"06200";"06088";"Nice";"06";"None";"None";"06088000MP0272";"None";"None";"5";"nan";"None";"nan";"None";"nan";"None";"None";"None";"None";"1";"2";"Appartement";"65.0";"3.0";"None";"None";"None";"None";"nan";"7.244725";"43.690986";"000MP"
"2023-48051";"2023-04-21";"1";"Vente";"280000.0";"35.0";"None";"AV DE LA CALIFORNIE";"1045";"06200";"06088";"Nice";"06";"None";"None";"06088000MP0257";"None";"None";"30";"nan";"None";"nan";"None";"nan";"None";"None";"None";"None";"1";"2";"Appartement";"60.0";"2.0";"None";"None";"None";"None";"nan";"7.242788";"43.690095";"000MP"
"2023-48522";"2023-04-19";"1";"Vente";"120000.0";"24.0";"None";"AV DE LA CALIFORNIE";"1045";"06200";"06088";"Nice";"06";"None";"None";"06088000MP0482";"None";"None";"319";"20.05";"None";"nan";"None";"nan";"None";"None";"None";"None";"1";"2";"Appartement";"21.0";"1.0";"None";"None";"None";"None";"nan";"7.24279";"43.691002";"000MP"
"2023-48628";"2023-04-19";"1";"Vente";"750000.0";"145.0";"None";"PROM DES ANGLAIS";"0240";"06200";"06088";"Nice";"06";"None";"None";"06088000MP0294";"None";"None";"28";"nan";"69";"nan";"None";"nan";"None";"None";"None";"None";"2";"2";"Appartement";"85.0";"3.0";"None";"None";"None";"None";"nan";"7.242173";"43.689639";"000MP"
"2023-48522";"2023-04-19";"1";"Vente";"120000.0";"24.0";"None";"AV DE LA CALIFORNIE";"1045";"06200";"06088";"Nice";"06";"None";"None";"06088000MP0482";"None";"None";"319";"20.05";"None";"nan";"None";"nan";"None";"None";"None";"None";"1";"3";"Dépendance";"nan";"0.0";"None";"None";"None";"None";"nan";"7.24279";"43.691002";"000MP"
"2023-48628";"2023-04-19";"1";"Vente";"750000.0";"145.0";"None";"PROM DES ANGLAIS";"0240";"06200";"06088";"Nice";"06";"None";"None";"06088000MP0294";"None";"None";"28";"nan";"69";"nan";"None";"nan";"None";"None";"None";"None";"2";"3";"Dépendance";"nan";"0.0";"None";"None";"None";"None";"nan";"7.242173";"43.689639";"000MP"
"2023-48225";"2023-04-18";"1";"Vente";"119000.0";"6.0";"T";"AV GLORIA";"2955";"06200";"06088";"Nice";"06";"None";"None";"06088000MP0186";"None";"None";"25";"nan";"None";"nan";"None";"nan";"None";"None";"None";"None";"1";"2";"Appartement";"25.0";"1.0";"None";"None";"None";"None";"nan";"7.243504";"43.691714";"000MP"
"2023-48299";"2023-04-14";"1";"Vente";"427500.0";"8.0";"None";"AV DU PETIT FABRON";"4975";"06200";"06088";"Nice";"06";"None";"None";"06088000MP0178";"None";"None";"64";"nan";"None";"nan";"None";"nan";"None";"None";"None";"None";"1";"2";"Appartement";"94.0";"4.0";"None";"None";"None";"None";"nan";"7.238392";"43.689676";"000MP"
"2023-48299";"2023-04-14";"1";"Vente";"427500.0";"8.0";"None";"AV DU PETIT FABRON";"4975";"06200";"06088";"Nice";"06";"None";"None";"06088000MP0178";"None";"None";"33";"nan";"None";"nan";"None";"nan";"None";"None";"None";"None";"1";"3";"Dépendance";"nan";"0.0";"None";"None";"None";"None";"nan";"7.238392";"43.689676";"000MP"
"2023-48299";"2023-04-14";"1";"Vente";"427500.0";"8.0";"None";"AV DU PETIT FABRON";"4975";"06200";"06088";"Nice";"06";"None";"None";"06088000MP0178";"None";"None";"64";"nan";"None";"nan";"None";"nan";"None";"None";"None";"None";"1";"3";"Dépendance";"nan";"0.0";"None";"None";"None";"None";"nan";"7.238392";"43.689676";"000MP"
"2023-48299";"2023-04-14";"1";"Vente";"427500.0";"8.0";"None";"AV DU PETIT FABRON";"4975";"06200";"06088";"Nice";"06";"None";"None";"06088000MP0178";"None";"None";"64";"nan";"None";"nan";"None";"nan";"None";"None";"None";"None";"1";"3";"Dépendance";"nan";"0.0";"None";"None";"None";"None";"nan";"7.238392";"43.689676";"000MP"
"2023-47882";"2023-04-13";"1";"Vente";"30000.0";"24.0";"None";"AV DE LA CALIFORNIE";"1045";"06200";"06088";"Nice";"06";"None";"None";"06088000MP0482";"None";"None";"237";"nan";"None";"nan";"None";"nan";"None";"None";"None";"None";"1";"3";"Dépendance";"nan";"0.0";"None";"None";"None";"None";"nan";"7.24279";"43.691002";"000MP"
"2023-47957";"2023-04-12";"1";"Vente";"305000.0";"73.0";"None";"BD EDOUARD HERRIOT";"2188";"06200";"06088";"Nice";"06";"None";"None";"06088000MP0159";"None";"None";"177";"47.5";"30";"nan";"None";"nan";"None";"None";"None";"None";"2";"2";"Appartement";"50.0";"2.0";"None";"None";"None";"None";"nan";"7.238503";"43.691826";"000MP"
"2023-47998";"2023-04-12";"1";"Vente";"120000.0";"24.0";"None";"AV DE LA CALIFORNIE";"1045";"06200";"06088";"Nice";"06";"None";"None";"06088000MP0482";"None";"None";"306";"nan";"None";"nan";"None";"nan";"None";"None";"None";"None";"1";"2";"Appartement";"21.0";"1.0";"None";"None";"None";"None";"nan";"7.24279";"43.691002";"000MP"
"2023-47957";"2023-04-12";"1";"Vente";"305000.0";"73.0";"None";"BD EDOUARD HERRIOT";"2188";"06200";"06088";"Nice";"06";"None";"None";"06088000MP0159";"None";"None";"96";"nan";"None";"nan";"None";"nan";"None";"None";"None";"None";"1";"3";"Dépendance";"nan";"0.0";"None";"None";"None";"None";"nan";"7.238503";"43.691826";"000MP"
"2023-47957";"2023-04-12";"1";"Vente";"305000.0";"73.0";"None";"BD EDOUARD HERRIOT";"2188";"06200";"06088";"Nice";"06";"None";"None";"06088000MP0159";"None";"None";"177";"47.5";"30";"nan";"None";"nan";"None";"None";"None";"None";"2";"3";"Dépendance";"nan";"0.0";"None";"None";"None";"None";"nan";"7.238503";"43.691826";"000MP"
"2023-47957";"2023-04-12";"1";"Vente";"305000.0";"73.0";"None";"BD EDOUARD HERRIOT";"2188";"06200";"06088";"Nice";"06";"None";"None";"06088000MP0159";"None";"None";"177";"47.5";"30";"nan";"None";"nan";"None";"None";"None";"None";"2";"3";"Dépendance";"nan";"0.0";"None";"None";"None";"None";"nan";"7.238503";"43.691826";"000MP"
"2023-47998";"2023-04-12";"1";"Vente";"120000.0";"24.0";"None";"AV DE LA CALIFORNIE";"1045";"06200";"06088";"Nice";"06";"None";"None";"06088000MP0482";"None";"None";"306";"nan";"None";"nan";"None";"nan";"None";"None";"None";"None";"1";"3";"Dépendance";"nan";"0.0";"None";"None";"None";"None";"nan";"7.24279";"43.691002";"000MP"
"2023-47992";"2023-03-30";"1";"Vente";"199000.0";"46.0";"None";"AV DE LA CALIFORNIE";"1045";"06200";"06088";"Nice";"06";"None";"None";"06088000MP0238";"None";"None";"176";"nan";"254";"nan";"None";"nan";"None";"None";"None";"None";"2";"2";"Appartement";"69.0";"3.0";"None";"None";"None";"None";"nan";"7.241192";"43.690102";"000MP"
"2023-47963";"2023-03-30";"1";"Vente en l'état futur d'achèvement";"25000.0";"18.0";"None";"BD MAGNAN";"3875";"06200";"06088";"Nice";"06";"None";"None";"06088000MP0497";"None";"None";"10";"nan";"None";"nan";"None";"nan";"None";"None";"None";"None";"1";"3";"Dépendance";"nan";"0.0";"None";"None";"None";"None";"nan";"7.241279";"43.692951";"000MP"
"2023-47992";"2023-03-30";"1";"Vente";"199000.0";"46.0";"None";"AV DE LA CALIFORNIE";"1045";"06200";"06088";"Nice";"06";"None";"None";"06088000MP0238";"None";"None";"176";"nan";"254";"nan";"None";"nan";"None";"None";"None";"None";"2";"3";"Dépendance";"nan";"0.0";"None";"None";"None";"None";"nan";"7.241192";"43.690102";"000MP"
"2023-47992";"2023-03-30";"1";"Vente";"199000.0";"46.0";"None";"AV DE LA CALIFORNIE";"1045";"06200";"06088";"Nice";"06";"None";"None";"06088000MP0238";"None";"None";"176";"nan";"254";"nan";"None";"nan";"None";"None";"None";"None";"2";"3";"Dépendance";"nan";"0.0";"None";"None";"None";"None";"nan";"7.241192";"43.690102";"000MP"
"2023-47831";"2023-03-29";"1";"Vente";"560000.0";"22.0";"None";"AV AIME MARTIN";"0050";"06200";"06088";"Nice";"06";"None";"None";"06088000MP0091";"None";"None";"None";"nan";"None";"nan";"None";"nan";"None";"None";"None";"None";"0";"1";"Maison";"140.0";"6.0";"S";"sols";"None";"None";"207.0";"7.241701";"43.692551";"000MP"
"2023-47111";"2023-03-29";"1";"Vente";"210000.0";"43.0";"None";"AV DE LA CALIFORNIE";"1045";"06200";"06088";"Nice";"06";"None";"None";"06088000MP0253";"None";"None";"14";"nan";"34";"nan";"None";"nan";"None";"None";"None";"None";"2";"2";"Appartement";"62.0";"2.0";"None";"None";"None";"None";"nan";"7.242214";"43.689909";"000MP"
"2023-47111";"2023-03-29";"1";"Vente";"210000.0";"43.0";"None";"AV DE LA CALIFORNIE";"1045";"06200";"06088";"Nice";"06";"None";"None";"06088000MP0253";"None";"None";"14";"nan";"34";"nan";"None";"nan";"None";"None";"None";"None";"2";"3";"Dépendance";"nan";"0.0";"None";"None";"None";"None";"nan";"7.242214";"43.689909";"000MP"
"2023-48854";"2023-03-28";"1";"Vente";"141000.0";"11.0";"None";"AV DE LA CALIFORNIE";"1045";"06200";"06088";"Nice";"06";"None";"None";"06088000MP0265";"None";"None";"13";"nan";"33";"nan";"None";"nan";"None";"None";"None";"None";"2";"2";"Appartement";"25.0";"1.0";"None";"None";"None";"None";"nan";"7.244172";"43.690736";"000MP"
"2023-48854";"2023-03-28";"1";"Vente";"141000.0";"11.0";"None";"AV DE LA CALIFORNIE";"1045";"06200";"06088";"Nice";"06";"None";"None";"06088000MP0265";"None";"None";"13";"nan";"33";"nan";"None";"nan";"None";"None";"None";"None";"2";"3";"Dépendance";"nan";"0.0";"None";"None";"None";"None";"nan";"7.244172";"43.690736";"000MP"
"2023-46932";"2023-03-27";"1";"Vente";"162000.0";"52.0";"None";"AV DE LA CALIFORNIE";"1045";"06200";"06088";"Nice";"06";"None";"None";"06088000MP0487";"None";"None";"106";"nan";"None";"nan";"None";"nan";"None";"None";"None";"None";"1";"2";"Appartement";"22.0";"1.0";"None";"None";"None";"None";"nan";"7.240755";"43.689691";"000MP"
"2023-47359";"2023-03-27";"1";"Vente";"309750.0";"23.0";"None";"BD CARLONE";"1140";"06200";"06088";"Nice";"06";"None";"None";"06088000MP0416";"None";"None";"101";"nan";"89";"nan";"None";"nan";"None";"None";"None";"None";"2";"2";"Appartement";"77.0";"3.0";"None";"None";"None";"None";"nan";"7.240984";"43.693458";"000MP"
"2023-48755";"2023-03-27";"1";"Vente";"263414.62";"46.0";"None";"AV DE LA CALIFORNIE";"1045";"06200";"06088";"Nice";"06";"None";"None";"06088000MP0238";"None";"None";"245";"nan";"63";"nan";"None";"nan";"None";"None";"None";"None";"2";"2";"Appartement";"68.0";"3.0";"None";"None";"None";"None";"nan";"7.241192";"43.690102";"000MP"
"2023-46932";"2023-03-27";"1";"Vente";"162000.0";"52.0";"None";"AV DE LA CALIFORNIE";"1045";"06200";"06088";"Nice";"06";"None";"None";"06088000MP0487";"None";"None";"25";"nan";"None";"nan";"None";"nan";"None";"None";"None";"None";"1";"3";"Dépendance";"nan";"0.0";"None";"None";"None";"None";"nan";"7.240755";"43.689691";"000MP"
"2023-47359";"2023-03-27";"1";"Vente";"309750.0";"23.0";"None";"BD CARLONE";"1140";"06200";"06088";"Nice";"06";"None";"None";"06088000MP0416";"None";"None";"52";"nan";"None";"nan";"None";"nan";"None";"None";"None";"None";"1";"3";"Dépendance";"nan";"0.0";"None";"None";"None";"None";"nan";"7.240984";"43.693458";"000MP"
"2023-47359";"2023-03-27";"1";"Vente";"309750.0";"23.0";"None";"BD CARLONE";"1140";"06200";"06088";"Nice";"06";"None";"None";"06088000MP0416";"None";"None";"101";"nan";"89";"nan";"None";"nan";"None";"None";"None";"None";"2";"3";"Dépendance";"nan";"0.0";"None";"None";"None";"None";"nan";"7.240984";"43.693458";"000MP"
"2023-48755";"2023-03-27";"1";"Vente";"263414.62";"46.0";"None";"AV DE LA CALIFORNIE";"1045";"06200";"06088";"Nice";"06";"None";"None";"06088000MP0238";"None";"None";"245";"nan";"63";"nan";"None";"nan";"None";"None";"None";"None";"2";"3";"Dépendance";"nan";"0.0";"None";"None";"None";"None";"nan";"7.241192";"43.690102";"000MP"
"2023-48755";"2023-03-27";"1";"Vente";"263414.62";"46.0";"None";"AV DE LA CALIFORNIE";"1045";"06200";"06088";"Nice";"06";"None";"None";"06088000MP0238";"None";"None";"245";"nan";"63";"nan";"None";"nan";"None";"None";"None";"None";"2";"3";"Dépendance";"nan";"0.0";"None";"None";"None";"None";"nan";"7.241192";"43.690102";"000MP"
"2023-46961";"2023-03-23";"1";"Vente";"210000.0";"30.0";"None";"AV DE LA CALIFORNIE";"1045";"06200";"06088";"Nice";"06";"None";"None";"06088000MP0377";"None";"None";"164";"nan";"257";"nan";"None";"nan";"None";"None";"None";"None";"2";"2";"Appartement";"40.0";"2.0";"None";"None";"None";"None";"nan";"7.241991";"43.69075";"000MP"
"2023-46961";"2023-03-23";"1";"Vente";"210000.0";"30.0";"None";"AV DE LA CALIFORNIE";"1045";"06200";"06088";"Nice";"06";"None";"None";"06088000MP0377";"None";"None";"184";"nan";"None";"nan";"None";"nan";"None";"None";"None";"None";"1";"3";"Dépendance";"nan";"0.0";"None";"None";"None";"None";"nan";"7.241991";"43.69075";"000MP"
"2023-46961";"2023-03-23";"1";"Vente";"210000.0";"30.0";"None";"AV DE LA CALIFORNIE";"1045";"06200";"06088";"Nice";"06";"None";"None";"06088000MP0377";"None";"None";"164";"nan";"257";"nan";"None";"nan";"None";"None";"None";"None";"2";"3";"Dépendance";"nan";"0.0";"None";"None";"None";"None";"nan";"7.241991";"43.69075";"000MP"
"2023-47031";"2023-03-21";"1";"Vente";"692850.0";"93.0";"None";"BD EDOUARD HERRIOT";"2188";"06200";"06088";"Nice";"06";"None";"None";"06088000MP0167";"None";"None";"486";"nan";"511";"nan";"541";"nan";"None";"None";"None";"None";"3";"2";"Appartement";"116.0";"3.0";"None";"None";"None";"None";"nan";"7.237443";"43.690451";"000MP"
"2023-47633";"2023-03-21";"1";"Vente";"108000.0";"16.0";"None";"BD MAGNAN";"3875";"06200";"06088";"Nice";"06";"None";"None";"06088000MP0050";"None";"None";"12";"nan";"None";"nan";"None";"nan";"None";"None";"None";"None";"1";"2";"Appartement";"16.0";"1.0";"None";"None";"None";"None";"nan";"7.241639";"43.692968";"000MP"
"2023-47031";"2023-03-21";"1";"Vente";"692850.0";"93.0";"None";"BD EDOUARD HERRIOT";"2188";"06200";"06088";"Nice";"06";"None";"None";"06088000MP0167";"None";"None";"486";"nan";"511";"nan";"541";"nan";"None";"None";"None";"None";"3";"3";"Dépendance";"nan";"0.0";"None";"None";"None";"None";"nan";"7.237443";"43.690451";"000MP"
"2023-47031";"2023-03-21";"1";"Vente";"692850.0";"93.0";"None";"BD EDOUARD HERRIOT";"2188";"06200";"06088";"Nice";"06";"None";"None";"06088000MP0167";"None";"None";"486";"nan";"511";"nan";"541";"nan";"None";"None";"None";"None";"3";"3";"Dépendance";"nan";"0.0";"None";"None";"None";"None";"nan";"7.237443";"43.690451";"000MP"
"2023-47535";"2023-03-17";"1";"Vente";"250000.0";"121.0";"None";"PROM DES ANGLAIS";"0240";"06200";"06088";"Nice";"06";"None";"None";"06088000MP0277";"None";"None";"6";"45.0";"None";"nan";"None";"nan";"None";"None";"None";"None";"1";"2";"Appartement";"40.0";"2.0";"None";"None";"None";"None";"nan";"7.244547";"43.690531";"000MP"
"2023-46994";"2023-03-15";"1";"Vente";"95000.0";"11.0";"None";"AV DE LA CALIFORNIE";"1045";"06200";"06088";"Nice";"06";"None";"None";"06088000MP0265";"None";"None";"58";"19.35";"None";"nan";"None";"nan";"None";"None";"None";"None";"1";"2";"Appartement";"20.0";"2.0";"None";"None";"None";"None";"nan";"7.244172";"43.690736";"000MP"
"2023-47378";"2023-03-15";"1";"Vente";"787800.0";"93.0";"None";"BD EDOUARD HERRIOT";"2188";"06200";"06088";"Nice";"06";"None";"None";"06088000MP0167";"None";"None";"117";"nan";"118";"nan";"153";"nan";"154";"None";"None";"None";"4";"2";"Appartement";"153.0";"3.0";"None";"None";"None";"None";"nan";"7.237443";"43.690451";"000MP"
"2023-47378";"2023-03-15";"1";"Vente";"787800.0";"93.0";"None";"BD EDOUARD HERRIOT";"2188";"06200";"06088";"Nice";"06";"None";"None";"06088000MP0167";"None";"None";"117";"nan";"118";"nan";"153";"nan";"154";"None";"None";"None";"4";"3";"Dépendance";"nan";"0.0";"None";"None";"None";"None";"nan";"7.237443";"43.690451";"000MP"
"2023-47378";"2023-03-15";"1";"Vente";"787800.0";"93.0";"None";"BD EDOUARD HERRIOT";"2188";"06200";"06088";"Nice";"06";"None";"None";"06088000MP0167";"None";"None";"704";"nan";"None";"nan";"None";"nan";"None";"None";"None";"None";"1";"3";"Dépendance";"nan";"0.0";"None";"None";"None";"None";"nan";"7.237443";"43.690451";"000MP"
"2023-46756";"2023-03-13";"1";"Vente";"111500.0";"12.0";"None";"AV DE LA CALIFORNIE";"1045";"06200";"06088";"Nice";"06";"None";"None";"06088000MP0491";"None";"None";"417";"nan";"None";"nan";"None";"nan";"None";"None";"None";"None";"1";"2";"Appartement";"17.0";"1.0";"None";"None";"None";"None";"nan";"7.244066";"43.691389";"000MP"
"2023-46860";"2023-03-06";"1";"Vente";"25000.0";"2.0";"None";"RUE CORDERIE";"1690";"06200";"06088";"Nice";"06";"None";"None";"06088000MP0491";"None";"None";"12";"nan";"None";"nan";"None";"nan";"None";"None";"None";"None";"1";"3";"Dépendance";"nan";"0.0";"None";"None";"None";"None";"nan";"7.244066";"43.691389";"000MP"
"2023-46231";"2023-03-03";"1";"Vente";"437000.0";"93.0";"None";"BD EDOUARD HERRIOT";"2188";"06200";"06088";"Nice";"06";"None";"None";"06088000MP0167";"None";"None";"135";"nan";"174";"nan";"None";"nan";"None";"None";"None";"None";"2";"2";"Appartement";"70.0";"2.0";"None";"None";"None";"None";"nan";"7.237443";"43.690451";"000MP"
"2023-46231";"2023-03-03";"1";"Vente";"437000.0";"93.0";"None";"BD EDOUARD HERRIOT";"2188";"06200";"06088";"Nice";"06";"None";"None";"06088000MP0167";"None";"None";"135";"nan";"174";"nan";"None";"nan";"None";"None";"None";"None";"2";"3";"Dépendance";"nan";"0.0";"None";"None";"None";"None";"nan";"7.237443";"43.690451";"000MP"
"2023-46448";"2023-03-02";"1";"Vente";"150000.0";"30.0";"None";"AV AIME MARTIN";"0050";"06200";"06088";"Nice";"06";"None";"None";"06088000MP0087";"None";"None";"4";"nan";"None";"nan";"None";"nan";"None";"None";"None";"None";"1";"2";"Appartement";"40.0";"3.0";"None";"None";"None";"None";"nan";"7.241153";"43.692481";"000MP"
"2023-46448";"2023-03-02";"1";"Vente";"150000.0";"30.0";"None";"AV AIME MARTIN";"0050";"06200";"06088";"Nice";"06";"None";"None";"06088000MP0087";"None";"None";"1";"45.52";"2";"nan";"None";"nan";"None";"None";"None";"None";"2";"2";"Appartement";"40.0";"3.0";"None";"None";"None";"None";"nan";"7.241153";"43.692481";"000MP"
"2023-46448";"2023-03-02";"1";"Vente";"150000.0";"30.0";"None";"AV AIME MARTIN";"0050";"06200";"06088";"Nice";"06";"None";"None";"06088000MP0087";"None";"None";"3";"nan";"None";"nan";"None";"nan";"None";"None";"None";"None";"1";"3";"Dépendance";"nan";"0.0";"None";"None";"None";"None";"nan";"7.241153";"43.692481";"000MP"
"2023-46448";"2023-03-02";"1";"Vente";"150000.0";"30.0";"None";"AV AIME MARTIN";"0050";"06200";"06088";"Nice";"06";"None";"None";"06088000MP0087";"None";"None";"4";"nan";"None";"nan";"None";"nan";"None";"None";"None";"None";"1";"3";"Dépendance";"nan";"0.0";"None";"None";"None";"None";"nan";"7.241153";"43.692481";"000MP"
"2023-46448";"2023-03-02";"1";"Vente";"150000.0";"30.0";"None";"AV AIME MARTIN";"0050";"06200";"06088";"Nice";"06";"None";"None";"06088000MP0087";"None";"None";"1";"45.52";"2";"nan";"None";"nan";"None";"None";"None";"None";"2";"3";"Dépendance";"nan";"0.0";"None";"None";"None";"None";"nan";"7.241153";"43.692481";"000MP"
"2023-46578";"2023-03-01";"1";"Vente";"155000.0";"26.0";"None";"AV DE LA CALIFORNIE";"1045";"06200";"06088";"Nice";"06";"None";"None";"06088000MP0379";"None";"None";"29";"nan";"98";"nan";"None";"nan";"None";"None";"None";"None";"2";"2";"Appartement";"34.0";"1.0";"None";"None";"None";"None";"nan";"7.242407";"43.690616";"000MP"
"2023-47690";"2023-03-01";"1";"Vente";"90000.0";"119.0";"None";"PROM DES ANGLAIS";"0240";"06200";"06088";"Nice";"06";"None";"None";"06088000MP0276";"None";"None";"1";"nan";"None";"nan";"None";"nan";"None";"None";"None";"None";"1";"2";"Appartement";"15.0";"1.0";"None";"None";"None";"None";"nan";"7.244592";"43.690589";"000MP"
"2023-46578";"2023-03-01";"1";"Vente";"155000.0";"26.0";"None";"AV DE LA CALIFORNIE";"1045";"06200";"06088";"Nice";"06";"None";"None";"06088000MP0379";"None";"None";"29";"nan";"98";"nan";"None";"nan";"None";"None";"None";"None";"2";"3";"Dépendance";"nan";"0.0";"None";"None";"None";"None";"nan";"7.242407";"43.690616";"000MP"
"2023-45972";"2023-02-28";"1";"Vente";"130000.0";"17.0";"None";"AV DE LA CALIFORNIE";"1045";"06200";"06088";"Nice";"06";"None";"None";"06088000MP0262";"None";"None";"61";"nan";"None";"nan";"None";"nan";"None";"None";"None";"None";"1";"2";"Appartement";"21.0";"1.0";"None";"None";"None";"None";"nan";"7.243473";"43.690503";"000MP"
"2023-45503";"2023-02-24";"1";"Vente";"236200.0";"12.0";"None";"RUE SAINT HONORE";"5770";"06200";"06088";"Nice";"06";"None";"None";"06088000MP0029";"None";"None";"5";"nan";"7";"nan";"None";"nan";"None";"None";"None";"None";"2";"2";"Appartement";"72.0";"3.0";"None";"None";"None";"None";"nan";"7.240585";"43.693305";"000MP"
"2023-46635";"2023-02-24";"1";"Vente";"105000.0";"39.0";"None";"BD CARLONE";"1140";"06200";"06088";"Nice";"06";"None";"None";"06088000MP0329";"None";"None";"2";"23.45";"None";"nan";"None";"nan";"None";"None";"None";"None";"1";"2";"Appartement";"25.0";"1.0";"None";"None";"None";"None";"nan";"7.239544";"43.693352";"000MP"
"2023-45993";"2023-02-23";"1";"Vente";"165000.0";"11.0";"None";"AV GLORIA";"2955";"06200";"06088";"Nice";"06";"None";"None";"06088000MP0216";"None";"None";"35";"nan";"7";"nan";"None";"nan";"None";"None";"None";"None";"2";"2";"Appartement";"58.0";"3.0";"None";"None";"None";"None";"nan";"7.243553";"43.691276";"000MP"
"2023-46244";"2023-02-23";"1";"Vente";"330000.0";"46.0";"None";"AV DE LA CALIFORNIE";"1045";"06200";"06088";"Nice";"06";"None";"None";"06088000MP0238";"None";"None";"230";"nan";"29";"nan";"None";"nan";"None";"None";"None";"None";"2";"2";"Appartement";"69.0";"3.0";"None";"None";"None";"None";"nan";"7.241192";"43.690102";"000MP"
"2023-45993";"2023-02-23";"1";"Vente";"165000.0";"11.0";"None";"AV GLORIA";"2955";"06200";"06088";"Nice";"06";"None";"None";"06088000MP0216";"None";"None";"35";"nan";"7";"nan";"None";"nan";"None";"None";"None";"None";"2";"3";"Dépendance";"nan";"0.0";"None";"None";"None";"None";"nan";"7.243553";"43.691276";"000MP"
"2023-46244";"2023-02-23";"1";"Vente";"330000.0";"46.0";"None";"AV DE LA CALIFORNIE";"1045";"06200";"06088";"Nice";"06";"None";"None";"06088000MP0238";"None";"None";"41";"nan";"None";"nan";"None";"nan";"None";"None";"None";"None";"1";"3";"Dépendance";"nan";"0.0";"None";"None";"None";"None";"nan";"7.241192";"43.690102";"000MP"
"2023-46244";"2023-02-23";"1";"Vente";"330000.0";"46.0";"None";"AV DE LA CALIFORNIE";"1045";"06200";"06088";"Nice";"06";"None";"None";"06088000MP0238";"None";"None";"230";"nan";"29";"nan";"None";"nan";"None";"None";"None";"None";"2";"3";"Dépendance";"nan";"0.0";"None";"None";"None";"None";"nan";"7.241192";"43.690102";"000MP"
"2023-46244";"2023-02-23";"1";"Vente";"330000.0";"46.0";"None";"AV DE LA CALIFORNIE";"1045";"06200";"06088";"Nice";"06";"None";"None";"06088000MP0238";"None";"None";"230";"nan";"29";"nan";"None";"nan";"None";"None";"None";"None";"2";"3";"Dépendance";"nan";"0.0";"None";"None";"None";"None";"nan";"7.241192";"43.690102";"000MP"
"2023-45625";"2023-02-22";"1";"Vente";"15000.0";"9.0";"None";"BD MAGNAN";"3875";"06200";"06088";"Nice";"06";"None";"None";"06088000MP0074";"None";"None";"26";"nan";"None";"nan";"None";"nan";"None";"None";"None";"None";"1";"3";"Dépendance";"nan";"0.0";"None";"None";"None";"None";"nan";"7.242473";"43.692823";"000MP"
"2023-45512";"2023-02-21";"1";"Vente";"170000.0";"52.0";"None";"AV DE LA CALIFORNIE";"1045";"06200";"06088";"Nice";"06";"None";"None";"06088000MP0487";"None";"None";"82";"nan";"None";"nan";"None";"nan";"None";"None";"None";"None";"1";"2";"Appartement";"22.0";"2.0";"None";"None";"None";"None";"nan";"7.240755";"43.689691";"000MP"
"2023-45512";"2023-02-21";"1";"Vente";"170000.0";"52.0";"None";"AV DE LA CALIFORNIE";"1045";"06200";"06088";"Nice";"06";"None";"None";"06088000MP0487";"None";"None";"85";"nan";"None";"nan";"None";"nan";"None";"None";"None";"None";"1";"3";"Dépendance";"nan";"0.0";"None";"None";"None";"None";"nan";"7.240755";"43.689691";"000MP"
"2023-45615";"2023-02-17";"1";"Vente";"185000.0";"26.0";"None";"AV DE LA CALIFORNIE";"1045";"06200";"06088";"Nice";"06";"None";"None";"06088000MP0379";"None";"None";"109";"nan";"51";"nan";"None";"nan";"None";"None";"None";"None";"2";"2";"Appartement";"55.0";"2.0";"None";"None";"None";"None";"nan";"7.242407";"43.690616";"000MP"
"2023-45615";"2023-02-17";"1";"Vente";"185000.0";"26.0";"None";"AV DE LA CALIFORNIE";"1045";"06200";"06088";"Nice";"06";"None";"None";"06088000MP0379";"None";"None";"109";"nan";"51";"nan";"None";"nan";"None";"None";"None";"None";"2";"3";"Dépendance";"nan";"0.0";"None";"None";"None";"None";"nan";"7.242407";"43.690616";"000MP"
"2023-45379";"2023-02-16";"1";"Vente";"140000.0";"48.0";"None";"AV DE LA CALIFORNIE";"1045";"06200";"06088";"Nice";"06";"None";"None";"06088000MP0352";"None";"None";"15";"nan";"None";"nan";"None";"nan";"None";"None";"None";"None";"1";"2";"Appartement";"64.0";"2.0";"None";"None";"None";"None";"nan";"7.240953";"43.690008";"000MP"
"2023-45125";"2023-02-14";"1";"Vente";"135000.0";"3.0";"None";"BD MAGNAN";"3875";"06200";"06088";"Nice";"06";"None";"None";"06088000MP0071";"None";"None";"20";"nan";"3";"nan";"None";"nan";"None";"None";"None";"None";"2";"2";"Appartement";"65.0";"3.0";"None";"None";"None";"None";"nan";"7.242824";"43.693128";"000MP"
"2023-45125";"2023-02-14";"1";"Vente";"135000.0";"3.0";"None";"BD MAGNAN";"3875";"06200";"06088";"Nice";"06";"None";"None";"06088000MP0071";"None";"None";"20";"nan";"3";"nan";"None";"nan";"None";"None";"None";"None";"2";"3";"Dépendance";"nan";"0.0";"None";"None";"None";"None";"nan";"7.242824";"43.693128";"000MP"
"2023-44714";"2023-02-09";"1";"Vente";"375000.0";"39.0";"None";"AV AIME MARTIN";"0050";"06200";"06088";"Nice";"06";"None";"None";"06088000MP0393";"None";"None";"85";"nan";"None";"nan";"None";"nan";"None";"None";"None";"None";"1";"2";"Appartement";"102.0";"3.0";"None";"None";"None";"None";"nan";"7.239451";"43.691055";"000MP"
"2023-44957";"2023-02-09";"1";"Vente";"332500.0";"20.0";"B";"AV MONT RABEAU";"4390";"06200";"06088";"Nice";"06";"None";"None";"06088000MP0167";"None";"None";"1029";"nan";"913";"nan";"None";"nan";"None";"None";"None";"None";"2";"2";"Appartement";"62.0";"2.0";"None";"None";"None";"None";"nan";"7.237443";"43.690451";"000MP"
"2023-44714";"2023-02-09";"1";"Vente";"375000.0";"39.0";"None";"AV AIME MARTIN";"0050";"06200";"06088";"Nice";"06";"None";"None";"06088000MP0393";"None";"None";"85";"nan";"None";"nan";"None";"nan";"None";"None";"None";"None";"1";"3";"Dépendance";"nan";"0.0";"None";"None";"None";"None";"nan";"7.239451";"43.691055";"000MP"
"2023-44957";"2023-02-09";"1";"Vente";"332500.0";"20.0";"B";"AV MONT RABEAU";"4390";"06200";"06088";"Nice";"06";"None";"None";"06088000MP0167";"None";"None";"1029";"nan";"913";"nan";"None";"nan";"None";"None";"None";"None";"2";"3";"Dépendance";"nan";"0.0";"None";"None";"None";"None";"nan";"7.237443";"43.690451";"000MP"
"2023-44957";"2023-02-09";"1";"Vente";"332500.0";"20.0";"B";"AV MONT RABEAU";"4390";"06200";"06088";"Nice";"06";"None";"None";"06088000MP0167";"None";"None";"942";"nan";"None";"nan";"None";"nan";"None";"None";"None";"None";"1";"3";"Dépendance";"nan";"0.0";"None";"None";"None";"None";"nan";"7.237443";"43.690451";"000MP"
"2023-45039";"2023-02-03";"1";"Vente";"10000.0";"6.0";"None";"AV DU PETIT FABRON";"4975";"06200";"06088";"Nice";"06";"None";"None";"06088000MP0427";"None";"None";"29";"nan";"49";"109.49";"None";"nan";"None";"None";"None";"None";"2";"2";"Appartement";"112.0";"4.0";"None";"None";"None";"None";"nan";"7.239484";"43.690313";"000MP"
"2023-45039";"2023-02-03";"1";"Vente";"10000.0";"6.0";"None";"AV DU PETIT FABRON";"4975";"06200";"06088";"Nice";"06";"None";"None";"06088000MP0427";"None";"None";"73";"nan";"None";"nan";"None";"nan";"None";"None";"None";"None";"1";"3";"Dépendance";"nan";"0.0";"None";"None";"None";"None";"nan";"7.239484";"43.690313";"000MP"
"2023-45039";"2023-02-03";"1";"Vente";"10000.0";"6.0";"None";"AV DU PETIT FABRON";"4975";"06200";"06088";"Nice";"06";"None";"None";"06088000MP0427";"None";"None";"29";"nan";"49";"109.49";"None";"nan";"None";"None";"None";"None";"2";"3";"Dépendance";"nan";"0.0";"None";"None";"None";"None";"nan";"7.239484";"43.690313";"000MP"
"2023-45039";"2023-02-03";"1";"Vente";"10000.0";"6.0";"None";"AV DU PETIT FABRON";"4975";"06200";"06088";"Nice";"06";"None";"None";"06088000MP0427";"None";"None";"57";"nan";"None";"nan";"None";"nan";"None";"None";"None";"None";"1";"3";"Dépendance";"nan";"0.0";"None";"None";"None";"None";"nan";"7.239484";"43.690313";"000MP"
"2023-45008";"2023-02-02";"1";"Vente";"345300.0";"26.0";"None";"BD MAGNAN";"3875";"06200";"06088";"Nice";"06";"None";"None";"06088000MP0037";"None";"None";"17";"nan";"68";"nan";"None";"nan";"None";"None";"None";"None";"2";"2";"Appartement";"70.0";"3.0";"None";"None";"None";"None";"nan";"7.240067";"43.692854";"000MP"
"2023-45008";"2023-02-02";"1";"Vente";"345300.0";"26.0";"None";"BD MAGNAN";"3875";"06200";"06088";"Nice";"06";"None";"None";"06088000MP0037";"None";"None";"13";"nan";"None";"nan";"None";"nan";"None";"None";"None";"None";"1";"3";"Dépendance";"nan";"0.0";"None";"None";"None";"None";"nan";"7.240067";"43.692854";"000MP"
"2023-45008";"2023-02-02";"1";"Vente";"345300.0";"26.0";"None";"BD MAGNAN";"3875";"06200";"06088";"Nice";"06";"None";"None";"06088000MP0037";"None";"None";"17";"nan";"68";"nan";"None";"nan";"None";"None";"None";"None";"2";"3";"Dépendance";"nan";"0.0";"None";"None";"None";"None";"nan";"7.240067";"43.692854";"000MP"
"2023-45037";"2023-01-31";"1";"Vente";"129000.0";"52.0";"None";"AV DE LA CALIFORNIE";"1045";"06200";"06088";"Nice";"06";"None";"None";"06088000MP0341";"None";"None";"126";"nan";"None";"nan";"None";"nan";"None";"None";"None";"None";"1";"2";"Appartement";"22.0";"1.0";"None";"None";"None";"None";"nan";"7.240781";"43.68953";"000MP"
"2023-45027";"2023-01-30";"1";"Vente";"325000.0";"117.0";"None";"PROM DES ANGLAIS";"0240";"06200";"06088";"Nice";"06";"None";"None";"06088000MP0275";"None";"None";"19";"nan";"None";"nan";"None";"nan";"None";"None";"None";"None";"1";"2";"Appartement";"65.0";"2.0";"None";"None";"None";"None";"nan";"7.244684";"43.690647";"000MP"
"2023-45027";"2023-01-30";"1";"Vente";"325000.0";"117.0";"None";"PROM DES ANGLAIS";"0240";"06200";"06088";"Nice";"06";"None";"None";"06088000MP0275";"None";"None";"19";"nan";"None";"nan";"None";"nan";"None";"None";"None";"None";"1";"3";"Dépendance";"nan";"0.0";"None";"None";"None";"None";"nan";"7.244684";"43.690647";"000MP"
"2023-44157";"2023-01-25";"1";"Vente";"285000.0";"39.0";"B";"AV AIME MARTIN";"0050";"06200";"06088";"Nice";"06";"None";"None";"06088000MP0374";"None";"None";"413";"nan";"446";"nan";"None";"nan";"None";"None";"None";"None";"2";"2";"Appartement";"50.0";"2.0";"None";"None";"None";"None";"nan";"7.238435";"43.69078";"000MP"
"2023-44948";"2023-01-25";"1";"Vente";"170000.0";"9001.0";"None";"AV MONT RABEAU";"4390";"06200";"06088";"Nice";"06";"None";"None";"06088000MP0167";"None";"None";"1229";"nan";"1249";"nan";"None";"nan";"None";"None";"None";"None";"2";"2";"Appartement";"34.0";"1.0";"None";"None";"None";"None";"nan";"7.237443";"43.690451";"000MP"
"2023-44157";"2023-01-25";"1";"Vente";"285000.0";"39.0";"B";"AV AIME MARTIN";"0050";"06200";"06088";"Nice";"06";"None";"None";"06088000MP0374";"None";"None";"413";"nan";"446";"nan";"None";"nan";"None";"None";"None";"None";"2";"3";"Dépendance";"nan";"0.0";"None";"None";"None";"None";"nan";"7.238435";"43.69078";"000MP"
"2023-44948";"2023-01-25";"1";"Vente";"170000.0";"9001.0";"None";"AV MONT RABEAU";"4390";"06200";"06088";"Nice";"06";"None";"None";"06088000MP0167";"None";"None";"1229";"nan";"1249";"nan";"None";"nan";"None";"None";"None";"None";"2";"3";"Dépendance";"nan";"0.0";"None";"None";"None";"None";"nan";"7.237443";"43.690451";"000MP"
"2023-44352";"2023-01-20";"1";"Vente";"220000.0";"8.0";"None";"AV GLORIA";"2955";"06200";"06088";"Nice";"06";"None";"None";"06088000MP0304";"None";"None";"36";"nan";"5";"nan";"None";"nan";"None";"None";"None";"None";"2";"2";"Appartement";"54.0";"2.0";"None";"None";"None";"None";"nan";"7.243226";"43.691569";"000MP"
"2023-44352";"2023-01-20";"1";"Vente";"220000.0";"8.0";"T";"AV GLORIA";"2955";"06200";"06088";"Nice";"06";"None";"None";"06088000MP0185";"None";"None";"12";"nan";"None";"nan";"None";"nan";"None";"None";"None";"None";"1";"3";"Dépendance";"nan";"0.0";"None";"None";"None";"None";"nan";"7.24317";"43.691719";"000MP"
"2023-44352";"2023-01-20";"1";"Vente";"220000.0";"8.0";"None";"AV GLORIA";"2955";"06200";"06088";"Nice";"06";"None";"None";"06088000MP0304";"None";"None";"36";"nan";"5";"nan";"None";"nan";"None";"None";"None";"None";"2";"3";"Dépendance";"nan";"0.0";"None";"None";"None";"None";"nan";"7.243226";"43.691569";"000MP"
"2023-44523";"2023-01-20";"1";"Vente en l'état futur d'achèvement";"25000.0";"18.0";"None";"BD MAGNAN";"3875";"06200";"06088";"Nice";"06";"None";"None";"06088000MP0497";"None";"None";"2";"nan";"None";"nan";"None";"nan";"None";"None";"None";"None";"1";"3";"Dépendance";"nan";"0.0";"None";"None";"None";"None";"nan";"7.241279";"43.692951";"000MP"
"2023-44526";"2023-01-20";"1";"Vente en l'état futur d'achèvement";"25000.0";"18.0";"None";"BD MAGNAN";"3875";"06200";"06088";"Nice";"06";"None";"None";"06088000MP0497";"None";"None";"1";"nan";"None";"nan";"None";"nan";"None";"None";"None";"None";"1";"3";"Dépendance";"nan";"0.0";"None";"None";"None";"None";"nan";"7.241279";"43.692951";"000MP"
"2023-44829";"2023-01-20";"1";"Vente";"33000.0";"46.0";"None";"AV DE LA CALIFORNIE";"1045";"06200";"06088";"Nice";"06";"None";"None";"06088000MP0238";"None";"None";"71";"nan";"None";"nan";"None";"nan";"None";"None";"None";"None";"1";"3";"Dépendance";"nan";"0.0";"None";"None";"None";"None";"nan";"7.241192";"43.690102";"000MP"
"2023-44829";"2023-01-20";"1";"Vente";"33000.0";"46.0";"None";"AV DE LA CALIFORNIE";"1045";"06200";"06088";"Nice";"06";"None";"None";"06088000MP0238";"None";"None";"76";"nan";"None";"nan";"None";"nan";"None";"None";"None";"None";"1";"3";"Dépendance";"nan";"0.0";"None";"None";"None";"None";"nan";"7.241192";"43.690102";"000MP"
"2023-44472";"2023-01-10";"1";"Vente";"151000.0";"11.0";"None";"BD CARLONE";"1140";"06200";"06088";"Nice";"06";"None";"None";"06088000MP0062";"None";"None";"44";"nan";"53";"nan";"None";"nan";"None";"None";"None";"None";"2";"2";"Appartement";"46.0";"2.0";"None";"None";"None";"None";"nan";"7.242177";"43.693504";"000MP"
"2023-44472";"2023-01-10";"1";"Vente";"151000.0";"11.0";"None";"BD CARLONE";"1140";"06200";"06088";"Nice";"06";"None";"None";"06088000MP0062";"None";"None";"44";"nan";"53";"nan";"None";"nan";"None";"None";"None";"None";"2";"3";"Dépendance";"nan";"0.0";"None";"None";"None";"None";"nan";"7.242177";"43.693504";"000MP"
"2023-43663";"2023-01-05";"1";"Vente";"381000.0";"39.0";"None";"AV AIME MARTIN";"0050";"06200";"06088";"Nice";"06";"None";"None";"06088000MP0393";"None";"None";"403";"nan";"470";"74.29";"None";"nan";"None";"None";"None";"None";"2";"2";"Appartement";"75.0";"3.0";"None";"None";"None";"None";"nan";"7.239451";"43.691055";"000MP"
"2023-43618";"2023-01-05";"1";"Vente";"45500.0";"39.0";"None";"AV AIME MARTIN";"0050";"06200";"06088";"Nice";"06";"None";"None";"06088000MP0393";"None";"None";"353";"nan";"None";"nan";"None";"nan";"None";"None";"None";"None";"1";"3";"Dépendance";"nan";"0.0";"None";"None";"None";"None";"nan";"7.239451";"43.691055";"000MP"
"2023-43663";"2023-01-05";"1";"Vente";"381000.0";"39.0";"None";"AV AIME MARTIN";"0050";"06200";"06088";"Nice";"06";"None";"None";"06088000MP0393";"None";"None";"403";"nan";"470";"74.29";"None";"nan";"None";"None";"None";"None";"2";"3";"Dépendance";"nan";"0.0";"None";"None";"None";"None";"nan";"7.239451";"43.691055";"000MP"
"2023-44070";"2023-01-03";"1";"Vente";"255000.0";"45.0";"None";"AV DE LA CALIFORNIE";"1045";"06200";"06088";"Nice";"06";"None";"None";"06088000MP0321";"None";"None";"2";"nan";"None";"nan";"None";"nan";"None";"None";"None";"None";"1";"2";"Appartement";"29.0";"2.0";"None";"None";"None";"None";"nan";"7.242095";"43.689799";"000MP"
"2023-44070";"2023-01-03";"1";"Vente";"255000.0";"45.0";"None";"AV DE LA CALIFORNIE";"1045";"06200";"06088";"Nice";"06";"None";"None";"06088000MP0321";"None";"None";"3";"nan";"None";"nan";"None";"nan";"None";"None";"None";"None";"1";"2";"Appartement";"29.0";"2.0";"None";"None";"None";"None";"nan";"7.242095";"43.689799";"000MP"
"2022-71502";"2022-12-30";"1";"Vente";"153100.0";"18.0";"None";"BD MAGNAN";"3875";"06200";"06088";"Nice";"06";"None";"None";"06088000MP0497";"None";"None";"67";"nan";"None";"nan";"None";"nan";"None";"None";"None";"None";"1";"2";"Appartement";"27.0";"1.0";"None";"None";"None";"None";"nan";"7.241279";"43.692951";"000MP"
"2022-71502";"2022-12-30";"1";"Vente";"153100.0";"18.0";"None";"BD MAGNAN";"3875";"06200";"06088";"Nice";"06";"None";"None";"06088000MP0497";"None";"None";"17";"nan";"None";"nan";"None";"nan";"None";"None";"None";"None";"1";"3";"Dépendance";"nan";"0.0";"None";"None";"None";"None";"nan";"7.241279";"43.692951";"000MP"
"2022-71560";"2022-12-29";"1";"Vente";"265000.0";"7.0";"None";"AV GLORIA";"2955";"06200";"06088";"Nice";"06";"None";"None";"06088000MP0491";"None";"None";"280";"nan";"None";"nan";"None";"nan";"None";"None";"None";"None";"1";"2";"Appartement";"39.0";"2.0";"None";"None";"None";"None";"nan";"7.244066";"43.691389";"000MP"
"2022-71582";"2022-12-29";"1";"Vente";"32000.0";"2.0";"None";"RUE CORDERIE";"1690";"06200";"06088";"Nice";"06";"None";"None";"06088000MP0491";"None";"None";"174";"nan";"None";"nan";"None";"nan";"None";"None";"None";"None";"1";"3";"Dépendance";"nan";"0.0";"None";"None";"None";"None";"nan";"7.244066";"43.691389";"000MP"
"2022-71332";"2022-12-22";"1";"Vente";"220000.0";"17.0";"None";"AV DE LA CALIFORNIE";"1045";"06200";"06088";"Nice";"06";"None";"None";"06088000MP0262";"None";"None";"49";"nan";"None";"nan";"None";"nan";"None";"None";"None";"None";"1";"2";"Appartement";"35.0";"2.0";"None";"None";"None";"None";"nan";"7.243473";"43.690503";"000MP"
"2022-70661";"2022-12-15";"1";"Vente";"338000.0";"41.0";"None";"AV AIME MARTIN";"0050";"06200";"06088";"Nice";"06";"None";"None";"06088000MP0158";"None";"None";"13";"71.09";"29";"nan";"None";"nan";"None";"None";"None";"None";"2";"2";"Appartement";"71.0";"3.0";"None";"None";"None";"None";"nan";"7.238312";"43.691584";"000MP"
"2022-70661";"2022-12-15";"1";"Vente";"338000.0";"41.0";"None";"AV AIME MARTIN";"0050";"06200";"06088";"Nice";"06";"None";"None";"06088000MP0158";"None";"None";"13";"71.09";"29";"nan";"None";"nan";"None";"None";"None";"None";"2";"3";"Dépendance";"nan";"0.0";"None";"None";"None";"None";"nan";"7.238312";"43.691584";"000MP"
"2022-70803";"2022-12-15";"1";"Vente";"33000.0";"2.0";"None";"RUE CORDERIE";"1690";"06200";"06088";"Nice";"06";"None";"None";"06088000MP0491";"None";"None";"48";"nan";"None";"nan";"None";"nan";"None";"None";"None";"None";"1";"3";"Dépendance";"nan";"0.0";"None";"None";"None";"None";"nan";"7.244066";"43.691389";"000MP"
"2022-69840";"2022-12-14";"1";"Vente";"610000.0";"93.0";"None";"BD EDOUARD HERRIOT";"2188";"06200";"06088";"Nice";"06";"None";"None";"06088000MP0167";"None";"None";"501";"nan";"534";"95.75";"None";"nan";"None";"None";"None";"None";"2";"2";"Appartement";"103.0";"3.0";"None";"None";"None";"None";"nan";"7.237443";"43.690451";"000MP"
"2022-69938";"2022-12-14";"1";"Vente";"137800.0";"52.0";"None";"AV DE LA CALIFORNIE";"1045";"06200";"06088";"Nice";"06";"None";"None";"06088000MP0487";"None";"None";"56";"27.39";"None";"nan";"None";"nan";"None";"None";"None";"None";"1";"2";"Appartement";"27.0";"2.0";"None";"None";"None";"None";"nan";"7.240755";"43.689691";"000MP"
"2022-70416";"2022-12-14";"1";"Vente";"172500.0";"50.0";"None";"AV DE LA CALIFORNIE";"1045";"06200";"06088";"Nice";"06";"None";"None";"06088000MP0351";"None";"None";"8";"nan";"None";"nan";"None";"nan";"None";"None";"None";"None";"1";"2";"Appartement";"52.0";"2.0";"None";"None";"None";"None";"nan";"7.240797";"43.689892";"000MP"
"2022-71274";"2022-12-14";"1";"Vente";"289000.0";"43.0";"None";"AV DE LA CALIFORNIE";"1045";"06200";"06088";"Nice";"06";"None";"None";"06088000MP0253";"None";"None";"10";"nan";"27";"60.42";"None";"nan";"None";"None";"None";"None";"2";"2";"Appartement";"50.0";"2.0";"None";"None";"None";"None";"nan";"7.242214";"43.689909";"000MP"
"2022-69840";"2022-12-14";"1";"Vente";"610000.0";"93.0";"None";"BD EDOUARD HERRIOT";"2188";"06200";"06088";"Nice";"06";"None";"None";"06088000MP0167";"None";"None";"501";"nan";"534";"95.75";"None";"nan";"None";"None";"None";"None";"2";"3";"Dépendance";"nan";"0.0";"None";"None";"None";"None";"nan";"7.237443";"43.690451";"000MP"
"2022-69840";"2022-12-14";"1";"Vente";"610000.0";"93.0";"None";"BD EDOUARD HERRIOT";"2188";"06200";"06088";"Nice";"06";"None";"None";"06088000MP0167";"None";"None";"501";"nan";"534";"95.75";"None";"nan";"None";"None";"None";"None";"2";"3";"Dépendance";"nan";"0.0";"None";"None";"None";"None";"nan";"7.237443";"43.690451";"000MP"
"2022-71274";"2022-12-14";"1";"Vente";"289000.0";"43.0";"None";"AV DE LA CALIFORNIE";"1045";"06200";"06088";"Nice";"06";"None";"None";"06088000MP0253";"None";"None";"10";"nan";"27";"60.42";"None";"nan";"None";"None";"None";"None";"2";"3";"Dépendance";"nan";"0.0";"None";"None";"None";"None";"nan";"7.242214";"43.689909";"000MP"
"2022-70658";"2022-12-12";"1";"Vente";"300800.0";"4.0";"None";"AV DE LA CALIFORNIE";"1045";"06200";"06088";"Nice";"06";"None";"None";"06088000MP0491";"None";"None";"370";"nan";"None";"nan";"None";"nan";"None";"None";"None";"None";"1";"2";"Appartement";"42.0";"2.0";"None";"None";"None";"None";"nan";"7.244066";"43.691389";"000MP"
"2022-70183";"2022-12-12";"1";"Vente";"142000.0";"2.0";"None";"RUE CORDERIE";"1690";"06200";"06088";"Nice";"06";"None";"None";"06088000MP0491";"None";"None";"2";"nan";"None";"nan";"None";"nan";"None";"None";"None";"None";"1";"3";"Dépendance";"nan";"0.0";"None";"None";"None";"None";"nan";"7.244066";"43.691389";"000MP"
"2022-70658";"2022-12-12";"1";"Vente";"300800.0";"2.0";"None";"RUE CORDERIE";"1690";"06200";"06088";"Nice";"06";"None";"None";"06088000MP0491";"None";"None";"127";"nan";"None";"nan";"None";"nan";"None";"None";"None";"None";"1";"3";"Dépendance";"nan";"0.0";"None";"None";"None";"None";"nan";"7.244066";"43.691389";"000MP"
"2022-70183";"2022-12-12";"1";"Vente";"142000.0";"12.0";"None";"AV DE LA CALIFORNIE";"1045";"06200";"06088";"Nice";"06";"None";"None";"06088000MP0491";"None";"None";"452";"nan";"None";"nan";"None";"nan";"None";"None";"None";"None";"1";"4";"Local industriel. commercial ou assimilé";"34.0";"0.0";"None";"None";"None";"None";"nan";"7.244066";"43.691389";"000MP"
"2022-70534";"2022-12-09";"1";"Vente";"200000.0";"23.0";"None";"AV DE LA CALIFORNIE";"1045";"06200";"06088";"Nice";"06";"None";"None";"06088000MP0484";"None";"None";"109";"37.65";"30";"nan";"None";"nan";"None";"None";"None";"None";"2";"2";"Appartement";"37.0";"1.0";"None";"None";"None";"None";"nan";"7.242935";"43.690305";"000MP"
"2022-70534";"2022-12-09";"1";"Vente";"200000.0";"23.0";"None";"AV DE LA CALIFORNIE";"1045";"06200";"06088";"Nice";"06";"None";"None";"06088000MP0484";"None";"None";"109";"37.65";"30";"nan";"None";"nan";"None";"None";"None";"None";"2";"3";"Dépendance";"nan";"0.0";"None";"None";"None";"None";"nan";"7.242935";"43.690305";"000MP"
"2022-70786";"2022-12-07";"1";"Vente";"264000.0";"46.0";"None";"AV DE LA CALIFORNIE";"1045";"06200";"06088";"Nice";"06";"None";"None";"06088000MP0238";"None";"None";"217";"nan";"None";"nan";"None";"nan";"None";"None";"None";"None";"1";"2";"Appartement";"51.0";"2.0";"None";"None";"None";"None";"nan";"7.241192";"43.690102";"000MP"
"2022-70786";"2022-12-07";"1";"Vente";"264000.0";"46.0";"None";"AV DE LA CALIFORNIE";"1045";"06200";"06088";"Nice";"06";"None";"None";"06088000MP0238";"None";"None";"76";"nan";"None";"nan";"None";"nan";"None";"None";"None";"None";"1";"3";"Dépendance";"nan";"0.0";"None";"None";"None";"None";"nan";"7.241192";"43.690102";"000MP"
"2022-70786";"2022-12-07";"1";"Vente";"264000.0";"46.0";"None";"AV DE LA CALIFORNIE";"1045";"06200";"06088";"Nice";"06";"None";"None";"06088000MP0238";"None";"None";"71";"nan";"None";"nan";"None";"nan";"None";"None";"None";"None";"1";"3";"Dépendance";"nan";"0.0";"None";"None";"None";"None";"nan";"7.241192";"43.690102";"000MP"
"2022-69505";"2022-12-02";"1";"Vente";"77500.0";"12.0";"None";"AV DE LA CALIFORNIE";"1045";"06200";"06088";"Nice";"06";"None";"None";"06088000MP0491";"None";"None";"383";"17.67";"None";"nan";"None";"nan";"None";"None";"None";"None";"1";"4";"Local industriel. commercial ou assimilé";"17.0";"0.0";"None";"None";"None";"None";"nan";"7.244066";"43.691389";"000MP"
"2022-69490";"2022-12-01";"1";"Vente";"244000.0";"30.0";"None";"AV DE LA CALIFORNIE";"1045";"06200";"06088";"Nice";"06";"None";"None";"06088000MP0377";"None";"None";"255";"47.38";"None";"nan";"None";"nan";"None";"None";"None";"None";"1";"2";"Appartement";"48.0";"2.0";"None";"None";"None";"None";"nan";"7.241991";"43.69075";"000MP"
"2022-69490";"2022-12-01";"1";"Vente";"244000.0";"30.0";"None";"AV DE LA CALIFORNIE";"1045";"06200";"06088";"Nice";"06";"None";"None";"06088000MP0377";"None";"None";"199";"nan";"None";"nan";"None";"nan";"None";"None";"None";"None";"1";"3";"Dépendance";"nan";"0.0";"None";"None";"None";"None";"nan";"7.241991";"43.69075";"000MP"
"2022-69912";"2022-12-01";"1";"Vente";"22000.0";"35.0";"None";"BD CARLONE";"1140";"06200";"06088";"Nice";"06";"None";"None";"06088000MP0419";"None";"None";"10";"nan";"None";"nan";"None";"nan";"None";"None";"None";"None";"1";"3";"Dépendance";"nan";"0.0";"None";"None";"None";"None";"nan";"7.240023";"43.693328";"000MP"
"2022-69408";"2022-11-29";"1";"Vente";"175824.0";"73.0";"None";"BD EDOUARD HERRIOT";"2188";"06200";"06088";"Nice";"06";"None";"None";"06088000MP0159";"None";"None";"142";"nan";"33";"nan";"None";"nan";"None";"None";"None";"None";"2";"2";"Appartement";"37.0";"1.0";"None";"None";"None";"None";"nan";"7.238503";"43.691826";"000MP"
"2022-69408";"2022-11-29";"1";"Vente";"175824.0";"73.0";"None";"BD EDOUARD HERRIOT";"2188";"06200";"06088";"Nice";"06";"None";"None";"06088000MP0159";"None";"None";"142";"nan";"33";"nan";"None";"nan";"None";"None";"None";"None";"2";"3";"Dépendance";"nan";"0.0";"None";"None";"None";"None";"nan";"7.238503";"43.691826";"000MP"
"2022-70134";"2022-11-28";"1";"Vente";"260000.0";"39.0";"None";"AV AIME MARTIN";"0050";"06200";"06088";"Nice";"06";"None";"None";"06088000MP0393";"None";"None";"217";"nan";"271";"55.0";"None";"nan";"None";"None";"None";"None";"2";"2";"Appartement";"55.0";"2.0";"None";"None";"None";"None";"nan";"7.239451";"43.691055";"000MP"
"2022-68956";"2022-11-28";"1";"Vente";"15000.0";"9.0";"None";"BD MAGNAN";"3875";"06200";"06088";"Nice";"06";"None";"None";"06088000MP0074";"None";"None";"25";"nan";"None";"nan";"None";"nan";"None";"None";"None";"None";"1";"3";"Dépendance";"nan";"0.0";"None";"None";"None";"None";"nan";"7.242473";"43.692823";"000MP"
"2022-70134";"2022-11-28";"1";"Vente";"260000.0";"39.0";"None";"AV AIME MARTIN";"0050";"06200";"06088";"Nice";"06";"None";"None";"06088000MP0393";"None";"None";"217";"nan";"271";"55.0";"None";"nan";"None";"None";"None";"None";"2";"3";"Dépendance";"nan";"0.0";"None";"None";"None";"None";"nan";"7.239451";"43.691055";"000MP"
"2022-68932";"2022-11-21";"1";"Vente";"323200.0";"73.0";"None";"BD EDOUARD HERRIOT";"2188";"06200";"06088";"Nice";"06";"None";"None";"06088000MP0312";"None";"None";"65";"nan";"8";"nan";"None";"nan";"None";"None";"None";"None";"2";"2";"Appartement";"71.0";"2.0";"None";"None";"None";"None";"nan";"7.237787";"43.691443";"000MP"
"2022-68932";"2022-11-21";"1";"Vente";"323200.0";"73.0";"None";"BD EDOUARD HERRIOT";"2188";"06200";"06088";"Nice";"06";"None";"None";"06088000MP0312";"None";"None";"65";"nan";"8";"nan";"None";"nan";"None";"None";"None";"None";"2";"3";"Dépendance";"nan";"0.0";"None";"None";"None";"None";"nan";"7.237787";"43.691443";"000MP"
"2022-68932";"2022-11-21";"1";"Vente";"323200.0";"73.0";"None";"BD EDOUARD HERRIOT";"2188";"06200";"06088";"Nice";"06";"None";"None";"06088000MP0312";"None";"None";"421";"nan";"None";"nan";"None";"nan";"None";"None";"None";"None";"1";"3";"Dépendance";"nan";"0.0";"None";"None";"None";"None";"nan";"7.237787";"43.691443";"000MP"
"2022-68224";"2022-11-09";"1";"Vente";"120000.0";"36.0";"None";"AV DE LA CALIFORNIE";"1045";"06200";"06088";"Nice";"06";"None";"None";"06088000MP0476";"None";"None";"120";"nan";"53";"nan";"None";"nan";"None";"None";"None";"None";"2";"2";"Appartement";"32.0";"1.0";"None";"None";"None";"None";"nan";"7.241609";"43.690264";"000MP"
"2022-68967";"2022-11-09";"1";"Vente";"291400.0";"93.0";"None";"BD EDOUARD HERRIOT";"2188";"06200";"06088";"Nice";"06";"None";"None";"06088000MP0167";"None";"None";"116";"nan";"149";"70.61";"None";"nan";"None";"None";"None";"None";"2";"2";"Appartement";"73.0";"2.0";"None";"None";"None";"None";"nan";"7.237443";"43.690451";"000MP"
"2022-69041";"2022-11-09";"1";"Vente";"120000.0";"34.0";"None";"AV AIME MARTIN";"0050";"06200";"06088";"Nice";"06";"None";"None";"06088000MP0470";"None";"None";"2";"nan";"None";"nan";"None";"nan";"None";"None";"None";"None";"1";"2";"Appartement";"72.0";"3.0";"None";"None";"None";"None";"nan";"7.240471";"43.692416";"000MP"
"2022-69320";"2022-11-09";"1";"Vente";"166000.0";"9.0";"None";"BD CARLONE";"1140";"06200";"06088";"Nice";"06";"None";"None";"06088000MP0062";"None";"None";"32";"nan";"None";"nan";"None";"nan";"None";"None";"None";"None";"1";"2";"Appartement";"40.0";"2.0";"None";"None";"None";"None";"nan";"7.242177";"43.693504";"000MP"
"2022-68224";"2022-11-09";"1";"Vente";"120000.0";"36.0";"None";"AV DE LA CALIFORNIE";"1045";"06200";"06088";"Nice";"06";"None";"None";"06088000MP0476";"None";"None";"120";"nan";"53";"nan";"None";"nan";"None";"None";"None";"None";"2";"3";"Dépendance";"nan";"0.0";"None";"None";"None";"None";"nan";"7.241609";"43.690264";"000MP"
"2022-68967";"2022-11-09";"1";"Vente";"291400.0";"93.0";"None";"BD EDOUARD HERRIOT";"2188";"06200";"06088";"Nice";"06";"None";"None";"06088000MP0167";"None";"None";"116";"nan";"149";"70.61";"None";"nan";"None";"None";"None";"None";"2";"3";"Dépendance";"nan";"0.0";"None";"None";"None";"None";"nan";"7.237443";"43.690451";"000MP"
"2022-69320";"2022-11-09";"1";"Vente";"166000.0";"9.0";"None";"BD CARLONE";"1140";"06200";"06088";"Nice";"06";"None";"None";"06088000MP0062";"None";"None";"32";"nan";"None";"nan";"None";"nan";"None";"None";"None";"None";"1";"3";"Dépendance";"nan";"0.0";"None";"None";"None";"None";"nan";"7.242177";"43.693504";"000MP"
"2022-68689";"2022-11-09";"1";"Vente";"200000.0";"1.0";"None";"IMP AMARO";"0157";"06200";"06088";"Nice";"06";"None";"None";"06088000MP0228";"None";"None";"91";"nan";"None";"nan";"None";"nan";"None";"None";"None";"None";"1";"4";"Local industriel. commercial ou assimilé";"70.0";"0.0";"None";"None";"None";"None";"nan";"7.242418";"43.690722";"000MP"
"2022-68708";"2022-11-08";"1";"Vente";"250000.0";"36.0";"None";"AV DE LA CALIFORNIE";"1045";"06200";"06088";"Nice";"06";"None";"None";"06088000MP0476";"None";"None";"147";"nan";"None";"nan";"None";"nan";"None";"None";"None";"None";"1";"2";"Appartement";"65.0";"3.0";"None";"None";"None";"None";"nan";"7.241609";"43.690264";"000MP"
"2022-68388";"2022-11-07";"1";"Vente en l'état futur d'achèvement";"50000.0";"18.0";"None";"BD MAGNAN";"3875";"06200";"06088";"Nice";"06";"None";"None";"06088000MP0497";"None";"None";"4";"nan";"None";"nan";"None";"nan";"None";"None";"None";"None";"1";"3";"Dépendance";"nan";"0.0";"None";"None";"None";"None";"nan";"7.241279";"43.692951";"000MP"
"2022-68388";"2022-11-07";"1";"Vente en l'état futur d'achèvement";"50000.0";"18.0";"None";"BD MAGNAN";"3875";"06200";"06088";"Nice";"06";"None";"None";"06088000MP0497";"None";"None";"5";"nan";"None";"nan";"None";"nan";"None";"None";"None";"None";"1";"3";"Dépendance";"nan";"0.0";"None";"None";"None";"None";"nan";"7.241279";"43.692951";"000MP"
"2022-68273";"2022-11-04";"1";"Vente";"273650.0";"46.0";"None";"AV DE LA CALIFORNIE";"1045";"06200";"06088";"Nice";"06";"None";"None";"06088000MP0238";"None";"None";"128";"nan";"233";"68.0";"None";"nan";"None";"None";"None";"None";"2";"2";"Appartement";"68.0";"3.0";"None";"None";"None";"None";"nan";"7.241192";"43.690102";"000MP"
"2022-68669";"2022-11-04";"1";"Vente";"230000.0";"6.0";"None";"AV DU PETIT FABRON";"4975";"06200";"06088";"Nice";"06";"None";"None";"06088000MP0427";"None";"None";"107";"nan";"126";"nan";"None";"nan";"None";"None";"None";"None";"2";"2";"Appartement";"134.0";"5.0";"None";"None";"None";"None";"nan";"7.239484";"43.690313";"000MP"
"2022-68273";"2022-11-04";"1";"Vente";"273650.0";"46.0";"None";"AV DE LA CALIFORNIE";"1045";"06200";"06088";"Nice";"06";"None";"None";"06088000MP0238";"None";"None";"128";"nan";"233";"68.0";"None";"nan";"None";"None";"None";"None";"2";"3";"Dépendance";"nan";"0.0";"None";"None";"None";"None";"nan";"7.241192";"43.690102";"000MP"
"2022-68273";"2022-11-04";"1";"Vente";"273650.0";"46.0";"None";"AV DE LA CALIFORNIE";"1045";"06200";"06088";"Nice";"06";"None";"None";"06088000MP0238";"None";"None";"128";"nan";"233";"68.0";"None";"nan";"None";"None";"None";"None";"2";"3";"Dépendance";"nan";"0.0";"None";"None";"None";"None";"nan";"7.241192";"43.690102";"000MP"
"2022-68307";"2022-11-04";"1";"Vente";"20000.0";"46.0";"None";"AV DE LA CALIFORNIE";"1045";"06200";"06088";"Nice";"06";"None";"None";"06088000MP0238";"None";"None";"173";"nan";"None";"nan";"None";"nan";"None";"None";"None";"None";"1";"3";"Dépendance";"nan";"0.0";"None";"None";"None";"None";"nan";"7.241192";"43.690102";"000MP"
"2022-68669";"2022-11-04";"1";"Vente";"230000.0";"6.0";"None";"AV DU PETIT FABRON";"4975";"06200";"06088";"Nice";"06";"None";"None";"06088000MP0427";"None";"None";"107";"nan";"126";"nan";"None";"nan";"None";"None";"None";"None";"2";"3";"Dépendance";"nan";"0.0";"None";"None";"None";"None";"nan";"7.239484";"43.690313";"000MP"
"2022-68669";"2022-11-04";"1";"Vente";"230000.0";"6.0";"None";"AV DU PETIT FABRON";"4975";"06200";"06088";"Nice";"06";"None";"None";"06088000MP0427";"None";"None";"147";"nan";"None";"nan";"None";"nan";"None";"None";"None";"None";"1";"3";"Dépendance";"nan";"0.0";"None";"None";"None";"None";"nan";"7.239484";"43.690313";"000MP"
"2022-67672";"2022-10-31";"1";"Vente";"130000.0";"52.0";"None";"AV DE LA CALIFORNIE";"1045";"06200";"06088";"Nice";"06";"None";"None";"06088000MP0341";"None";"None";"135";"nan";"None";"nan";"None";"nan";"None";"None";"None";"None";"1";"2";"Appartement";"22.0";"1.0";"None";"None";"None";"None";"nan";"7.240781";"43.68953";"000MP"
"2022-67463";"2022-10-28";"1";"Vente";"160000.0";"4.0";"None";"AV DU PETIT FABRON";"4975";"06200";"06088";"Nice";"06";"None";"None";"06088000MP0179";"None";"None";"16";"nan";"60";"nan";"None";"nan";"None";"None";"None";"None";"2";"2";"Appartement";"31.0";"1.0";"None";"None";"None";"None";"nan";"7.238898";"43.689994";"000MP"
"2022-67463";"2022-10-28";"1";"Vente";"160000.0";"4.0";"None";"AV DU PETIT FABRON";"4975";"06200";"06088";"Nice";"06";"None";"None";"06088000MP0179";"None";"None";"16";"nan";"60";"nan";"None";"nan";"None";"None";"None";"None";"2";"3";"Dépendance";"nan";"0.0";"None";"None";"None";"None";"nan";"7.238898";"43.689994";"000MP"
"2022-68531";"2022-10-27";"1";"Vente";"280000.0";"23.0";"None";"BD MAGNAN";"3875";"06200";"06088";"Nice";"06";"None";"None";"06088000MP0086";"None";"None";"63";"nan";"96";"74.9";"None";"nan";"None";"None";"None";"None";"2";"2";"Appartement";"72.0";"3.0";"None";"None";"None";"None";"nan";"7.240812";"43.692554";"000MP"
"2022-68531";"2022-10-27";"1";"Vente";"280000.0";"23.0";"None";"BD MAGNAN";"3875";"06200";"06088";"Nice";"06";"None";"None";"06088000MP0086";"None";"None";"63";"nan";"96";"74.9";"None";"nan";"None";"None";"None";"None";"2";"3";"Dépendance";"nan";"0.0";"None";"None";"None";"None";"nan";"7.240812";"43.692554";"000MP"
"2022-68154";"2022-10-27";"1";"Vente";"530000.0";"36.0";"None";"AV DE LA CALIFORNIE";"1045";"06200";"06088";"Nice";"06";"None";"None";"06088000MP0476";"None";"None";"21";"nan";"None";"nan";"None";"nan";"None";"None";"None";"None";"1";"4";"Local industriel. commercial ou assimilé";"13.0";"0.0";"None";"None";"None";"None";"nan";"7.241609";"43.690264";"000MP"
"2022-68154";"2022-10-27";"1";"Vente";"530000.0";"36.0";"None";"AV DE LA CALIFORNIE";"1045";"06200";"06088";"Nice";"06";"None";"None";"06088000MP0476";"None";"None";"72";"nan";"None";"nan";"None";"nan";"None";"None";"None";"None";"1";"4";"Local industriel. commercial ou assimilé";"232.0";"0.0";"None";"None";"None";"None";"nan";"7.241609";"43.690264";"000MP"
"2022-68154";"2022-10-27";"1";"Vente";"530000.0";"36.0";"None";"AV DE LA CALIFORNIE";"1045";"06200";"06088";"Nice";"06";"None";"None";"06088000MP0476";"None";"None";"71";"nan";"None";"nan";"None";"nan";"None";"None";"None";"None";"1";"4";"Local industriel. commercial ou assimilé";"23.0";"0.0";"None";"None";"None";"None";"nan";"7.241609";"43.690264";"000MP"
"2022-68154";"2022-10-27";"1";"Vente";"530000.0";"36.0";"None";"AV DE LA CALIFORNIE";"1045";"06200";"06088";"Nice";"06";"None";"None";"06088000MP0476";"None";"None";"99";"nan";"None";"nan";"None";"nan";"None";"None";"None";"None";"1";"4";"Local industriel. commercial ou assimilé";"14.0";"0.0";"None";"None";"None";"None";"nan";"7.241609";"43.690264";"000MP"
"2022-68154";"2022-10-27";"1";"Vente";"530000.0";"36.0";"None";"AV DE LA CALIFORNIE";"1045";"06200";"06088";"Nice";"06";"None";"None";"06088000MP0476";"None";"None";"42";"nan";"None";"nan";"None";"nan";"None";"None";"None";"None";"1";"4";"Local industriel. commercial ou assimilé";"13.0";"0.0";"None";"None";"None";"None";"nan";"7.241609";"43.690264";"000MP"
"2022-68154";"2022-10-27";"1";"Vente";"530000.0";"36.0";"None";"AV DE LA CALIFORNIE";"1045";"06200";"06088";"Nice";"06";"None";"None";"06088000MP0476";"None";"None";"69";"nan";"None";"nan";"None";"nan";"None";"None";"None";"None";"1";"4";"Local industriel. commercial ou assimilé";"13.0";"0.0";"None";"None";"None";"None";"nan";"7.241609";"43.690264";"000MP"
"2022-68154";"2022-10-27";"1";"Vente";"530000.0";"36.0";"None";"AV DE LA CALIFORNIE";"1045";"06200";"06088";"Nice";"06";"None";"None";"06088000MP0476";"None";"None";"23";"nan";"None";"nan";"None";"nan";"None";"None";"None";"None";"1";"4";"Local industriel. commercial ou assimilé";"15.0";"0.0";"None";"None";"None";"None";"nan";"7.241609";"43.690264";"000MP"
"2022-68154";"2022-10-27";"1";"Vente";"530000.0";"36.0";"None";"AV DE LA CALIFORNIE";"1045";"06200";"06088";"Nice";"06";"None";"None";"06088000MP0476";"None";"None";"64";"nan";"None";"nan";"None";"nan";"None";"None";"None";"None";"1";"4";"Local industriel. commercial ou assimilé";"16.0";"0.0";"None";"None";"None";"None";"nan";"7.241609";"43.690264";"000MP"
"2022-68154";"2022-10-27";"1";"Vente";"530000.0";"36.0";"None";"AV DE LA CALIFORNIE";"1045";"06200";"06088";"Nice";"06";"None";"None";"06088000MP0476";"None";"None";"70";"nan";"None";"nan";"None";"nan";"None";"None";"None";"None";"1";"4";"Local industriel. commercial ou assimilé";"19.0";"0.0";"None";"None";"None";"None";"nan";"7.241609";"43.690264";"000MP"
"2022-68154";"2022-10-27";"1";"Vente";"530000.0";"36.0";"None";"AV DE LA CALIFORNIE";"1045";"06200";"06088";"Nice";"06";"None";"None";"06088000MP0476";"None";"None";"74";"nan";"None";"nan";"None";"nan";"None";"None";"None";"None";"1";"4";"Local industriel. commercial ou assimilé";"12.0";"0.0";"None";"None";"None";"None";"nan";"7.241609";"43.690264";"000MP"
"2022-68154";"2022-10-27";"1";"Vente";"530000.0";"36.0";"None";"AV DE LA CALIFORNIE";"1045";"06200";"06088";"Nice";"06";"None";"None";"06088000MP0476";"None";"None";"73";"nan";"None";"nan";"None";"nan";"None";"None";"None";"None";"1";"4";"Local industriel. commercial ou assimilé";"12.0";"0.0";"None";"None";"None";"None";"nan";"7.241609";"43.690264";"000MP"
"2022-68154";"2022-10-27";"1";"Vente";"530000.0";"36.0";"None";"AV DE LA CALIFORNIE";"1045";"06200";"06088";"Nice";"06";"None";"None";"06088000MP0476";"None";"None";"63";"nan";"None";"nan";"None";"nan";"None";"None";"None";"None";"1";"4";"Local industriel. commercial ou assimilé";"12.0";"0.0";"None";"None";"None";"None";"nan";"7.241609";"43.690264";"000MP"
"2022-68154";"2022-10-27";"1";"Vente";"530000.0";"36.0";"None";"AV DE LA CALIFORNIE";"1045";"06200";"06088";"Nice";"06";"None";"None";"06088000MP0476";"None";"None";"98";"nan";"None";"nan";"None";"nan";"None";"None";"None";"None";"1";"4";"Local industriel. commercial ou assimilé";"12.0";"0.0";"None";"None";"None";"None";"nan";"7.241609";"43.690264";"000MP"
"2022-68154";"2022-10-27";"1";"Vente";"530000.0";"36.0";"None";"AV DE LA CALIFORNIE";"1045";"06200";"06088";"Nice";"06";"None";"None";"06088000MP0476";"None";"None";"41";"nan";"None";"nan";"None";"nan";"None";"None";"None";"None";"1";"4";"Local industriel. commercial ou assimilé";"12.0";"0.0";"None";"None";"None";"None";"nan";"7.241609";"43.690264";"000MP"
"2022-68154";"2022-10-27";"1";"Vente";"530000.0";"36.0";"None";"AV DE LA CALIFORNIE";"1045";"06200";"06088";"Nice";"06";"None";"None";"06088000MP0476";"None";"None";"22";"nan";"None";"nan";"None";"nan";"None";"None";"None";"None";"1";"4";"Local industriel. commercial ou assimilé";"13.0";"0.0";"None";"None";"None";"None";"nan";"7.241609";"43.690264";"000MP"
"2022-67953";"2022-10-26";"1";"Vente";"26000.0";"2.0";"None";"RUE CORDERIE";"1690";"06200";"06088";"Nice";"06";"None";"None";"06088000MP0491";"None";"None";"188";"nan";"None";"nan";"None";"nan";"None";"None";"None";"None";"1";"3";"Dépendance";"nan";"0.0";"None";"None";"None";"None";"nan";"7.244066";"43.691389";"000MP"
"2022-67300";"2022-10-21";"1";"Vente";"250000.0";"4.0";"None";"AV DE LA CALIFORNIE";"1045";"06200";"06088";"Nice";"06";"None";"None";"06088000MP0491";"None";"None";"352";"nan";"None";"nan";"None";"nan";"None";"None";"None";"None";"1";"2";"Appartement";"42.0";"2.0";"None";"None";"None";"None";"nan";"7.244066";"43.691389";"000MP"
"2022-67300";"2022-10-21";"1";"Vente";"250000.0";"2.0";"None";"RUE CORDERIE";"1690";"06200";"06088";"Nice";"06";"None";"None";"06088000MP0491";"None";"None";"82";"nan";"None";"nan";"None";"nan";"None";"None";"None";"None";"1";"3";"Dépendance";"nan";"0.0";"None";"None";"None";"None";"nan";"7.244066";"43.691389";"000MP"
"2022-68279";"2022-10-20";"1";"Vente";"200940.0";"15.0";"None";"AV DE LA CALIFORNIE";"1045";"06200";"06088";"Nice";"06";"None";"None";"06088000MP0263";"None";"None";"10";"nan";"31";"nan";"None";"nan";"None";"None";"None";"None";"2";"2";"Appartement";"85.0";"3.0";"None";"None";"None";"None";"nan";"7.24374";"43.690585";"000MP"
"2022-68279";"2022-10-20";"1";"Vente";"200940.0";"15.0";"None";"AV DE LA CALIFORNIE";"1045";"06200";"06088";"Nice";"06";"None";"None";"06088000MP0263";"None";"None";"10";"nan";"31";"nan";"None";"nan";"None";"None";"None";"None";"2";"3";"Dépendance";"nan";"0.0";"None";"None";"None";"None";"nan";"7.24374";"43.690585";"000MP"
"2022-67983";"2022-10-20";"1";"Vente";"172000.0";"12.0";"None";"AV DE LA CALIFORNIE";"1045";"06200";"06088";"Nice";"06";"None";"None";"06088000MP0491";"None";"None";"433";"34.77";"None";"nan";"None";"nan";"None";"None";"None";"None";"1";"4";"Local industriel. commercial ou assimilé";"34.0";"0.0";"None";"None";"None";"None";"nan";"7.244066";"43.691389";"000MP"
"2022-67698";"2022-10-19";"1";"Vente";"148685.0";"3.0";"None";"BD MAGNAN";"3875";"06200";"06088";"Nice";"06";"None";"None";"06088000MP0071";"None";"None";"6";"nan";"None";"nan";"None";"nan";"None";"None";"None";"None";"1";"2";"Appartement";"65.0";"3.0";"None";"None";"None";"None";"nan";"7.242824";"43.693128";"000MP"
"2022-68084";"2022-10-19";"1";"Vente";"265000.0";"46.0";"None";"AV DE LA CALIFORNIE";"1045";"06200";"06088";"Nice";"06";"None";"None";"06088000MP0238";"None";"None";"216";"nan";"67";"nan";"None";"nan";"None";"None";"None";"None";"2";"2";"Appartement";"100.0";"4.0";"None";"None";"None";"None";"nan";"7.241192";"43.690102";"000MP"
"2022-67698";"2022-10-19";"1";"Vente";"148685.0";"3.0";"None";"BD MAGNAN";"3875";"06200";"06088";"Nice";"06";"None";"None";"06088000MP0071";"None";"None";"6";"nan";"None";"nan";"None";"nan";"None";"None";"None";"None";"1";"3";"Dépendance";"nan";"0.0";"None";"None";"None";"None";"nan";"7.242824";"43.693128";"000MP"
"2022-67698";"2022-10-19";"1";"Vente";"148685.0";"3.0";"None";"BD MAGNAN";"3875";"06200";"06088";"Nice";"06";"None";"None";"06088000MP0071";"None";"None";"6";"nan";"None";"nan";"None";"nan";"None";"None";"None";"None";"1";"3";"Dépendance";"nan";"0.0";"None";"None";"None";"None";"nan";"7.242824";"43.693128";"000MP"
"2022-68084";"2022-10-19";"1";"Vente";"265000.0";"46.0";"None";"AV DE LA CALIFORNIE";"1045";"06200";"06088";"Nice";"06";"None";"None";"06088000MP0238";"None";"None";"74";"nan";"None";"nan";"None";"nan";"None";"None";"None";"None";"1";"3";"Dépendance";"nan";"0.0";"None";"None";"None";"None";"nan";"7.241192";"43.690102";"000MP"
"2022-68084";"2022-10-19";"1";"Vente";"265000.0";"46.0";"None";"AV DE LA CALIFORNIE";"1045";"06200";"06088";"Nice";"06";"None";"None";"06088000MP0238";"None";"None";"216";"nan";"67";"nan";"None";"nan";"None";"None";"None";"None";"2";"3";"Dépendance";"nan";"0.0";"None";"None";"None";"None";"nan";"7.241192";"43.690102";"000MP"
"2022-68084";"2022-10-19";"1";"Vente";"265000.0";"46.0";"None";"AV DE LA CALIFORNIE";"1045";"06200";"06088";"Nice";"06";"None";"None";"06088000MP0238";"None";"None";"216";"nan";"67";"nan";"None";"nan";"None";"None";"None";"None";"2";"3";"Dépendance";"nan";"0.0";"None";"None";"None";"None";"nan";"7.241192";"43.690102";"000MP"
"2022-67524";"2022-10-18";"1";"Vente";"165000.0";"17.0";"None";"BD CARLONE";"1140";"06200";"06088";"Nice";"06";"None";"None";"06088000MP0057";"None";"None";"27";"nan";"77";"nan";"None";"nan";"None";"None";"None";"None";"2";"2";"Appartement";"40.0";"2.0";"None";"None";"None";"None";"nan";"7.241667";"43.693494";"000MP"
"2022-67530";"2022-10-18";"1";"Vente";"205000.0";"3.0";"None";"AV GLORIA";"2955";"06200";"06088";"Nice";"06";"None";"None";"06088000MP0491";"None";"None";"296";"nan";"None";"nan";"None";"nan";"None";"None";"None";"None";"1";"2";"Appartement";"39.0";"2.0";"None";"None";"None";"None";"nan";"7.244066";"43.691389";"000MP"
"2022-67530";"2022-10-18";"1";"Vente";"205000.0";"2.0";"None";"RUE CORDERIE";"1690";"06200";"06088";"Nice";"06";"None";"None";"06088000MP0491";"None";"None";"33";"nan";"None";"nan";"None";"nan";"None";"None";"None";"None";"1";"3";"Dépendance";"nan";"0.0";"None";"None";"None";"None";"nan";"7.244066";"43.691389";"000MP"
"2022-68063";"2022-10-17";"1";"Vente";"189000.0";"17.0";"None";"AV DE LA CALIFORNIE";"1045";"06200";"06088";"Nice";"06";"None";"None";"06088000MP0262";"None";"None";"57";"nan";"None";"nan";"None";"nan";"None";"None";"None";"None";"1";"2";"Appartement";"35.0";"2.0";"None";"None";"None";"None";"nan";"7.243473";"43.690503";"000MP"
"2022-67634";"2022-10-17";"1";"Vente";"31000.0";"2.0";"None";"RUE CORDERIE";"1690";"06200";"06088";"Nice";"06";"None";"None";"06088000MP0491";"None";"None";"114";"nan";"None";"nan";"None";"nan";"None";"None";"None";"None";"1";"3";"Dépendance";"nan";"0.0";"None";"None";"None";"None";"nan";"7.244066";"43.691389";"000MP"
"2022-67255";"2022-10-14";"1";"Vente";"120000.0";"52.0";"None";"AV DE LA CALIFORNIE";"1045";"06200";"06088";"Nice";"06";"None";"None";"06088000MP0487";"None";"None";"101";"nan";"None";"nan";"None";"nan";"None";"None";"None";"None";"1";"2";"Appartement";"22.0";"1.0";"None";"None";"None";"None";"nan";"7.240755";"43.689691";"000MP"
"2022-67426";"2022-10-14";"1";"Vente";"225000.0";"3.0";"None";"AV GLORIA";"2955";"06200";"06088";"Nice";"06";"None";"None";"06088000MP0491";"None";"None";"301";"39.7";"None";"nan";"None";"nan";"None";"None";"None";"None";"1";"2";"Appartement";"39.0";"2.0";"None";"None";"None";"None";"nan";"7.244066";"43.691389";"000MP"
"2022-66993";"2022-10-14";"1";"Vente";"3000.0";"8.0";"B";"AV GLORIA";"2955";"06200";"06088";"Nice";"06";"None";"None";"06088000MP0304";"None";"None";"31";"nan";"None";"nan";"None";"nan";"None";"None";"None";"None";"1";"3";"Dépendance";"nan";"0.0";"None";"None";"None";"None";"nan";"7.243226";"43.691569";"000MP"
"2022-67255";"2022-10-14";"1";"Vente";"120000.0";"52.0";"None";"AV DE LA CALIFORNIE";"1045";"06200";"06088";"Nice";"06";"None";"None";"06088000MP0487";"None";"None";"37";"nan";"None";"nan";"None";"nan";"None";"None";"None";"None";"1";"3";"Dépendance";"nan";"0.0";"None";"None";"None";"None";"nan";"7.240755";"43.689691";"000MP"
"2022-67426";"2022-10-14";"1";"Vente";"225000.0";"2.0";"None";"RUE CORDERIE";"1690";"06200";"06088";"Nice";"06";"None";"None";"06088000MP0491";"None";"None";"37";"nan";"None";"nan";"None";"nan";"None";"None";"None";"None";"1";"3";"Dépendance";"nan";"0.0";"None";"None";"None";"None";"nan";"7.244066";"43.691389";"000MP"
"2022-67725";"2022-10-13";"1";"Vente";"2800000.0";"1.0";"None";"AV DE LA CALIFORNIE";"1045";"06200";"06088";"Nice";"06";"None";"None";"06088000MP0273";"None";"None";"14";"nan";"None";"nan";"None";"nan";"None";"None";"None";"None";"1";"2";"Appartement";"68.0";"3.0";"None";"None";"None";"None";"nan";"7.244823";"43.691045";"000MP"
"2022-67725";"2022-10-13";"1";"Vente";"2800000.0";"1.0";"None";"AV DE LA CALIFORNIE";"1045";"06200";"06088";"Nice";"06";"None";"None";"06088000MP0273";"None";"None";"10";"nan";"11";"nan";"12";"nan";"13";"None";"2";"None";"9";"4";"Local industriel. commercial ou assimilé";"586.0";"0.0";"None";"None";"None";"None";"nan";"7.244823";"43.691045";"000MP"
"2022-66543";"2022-10-12";"1";"Vente";"200000.0";"115.0";"None";"PROM DES ANGLAIS";"0240";"06200";"06088";"Nice";"06";"None";"None";"06088000MP0274";"None";"None";"16";"nan";"63";"29.42";"None";"nan";"None";"None";"None";"None";"2";"2";"Appartement";"30.0";"1.0";"None";"None";"None";"None";"nan";"7.244868";"43.690792";"000MP"
"2022-66543";"2022-10-12";"1";"Vente";"200000.0";"115.0";"None";"PROM DES ANGLAIS";"0240";"06200";"06088";"Nice";"06";"None";"None";"06088000MP0274";"None";"None";"16";"nan";"63";"29.42";"None";"nan";"None";"None";"None";"None";"2";"3";"Dépendance";"nan";"0.0";"None";"None";"None";"None";"nan";"7.244868";"43.690792";"000MP"
"2022-67509";"2022-10-11";"1";"Vente";"185000.0";"61.0";"None";"BD EDOUARD HERRIOT";"2188";"06200";"06088";"Nice";"06";"None";"None";"06088000MP0038";"None";"None";"37";"nan";"56";"nan";"None";"nan";"None";"None";"None";"None";"2";"2";"Appartement";"51.0";"2.0";"None";"None";"None";"None";"nan";"7.240062";"43.69275";"000MP"
"2022-67509";"2022-10-11";"1";"Vente";"185000.0";"61.0";"None";"BD EDOUARD HERRIOT";"2188";"06200";"06088";"Nice";"06";"None";"None";"06088000MP0038";"None";"None";"37";"nan";"56";"nan";"None";"nan";"None";"None";"None";"None";"2";"3";"Dépendance";"nan";"0.0";"None";"None";"None";"None";"nan";"7.240062";"43.69275";"000MP"
"2022-66942";"2022-10-10";"1";"Vente";"38500.0";"23.0";"None";"BD MAGNAN";"3875";"06200";"06088";"Nice";"06";"None";"None";"06088000MP0086";"None";"None";"13";"nan";"None";"nan";"None";"nan";"None";"None";"None";"None";"1";"3";"Dépendance";"nan";"0.0";"None";"None";"None";"None";"nan";"7.240812";"43.692554";"000MP"
"2022-66762";"2022-10-05";"1";"Vente";"215000.0";"6.0";"None";"AV DU PETIT FABRON";"4975";"06200";"06088";"Nice";"06";"None";"None";"06088000MP0427";"None";"None";"102";"nan";"136";"47.43";"None";"nan";"None";"None";"None";"None";"2";"2";"Appartement";"80.0";"3.0";"None";"None";"None";"None";"nan";"7.239484";"43.690313";"000MP"
"2022-66762";"2022-10-05";"1";"Vente";"215000.0";"6.0";"None";"AV DU PETIT FABRON";"4975";"06200";"06088";"Nice";"06";"None";"None";"06088000MP0427";"None";"None";"144";"nan";"None";"nan";"None";"nan";"None";"None";"None";"None";"1";"3";"Dépendance";"nan";"0.0";"None";"None";"None";"None";"nan";"7.239484";"43.690313";"000MP"
"2022-66762";"2022-10-05";"1";"Vente";"215000.0";"6.0";"None";"AV DU PETIT FABRON";"4975";"06200";"06088";"Nice";"06";"None";"None";"06088000MP0427";"None";"None";"102";"nan";"136";"47.43";"None";"nan";"None";"None";"None";"None";"2";"3";"Dépendance";"nan";"0.0";"None";"None";"None";"None";"nan";"7.239484";"43.690313";"000MP"
"2022-67619";"2022-10-04";"1";"Vente";"140000.0";"20.0";"B";"AV MONT RABEAU";"4390";"06200";"06088";"Nice";"06";"None";"None";"06088000MP0167";"None";"None";"1026";"26.33";"920";"nan";"None";"nan";"None";"None";"None";"None";"2";"2";"Appartement";"28.0";"1.0";"None";"None";"None";"None";"nan";"7.237443";"43.690451";"000MP"
"2022-67619";"2022-10-04";"1";"Vente";"140000.0";"20.0";"B";"AV MONT RABEAU";"4390";"06200";"06088";"Nice";"06";"None";"None";"06088000MP0167";"None";"None";"1026";"26.33";"920";"nan";"None";"nan";"None";"None";"None";"None";"2";"3";"Dépendance";"nan";"0.0";"None";"None";"None";"None";"nan";"7.237443";"43.690451";"000MP"
"2022-66768";"2022-09-30";"1";"Vente";"475000.0";"39.0";"None";"AV AIME MARTIN";"0050";"06200";"06088";"Nice";"06";"None";"None";"06088000MP0393";"None";"None";"245";"nan";"310";"nan";"None";"nan";"None";"None";"None";"None";"2";"2";"Appartement";"96.0";"3.0";"None";"None";"None";"None";"nan";"7.239451";"43.691055";"000MP"
"2022-66768";"2022-09-30";"1";"Vente";"475000.0";"39.0";"None";"AV AIME MARTIN";"0050";"06200";"06088";"Nice";"06";"None";"None";"06088000MP0393";"None";"None";"245";"nan";"310";"nan";"None";"nan";"None";"None";"None";"None";"2";"3";"Dépendance";"nan";"0.0";"None";"None";"None";"None";"nan";"7.239451";"43.691055";"000MP"
"2022-66768";"2022-09-30";"1";"Vente";"475000.0";"39.0";"None";"AV AIME MARTIN";"0050";"06200";"06088";"Nice";"06";"None";"None";"06088000MP0393";"None";"None";"181";"nan";"None";"nan";"None";"nan";"None";"None";"None";"None";"1";"3";"Dépendance";"nan";"0.0";"None";"None";"None";"None";"nan";"7.239451";"43.691055";"000MP"
"2022-65861";"2022-09-28";"1";"Vente";"188300.0";"73.0";"None";"BD EDOUARD HERRIOT";"2188";"06200";"06088";"Nice";"06";"None";"None";"06088000MP0159";"None";"None";"149";"nan";"None";"nan";"None";"nan";"None";"None";"None";"None";"1";"2";"Appartement";"48.0";"2.0";"None";"None";"None";"None";"nan";"7.238503";"43.691826";"000MP"
"2022-65797";"2022-09-26";"1";"Vente";"235000.0";"48.0";"None";"AV DE LA CALIFORNIE";"1045";"06200";"06088";"Nice";"06";"None";"None";"06088000MP0352";"None";"None";"17";"nan";"None";"nan";"None";"nan";"None";"None";"None";"None";"1";"2";"Appartement";"68.0";"2.0";"None";"None";"None";"None";"nan";"7.240953";"43.690008";"000MP"
"2022-66562";"2022-09-26";"1";"Vente";"122500.0";"19.0";"None";"BD MAGNAN";"3875";"06200";"06088";"Nice";"06";"None";"None";"06088000MP0081";"None";"None";"21";"16.5";"None";"nan";"None";"nan";"None";"None";"None";"None";"1";"2";"Appartement";"17.0";"1.0";"None";"None";"None";"None";"nan";"7.241211";"43.692638";"000MP"
"2022-66325";"2022-09-23";"1";"Vente";"142000.0";"19.0";"None";"AV DE BELLET";"0735";"06200";"06088";"Nice";"06";"None";"None";"06088000MP0193";"None";"None";"35";"nan";"None";"nan";"None";"nan";"None";"None";"None";"None";"1";"2";"Appartement";"21.0";"1.0";"None";"None";"None";"None";"nan";"7.24389";"43.692369";"000MP"
"2022-66747";"2022-09-23";"1";"Vente";"267000.0";"8.0";"T";"AV GLORIA";"2955";"06200";"06088";"Nice";"06";"None";"None";"06088000MP0185";"None";"None";"7";"nan";"None";"nan";"None";"nan";"None";"None";"None";"None";"1";"2";"Appartement";"63.0";"3.0";"None";"None";"None";"None";"nan";"7.24317";"43.691719";"000MP"
"2022-66747";"2022-09-23";"1";"Vente";"267000.0";"8.0";"T";"AV GLORIA";"2955";"06200";"06088";"Nice";"06";"None";"None";"06088000MP0185";"None";"None";"13";"nan";"None";"nan";"None";"nan";"None";"None";"None";"None";"1";"3";"Dépendance";"nan";"0.0";"None";"None";"None";"None";"nan";"7.24317";"43.691719";"000MP"
"2022-66047";"2022-09-22";"1";"Vente";"51500.0";"2.0";"None";"RUE CORDERIE";"1690";"06200";"06088";"Nice";"06";"None";"None";"06088000MP0491";"None";"None";"1";"nan";"None";"nan";"None";"nan";"None";"None";"None";"None";"1";"3";"Dépendance";"nan";"0.0";"None";"None";"None";"None";"nan";"7.244066";"43.691389";"000MP"
"2022-66047";"2022-09-22";"1";"Vente";"51500.0";"2.0";"None";"RUE CORDERIE";"1690";"06200";"06088";"Nice";"06";"None";"None";"06088000MP0491";"None";"None";"109";"nan";"None";"nan";"None";"nan";"None";"None";"None";"None";"1";"3";"Dépendance";"nan";"0.0";"None";"None";"None";"None";"nan";"7.244066";"43.691389";"000MP"
"2022-66251";"2022-09-22";"1";"Vente";"20000.0";"39.0";"None";"AV AIME MARTIN";"0050";"06200";"06088";"Nice";"06";"None";"None";"06088000MP0393";"None";"None";"211";"nan";"None";"nan";"None";"nan";"None";"None";"None";"None";"1";"3";"Dépendance";"nan";"0.0";"None";"None";"None";"None";"nan";"7.239451";"43.691055";"000MP"
"2022-65464";"2022-09-21";"1";"Vente";"440000.0";"20.0";"B";"AV MONT RABEAU";"4390";"06200";"06088";"Nice";"06";"None";"None";"06088000MP0167";"None";"None";"1022";"nan";"959";"nan";"None";"nan";"None";"None";"None";"None";"2";"2";"Appartement";"57.0";"2.0";"None";"None";"None";"None";"nan";"7.237443";"43.690451";"000MP"
"2022-65464";"2022-09-21";"1";"Vente";"440000.0";"20.0";"B";"AV MONT RABEAU";"4390";"06200";"06088";"Nice";"06";"None";"None";"06088000MP0167";"None";"None";"1021";"nan";"964";"nan";"None";"nan";"None";"None";"None";"None";"2";"2";"Appartement";"35.0";"1.0";"None";"None";"None";"None";"nan";"7.237443";"43.690451";"000MP"
"2022-65464";"2022-09-21";"1";"Vente";"440000.0";"20.0";"B";"AV MONT RABEAU";"4390";"06200";"06088";"Nice";"06";"None";"None";"06088000MP0167";"None";"None";"1021";"nan";"964";"nan";"None";"nan";"None";"None";"None";"None";"2";"3";"Dépendance";"nan";"0.0";"None";"None";"None";"None";"nan";"7.237443";"43.690451";"000MP"
"2022-65464";"2022-09-21";"1";"Vente";"440000.0";"20.0";"B";"AV MONT RABEAU";"4390";"06200";"06088";"Nice";"06";"None";"None";"06088000MP0167";"None";"None";"1022";"nan";"959";"nan";"None";"nan";"None";"None";"None";"None";"2";"3";"Dépendance";"nan";"0.0";"None";"None";"None";"None";"nan";"7.237443";"43.690451";"000MP"
"2022-66619";"2022-09-19";"1";"Vente";"nan";"1.0";"None";"PAE PET AVE DE LA CALIFORNIE";"1050";"06200";"06088";"Nice";"06";"None";"None";"06088000MP0268";"None";"None";"8";"nan";"None";"nan";"None";"nan";"None";"None";"None";"None";"1";"2";"Appartement";"36.0";"2.0";"None";"None";"None";"None";"nan";"7.244425";"43.690794";"000MP"
"2022-66620";"2022-09-19";"2";"Vente";"167000.0";"1.0";"None";"PAE PET AVE DE LA CALIFORNIE";"1050";"06200";"06088";"Nice";"06";"None";"None";"06088000MP0268";"None";"None";"8";"nan";"None";"nan";"None";"nan";"None";"None";"None";"None";"1";"2";"Appartement";"36.0";"2.0";"None";"None";"None";"None";"nan";"7.244425";"43.690794";"000MP"
"2022-66621";"2022-09-19";"3";"Vente";"nan";"1.0";"None";"PAE PET AVE DE LA CALIFORNIE";"1050";"06200";"06088";"Nice";"06";"None";"None";"06088000MP0268";"None";"None";"8";"nan";"None";"nan";"None";"nan";"None";"None";"None";"None";"1";"2";"Appartement";"36.0";"2.0";"None";"None";"None";"None";"nan";"7.244425";"43.690794";"000MP"
"2022-65584";"2022-09-16";"1";"Vente";"100000.0";"24.0";"None";"AV AIME MARTIN";"0050";"06200";"06088";"Nice";"06";"None";"None";"06088000MP0090";"None";"None";"11";"nan";"None";"nan";"None";"nan";"None";"None";"None";"None";"1";"2";"Appartement";"18.0";"1.0";"None";"None";"None";"None";"nan";"7.241589";"43.692567";"000MP"
"2022-66015";"2022-09-16";"1";"Vente";"200000.0";"24.0";"None";"AV DE LA CALIFORNIE";"1045";"06200";"06088";"Nice";"06";"None";"None";"06088000MP0482";"None";"None";"215";"nan";"308";"nan";"None";"nan";"None";"None";"None";"None";"2";"2";"Appartement";"57.0";"2.0";"None";"None";"None";"None";"nan";"7.24279";"43.691002";"000MP"
"2022-66212";"2022-09-16";"1";"Vente";"123000.0";"52.0";"None";"AV DE LA CALIFORNIE";"1045";"06200";"06088";"Nice";"06";"None";"None";"06088000MP0487";"None";"None";"63";"nan";"None";"nan";"None";"nan";"None";"None";"None";"None";"1";"2";"Appartement";"27.0";"2.0";"None";"None";"None";"None";"nan";"7.240755";"43.689691";"000MP"
"2022-66221";"2022-09-16";"1";"Vente";"300000.0";"49.0";"None";"AV DE LA CALIFORNIE";"1045";"06200";"06088";"Nice";"06";"None";"None";"06088000MP0251";"None";"None";"52";"68.0";"9";"nan";"None";"nan";"None";"None";"None";"None";"2";"2";"Appartement";"64.0";"4.0";"None";"None";"None";"None";"nan";"7.24187";"43.689691";"000MP"
"2022-66015";"2022-09-16";"1";"Vente";"200000.0";"24.0";"None";"AV DE LA CALIFORNIE";"1045";"06200";"06088";"Nice";"06";"None";"None";"06088000MP0482";"None";"None";"215";"nan";"308";"nan";"None";"nan";"None";"None";"None";"None";"2";"3";"Dépendance";"nan";"0.0";"None";"None";"None";"None";"nan";"7.24279";"43.691002";"000MP"
"2022-66015";"2022-09-16";"1";"Vente";"200000.0";"24.0";"None";"AV DE LA CALIFORNIE";"1045";"06200";"06088";"Nice";"06";"None";"None";"06088000MP0482";"None";"None";"215";"nan";"308";"nan";"None";"nan";"None";"None";"None";"None";"2";"3";"Dépendance";"nan";"0.0";"None";"None";"None";"None";"nan";"7.24279";"43.691002";"000MP"
"2022-66015";"2022-09-16";"1";"Vente";"200000.0";"24.0";"None";"AV DE LA CALIFORNIE";"1045";"06200";"06088";"Nice";"06";"None";"None";"06088000MP0482";"None";"None";"262";"nan";"None";"nan";"None";"nan";"None";"None";"None";"None";"1";"3";"Dépendance";"nan";"0.0";"None";"None";"None";"None";"nan";"7.24279";"43.691002";"000MP"
"2022-66212";"2022-09-16";"1";"Vente";"123000.0";"52.0";"None";"AV DE LA CALIFORNIE";"1045";"06200";"06088";"Nice";"06";"None";"None";"06088000MP0487";"None";"None";"13";"nan";"None";"nan";"None";"nan";"None";"None";"None";"None";"1";"3";"Dépendance";"nan";"0.0";"None";"None";"None";"None";"nan";"7.240755";"43.689691";"000MP"
"2022-66221";"2022-09-16";"1";"Vente";"300000.0";"49.0";"None";"AV DE LA CALIFORNIE";"1045";"06200";"06088";"Nice";"06";"None";"None";"06088000MP0251";"None";"None";"52";"68.0";"9";"nan";"None";"nan";"None";"None";"None";"None";"2";"3";"Dépendance";"nan";"0.0";"None";"None";"None";"None";"nan";"7.24187";"43.689691";"000MP"
"2022-65561";"2022-09-15";"1";"Vente";"221500.0";"11.0";"None";"AV GLORIA";"2955";"06200";"06088";"Nice";"06";"None";"None";"06088000MP0216";"None";"None";"33";"nan";"5";"nan";"None";"nan";"None";"None";"None";"None";"2";"2";"Appartement";"63.0";"3.0";"None";"None";"None";"None";"nan";"7.243553";"43.691276";"000MP"
"2022-65616";"2022-09-15";"1";"Vente";"250000.0";"73.0";"None";"BD EDOUARD HERRIOT";"2188";"06200";"06088";"Nice";"06";"None";"None";"06088000MP0159";"None";"None";"170";"nan";"47";"nan";"None";"nan";"None";"None";"None";"None";"2";"2";"Appartement";"50.0";"2.0";"None";"None";"None";"None";"nan";"7.238503";"43.691826";"000MP"
"2022-65674";"2022-09-15";"1";"Vente";"300000.0";"49.0";"None";"AV DE LA CALIFORNIE";"1045";"06200";"06088";"Nice";"06";"None";"None";"06088000MP0251";"None";"None";"12";"nan";"48";"nan";"None";"nan";"None";"None";"None";"None";"2";"2";"Appartement";"43.0";"2.0";"None";"None";"None";"None";"nan";"7.24187";"43.689691";"000MP"
"2022-66093";"2022-09-15";"1";"Vente";"212000.0";"39.0";"None";"AV AIME MARTIN";"0050";"06200";"06088";"Nice";"06";"None";"None";"06088000MP0393";"None";"None";"221";"nan";"275";"nan";"None";"nan";"None";"None";"None";"None";"2";"2";"Appartement";"54.0";"2.0";"None";"None";"None";"None";"nan";"7.239451";"43.691055";"000MP"
"2022-65561";"2022-09-15";"1";"Vente";"221500.0";"11.0";"None";"AV GLORIA";"2955";"06200";"06088";"Nice";"06";"None";"None";"06088000MP0216";"None";"None";"33";"nan";"5";"nan";"None";"nan";"None";"None";"None";"None";"2";"3";"Dépendance";"nan";"0.0";"None";"None";"None";"None";"nan";"7.243553";"43.691276";"000MP"
"2022-65616";"2022-09-15";"1";"Vente";"250000.0";"73.0";"None";"BD EDOUARD HERRIOT";"2188";"06200";"06088";"Nice";"06";"None";"None";"06088000MP0159";"None";"None";"170";"nan";"47";"nan";"None";"nan";"None";"None";"None";"None";"2";"3";"Dépendance";"nan";"0.0";"None";"None";"None";"None";"nan";"7.238503";"43.691826";"000MP"
"2022-65616";"2022-09-15";"1";"Vente";"250000.0";"73.0";"None";"BD EDOUARD HERRIOT";"2188";"06200";"06088";"Nice";"06";"None";"None";"06088000MP0159";"None";"None";"170";"nan";"47";"nan";"None";"nan";"None";"None";"None";"None";"2";"3";"Dépendance";"nan";"0.0";"None";"None";"None";"None";"nan";"7.238503";"43.691826";"000MP"
"2022-65674";"2022-09-15";"1";"Vente";"300000.0";"49.0";"None";"AV DE LA CALIFORNIE";"1045";"06200";"06088";"Nice";"06";"None";"None";"06088000MP0251";"None";"None";"12";"nan";"48";"nan";"None";"nan";"None";"None";"None";"None";"2";"3";"Dépendance";"nan";"0.0";"None";"None";"None";"None";"nan";"7.24187";"43.689691";"000MP"
"2022-66093";"2022-09-15";"1";"Vente";"212000.0";"39.0";"None";"AV AIME MARTIN";"0050";"06200";"06088";"Nice";"06";"None";"None";"06088000MP0393";"None";"None";"221";"nan";"275";"nan";"None";"nan";"None";"None";"None";"None";"2";"3";"Dépendance";"nan";"0.0";"None";"None";"None";"None";"nan";"7.239451";"43.691055";"000MP"
"2022-65017";"2022-09-13";"1";"Vente";"153000.0";"9001.0";"None";"AV MONT RABEAU";"4390";"06200";"06088";"Nice";"06";"None";"None";"06088000MP0167";"None";"None";"1227";"nan";"1231";"nan";"None";"nan";"None";"None";"None";"None";"2";"2";"Appartement";"34.0";"1.0";"None";"None";"None";"None";"nan";"7.237443";"43.690451";"000MP"
"2022-66048";"2022-09-13";"1";"Vente";"235000.0";"6.0";"None";"AV DU PETIT FABRON";"4975";"06200";"06088";"Nice";"06";"None";"None";"06088000MP0427";"None";"None";"111";"nan";"83";"nan";"None";"nan";"None";"None";"None";"None";"2";"2";"Appartement";"82.0";"3.0";"None";"None";"None";"None";"nan";"7.239484";"43.690313";"000MP"
"2022-65017";"2022-09-13";"1";"Vente";"153000.0";"9001.0";"None";"AV MONT RABEAU";"4390";"06200";"06088";"Nice";"06";"None";"None";"06088000MP0167";"None";"None";"1227";"nan";"1231";"nan";"None";"nan";"None";"None";"None";"None";"2";"3";"Dépendance";"nan";"0.0";"None";"None";"None";"None";"nan";"7.237443";"43.690451";"000MP"
"2022-65017";"2022-09-13";"1";"Vente";"153000.0";"9001.0";"None";"AV MONT RABEAU";"4390";"06200";"06088";"Nice";"06";"None";"None";"06088000MP0167";"None";"None";"1313";"nan";"None";"nan";"None";"nan";"None";"None";"None";"None";"1";"3";"Dépendance";"nan";"0.0";"None";"None";"None";"None";"nan";"7.237443";"43.690451";"000MP"
"2022-66048";"2022-09-13";"1";"Vente";"235000.0";"6.0";"None";"AV DU PETIT FABRON";"4975";"06200";"06088";"Nice";"06";"None";"None";"06088000MP0427";"None";"None";"111";"nan";"83";"nan";"None";"nan";"None";"None";"None";"None";"2";"3";"Dépendance";"nan";"0.0";"None";"None";"None";"None";"nan";"7.239484";"43.690313";"000MP"
"2022-66048";"2022-09-13";"1";"Vente";"235000.0";"6.0";"None";"AV DU PETIT FABRON";"4975";"06200";"06088";"Nice";"06";"None";"None";"06088000MP0427";"None";"None";"148";"nan";"None";"nan";"None";"nan";"None";"None";"None";"None";"1";"3";"Dépendance";"nan";"0.0";"None";"None";"None";"None";"nan";"7.239484";"43.690313";"000MP"
"2022-65313";"2022-09-09";"1";"Vente";"430000.0";"39.0";"None";"AV AIME MARTIN";"0050";"06200";"06088";"Nice";"06";"None";"None";"06088000MP0393";"None";"None";"428";"nan";"503";"nan";"None";"nan";"None";"None";"None";"None";"2";"2";"Appartement";"88.0";"4.0";"None";"None";"None";"None";"nan";"7.239451";"43.691055";"000MP"
"2022-65313";"2022-09-09";"1";"Vente";"430000.0";"39.0";"None";"AV AIME MARTIN";"0050";"06200";"06088";"Nice";"06";"None";"None";"06088000MP0393";"None";"None";"428";"nan";"503";"nan";"None";"nan";"None";"None";"None";"None";"2";"3";"Dépendance";"nan";"0.0";"None";"None";"None";"None";"nan";"7.239451";"43.691055";"000MP"
"2022-64980";"2022-09-08";"1";"Vente";"141000.0";"10.0";"None";"BD MAGNAN";"3875";"06200";"06088";"Nice";"06";"None";"None";"06088000MP0064";"None";"None";"10";"nan";"70";"nan";"None";"nan";"None";"None";"None";"None";"2";"2";"Appartement";"35.0";"1.0";"None";"None";"None";"None";"nan";"7.242394";"43.69322";"000MP"
"2022-65068";"2022-09-08";"1";"Vente";"246050.0";"5.0";"None";"AV AIME MARTIN";"0050";"06200";"06088";"Nice";"06";"None";"None";"06088000MP0100";"None";"None";"6";"nan";"None";"nan";"None";"nan";"None";"None";"None";"None";"1";"2";"Appartement";"55.0";"3.0";"None";"None";"None";"None";"nan";"7.243023";"43.692797";"000MP"
"2022-65068";"2022-09-08";"1";"Vente";"246050.0";"5.0";"None";"AV AIME MARTIN";"0050";"06200";"06088";"Nice";"06";"None";"None";"06088000MP0100";"None";"None";"6";"nan";"None";"nan";"None";"nan";"None";"None";"None";"None";"1";"3";"Dépendance";"nan";"0.0";"None";"None";"None";"None";"nan";"7.243023";"43.692797";"000MP"
"2022-65484";"2022-09-05";"1";"Vente";"109000.0";"12.0";"None";"AV DE LA CALIFORNIE";"1045";"06200";"06088";"Nice";"06";"None";"None";"06088000MP0491";"None";"None";"479";"nan";"None";"nan";"None";"nan";"None";"None";"None";"None";"1";"4";"Local industriel. commercial ou assimilé";"19.0";"0.0";"None";"None";"None";"None";"nan";"7.244066";"43.691389";"000MP"
"2022-65702";"2022-09-02";"1";"Vente";"381000.0";"39.0";"None";"AV AIME MARTIN";"0050";"06200";"06088";"Nice";"06";"None";"None";"06088000MP0393";"None";"None";"416";"nan";"491";"nan";"None";"nan";"None";"None";"None";"None";"2";"2";"Appartement";"75.0";"3.0";"None";"None";"None";"None";"nan";"7.239451";"43.691055";"000MP"
"2022-65702";"2022-09-02";"1";"Vente";"381000.0";"39.0";"None";"AV AIME MARTIN";"0050";"06200";"06088";"Nice";"06";"None";"None";"06088000MP0393";"None";"None";"416";"nan";"491";"nan";"None";"nan";"None";"None";"None";"None";"2";"3";"Dépendance";"nan";"0.0";"None";"None";"None";"None";"nan";"7.239451";"43.691055";"000MP"
"2022-65702";"2022-09-02";"1";"Vente";"381000.0";"39.0";"None";"AV AIME MARTIN";"0050";"06200";"06088";"Nice";"06";"None";"None";"06088000MP0393";"None";"None";"416";"nan";"491";"nan";"None";"nan";"None";"None";"None";"None";"2";"3";"Dépendance";"nan";"0.0";"None";"None";"None";"None";"nan";"7.239451";"43.691055";"000MP"
"2022-64901";"2022-09-01";"1";"Vente";"230000.0";"3.0";"None";"AV GLORIA";"2955";"06200";"06088";"Nice";"06";"None";"None";"06088000MP0491";"None";"None";"322";"nan";"None";"nan";"None";"nan";"None";"None";"None";"None";"1";"2";"Appartement";"39.0";"2.0";"None";"None";"None";"None";"nan";"7.244066";"43.691389";"000MP"
"2022-64901";"2022-09-01";"1";"Vente";"230000.0";"2.0";"None";"RUE CORDERIE";"1690";"06200";"06088";"Nice";"06";"None";"None";"06088000MP0491";"None";"None";"189";"nan";"None";"nan";"None";"nan";"None";"None";"None";"None";"1";"3";"Dépendance";"nan";"0.0";"None";"None";"None";"None";"nan";"7.244066";"43.691389";"000MP"
"2022-64453";"2022-08-31";"1";"Vente";"136510.0";"46.0";"None";"AV DE LA CALIFORNIE";"1045";"06200";"06088";"Nice";"06";"None";"None";"06088000MP0238";"None";"None";"196";"nan";"292";"nan";"None";"nan";"None";"None";"None";"None";"2";"2";"Appartement";"32.0";"1.0";"None";"None";"None";"None";"nan";"7.241192";"43.690102";"000MP"
"2022-64453";"2022-08-31";"1";"Vente";"136510.0";"46.0";"None";"AV DE LA CALIFORNIE";"1045";"06200";"06088";"Nice";"06";"None";"None";"06088000MP0238";"None";"None";"196";"nan";"292";"nan";"None";"nan";"None";"None";"None";"None";"2";"3";"Dépendance";"nan";"0.0";"None";"None";"None";"None";"nan";"7.241192";"43.690102";"000MP"
"2022-64453";"2022-08-31";"1";"Vente";"136510.0";"46.0";"None";"AV DE LA CALIFORNIE";"1045";"06200";"06088";"Nice";"06";"None";"None";"06088000MP0238";"None";"None";"196";"nan";"292";"nan";"None";"nan";"None";"None";"None";"None";"2";"3";"Dépendance";"nan";"0.0";"None";"None";"None";"None";"nan";"7.241192";"43.690102";"000MP"
"2022-66172";"2022-08-30";"1";"Vente";"120000.0";"12.0";"None";"AV DE LA CALIFORNIE";"1045";"06200";"06088";"Nice";"06";"None";"None";"06088000MP0491";"None";"None";"457";"nan";"None";"nan";"None";"nan";"None";"None";"None";"None";"1";"2";"Appartement";"19.0";"1.0";"None";"None";"None";"None";"nan";"7.244066";"43.691389";"000MP"
"2022-64094";"2022-08-29";"1";"Vente";"122500.0";"52.0";"None";"AV DE LA CALIFORNIE";"1045";"06200";"06088";"Nice";"06";"None";"None";"06088000MP0341";"None";"None";"134";"nan";"None";"nan";"None";"nan";"None";"None";"None";"None";"1";"2";"Appartement";"22.0";"1.0";"None";"None";"None";"None";"nan";"7.240781";"43.68953";"000MP"
"2022-64705";"2022-08-26";"1";"Vente";"475000.0";"39.0";"None";"AV AIME MARTIN";"0050";"06200";"06088";"Nice";"06";"None";"None";"06088000MP0393";"None";"None";"563";"nan";"611";"nan";"None";"nan";"None";"None";"None";"None";"2";"2";"Appartement";"111.0";"5.0";"None";"None";"None";"None";"nan";"7.239451";"43.691055";"000MP"
"2022-64705";"2022-08-26";"1";"Vente";"475000.0";"39.0";"None";"AV AIME MARTIN";"0050";"06200";"06088";"Nice";"06";"None";"None";"06088000MP0393";"None";"None";"563";"nan";"611";"nan";"None";"nan";"None";"None";"None";"None";"2";"3";"Dépendance";"nan";"0.0";"None";"None";"None";"None";"nan";"7.239451";"43.691055";"000MP"
"2022-64516";"2022-08-25";"1";"Vente";"219400.0";"9.0";"None";"BD CARLONE";"1140";"06200";"06088";"Nice";"06";"None";"None";"06088000MP0062";"None";"None";"27";"nan";"None";"nan";"None";"nan";"None";"None";"None";"None";"1";"2";"Appartement";"33.0";"2.0";"None";"None";"None";"None";"nan";"7.242177";"43.693504";"000MP"
"2022-64516";"2022-08-25";"1";"Vente";"219400.0";"9.0";"None";"BD CARLONE";"1140";"06200";"06088";"Nice";"06";"None";"None";"06088000MP0062";"None";"None";"27";"nan";"None";"nan";"None";"nan";"None";"None";"None";"None";"1";"2";"Appartement";"22.0";"1.0";"None";"None";"None";"None";"nan";"7.242177";"43.693504";"000MP"
"2022-64516";"2022-08-25";"1";"Vente";"219400.0";"9.0";"None";"BD CARLONE";"1140";"06200";"06088";"Nice";"06";"None";"None";"06088000MP0062";"None";"None";"22";"nan";"29";"nan";"None";"nan";"None";"None";"None";"None";"2";"2";"Appartement";"41.0";"2.0";"None";"None";"None";"None";"nan";"7.242177";"43.693504";"000MP"
"2022-64516";"2022-08-25";"1";"Vente";"219400.0";"9.0";"None";"BD CARLONE";"1140";"06200";"06088";"Nice";"06";"None";"None";"06088000MP0062";"None";"None";"22";"nan";"29";"nan";"None";"nan";"None";"None";"None";"None";"2";"3";"Dépendance";"nan";"0.0";"None";"None";"None";"None";"nan";"7.242177";"43.693504";"000MP"
"2022-64520";"2022-08-24";"1";"Vente";"247000.0";"11.0";"None";"AV GLORIA";"2955";"06200";"06088";"Nice";"06";"None";"None";"06088000MP0216";"None";"None";"11";"52.31";"39";"nan";"None";"nan";"None";"None";"None";"None";"2";"2";"Appartement";"52.0";"3.0";"None";"None";"None";"None";"nan";"7.243553";"43.691276";"000MP"
"2022-64685";"2022-08-24";"1";"Vente";"150690.0";"15.0";"None";"AV DE BELLET";"0735";"06200";"06088";"Nice";"06";"None";"None";"06088000MP0420";"None";"None";"182";"nan";"224";"nan";"None";"nan";"None";"None";"None";"None";"2";"2";"Appartement";"29.0";"1.0";"None";"None";"None";"None";"nan";"7.244073";"43.692023";"000MP"
"2022-64520";"2022-08-24";"1";"Vente";"247000.0";"11.0";"None";"AV GLORIA";"2955";"06200";"06088";"Nice";"06";"None";"None";"06088000MP0216";"None";"None";"11";"52.31";"39";"nan";"None";"nan";"None";"None";"None";"None";"2";"3";"Dépendance";"nan";"0.0";"None";"None";"None";"None";"nan";"7.243553";"43.691276";"000MP"
"2022-64685";"2022-08-24";"1";"Vente";"150690.0";"15.0";"None";"AV DE BELLET";"0735";"06200";"06088";"Nice";"06";"None";"None";"06088000MP0420";"None";"None";"182";"nan";"224";"nan";"None";"nan";"None";"None";"None";"None";"2";"3";"Dépendance";"nan";"0.0";"None";"None";"None";"None";"nan";"7.244073";"43.692023";"000MP"
"2022-63944";"2022-08-23";"1";"Vente";"113000.0";"35.0";"None";"BD CARLONE";"1140";"06200";"06088";"Nice";"06";"None";"None";"06088000MP0419";"None";"None";"47";"19.07";"None";"nan";"None";"nan";"None";"None";"None";"None";"1";"2";"Appartement";"20.0";"1.0";"None";"None";"None";"None";"nan";"7.240023";"43.693328";"000MP"
"2022-64135";"2022-08-23";"1";"Vente";"40000.0";"73.0";"None";"BD EDOUARD HERRIOT";"2188";"06200";"06088";"Nice";"06";"None";"None";"06088000MP0159";"None";"None";"81";"nan";"None";"nan";"None";"nan";"None";"None";"None";"None";"1";"3";"Dépendance";"nan";"0.0";"None";"None";"None";"None";"nan";"7.238503";"43.691826";"000MP"
"2022-64003";"2022-08-18";"1";"Vente";"121000.0";"6.0";"None";"RUE SAINT HONORE";"5770";"06200";"06088";"Nice";"06";"None";"None";"06088000MP0056";"None";"None";"10";"29.44";"None";"nan";"None";"nan";"None";"None";"None";"None";"1";"2";"Appartement";"30.0";"1.0";"None";"None";"None";"None";"nan";"7.241592";"43.693344";"000MP"
"2022-64270";"2022-08-08";"1";"Vente";"190000.0";"2.0";"None";"RUE SAINT HONORE";"5770";"06200";"06088";"Nice";"06";"None";"None";"06088000MP0054";"None";"None";"29";"nan";"None";"nan";"None";"nan";"None";"None";"None";"None";"1";"2";"Appartement";"40.0";"1.0";"None";"None";"None";"None";"nan";"7.242032";"43.693231";"000MP"
"2022-63368";"2022-08-05";"1";"Vente";"122000.0";"17.0";"None";"AV DE LA CALIFORNIE";"1045";"06200";"06088";"Nice";"06";"None";"None";"06088000MP0262";"None";"None";"42";"20.06";"None";"nan";"None";"nan";"None";"None";"None";"None";"1";"2";"Appartement";"19.0";"1.0";"None";"None";"None";"None";"nan";"7.243473";"43.690503";"000MP"
"2022-63420";"2022-08-04";"1";"Vente";"115000.0";"12.0";"None";"AV DE LA CALIFORNIE";"1045";"06200";"06088";"Nice";"06";"None";"None";"06088000MP0491";"None";"None";"458";"18.91";"None";"nan";"None";"nan";"None";"None";"None";"None";"1";"2";"Appartement";"19.0";"1.0";"None";"None";"None";"None";"nan";"7.244066";"43.691389";"000MP"
"2022-63952";"2022-08-01";"1";"Vente";"22000.0";"93.0";"None";"BD EDOUARD HERRIOT";"2188";"06200";"06088";"Nice";"06";"None";"None";"06088000MP0167";"None";"None";"549";"nan";"None";"nan";"None";"nan";"None";"None";"None";"None";"1";"3";"Dépendance";"nan";"0.0";"None";"None";"None";"None";"nan";"7.237443";"43.690451";"000MP"
"2022-63207";"2022-07-29";"1";"Vente";"1100000.0";"35.0";"B";"AV AIME MARTIN";"0050";"06200";"06088";"Nice";"06";"None";"None";"06088000MP0400";"None";"None";"None";"nan";"None";"nan";"None";"nan";"None";"None";"None";"None";"0";"1";"Maison";"170.0";"6.0";"S";"sols";"None";"None";"1135.0";"7.241181";"43.691413";"000MP"
"2022-62755";"2022-07-29";"1";"Vente";"236900.0";"52.0";"None";"AV DE LA CALIFORNIE";"1045";"06200";"06088";"Nice";"06";"None";"None";"06088000MP0341";"None";"None";"160";"nan";"None";"nan";"None";"nan";"None";"None";"None";"None";"1";"2";"Appartement";"39.0";"2.0";"None";"None";"None";"None";"nan";"7.240781";"43.68953";"000MP"
"2022-63755";"2022-07-29";"1";"Vente";"542000.0";"93.0";"None";"BD EDOUARD HERRIOT";"2188";"06200";"06088";"Nice";"06";"None";"None";"06088000MP0167";"None";"None";"117";"nan";"118";"nan";"153";"nan";"154";"None";"None";"None";"4";"2";"Appartement";"153.0";"3.0";"None";"None";"None";"None";"nan";"7.237443";"43.690451";"000MP"
"2022-62483";"2022-07-29";"1";"Vente";"40000.0";"17.0";"None";"AV DE LA CALIFORNIE";"1045";"06200";"06088";"Nice";"06";"None";"None";"06088000MP0262";"None";"None";"14";"nan";"None";"nan";"None";"nan";"None";"None";"None";"None";"1";"3";"Dépendance";"nan";"0.0";"None";"None";"None";"None";"nan";"7.243473";"43.690503";"000MP"
"2022-62755";"2022-07-29";"1";"Vente";"236900.0";"52.0";"None";"AV DE LA CALIFORNIE";"1045";"06200";"06088";"Nice";"06";"None";"None";"06088000MP0487";"None";"None";"31";"nan";"None";"nan";"None";"nan";"None";"None";"None";"None";"1";"3";"Dépendance";"nan";"0.0";"None";"None";"None";"None";"nan";"7.240755";"43.689691";"000MP"
"2022-62931";"2022-07-29";"1";"Vente";"50000.0";"39.0";"None";"AV AIME MARTIN";"0050";"06200";"06088";"Nice";"06";"None";"None";"06088000MP0393";"None";"None";"102";"nan";"None";"nan";"None";"nan";"None";"None";"None";"None";"1";"3";"Dépendance";"nan";"0.0";"None";"None";"None";"None";"nan";"7.239451";"43.691055";"000MP"
"2022-63207";"2022-07-29";"1";"Vente";"1100000.0";"35.0";"B";"AV AIME MARTIN";"0050";"06200";"06088";"Nice";"06";"None";"None";"06088000MP0400";"None";"None";"None";"nan";"None";"nan";"None";"nan";"None";"None";"None";"None";"0";"3";"Dépendance";"nan";"0.0";"S";"sols";"None";"None";"1135.0";"7.241181";"43.691413";"000MP"
"2022-63207";"2022-07-29";"1";"Vente";"1100000.0";"35.0";"B";"AV AIME MARTIN";"0050";"06200";"06088";"Nice";"06";"None";"None";"06088000MP0400";"None";"None";"None";"nan";"None";"nan";"None";"nan";"None";"None";"None";"None";"0";"3";"Dépendance";"nan";"0.0";"S";"sols";"None";"None";"1135.0";"7.241181";"43.691413";"000MP"
"2022-63755";"2022-07-29";"1";"Vente";"542000.0";"93.0";"None";"BD EDOUARD HERRIOT";"2188";"06200";"06088";"Nice";"06";"None";"None";"06088000MP0167";"None";"None";"117";"nan";"118";"nan";"153";"nan";"154";"None";"None";"None";"4";"3";"Dépendance";"nan";"0.0";"None";"None";"None";"None";"nan";"7.237443";"43.690451";"000MP"
"2022-63755";"2022-07-29";"1";"Vente";"542000.0";"93.0";"None";"BD EDOUARD HERRIOT";"2188";"06200";"06088";"Nice";"06";"None";"None";"06088000MP0167";"None";"None";"704";"nan";"None";"nan";"None";"nan";"None";"None";"None";"None";"1";"3";"Dépendance";"nan";"0.0";"None";"None";"None";"None";"nan";"7.237443";"43.690451";"000MP"
"2022-63207";"2022-07-29";"1";"Vente";"1100000.0";"nan";"None";"AV AIME MARTIN";"0050";"06200";"06088";"Nice";"06";"None";"None";"06088000MP0447";"None";"None";"None";"nan";"None";"nan";"None";"nan";"None";"None";"None";"None";"0";"None";"None";"nan";"nan";"S";"sols";"None";"None";"81.0";"7.241288";"43.691169";"000MP"
"2022-63152";"2022-07-28";"1";"Vente";"800000.0";"39.0";"B";"AV AIME MARTIN";"0050";"06200";"06088";"Nice";"06";"None";"None";"06088000MP0374";"None";"None";"423";"nan";"424";"nan";"459";"127.97";"None";"None";"None";"None";"3";"2";"Appartement";"128.0";"4.0";"None";"None";"None";"None";"nan";"7.238435";"43.69078";"000MP"
"2022-64314";"2022-07-28";"1";"Vente";"247000.0";"39.0";"None";"AV AIME MARTIN";"0050";"06200";"06088";"Nice";"06";"None";"None";"06088000MP0393";"None";"None";"250";"nan";"323";"nan";"None";"nan";"None";"None";"None";"None";"2";"2";"Appartement";"52.0";"2.0";"None";"None";"None";"None";"nan";"7.239451";"43.691055";"000MP"
"2022-63152";"2022-07-28";"1";"Vente";"800000.0";"39.0";"B";"AV AIME MARTIN";"0050";"06200";"06088";"Nice";"06";"None";"None";"06088000MP0374";"None";"None";"423";"nan";"424";"nan";"459";"127.97";"None";"None";"None";"None";"3";"3";"Dépendance";"nan";"0.0";"None";"None";"None";"None";"nan";"7.238435";"43.69078";"000MP"
"2022-63152";"2022-07-28";"1";"Vente";"800000.0";"39.0";"B";"AV AIME MARTIN";"0050";"06200";"06088";"Nice";"06";"None";"None";"06088000MP0374";"None";"None";"404";"nan";"None";"nan";"None";"nan";"None";"None";"None";"None";"1";"3";"Dépendance";"nan";"0.0";"None";"None";"None";"None";"nan";"7.238435";"43.69078";"000MP"
"2022-63152";"2022-07-28";"1";"Vente";"800000.0";"39.0";"B";"AV AIME MARTIN";"0050";"06200";"06088";"Nice";"06";"None";"None";"06088000MP0374";"None";"None";"423";"nan";"424";"nan";"459";"127.97";"None";"None";"None";"None";"3";"3";"Dépendance";"nan";"0.0";"None";"None";"None";"None";"nan";"7.238435";"43.69078";"000MP"
"2022-63152";"2022-07-28";"1";"Vente";"800000.0";"39.0";"B";"AV AIME MARTIN";"0050";"06200";"06088";"Nice";"06";"None";"None";"06088000MP0374";"None";"None";"423";"nan";"424";"nan";"459";"127.97";"None";"None";"None";"None";"3";"3";"Dépendance";"nan";"0.0";"None";"None";"None";"None";"nan";"7.238435";"43.69078";"000MP"
"2022-64314";"2022-07-28";"1";"Vente";"247000.0";"39.0";"None";"AV AIME MARTIN";"0050";"06200";"06088";"Nice";"06";"None";"None";"06088000MP0393";"None";"None";"185";"nan";"None";"nan";"None";"nan";"None";"None";"None";"None";"1";"3";"Dépendance";"nan";"0.0";"None";"None";"None";"None";"nan";"7.239451";"43.691055";"000MP"
"2022-64314";"2022-07-28";"1";"Vente";"247000.0";"39.0";"None";"AV AIME MARTIN";"0050";"06200";"06088";"Nice";"06";"None";"None";"06088000MP0393";"None";"None";"250";"nan";"323";"nan";"None";"nan";"None";"None";"None";"None";"2";"3";"Dépendance";"nan";"0.0";"None";"None";"None";"None";"nan";"7.239451";"43.691055";"000MP"
"2022-62495";"2022-07-27";"1";"Vente";"46000.0";"39.0";"None";"AV AIME MARTIN";"0050";"06200";"06088";"Nice";"06";"None";"None";"06088000MP0393";"None";"None";"354";"nan";"None";"nan";"None";"nan";"None";"None";"None";"None";"1";"3";"Dépendance";"nan";"0.0";"None";"None";"None";"None";"nan";"7.239451";"43.691055";"000MP"
"2022-63803";"2022-07-26";"1";"Vente";"177330.0";"50.0";"None";"AV DE LA CALIFORNIE";"1045";"06200";"06088";"Nice";"06";"None";"None";"06088000MP0351";"None";"None";"17";"54.0";"None";"nan";"None";"nan";"None";"None";"None";"None";"1";"2";"Appartement";"54.0";"2.0";"None";"None";"None";"None";"nan";"7.240797";"43.689892";"000MP"
"2022-63062";"2022-07-22";"1";"Vente";"210000.0";"20.0";"None";"BD MAGNAN";"3875";"06200";"06088";"Nice";"06";"None";"None";"06088000MP0043";"None";"None";"141";"nan";"None";"nan";"None";"nan";"None";"None";"None";"None";"1";"2";"Appartement";"54.0";"2.0";"None";"None";"None";"None";"nan";"7.240931";"43.692943";"000MP"
"2022-63062";"2022-07-22";"1";"Vente";"210000.0";"20.0";"None";"BD MAGNAN";"3875";"06200";"06088";"Nice";"06";"None";"None";"06088000MP0043";"None";"None";"141";"nan";"None";"nan";"None";"nan";"None";"None";"None";"None";"1";"3";"Dépendance";"nan";"0.0";"None";"None";"None";"None";"nan";"7.240931";"43.692943";"000MP"
"2022-62208";"2022-07-20";"1";"Vente";"270000.0";"73.0";"None";"BD EDOUARD HERRIOT";"2188";"06200";"06088";"Nice";"06";"None";"None";"06088000MP0159";"None";"None";"165";"47.71";"38";"nan";"None";"nan";"None";"None";"None";"None";"2";"2";"Appartement";"50.0";"2.0";"None";"None";"None";"None";"nan";"7.238503";"43.691826";"000MP"
"2022-62208";"2022-07-20";"1";"Vente";"270000.0";"73.0";"None";"BD EDOUARD HERRIOT";"2188";"06200";"06088";"Nice";"06";"None";"None";"06088000MP0159";"None";"None";"165";"47.71";"38";"nan";"None";"nan";"None";"None";"None";"None";"2";"3";"Dépendance";"nan";"0.0";"None";"None";"None";"None";"nan";"7.238503";"43.691826";"000MP"
"2022-62208";"2022-07-20";"1";"Vente";"270000.0";"73.0";"None";"BD EDOUARD HERRIOT";"2188";"06200";"06088";"Nice";"06";"None";"None";"06088000MP0159";"None";"None";"165";"47.71";"38";"nan";"None";"nan";"None";"None";"None";"None";"2";"3";"Dépendance";"nan";"0.0";"None";"None";"None";"None";"nan";"7.238503";"43.691826";"000MP"
"2022-62787";"2022-07-19";"1";"Vente";"227500.0";"20.0";"None";"AV DE LA CALIFORNIE";"1045";"06200";"06088";"Nice";"06";"None";"None";"06088000MP0495";"None";"None";"143";"nan";"None";"nan";"None";"nan";"None";"None";"None";"None";"1";"2";"Appartement";"50.0";"2.0";"None";"None";"None";"None";"nan";"7.24336";"43.690968";"000MP"
"2022-61976";"2022-07-07";"1";"Vente";"232000.0";"30.0";"None";"AV DE LA CALIFORNIE";"1045";"06200";"06088";"Nice";"06";"None";"None";"06088000MP0377";"None";"None";"153";"nan";"248";"nan";"None";"nan";"None";"None";"None";"None";"2";"2";"Appartement";"48.0";"2.0";"None";"None";"None";"None";"nan";"7.241991";"43.69075";"000MP"
"2022-61976";"2022-07-07";"1";"Vente";"232000.0";"30.0";"None";"AV DE LA CALIFORNIE";"1045";"06200";"06088";"Nice";"06";"None";"None";"06088000MP0377";"None";"None";"189";"nan";"None";"nan";"None";"nan";"None";"None";"None";"None";"1";"3";"Dépendance";"nan";"0.0";"None";"None";"None";"None";"nan";"7.241991";"43.69075";"000MP"
"2022-61976";"2022-07-07";"1";"Vente";"232000.0";"30.0";"None";"AV DE LA CALIFORNIE";"1045";"06200";"06088";"Nice";"06";"None";"None";"06088000MP0377";"None";"None";"153";"nan";"248";"nan";"None";"nan";"None";"None";"None";"None";"2";"3";"Dépendance";"nan";"0.0";"None";"None";"None";"None";"nan";"7.241991";"43.69075";"000MP"
"2022-62471";"2022-07-06";"1";"Vente";"68000.0";"8.0";"B";"AV GLORIA";"2955";"06200";"06088";"Nice";"06";"None";"None";"06088000MP0304";"None";"None";"18";"nan";"32";"25.14";"None";"nan";"None";"None";"None";"None";"2";"2";"Appartement";"23.0";"1.0";"None";"None";"None";"None";"nan";"7.243226";"43.691569";"000MP"
"2022-62471";"2022-07-06";"1";"Vente";"68000.0";"8.0";"B";"AV GLORIA";"2955";"06200";"06088";"Nice";"06";"None";"None";"06088000MP0304";"None";"None";"18";"nan";"32";"25.14";"None";"nan";"None";"None";"None";"None";"2";"3";"Dépendance";"nan";"0.0";"None";"None";"None";"None";"nan";"7.243226";"43.691569";"000MP"
"2022-61157";"2022-07-04";"1";"Vente";"215000.0";"50.0";"None";"AV DE LA CALIFORNIE";"1045";"06200";"06088";"Nice";"06";"None";"None";"06088000MP0351";"None";"None";"13";"53.15";"None";"nan";"None";"nan";"None";"None";"None";"None";"1";"2";"Appartement";"52.0";"2.0";"None";"None";"None";"None";"nan";"7.240797";"43.689892";"000MP"
"2022-62372";"2022-07-04";"1";"Vente";"265000.0";"7.0";"None";"AV GLORIA";"2955";"06200";"06088";"Nice";"06";"None";"None";"06088000MP0491";"None";"None";"265";"nan";"None";"nan";"None";"nan";"None";"None";"None";"None";"1";"2";"Appartement";"42.0";"2.0";"None";"None";"None";"None";"nan";"7.244066";"43.691389";"000MP"
"2022-60985";"2022-07-01";"1";"Vente";"27000.0";"39.0";"None";"AV AIME MARTIN";"0050";"06200";"06088";"Nice";"06";"None";"None";"06088000MP0393";"None";"None";"741";"nan";"None";"nan";"None";"nan";"None";"None";"None";"None";"1";"3";"Dépendance";"nan";"0.0";"None";"None";"None";"None";"nan";"7.239451";"43.691055";"000MP"
"2022-61671";"2022-06-30";"1";"Vente";"221100.0";"2.0";"None";"RUE CORDERIE";"1690";"06200";"06088";"Nice";"06";"None";"None";"06088000MP0491";"None";"None";"54";"nan";"None";"nan";"None";"nan";"None";"None";"None";"None";"1";"3";"Dépendance";"nan";"0.0";"None";"None";"None";"None";"nan";"7.244066";"43.691389";"000MP"
"2022-61671";"2022-06-30";"1";"Vente";"221100.0";"12.0";"None";"AV DE LA CALIFORNIE";"1045";"06200";"06088";"Nice";"06";"None";"None";"06088000MP0491";"None";"None";"430";"nan";"None";"nan";"None";"nan";"None";"None";"None";"None";"1";"4";"Local industriel. commercial ou assimilé";"34.0";"0.0";"None";"None";"None";"None";"nan";"7.244066";"43.691389";"000MP"
"2022-61783";"2022-06-30";"1";"Vente";"223250.0";"12.0";"None";"AV DE LA CALIFORNIE";"1045";"06200";"06088";"Nice";"06";"None";"None";"06088000MP0491";"None";"None";"415";"33.47";"None";"nan";"None";"nan";"None";"None";"None";"None";"1";"4";"Local industriel. commercial ou assimilé";"19.0";"0.0";"None";"None";"None";"None";"nan";"7.244066";"43.691389";"000MP"
"2022-61563";"2022-06-29";"1";"Vente";"90000.0";"48.0";"None";"AV DE LA CALIFORNIE";"1045";"06200";"06088";"Nice";"06";"None";"None";"06088000MP0352";"None";"None";"39";"40.53";"None";"nan";"None";"nan";"None";"None";"None";"None";"1";"2";"Appartement";"48.0";"2.0";"None";"None";"None";"None";"nan";"7.240953";"43.690008";"000MP"
"2022-61578";"2022-06-29";"1";"Vente";"165000.0";"1.0";"B";"BD MAGNAN";"3875";"06200";"06088";"Nice";"06";"None";"None";"06088000MP0070";"None";"None";"10";"43.02";"22";"nan";"None";"nan";"None";"None";"None";"None";"2";"2";"Appartement";"41.0";"2.0";"None";"None";"None";"None";"nan";"7.242955";"43.693216";"000MP"
"2022-61578";"2022-06-29";"1";"Vente";"165000.0";"1.0";"B";"BD MAGNAN";"3875";"06200";"06088";"Nice";"06";"None";"None";"06088000MP0070";"None";"None";"10";"43.02";"22";"nan";"None";"nan";"None";"None";"None";"None";"2";"3";"Dépendance";"nan";"0.0";"None";"None";"None";"None";"nan";"7.242955";"43.693216";"000MP"
"2022-61473";"2022-06-27";"1";"Vente";"190000.0";"73.0";"None";"BD EDOUARD HERRIOT";"2188";"06200";"06088";"Nice";"06";"None";"None";"06088000MP0312";"None";"None";"56";"46.55";"9";"nan";"None";"nan";"None";"None";"None";"None";"2";"2";"Appartement";"50.0";"2.0";"None";"None";"None";"None";"nan";"7.237787";"43.691443";"000MP"
"2022-61473";"2022-06-27";"1";"Vente";"190000.0";"73.0";"None";"BD EDOUARD HERRIOT";"2188";"06200";"06088";"Nice";"06";"None";"None";"06088000MP0312";"None";"None";"56";"46.55";"9";"nan";"None";"nan";"None";"None";"None";"None";"2";"3";"Dépendance";"nan";"0.0";"None";"None";"None";"None";"nan";"7.237787";"43.691443";"000MP"
"2022-60406";"2022-06-23";"1";"Vente";"440000.0";"39.0";"None";"AV AIME MARTIN";"0050";"06200";"06088";"Nice";"06";"None";"None";"06088000MP0393";"None";"None";"993";"nan";"None";"nan";"None";"nan";"None";"None";"None";"None";"1";"2";"Appartement";"134.0";"5.0";"None";"None";"None";"None";"nan";"7.239451";"43.691055";"000MP"
"2022-60406";"2022-06-23";"1";"Vente";"440000.0";"39.0";"None";"AV AIME MARTIN";"0050";"06200";"06088";"Nice";"06";"None";"None";"06088000MP0393";"None";"None";"943";"nan";"None";"nan";"None";"nan";"None";"None";"None";"None";"1";"2";"Appartement";"97.0";"3.0";"None";"None";"None";"None";"nan";"7.239451";"43.691055";"000MP"
"2022-60406";"2022-06-23";"1";"Vente";"440000.0";"39.0";"None";"AV AIME MARTIN";"0050";"06200";"06088";"Nice";"06";"None";"None";"06088000MP0393";"None";"None";"943";"nan";"None";"nan";"None";"nan";"None";"None";"None";"None";"1";"3";"Dépendance";"nan";"0.0";"None";"None";"None";"None";"nan";"7.239451";"43.691055";"000MP"
"2022-60406";"2022-06-23";"1";"Vente";"440000.0";"39.0";"None";"AV AIME MARTIN";"0050";"06200";"06088";"Nice";"06";"None";"None";"06088000MP0393";"None";"None";"993";"nan";"None";"nan";"None";"nan";"None";"None";"None";"None";"1";"3";"Dépendance";"nan";"0.0";"None";"None";"None";"None";"nan";"7.239451";"43.691055";"000MP"
"2022-60559";"2022-06-20";"1";"Vente";"250000.0";"23.0";"None";"BD MAGNAN";"3875";"06200";"06088";"Nice";"06";"None";"None";"06088000MP0086";"None";"None";"35";"nan";"82";"63.25";"None";"nan";"None";"None";"None";"None";"2";"2";"Appartement";"62.0";"2.0";"None";"None";"None";"None";"nan";"7.240812";"43.692554";"000MP"
"2022-61102";"2022-06-20";"1";"Vente";"175000.0";"43.0";"None";"AV DE LA CALIFORNIE";"1045";"06200";"06088";"Nice";"06";"None";"None";"06088000MP0253";"None";"None";"13";"nan";"38";"42.27";"None";"nan";"None";"None";"None";"None";"2";"2";"Appartement";"43.0";"1.0";"None";"None";"None";"None";"nan";"7.242214";"43.689909";"000MP"
"2022-60559";"2022-06-20";"1";"Vente";"250000.0";"23.0";"None";"BD MAGNAN";"3875";"06200";"06088";"Nice";"06";"None";"None";"06088000MP0086";"None";"None";"35";"nan";"82";"63.25";"None";"nan";"None";"None";"None";"None";"2";"3";"Dépendance";"nan";"0.0";"None";"None";"None";"None";"nan";"7.240812";"43.692554";"000MP"
"2022-61102";"2022-06-20";"1";"Vente";"175000.0";"43.0";"None";"AV DE LA CALIFORNIE";"1045";"06200";"06088";"Nice";"06";"None";"None";"06088000MP0253";"None";"None";"13";"nan";"38";"42.27";"None";"nan";"None";"None";"None";"None";"2";"3";"Dépendance";"nan";"0.0";"None";"None";"None";"None";"nan";"7.242214";"43.689909";"000MP"
"2022-61551";"2022-06-15";"1";"Vente";"286000.0";"30.0";"None";"AV DE LA CALIFORNIE";"1045";"06200";"06088";"Nice";"06";"None";"None";"06088000MP0377";"None";"None";"137";"nan";"276";"47.02";"None";"nan";"None";"None";"None";"None";"2";"2";"Appartement";"48.0";"2.0";"None";"None";"None";"None";"nan";"7.241991";"43.69075";"000MP"
"2022-61551";"2022-06-15";"1";"Vente";"286000.0";"30.0";"None";"AV DE LA CALIFORNIE";"1045";"06200";"06088";"Nice";"06";"None";"None";"06088000MP0377";"None";"None";"218";"nan";"None";"nan";"None";"nan";"None";"None";"None";"None";"1";"3";"Dépendance";"nan";"0.0";"None";"None";"None";"None";"nan";"7.241991";"43.69075";"000MP"
"2022-61551";"2022-06-15";"1";"Vente";"286000.0";"30.0";"None";"AV DE LA CALIFORNIE";"1045";"06200";"06088";"Nice";"06";"None";"None";"06088000MP0377";"None";"None";"137";"nan";"276";"47.02";"None";"nan";"None";"None";"None";"None";"2";"3";"Dépendance";"nan";"0.0";"None";"None";"None";"None";"nan";"7.241991";"43.69075";"000MP"
"2022-61551";"2022-06-15";"1";"Vente";"286000.0";"30.0";"None";"AV DE LA CALIFORNIE";"1045";"06200";"06088";"Nice";"06";"None";"None";"06088000MP0377";"None";"None";"137";"nan";"276";"47.02";"None";"nan";"None";"None";"None";"None";"2";"3";"Dépendance";"nan";"0.0";"None";"None";"None";"None";"nan";"7.241991";"43.69075";"000MP"
"2022-60179";"2022-06-14";"1";"Vente";"149000.0";"20.0";"None";"AV DE LA CALIFORNIE";"1045";"06200";"06088";"Nice";"06";"None";"None";"06088000MP0495";"None";"None";"109";"27.7";"None";"nan";"None";"nan";"None";"None";"None";"None";"1";"2";"Appartement";"28.0";"1.0";"None";"None";"None";"None";"nan";"7.24336";"43.690968";"000MP"
"2022-60528";"2022-06-14";"1";"Vente";"343000.0";"6.0";"None";"AV DU PETIT FABRON";"4975";"06200";"06088";"Nice";"06";"None";"None";"06088000MP0427";"None";"None";"21";"nan";"40";"nan";"None";"nan";"None";"None";"None";"None";"2";"2";"Appartement";"96.0";"3.0";"None";"None";"None";"None";"nan";"7.239484";"43.690313";"000MP"
"2022-60290";"2022-06-14";"1";"Vente";"15000.0";"8.0";"T";"AV GLORIA";"2955";"06200";"06088";"Nice";"06";"None";"None";"06088000MP0185";"None";"None";"9";"nan";"None";"nan";"None";"nan";"None";"None";"None";"None";"1";"3";"Dépendance";"nan";"0.0";"None";"None";"None";"None";"nan";"7.24317";"43.691719";"000MP"
"2022-60528";"2022-06-14";"1";"Vente";"343000.0";"6.0";"None";"AV DU PETIT FABRON";"4975";"06200";"06088";"Nice";"06";"None";"None";"06088000MP0427";"None";"None";"75";"nan";"None";"nan";"None";"nan";"None";"None";"None";"None";"1";"3";"Dépendance";"nan";"0.0";"None";"None";"None";"None";"nan";"7.239484";"43.690313";"000MP"
"2022-60528";"2022-06-14";"1";"Vente";"343000.0";"6.0";"None";"AV DU PETIT FABRON";"4975";"06200";"06088";"Nice";"06";"None";"None";"06088000MP0427";"None";"None";"21";"nan";"40";"nan";"None";"nan";"None";"None";"None";"None";"2";"3";"Dépendance";"nan";"0.0";"None";"None";"None";"None";"nan";"7.239484";"43.690313";"000MP"
"2022-59986";"2022-06-13";"1";"Vente";"30000.0";"2.0";"None";"RUE CORDERIE";"1690";"06200";"06088";"Nice";"06";"None";"None";"06088000MP0491";"None";"None";"204";"nan";"None";"nan";"None";"nan";"None";"None";"None";"None";"1";"3";"Dépendance";"nan";"0.0";"None";"None";"None";"None";"nan";"7.244066";"43.691389";"000MP"
"2022-60301";"2022-06-13";"1";"Vente";"15000.0";"8.0";"B";"AV GLORIA";"2955";"06200";"06088";"Nice";"06";"None";"None";"06088000MP0304";"None";"None";"60";"nan";"None";"nan";"None";"nan";"None";"None";"None";"None";"1";"3";"Dépendance";"nan";"0.0";"None";"None";"None";"None";"nan";"7.243226";"43.691569";"000MP"
"2022-60340";"2022-06-13";"1";"Vente";"20000.0";"61.0";"None";"BD EDOUARD HERRIOT";"2188";"06200";"06088";"Nice";"06";"None";"None";"06088000MP0038";"None";"None";"74";"nan";"None";"nan";"None";"nan";"None";"None";"None";"None";"1";"3";"Dépendance";"nan";"0.0";"None";"None";"None";"None";"nan";"7.240062";"43.69275";"000MP"
"2022-59511";"2022-06-10";"1";"Vente";"223000.0";"26.0";"None";"AV AIME MARTIN";"0050";"06200";"06088";"Nice";"06";"None";"None";"06088000MP0089";"None";"None";"2";"nan";"None";"nan";"None";"nan";"None";"None";"None";"None";"1";"2";"Appartement";"52.0";"2.0";"None";"None";"None";"None";"nan";"7.241393";"43.692538";"000MP"
"2022-59959";"2022-06-10";"1";"Vente";"590000.0";"143.0";"None";"PROM DES ANGLAIS";"0240";"06200";"06088";"Nice";"06";"None";"None";"06088000MP0293";"None";"None";"21";"nan";"87";"55.88";"None";"nan";"None";"None";"None";"None";"2";"2";"Appartement";"64.0";"2.0";"None";"None";"None";"None";"nan";"7.242594";"43.689703";"000MP"
"2022-60269";"2022-06-10";"1";"Vente";"344000.0";"39.0";"None";"AV AIME MARTIN";"0050";"06200";"06088";"Nice";"06";"None";"None";"06088000MP0393";"None";"None";"793";"nan";"None";"nan";"None";"nan";"None";"None";"None";"None";"1";"2";"Appartement";"125.0";"5.0";"None";"None";"None";"None";"nan";"7.239451";"43.691055";"000MP"
"2022-60269";"2022-06-10";"1";"Vente";"344000.0";"39.0";"None";"AV AIME MARTIN";"0050";"06200";"06088";"Nice";"06";"None";"None";"06088000MP0393";"None";"None";"855";"nan";"None";"nan";"None";"nan";"None";"None";"None";"None";"1";"2";"Appartement";"73.0";"3.0";"None";"None";"None";"None";"nan";"7.239451";"43.691055";"000MP"
"2022-61009";"2022-06-10";"1";"Vente";"114000.0";"54.0";"None";"AV DE LA CALIFORNIE";"1045";"06200";"06088";"Nice";"06";"None";"None";"06088000MP0244";"None";"None";"61";"27.6";"None";"nan";"None";"nan";"None";"None";"None";"None";"1";"2";"Appartement";"27.0";"1.0";"None";"None";"None";"None";"nan";"7.240503";"43.689604";"000MP"
"2022-60269";"2022-06-10";"1";"Vente";"344000.0";"39.0";"None";"AV AIME MARTIN";"0050";"06200";"06088";"Nice";"06";"None";"None";"06088000MP0393";"None";"None";"766";"nan";"None";"nan";"None";"nan";"None";"None";"None";"None";"1";"3";"Dépendance";"nan";"0.0";"None";"None";"None";"None";"nan";"7.239451";"43.691055";"000MP"
"2022-60269";"2022-06-10";"1";"Vente";"344000.0";"39.0";"None";"AV AIME MARTIN";"0050";"06200";"06088";"Nice";"06";"None";"None";"06088000MP0393";"None";"None";"855";"nan";"None";"nan";"None";"nan";"None";"None";"None";"None";"1";"3";"Dépendance";"nan";"0.0";"None";"None";"None";"None";"nan";"7.239451";"43.691055";"000MP"
"2022-60269";"2022-06-10";"1";"Vente";"344000.0";"39.0";"None";"AV AIME MARTIN";"0050";"06200";"06088";"Nice";"06";"None";"None";"06088000MP0393";"None";"None";"793";"nan";"None";"nan";"None";"nan";"None";"None";"None";"None";"1";"3";"Dépendance";"nan";"0.0";"None";"None";"None";"None";"nan";"7.239451";"43.691055";"000MP"
"2022-60269";"2022-06-10";"1";"Vente";"344000.0";"39.0";"None";"AV AIME MARTIN";"0050";"06200";"06088";"Nice";"06";"None";"None";"06088000MP0393";"None";"None";"855";"nan";"None";"nan";"None";"nan";"None";"None";"None";"None";"1";"3";"Dépendance";"nan";"0.0";"None";"None";"None";"None";"nan";"7.239451";"43.691055";"000MP"
"2022-60293";"2022-06-08";"1";"Vente";"90000.0";"50.0";"None";"AV DE LA CALIFORNIE";"1045";"06200";"06088";"Nice";"06";"None";"None";"06088000MP0351";"None";"None";"5";"nan";"None";"nan";"None";"nan";"None";"None";"None";"None";"1";"2";"Appartement";"50.0";"2.0";"None";"None";"None";"None";"nan";"7.240797";"43.689892";"000MP"
"2022-60612";"2022-06-02";"1";"Vente";"148000.0";"17.0";"None";"AV DE LA CALIFORNIE";"1045";"06200";"06088";"Nice";"06";"None";"None";"06088000MP0262";"None";"None";"39";"21.34";"None";"nan";"None";"nan";"None";"None";"None";"None";"1";"2";"Appartement";"21.0";"1.0";"None";"None";"None";"None";"nan";"7.243473";"43.690503";"000MP"
"2022-59878";"2022-06-01";"1";"Vente";"334600.0";"39.0";"None";"AV AIME MARTIN";"0050";"06200";"06088";"Nice";"06";"None";"None";"06088000MP0393";"None";"None";"551";"nan";"583";"nan";"None";"nan";"None";"None";"None";"None";"2";"2";"Appartement";"70.0";"3.0";"None";"None";"None";"None";"nan";"7.239451";"43.691055";"000MP"
"2022-59807";"2022-06-01";"1";"Vente";"25000.0";"39.0";"None";"AV AIME MARTIN";"0050";"06200";"06088";"Nice";"06";"None";"None";"06088000MP0393";"None";"None";"719";"nan";"None";"nan";"None";"nan";"None";"None";"None";"None";"1";"3";"Dépendance";"nan";"0.0";"None";"None";"None";"None";"nan";"7.239451";"43.691055";"000MP"
"2022-59878";"2022-06-01";"1";"Vente";"334600.0";"39.0";"None";"AV AIME MARTIN";"0050";"06200";"06088";"Nice";"06";"None";"None";"06088000MP0393";"None";"None";"551";"nan";"583";"nan";"None";"nan";"None";"None";"None";"None";"2";"3";"Dépendance";"nan";"0.0";"None";"None";"None";"None";"nan";"7.239451";"43.691055";"000MP"
"2022-59315";"2022-05-31";"1";"Vente";"336450.0";"6.0";"B";"AV GLORIA";"2955";"06200";"06088";"Nice";"06";"None";"None";"06088000MP0187";"None";"None";"12";"111.03";"39";"nan";"None";"nan";"None";"None";"None";"None";"2";"2";"Appartement";"100.0";"4.0";"None";"None";"None";"None";"nan";"7.243515";"43.691917";"000MP"
"2022-59686";"2022-05-31";"1";"Vente";"487000.0";"39.0";"None";"AV AIME MARTIN";"0050";"06200";"06088";"Nice";"06";"None";"None";"06088000MP0393";"None";"None";"925";"nan";"973";"nan";"None";"nan";"None";"None";"None";"None";"2";"2";"Appartement";"120.0";"5.0";"None";"None";"None";"None";"nan";"7.239451";"43.691055";"000MP"
"2022-59315";"2022-05-31";"1";"Vente";"336450.0";"6.0";"B";"AV GLORIA";"2955";"06200";"06088";"Nice";"06";"None";"None";"06088000MP0187";"None";"None";"12";"111.03";"39";"nan";"None";"nan";"None";"None";"None";"None";"2";"3";"Dépendance";"nan";"0.0";"None";"None";"None";"None";"nan";"7.243515";"43.691917";"000MP"
"2022-59686";"2022-05-31";"1";"Vente";"487000.0";"39.0";"None";"AV AIME MARTIN";"0050";"06200";"06088";"Nice";"06";"None";"None";"06088000MP0393";"None";"None";"874";"nan";"None";"nan";"None";"nan";"None";"None";"None";"None";"1";"3";"Dépendance";"nan";"0.0";"None";"None";"None";"None";"nan";"7.239451";"43.691055";"000MP"
"2022-59686";"2022-05-31";"1";"Vente";"487000.0";"39.0";"None";"AV AIME MARTIN";"0050";"06200";"06088";"Nice";"06";"None";"None";"06088000MP0393";"None";"None";"925";"nan";"973";"nan";"None";"nan";"None";"None";"None";"None";"2";"3";"Dépendance";"nan";"0.0";"None";"None";"None";"None";"nan";"7.239451";"43.691055";"000MP"
"2022-59686";"2022-05-31";"1";"Vente";"487000.0";"39.0";"None";"AV AIME MARTIN";"0050";"06200";"06088";"Nice";"06";"None";"None";"06088000MP0393";"None";"None";"925";"nan";"973";"nan";"None";"nan";"None";"None";"None";"None";"2";"3";"Dépendance";"nan";"0.0";"None";"None";"None";"None";"nan";"7.239451";"43.691055";"000MP"
"2022-58464";"2022-05-24";"1";"Vente";"82000.0";"6.0";"None";"RUE SAINT HONORE";"5770";"06200";"06088";"Nice";"06";"None";"None";"06088000MP0056";"None";"None";"10";"29.44";"None";"nan";"None";"nan";"None";"None";"None";"None";"1";"2";"Appartement";"30.0";"1.0";"None";"None";"None";"None";"nan";"7.241592";"43.693344";"000MP"
"2022-58980";"2022-05-24";"1";"Vente";"220000.0";"93.0";"None";"BD EDOUARD HERRIOT";"2188";"06200";"06088";"Nice";"06";"None";"None";"06088000MP0167";"None";"None";"488";"nan";"532";"nan";"None";"nan";"None";"None";"None";"None";"2";"2";"Appartement";"116.0";"3.0";"None";"None";"None";"None";"nan";"7.237443";"43.690451";"000MP"
"2022-58980";"2022-05-24";"1";"Vente";"220000.0";"93.0";"None";"BD EDOUARD HERRIOT";"2188";"06200";"06088";"Nice";"06";"None";"None";"06088000MP0167";"None";"None";"488";"nan";"532";"nan";"None";"nan";"None";"None";"None";"None";"2";"3";"Dépendance";"nan";"0.0";"None";"None";"None";"None";"nan";"7.237443";"43.690451";"000MP"
"2022-58980";"2022-05-24";"1";"Vente";"220000.0";"93.0";"None";"BD EDOUARD HERRIOT";"2188";"06200";"06088";"Nice";"06";"None";"None";"06088000MP0167";"None";"None";"488";"nan";"532";"nan";"None";"nan";"None";"None";"None";"None";"2";"3";"Dépendance";"nan";"0.0";"None";"None";"None";"None";"nan";"7.237443";"43.690451";"000MP"
"2022-58423";"2022-05-20";"1";"Vente";"40000.0";"39.0";"None";"AV AIME MARTIN";"0050";"06200";"06088";"Nice";"06";"None";"None";"06088000MP0393";"None";"None";"886";"nan";"None";"nan";"None";"nan";"None";"None";"None";"None";"1";"3";"Dépendance";"nan";"0.0";"None";"None";"None";"None";"nan";"7.239451";"43.691055";"000MP"
"2022-58454";"2022-05-18";"1";"Vente";"110000.0";"35.0";"None";"BD CARLONE";"1140";"06200";"06088";"Nice";"06";"None";"None";"06088000MP0419";"None";"None";"35";"18.84";"None";"nan";"None";"nan";"None";"None";"None";"None";"1";"2";"Appartement";"19.0";"1.0";"None";"None";"None";"None";"nan";"7.240023";"43.693328";"000MP"
"2022-58619";"2022-05-17";"1";"Vente";"166000.0";"43.0";"None";"AV DE LA CALIFORNIE";"1045";"06200";"06088";"Nice";"06";"None";"None";"06088000MP0253";"None";"None";"29";"nan";"4";"nan";"None";"nan";"None";"None";"None";"None";"2";"2";"Appartement";"42.0";"2.0";"None";"None";"None";"None";"nan";"7.242214";"43.689909";"000MP"
"2022-58472";"2022-05-17";"1";"Vente";"40000.0";"39.0";"None";"AV AIME MARTIN";"0050";"06200";"06088";"Nice";"06";"None";"None";"06088000MP0393";"None";"None";"351";"nan";"None";"nan";"None";"nan";"None";"None";"None";"None";"1";"3";"Dépendance";"nan";"0.0";"None";"None";"None";"None";"nan";"7.239451";"43.691055";"000MP"
"2022-58619";"2022-05-17";"1";"Vente";"166000.0";"43.0";"None";"AV DE LA CALIFORNIE";"1045";"06200";"06088";"Nice";"06";"None";"None";"06088000MP0253";"None";"None";"29";"nan";"4";"nan";"None";"nan";"None";"None";"None";"None";"2";"3";"Dépendance";"nan";"0.0";"None";"None";"None";"None";"nan";"7.242214";"43.689909";"000MP"
"2022-58213";"2022-05-16";"1";"Vente";"335000.0";"9.0";"None";"AV GLORIA";"2955";"06200";"06088";"Nice";"06";"None";"None";"06088000MP0491";"None";"None";"242";"69.03";"None";"nan";"None";"nan";"None";"None";"None";"None";"1";"2";"Appartement";"70.0";"3.0";"None";"None";"None";"None";"nan";"7.244066";"43.691389";"000MP"
"2022-59608";"2022-05-16";"1";"Vente";"130000.0";"36.0";"None";"AV DE LA CALIFORNIE";"1045";"06200";"06088";"Nice";"06";"None";"None";"06088000MP0476";"None";"None";"108";"nan";"None";"nan";"None";"nan";"None";"None";"None";"None";"1";"2";"Appartement";"32.0";"1.0";"None";"None";"None";"None";"nan";"7.241609";"43.690264";"000MP"
"2022-59608";"2022-05-16";"1";"Vente";"130000.0";"36.0";"None";"AV DE LA CALIFORNIE";"1045";"06200";"06088";"Nice";"06";"None";"None";"06088000MP0476";"None";"None";"108";"nan";"None";"nan";"None";"nan";"None";"None";"None";"None";"1";"3";"Dépendance";"nan";"0.0";"None";"None";"None";"None";"nan";"7.241609";"43.690264";"000MP"
"2022-58457";"2022-05-13";"1";"Vente";"173700.0";"8.0";"B";"AV GLORIA";"2955";"06200";"06088";"Nice";"06";"None";"None";"06088000MP0304";"None";"None";"43";"53.45";"None";"nan";"None";"nan";"None";"None";"None";"None";"1";"2";"Appartement";"52.0";"2.0";"None";"None";"None";"None";"nan";"7.243226";"43.691569";"000MP"
"2022-57802";"2022-05-13";"1";"Vente";"17500.0";"19.0";"None";"AV DE BELLET";"0735";"06200";"06088";"Nice";"06";"None";"None";"06088000MP0193";"None";"None";"49";"nan";"None";"nan";"None";"nan";"None";"None";"None";"None";"1";"3";"Dépendance";"nan";"0.0";"None";"None";"None";"None";"nan";"7.24389";"43.692369";"000MP"
"2022-58457";"2022-05-13";"1";"Vente";"173700.0";"8.0";"B";"AV GLORIA";"2955";"06200";"06088";"Nice";"06";"None";"None";"06088000MP0304";"None";"None";"43";"53.45";"None";"nan";"None";"nan";"None";"None";"None";"None";"1";"3";"Dépendance";"nan";"0.0";"None";"None";"None";"None";"nan";"7.243226";"43.691569";"000MP"
"2022-58664";"2022-05-13";"2";"Vente";"90000.0";"nan";"None";"AV AIME MARTIN";"0050";"06200";"06088";"Nice";"06";"None";"None";"06088000MP0504";"None";"None";"None";"nan";"None";"nan";"None";"nan";"None";"None";"None";"None";"0";"None";"None";"nan";"nan";"S";"sols";"None";"None";"113.0";"7.242034";"43.692039";"000MP"
"2022-57833";"2022-05-09";"1";"Vente";"258500.0";"36.0";"None";"AV DE LA CALIFORNIE";"1045";"06200";"06088";"Nice";"06";"None";"None";"06088000MP0476";"None";"None";"127";"65.81";"59";"nan";"None";"nan";"None";"None";"None";"None";"2";"2";"Appartement";"67.0";"3.0";"None";"None";"None";"None";"nan";"7.241609";"43.690264";"000MP"
"2022-58362";"2022-05-09";"1";"Vente";"238000.0";"7.0";"None";"AV GLORIA";"2955";"06200";"06088";"Nice";"06";"None";"None";"06088000MP0491";"None";"None";"270";"nan";"None";"nan";"None";"nan";"None";"None";"None";"None";"1";"2";"Appartement";"43.0";"2.0";"None";"None";"None";"None";"nan";"7.244066";"43.691389";"000MP"
"2022-57833";"2022-05-09";"1";"Vente";"258500.0";"36.0";"None";"AV DE LA CALIFORNIE";"1045";"06200";"06088";"Nice";"06";"None";"None";"06088000MP0476";"None";"None";"127";"65.81";"59";"nan";"None";"nan";"None";"None";"None";"None";"2";"3";"Dépendance";"nan";"0.0";"None";"None";"None";"None";"nan";"7.241609";"43.690264";"000MP"
"2022-57833";"2022-05-09";"1";"Vente";"258500.0";"36.0";"None";"AV DE LA CALIFORNIE";"1045";"06200";"06088";"Nice";"06";"None";"None";"06088000MP0476";"None";"None";"30";"nan";"None";"nan";"None";"nan";"None";"None";"None";"None";"1";"3";"Dépendance";"nan";"0.0";"None";"None";"None";"None";"nan";"7.241609";"43.690264";"000MP"
"2022-57833";"2022-05-09";"1";"Vente";"258500.0";"36.0";"None";"AV DE LA CALIFORNIE";"1045";"06200";"06088";"Nice";"06";"None";"None";"06088000MP0476";"None";"None";"127";"65.81";"59";"nan";"None";"nan";"None";"None";"None";"None";"2";"3";"Dépendance";"nan";"0.0";"None";"None";"None";"None";"nan";"7.241609";"43.690264";"000MP"
"2022-58475";"2022-05-06";"1";"Vente";"110000.0";"11.0";"None";"AV DE LA CALIFORNIE";"1045";"06200";"06088";"Nice";"06";"None";"None";"06088000MP0265";"None";"None";"38";"nan";"8";"nan";"None";"nan";"None";"None";"None";"None";"2";"2";"Appartement";"26.0";"2.0";"None";"None";"None";"None";"nan";"7.244172";"43.690736";"000MP"
"2022-58475";"2022-05-06";"1";"Vente";"110000.0";"11.0";"None";"AV DE LA CALIFORNIE";"1045";"06200";"06088";"Nice";"06";"None";"None";"06088000MP0265";"None";"None";"38";"nan";"8";"nan";"None";"nan";"None";"None";"None";"None";"2";"3";"Dépendance";"nan";"0.0";"None";"None";"None";"None";"nan";"7.244172";"43.690736";"000MP"
"2022-57443";"2022-05-04";"1";"Vente";"160000.0";"9.0";"None";"BD CARLONE";"1140";"06200";"06088";"Nice";"06";"None";"None";"06088000MP0062";"None";"None";"25";"45.26";"8";"nan";"None";"nan";"None";"None";"None";"None";"2";"2";"Appartement";"23.0";"1.0";"None";"None";"None";"None";"nan";"7.242177";"43.693504";"000MP"
"2022-57443";"2022-05-04";"1";"Vente";"160000.0";"9.0";"None";"BD CARLONE";"1140";"06200";"06088";"Nice";"06";"None";"None";"06088000MP0062";"None";"None";"14";"nan";"None";"nan";"None";"nan";"None";"None";"None";"None";"1";"3";"Dépendance";"nan";"0.0";"None";"None";"None";"None";"nan";"7.242177";"43.693504";"000MP"
"2022-57443";"2022-05-04";"1";"Vente";"160000.0";"9.0";"None";"BD CARLONE";"1140";"06200";"06088";"Nice";"06";"None";"None";"06088000MP0062";"None";"None";"1";"nan";"None";"nan";"None";"nan";"None";"None";"None";"None";"1";"3";"Dépendance";"nan";"0.0";"None";"None";"None";"None";"nan";"7.242177";"43.693504";"000MP"
"2022-57443";"2022-05-04";"1";"Vente";"160000.0";"9.0";"None";"BD CARLONE";"1140";"06200";"06088";"Nice";"06";"None";"None";"06088000MP0062";"None";"None";"2";"nan";"None";"nan";"None";"nan";"None";"None";"None";"None";"1";"3";"Dépendance";"nan";"0.0";"None";"None";"None";"None";"nan";"7.242177";"43.693504";"000MP"
"2022-57443";"2022-05-04";"1";"Vente";"160000.0";"9.0";"None";"BD CARLONE";"1140";"06200";"06088";"Nice";"06";"None";"None";"06088000MP0062";"None";"None";"25";"45.26";"7";"nan";"None";"nan";"None";"None";"None";"None";"2";"4";"Local industriel. commercial ou assimilé";"49.0";"0.0";"None";"None";"None";"None";"nan";"7.242177";"43.693504";"000MP"
"2022-58276";"2022-05-03";"1";"Vente";"150000.0";"35.0";"None";"AV DE LA CALIFORNIE";"1045";"06200";"06088";"Nice";"06";"None";"None";"06088000MP0257";"None";"None";"46";"29.42";"None";"nan";"None";"nan";"None";"None";"None";"None";"1";"2";"Appartement";"33.0";"1.0";"None";"None";"None";"None";"nan";"7.242788";"43.690095";"000MP"
"2022-57761";"2022-04-29";"1";"Vente";"300000.0";"11.0";"None";"RUE SAINT HONORE";"5770";"06200";"06088";"Nice";"06";"None";"None";"06088000MP0043";"None";"None";"3";"nan";"None";"nan";"None";"nan";"None";"None";"None";"None";"1";"4";"Local industriel. commercial ou assimilé";"364.0";"0.0";"None";"None";"None";"None";"nan";"7.240931";"43.692943";"000MP"
"2022-57599";"2022-04-28";"1";"Vente";"130000.0";"7.0";"None";"AV GLORIA";"2955";"06200";"06088";"Nice";"06";"None";"None";"06088000MP0491";"None";"None";"263";"24.32";"None";"nan";"None";"nan";"None";"None";"None";"None";"1";"2";"Appartement";"24.0";"1.0";"None";"None";"None";"None";"nan";"7.244066";"43.691389";"000MP"
"2022-57473";"2022-04-28";"1";"Vente";"30000.0";"18.0";"None";"BD MAGNAN";"3875";"06200";"06088";"Nice";"06";"None";"None";"06088000MP0497";"None";"None";"8";"nan";"None";"nan";"None";"nan";"None";"None";"None";"None";"1";"3";"Dépendance";"nan";"0.0";"None";"None";"None";"None";"nan";"7.241279";"43.692951";"000MP"
"2022-57196";"2022-04-27";"1";"Vente";"210000.0";"24.0";"None";"AV DE LA CALIFORNIE";"1045";"06200";"06088";"Nice";"06";"None";"None";"06088000MP0482";"None";"None";"152";"57.21";"179";"nan";"None";"nan";"None";"None";"None";"None";"2";"2";"Appartement";"55.0";"3.0";"None";"None";"None";"None";"nan";"7.24279";"43.691002";"000MP"
"2022-57829";"2022-04-27";"1";"Vente";"120000.0";"9001.0";"None";"AV MONT RABEAU";"4390";"06200";"06088";"Nice";"06";"None";"None";"06088000MP0167";"None";"None";"1209";"nan";"1235";"33.58";"None";"nan";"None";"None";"None";"None";"2";"2";"Appartement";"34.0";"1.0";"None";"None";"None";"None";"nan";"7.237443";"43.690451";"000MP"
"2022-57831";"2022-04-27";"1";"Vente";"108000.0";"9001.0";"None";"AV MONT RABEAU";"4390";"06200";"06088";"Nice";"06";"None";"None";"06088000MP0167";"None";"None";"1211";"nan";"1252";"34.01";"None";"nan";"None";"None";"None";"None";"2";"2";"Appartement";"34.0";"1.0";"None";"None";"None";"None";"nan";"7.237443";"43.690451";"000MP"
"2022-57196";"2022-04-27";"1";"Vente";"210000.0";"24.0";"None";"AV DE LA CALIFORNIE";"1045";"06200";"06088";"Nice";"06";"None";"None";"06088000MP0482";"None";"None";"152";"57.21";"179";"nan";"None";"nan";"None";"None";"None";"None";"2";"3";"Dépendance";"nan";"0.0";"None";"None";"None";"None";"nan";"7.24279";"43.691002";"000MP"
"2022-57829";"2022-04-27";"1";"Vente";"120000.0";"9001.0";"None";"AV MONT RABEAU";"4390";"06200";"06088";"Nice";"06";"None";"None";"06088000MP0167";"None";"None";"1209";"nan";"1235";"33.58";"None";"nan";"None";"None";"None";"None";"2";"3";"Dépendance";"nan";"0.0";"None";"None";"None";"None";"nan";"7.237443";"43.690451";"000MP"
"2022-57831";"2022-04-27";"1";"Vente";"108000.0";"9001.0";"None";"AV MONT RABEAU";"4390";"06200";"06088";"Nice";"06";"None";"None";"06088000MP0167";"None";"None";"1211";"nan";"1252";"34.01";"None";"nan";"None";"None";"None";"None";"2";"3";"Dépendance";"nan";"0.0";"None";"None";"None";"None";"nan";"7.237443";"43.690451";"000MP"
"2022-57350";"2022-04-26";"1";"Vente";"615000.0";"46.0";"None";"AV AIME MARTIN";"0050";"06200";"06088";"Nice";"06";"None";"None";"06088000MP0160";"None";"None";"None";"nan";"None";"nan";"None";"nan";"None";"None";"None";"None";"0";"1";"Maison";"96.0";"4.0";"S";"sols";"None";"None";"502.0";"7.238731";"43.691889";"000MP"
"2022-57350";"2022-04-26";"1";"Vente";"615000.0";"46.0";"None";"AV AIME MARTIN";"0050";"06200";"06088";"Nice";"06";"None";"None";"06088000MP0160";"None";"None";"None";"nan";"None";"nan";"None";"nan";"None";"None";"None";"None";"0";"3";"Dépendance";"nan";"0.0";"S";"sols";"None";"None";"502.0";"7.238731";"43.691889";"000MP"
"2022-56855";"2022-04-25";"1";"Vente";"775000.0";"93.0";"None";"BD EDOUARD HERRIOT";"2188";"06200";"06088";"Nice";"06";"None";"None";"06088000MP0167";"None";"None";"552";"nan";"626";"84.12";"None";"nan";"None";"None";"None";"None";"2";"2";"Appartement";"81.0";"2.0";"None";"None";"None";"None";"nan";"7.237443";"43.690451";"000MP"
"2022-57066";"2022-04-25";"1";"Vente";"106000.0";"35.0";"None";"BD CARLONE";"1140";"06200";"06088";"Nice";"06";"None";"None";"06088000MP0419";"None";"None";"42";"nan";"None";"nan";"None";"nan";"None";"None";"None";"None";"1";"2";"Appartement";"32.0";"2.0";"None";"None";"None";"None";"nan";"7.240023";"43.693328";"000MP"
"2022-56855";"2022-04-25";"1";"Vente";"775000.0";"93.0";"None";"BD EDOUARD HERRIOT";"2188";"06200";"06088";"Nice";"06";"None";"None";"06088000MP0167";"None";"None";"552";"nan";"626";"84.12";"None";"nan";"None";"None";"None";"None";"2";"3";"Dépendance";"nan";"0.0";"None";"None";"None";"None";"nan";"7.237443";"43.690451";"000MP"
"2022-56855";"2022-04-25";"1";"Vente";"775000.0";"93.0";"None";"BD EDOUARD HERRIOT";"2188";"06200";"06088";"Nice";"06";"None";"None";"06088000MP0167";"None";"None";"722";"nan";"None";"nan";"None";"nan";"None";"None";"None";"None";"1";"3";"Dépendance";"nan";"0.0";"None";"None";"None";"None";"nan";"7.237443";"43.690451";"000MP"
"2022-56855";"2022-04-25";"1";"Vente";"775000.0";"93.0";"None";"BD EDOUARD HERRIOT";"2188";"06200";"06088";"Nice";"06";"None";"None";"06088000MP0167";"None";"None";"552";"nan";"626";"84.12";"None";"nan";"None";"None";"None";"None";"2";"3";"Dépendance";"nan";"0.0";"None";"None";"None";"None";"nan";"7.237443";"43.690451";"000MP"
"2022-57066";"2022-04-25";"1";"Vente";"106000.0";"35.0";"None";"BD CARLONE";"1140";"06200";"06088";"Nice";"06";"None";"None";"06088000MP0419";"None";"None";"17";"nan";"None";"nan";"None";"nan";"None";"None";"None";"None";"1";"3";"Dépendance";"nan";"0.0";"None";"None";"None";"None";"nan";"7.240023";"43.693328";"000MP"
"2022-56906";"2022-04-19";"1";"Vente";"330000.0";"39.0";"None";"AV AIME MARTIN";"0050";"06200";"06088";"Nice";"06";"None";"None";"06088000MP0393";"None";"None";"133";"nan";"154";"86.86";"None";"nan";"None";"None";"None";"None";"2";"2";"Appartement";"90.0";"4.0";"None";"None";"None";"None";"nan";"7.239451";"43.691055";"000MP"
"2022-56906";"2022-04-19";"1";"Vente";"330000.0";"39.0";"None";"AV AIME MARTIN";"0050";"06200";"06088";"Nice";"06";"None";"None";"06088000MP0393";"None";"None";"106";"nan";"None";"nan";"None";"nan";"None";"None";"None";"None";"1";"3";"Dépendance";"nan";"0.0";"None";"None";"None";"None";"nan";"7.239451";"43.691055";"000MP"
"2022-56906";"2022-04-19";"1";"Vente";"330000.0";"39.0";"None";"AV AIME MARTIN";"0050";"06200";"06088";"Nice";"06";"None";"None";"06088000MP0393";"None";"None";"133";"nan";"154";"86.86";"None";"nan";"None";"None";"None";"None";"2";"3";"Dépendance";"nan";"0.0";"None";"None";"None";"None";"nan";"7.239451";"43.691055";"000MP"
"2022-57211";"2022-04-15";"1";"Vente";"535000.0";"39.0";"None";"AV AIME MARTIN";"0050";"06200";"06088";"Nice";"06";"None";"None";"06088000MP0393";"None";"None";"643";"nan";"655";"112.34";"None";"nan";"None";"None";"None";"None";"2";"2";"Appartement";"112.0";"5.0";"None";"None";"None";"None";"nan";"7.239451";"43.691055";"000MP"
"2022-57211";"2022-04-15";"1";"Vente";"535000.0";"39.0";"None";"AV AIME MARTIN";"0050";"06200";"06088";"Nice";"06";"None";"None";"06088000MP0393";"None";"None";"643";"nan";"655";"112.34";"None";"nan";"None";"None";"None";"None";"2";"3";"Dépendance";"nan";"0.0";"None";"None";"None";"None";"nan";"7.239451";"43.691055";"000MP"
"2022-56559";"2022-04-14";"1";"Vente";"251740.0";"26.0";"None";"AV DE LA CALIFORNIE";"1045";"06200";"06088";"Nice";"06";"None";"None";"06088000MP0379";"None";"None";"39";"nan";"79";"49.81";"None";"nan";"None";"None";"None";"None";"2";"2";"Appartement";"34.0";"1.0";"None";"None";"None";"None";"nan";"7.242407";"43.690616";"000MP"
"2022-57165";"2022-04-14";"1";"Vente";"90000.0";"6.0";"T";"AV GLORIA";"2955";"06200";"06088";"Nice";"06";"None";"None";"06088000MP0186";"None";"None";"37";"nan";"None";"nan";"None";"nan";"None";"None";"None";"None";"1";"2";"Appartement";"24.0";"1.0";"None";"None";"None";"None";"nan";"7.243504";"43.691714";"000MP"
"2022-56559";"2022-04-14";"1";"Vente";"251740.0";"26.0";"None";"AV DE LA CALIFORNIE";"1045";"06200";"06088";"Nice";"06";"None";"None";"06088000MP0379";"None";"None";"39";"nan";"79";"49.81";"None";"nan";"None";"None";"None";"None";"2";"3";"Dépendance";"nan";"0.0";"None";"None";"None";"None";"nan";"7.242407";"43.690616";"000MP"
"2022-56368";"2022-04-13";"1";"Vente";"163000.0";"49.0";"None";"AV DE LA CALIFORNIE";"1045";"06200";"06088";"Nice";"06";"None";"None";"06088000MP0251";"None";"None";"18";"nan";"30";"nan";"None";"nan";"None";"None";"None";"None";"2";"2";"Appartement";"43.0";"2.0";"None";"None";"None";"None";"nan";"7.24187";"43.689691";"000MP"
"2022-56368";"2022-04-13";"1";"Vente";"163000.0";"49.0";"None";"AV DE LA CALIFORNIE";"1045";"06200";"06088";"Nice";"06";"None";"None";"06088000MP0251";"None";"None";"18";"nan";"30";"nan";"None";"nan";"None";"None";"None";"None";"2";"3";"Dépendance";"nan";"0.0";"None";"None";"None";"None";"nan";"7.24187";"43.689691";"000MP"
"2022-56799";"2022-04-12";"1";"Vente";"240637.0";"23.0";"None";"BD MAGNAN";"3875";"06200";"06088";"Nice";"06";"None";"None";"06088000MP0086";"None";"None";"101";"74.51";"None";"nan";"None";"nan";"None";"None";"None";"None";"1";"2";"Appartement";"70.0";"3.0";"None";"None";"None";"None";"nan";"7.240812";"43.692554";"000MP"
"2022-56535";"2022-04-08";"1";"Vente";"135000.0";"49.0";"None";"AV DE LA CALIFORNIE";"1045";"06200";"06088";"Nice";"06";"None";"None";"06088000MP0251";"None";"None";"42";"37.02";"7";"nan";"None";"nan";"None";"None";"None";"None";"2";"2";"Appartement";"40.0";"2.0";"None";"None";"None";"None";"nan";"7.24187";"43.689691";"000MP"
"2022-56535";"2022-04-08";"1";"Vente";"135000.0";"49.0";"None";"AV DE LA CALIFORNIE";"1045";"06200";"06088";"Nice";"06";"None";"None";"06088000MP0251";"None";"None";"42";"37.02";"7";"nan";"None";"nan";"None";"None";"None";"None";"2";"3";"Dépendance";"nan";"0.0";"None";"None";"None";"None";"nan";"7.24187";"43.689691";"000MP"
"2022-55907";"2022-04-06";"1";"Vente";"385000.0";"39.0";"None";"AV AIME MARTIN";"0050";"06200";"06088";"Nice";"06";"None";"None";"06088000MP0393";"None";"None";"39";"nan";"63";"87.08";"None";"nan";"None";"None";"None";"None";"2";"2";"Appartement";"86.0";"4.0";"None";"None";"None";"None";"nan";"7.239451";"43.691055";"000MP"
"2022-56086";"2022-04-06";"1";"Vente";"280000.0";"20.0";"None";"AV DE LA CALIFORNIE";"1045";"06200";"06088";"Nice";"06";"None";"None";"06088000MP0495";"None";"None";"140";"26.2";"None";"nan";"None";"nan";"None";"None";"None";"None";"1";"2";"Appartement";"27.0";"1.0";"None";"None";"None";"None";"nan";"7.24336";"43.690968";"000MP"
"2022-55907";"2022-04-06";"1";"Vente";"385000.0";"39.0";"None";"AV AIME MARTIN";"0050";"06200";"06088";"Nice";"06";"None";"None";"06088000MP0393";"None";"None";"39";"nan";"63";"87.08";"None";"nan";"None";"None";"None";"None";"2";"3";"Dépendance";"nan";"0.0";"None";"None";"None";"None";"nan";"7.239451";"43.691055";"000MP"
"2022-56701";"2022-04-04";"1";"Vente";"191900.0";"26.0";"None";"BD MAGNAN";"3875";"06200";"06088";"Nice";"06";"None";"None";"06088000MP0037";"None";"None";"30";"nan";"50";"nan";"None";"nan";"None";"None";"None";"None";"2";"2";"Appartement";"36.0";"2.0";"None";"None";"None";"None";"nan";"7.240067";"43.692854";"000MP"
"2022-56969";"2022-04-04";"1";"Vente";"160000.0";"10.0";"None";"BD MAGNAN";"3875";"06200";"06088";"Nice";"06";"None";"None";"06088000MP0064";"None";"None";"25";"nan";"65";"56.95";"None";"nan";"None";"None";"None";"None";"2";"2";"Appartement";"56.0";"2.0";"None";"None";"None";"None";"nan";"7.242394";"43.69322";"000MP"
"2022-56701";"2022-04-04";"1";"Vente";"191900.0";"26.0";"None";"BD MAGNAN";"3875";"06200";"06088";"Nice";"06";"None";"None";"06088000MP0037";"None";"None";"44";"nan";"None";"nan";"None";"nan";"None";"None";"None";"None";"1";"3";"Dépendance";"nan";"0.0";"None";"None";"None";"None";"nan";"7.240067";"43.692854";"000MP"
"2022-56701";"2022-04-04";"1";"Vente";"191900.0";"26.0";"None";"BD MAGNAN";"3875";"06200";"06088";"Nice";"06";"None";"None";"06088000MP0037";"None";"None";"30";"nan";"50";"nan";"None";"nan";"None";"None";"None";"None";"2";"3";"Dépendance";"nan";"0.0";"None";"None";"None";"None";"nan";"7.240067";"43.692854";"000MP"
"2022-56701";"2022-04-04";"1";"Vente";"191900.0";"26.0";"None";"BD MAGNAN";"3875";"06200";"06088";"Nice";"06";"None";"None";"06088000MP0037";"None";"None";"30";"nan";"50";"nan";"None";"nan";"None";"None";"None";"None";"2";"3";"Dépendance";"nan";"0.0";"None";"None";"None";"None";"nan";"7.240067";"43.692854";"000MP"
"2022-55826";"2022-04-01";"1";"Vente";"208000.0";"12.0";"None";"AV DE LA CALIFORNIE";"1045";"06200";"06088";"Nice";"06";"None";"None";"06088000MP0491";"None";"None";"397";"33.47";"None";"nan";"None";"nan";"None";"None";"None";"None";"1";"4";"Local industriel. commercial ou assimilé";"54.0";"0.0";"None";"None";"None";"None";"nan";"7.244066";"43.691389";"000MP"
"2022-55598";"2022-03-30";"1";"Vente";"264000.0";"17.0";"None";"BD CARLONE";"1140";"06200";"06088";"Nice";"06";"None";"None";"06088000MP0057";"None";"None";"39";"nan";"79";"76.6";"None";"nan";"None";"None";"None";"None";"2";"2";"Appartement";"73.0";"3.0";"None";"None";"None";"None";"nan";"7.241667";"43.693494";"000MP"
"2022-55883";"2022-03-30";"1";"Vente";"440000.0";"39.0";"None";"AV AIME MARTIN";"0050";"06200";"06088";"Nice";"06";"None";"None";"06088000MP0393";"None";"None";"952";"116.59";"None";"nan";"None";"nan";"None";"None";"None";"None";"1";"2";"Appartement";"114.0";"5.0";"None";"None";"None";"None";"nan";"7.239451";"43.691055";"000MP"
"2022-56009";"2022-03-30";"1";"Vente";"79439.0";"21.0";"None";"AV AIME MARTIN";"0050";"06200";"06088";"Nice";"06";"None";"None";"06088000MP0135";"None";"None";"6";"nan";"None";"nan";"None";"nan";"None";"None";"None";"None";"1";"2";"Appartement";"18.0";"1.0";"None";"None";"None";"None";"nan";"7.241806";"43.692082";"000MP"
"2022-55598";"2022-03-30";"1";"Vente";"264000.0";"17.0";"None";"BD CARLONE";"1140";"06200";"06088";"Nice";"06";"None";"None";"06088000MP0057";"None";"None";"39";"nan";"79";"76.6";"None";"nan";"None";"None";"None";"None";"2";"3";"Dépendance";"nan";"0.0";"None";"None";"None";"None";"nan";"7.241667";"43.693494";"000MP"
"2022-55883";"2022-03-30";"1";"Vente";"440000.0";"39.0";"None";"AV AIME MARTIN";"0050";"06200";"06088";"Nice";"06";"None";"None";"06088000MP0393";"None";"None";"952";"116.59";"None";"nan";"None";"nan";"None";"None";"None";"None";"1";"3";"Dépendance";"nan";"0.0";"None";"None";"None";"None";"nan";"7.239451";"43.691055";"000MP"
"2022-55609";"2022-03-29";"1";"Vente";"168000.0";"20.0";"None";"BD MAGNAN";"3875";"06200";"06088";"Nice";"06";"None";"None";"06088000MP0043";"None";"None";"159";"43.15";"80";"nan";"None";"nan";"None";"None";"None";"None";"2";"2";"Appartement";"46.0";"2.0";"None";"None";"None";"None";"nan";"7.240931";"43.692943";"000MP"
"2022-56336";"2022-03-29";"1";"Vente";"1050000.0";"20.0";"None";"RUE SAINT HONORE";"5770";"06200";"06088";"Nice";"06";"None";"None";"06088000MP0033";"None";"None";"None";"nan";"None";"nan";"None";"nan";"None";"None";"None";"None";"0";"2";"Appartement";"34.0";"2.0";"S";"sols";"None";"None";"403.0";"7.239976";"43.693179";"000MP"
"2022-56336";"2022-03-29";"1";"Vente";"1050000.0";"20.0";"None";"RUE SAINT HONORE";"5770";"06200";"06088";"Nice";"06";"None";"None";"06088000MP0033";"None";"None";"None";"nan";"None";"nan";"None";"nan";"None";"None";"None";"None";"0";"2";"Appartement";"87.0";"4.0";"S";"sols";"None";"None";"403.0";"7.239976";"43.693179";"000MP"
"2022-56336";"2022-03-29";"1";"Vente";"1050000.0";"20.0";"None";"RUE SAINT HONORE";"5770";"06200";"06088";"Nice";"06";"None";"None";"06088000MP0033";"None";"None";"None";"nan";"None";"nan";"None";"nan";"None";"None";"None";"None";"0";"2";"Appartement";"43.0";"2.0";"S";"sols";"None";"None";"403.0";"7.239976";"43.693179";"000MP"
"2022-55609";"2022-03-29";"1";"Vente";"168000.0";"20.0";"None";"BD MAGNAN";"3875";"06200";"06088";"Nice";"06";"None";"None";"06088000MP0043";"None";"None";"159";"43.15";"80";"nan";"None";"nan";"None";"None";"None";"None";"2";"3";"Dépendance";"nan";"0.0";"None";"None";"None";"None";"nan";"7.240931";"43.692943";"000MP"
"2022-56336";"2022-03-29";"1";"Vente";"1050000.0";"20.0";"None";"RUE SAINT HONORE";"5770";"06200";"06088";"Nice";"06";"None";"None";"06088000MP0033";"None";"None";"None";"nan";"None";"nan";"None";"nan";"None";"None";"None";"None";"0";"3";"Dépendance";"nan";"0.0";"S";"sols";"None";"None";"403.0";"7.239976";"43.693179";"000MP"
"2022-56336";"2022-03-29";"1";"Vente";"1050000.0";"20.0";"None";"RUE SAINT HONORE";"5770";"06200";"06088";"Nice";"06";"None";"None";"06088000MP0033";"None";"None";"None";"nan";"None";"nan";"None";"nan";"None";"None";"None";"None";"0";"4";"Local industriel. commercial ou assimilé";"90.0";"0.0";"S";"sols";"None";"None";"403.0";"7.239976";"43.693179";"000MP"
"2022-55097";"2022-03-25";"1";"Vente";"260000.0";"51.0";"None";"BD CARLONE";"1140";"06200";"06088";"Nice";"06";"None";"None";"06088000MP0009";"None";"None";"2";"94.29";"None";"nan";"None";"nan";"None";"None";"None";"None";"1";"2";"Appartement";"30.0";"2.0";"None";"None";"None";"None";"nan";"7.238874";"43.693646";"000MP"
"2022-55097";"2022-03-25";"1";"Vente";"260000.0";"51.0";"None";"BD CARLONE";"1140";"06200";"06088";"Nice";"06";"None";"None";"06088000MP0009";"None";"None";"2";"94.29";"None";"nan";"None";"nan";"None";"None";"None";"None";"1";"2";"Appartement";"44.0";"2.0";"None";"None";"None";"None";"nan";"7.238874";"43.693646";"000MP"
"2022-55097";"2022-03-25";"1";"Vente";"260000.0";"51.0";"None";"BD CARLONE";"1140";"06200";"06088";"Nice";"06";"None";"None";"06088000MP0009";"None";"None";"2";"94.29";"None";"nan";"None";"nan";"None";"None";"None";"None";"1";"2";"Appartement";"18.0";"1.0";"None";"None";"None";"None";"nan";"7.238874";"43.693646";"000MP"
"2022-55097";"2022-03-25";"1";"Vente";"260000.0";"51.0";"None";"BD CARLONE";"1140";"06200";"06088";"Nice";"06";"None";"None";"06088000MP0009";"None";"None";"2";"94.29";"None";"nan";"None";"nan";"None";"None";"None";"None";"1";"3";"Dépendance";"nan";"0.0";"None";"None";"None";"None";"nan";"7.238874";"43.693646";"000MP"
"2022-55580";"2022-03-25";"1";"Vente";"34000.0";"20.0";"None";"BD MAGNAN";"3875";"06200";"06088";"Nice";"06";"None";"None";"06088000MP0043";"None";"None";"26";"nan";"None";"nan";"None";"nan";"None";"None";"None";"None";"1";"3";"Dépendance";"nan";"0.0";"None";"None";"None";"None";"nan";"7.240931";"43.692943";"000MP"
"2022-55456";"2022-03-24";"1";"Vente";"137000.0";"71.0";"None";"BD EDOUARD HERRIOT";"2188";"06200";"06088";"Nice";"06";"None";"None";"06088000MP0301";"None";"None";"19";"nan";"30";"31.04";"None";"nan";"None";"None";"None";"None";"2";"2";"Appartement";"35.0";"1.0";"None";"None";"None";"None";"nan";"7.238842";"43.692155";"000MP"
"2022-55723";"2022-03-24";"1";"Vente";"280000.0";"46.0";"None";"AV DE LA CALIFORNIE";"1045";"06200";"06088";"Nice";"06";"None";"None";"06088000MP0238";"None";"None";"237";"66.13";"64";"nan";"None";"nan";"None";"None";"None";"None";"2";"2";"Appartement";"68.0";"3.0";"None";"None";"None";"None";"nan";"7.241192";"43.690102";"000MP"
"2022-55456";"2022-03-24";"1";"Vente";"137000.0";"71.0";"None";"BD EDOUARD HERRIOT";"2188";"06200";"06088";"Nice";"06";"None";"None";"06088000MP0301";"None";"None";"19";"nan";"30";"31.04";"None";"nan";"None";"None";"None";"None";"2";"3";"Dépendance";"nan";"0.0";"None";"None";"None";"None";"nan";"7.238842";"43.692155";"000MP"
"2022-55723";"2022-03-24";"1";"Vente";"280000.0";"46.0";"None";"AV DE LA CALIFORNIE";"1045";"06200";"06088";"Nice";"06";"None";"None";"06088000MP0238";"None";"None";"38";"nan";"None";"nan";"None";"nan";"None";"None";"None";"None";"1";"3";"Dépendance";"nan";"0.0";"None";"None";"None";"None";"nan";"7.241192";"43.690102";"000MP"
"2022-55723";"2022-03-24";"1";"Vente";"280000.0";"46.0";"None";"AV DE LA CALIFORNIE";"1045";"06200";"06088";"Nice";"06";"None";"None";"06088000MP0238";"None";"None";"237";"66.13";"64";"nan";"None";"nan";"None";"None";"None";"None";"2";"3";"Dépendance";"nan";"0.0";"None";"None";"None";"None";"nan";"7.241192";"43.690102";"000MP"
"2022-55723";"2022-03-24";"1";"Vente";"280000.0";"46.0";"None";"AV DE LA CALIFORNIE";"1045";"06200";"06088";"Nice";"06";"None";"None";"06088000MP0238";"None";"None";"237";"66.13";"64";"nan";"None";"nan";"None";"None";"None";"None";"2";"3";"Dépendance";"nan";"0.0";"None";"None";"None";"None";"nan";"7.241192";"43.690102";"000MP"
"2022-55330";"2022-03-22";"1";"Vente";"120000.0";"12.0";"None";"AV DE LA CALIFORNIE";"1045";"06200";"06088";"Nice";"06";"None";"None";"06088000MP0491";"None";"None";"418";"nan";"None";"nan";"None";"nan";"None";"None";"None";"None";"1";"2";"Appartement";"17.0";"1.0";"None";"None";"None";"None";"nan";"7.244066";"43.691389";"000MP"
"2022-55106";"2022-03-21";"1";"Vente";"110000.0";"12.0";"None";"AV DE LA CALIFORNIE";"1045";"06200";"06088";"Nice";"06";"None";"None";"06088000MP0491";"None";"None";"400";"17.51";"None";"nan";"None";"nan";"None";"None";"None";"None";"1";"4";"Local industriel. commercial ou assimilé";"17.0";"0.0";"None";"None";"None";"None";"nan";"7.244066";"43.691389";"000MP"
"2022-54571";"2022-03-18";"1";"Vente";"205800.0";"3.0";"None";"AV GLORIA";"2955";"06200";"06088";"Nice";"06";"None";"None";"06088000MP0491";"None";"None";"310";"nan";"None";"nan";"None";"nan";"None";"None";"None";"None";"1";"2";"Appartement";"39.0";"2.0";"None";"None";"None";"None";"nan";"7.244066";"43.691389";"000MP"
"2022-55136";"2022-03-18";"1";"Vente";"33000.0";"54.0";"None";"AV DE LA CALIFORNIE";"1045";"06200";"06088";"Nice";"06";"None";"None";"06088000MP0244";"None";"None";"42";"nan";"None";"nan";"None";"nan";"None";"None";"None";"None";"1";"3";"Dépendance";"nan";"0.0";"None";"None";"None";"None";"nan";"7.240503";"43.689604";"000MP"
"2022-55048";"2022-03-16";"1";"Vente";"55000.0";"16.0";"None";"BD MAGNAN";"3875";"06200";"06088";"Nice";"06";"None";"None";"06088000MP0050";"None";"None";"7";"15.74";"None";"nan";"None";"nan";"None";"None";"None";"None";"1";"2";"Appartement";"16.0";"1.0";"None";"None";"None";"None";"nan";"7.241639";"43.692968";"000MP"
"2022-54911";"2022-03-15";"1";"Vente";"217000.0";"73.0";"None";"BD EDOUARD HERRIOT";"2188";"06200";"06088";"Nice";"06";"None";"None";"06088000MP0159";"None";"None";"168";"50.02";"None";"nan";"None";"nan";"None";"None";"None";"None";"1";"2";"Appartement";"48.0";"2.0";"None";"None";"None";"None";"nan";"7.238503";"43.691826";"000MP"
"2022-54911";"2022-03-15";"1";"Vente";"217000.0";"73.0";"None";"BD EDOUARD HERRIOT";"2188";"06200";"06088";"Nice";"06";"None";"None";"06088000MP0159";"None";"None";"168";"50.02";"None";"nan";"None";"nan";"None";"None";"None";"None";"1";"3";"Dépendance";"nan";"0.0";"None";"None";"None";"None";"nan";"7.238503";"43.691826";"000MP"
"2022-54911";"2022-03-15";"1";"Vente";"217000.0";"73.0";"None";"BD EDOUARD HERRIOT";"2188";"06200";"06088";"Nice";"06";"None";"None";"06088000MP0159";"None";"None";"168";"50.02";"None";"nan";"None";"nan";"None";"None";"None";"None";"1";"3";"Dépendance";"nan";"0.0";"None";"None";"None";"None";"nan";"7.238503";"43.691826";"000MP"
"2022-54839";"2022-03-14";"1";"Vente";"263000.0";"8.0";"None";"BD MAGNAN";"3875";"06200";"06088";"Nice";"06";"None";"None";"06088000MP0064";"None";"None";"12";"nan";"54";"64.68";"None";"nan";"None";"None";"None";"None";"2";"2";"Appartement";"65.0";"3.0";"None";"None";"None";"None";"nan";"7.242394";"43.69322";"000MP"
"2022-54839";"2022-03-14";"1";"Vente";"263000.0";"8.0";"None";"BD MAGNAN";"3875";"06200";"06088";"Nice";"06";"None";"None";"06088000MP0064";"None";"None";"12";"nan";"54";"64.68";"None";"nan";"None";"None";"None";"None";"2";"3";"Dépendance";"nan";"0.0";"None";"None";"None";"None";"nan";"7.242394";"43.69322";"000MP"
"2022-54841";"2022-03-10";"1";"Vente";"35000.0";"39.0";"None";"AV AIME MARTIN";"0050";"06200";"06088";"Nice";"06";"None";"None";"06088000MP0393";"None";"None";"372";"nan";"None";"nan";"None";"nan";"None";"None";"None";"None";"1";"3";"Dépendance";"nan";"0.0";"None";"None";"None";"None";"nan";"7.239451";"43.691055";"000MP"
"2022-54573";"2022-03-09";"1";"Vente";"105000.0";"17.0";"None";"BD CARLONE";"1140";"06200";"06088";"Nice";"06";"None";"None";"06088000MP0057";"None";"None";"5";"nan";"89";"28.91";"None";"nan";"None";"None";"None";"None";"2";"2";"Appartement";"28.0";"1.0";"None";"None";"None";"None";"nan";"7.241667";"43.693494";"000MP"
"2022-54573";"2022-03-09";"1";"Vente";"105000.0";"17.0";"None";"BD CARLONE";"1140";"06200";"06088";"Nice";"06";"None";"None";"06088000MP0057";"None";"None";"5";"nan";"89";"28.91";"None";"nan";"None";"None";"None";"None";"2";"3";"Dépendance";"nan";"0.0";"None";"None";"None";"None";"nan";"7.241667";"43.693494";"000MP"
"2022-55748";"2022-03-07";"1";"Vente";"400000.0";"46.0";"None";"AV DE LA CALIFORNIE";"1045";"06200";"06088";"Nice";"06";"None";"None";"06088000MP0238";"None";"None";"216";"50.11";"217";"51.31";"67";"nan";"71";"None";"None";"None";"4";"2";"Appartement";"100.0";"4.0";"None";"None";"None";"None";"nan";"7.241192";"43.690102";"000MP"
"2022-55748";"2022-03-07";"1";"Vente";"400000.0";"46.0";"None";"AV DE LA CALIFORNIE";"1045";"06200";"06088";"Nice";"06";"None";"None";"06088000MP0238";"None";"None";"216";"50.11";"217";"51.31";"67";"nan";"71";"None";"None";"None";"4";"3";"Dépendance";"nan";"0.0";"None";"None";"None";"None";"nan";"7.241192";"43.690102";"000MP"
"2022-55748";"2022-03-07";"1";"Vente";"400000.0";"46.0";"None";"AV DE LA CALIFORNIE";"1045";"06200";"06088";"Nice";"06";"None";"None";"06088000MP0238";"None";"None";"74";"nan";"None";"nan";"None";"nan";"None";"None";"None";"None";"1";"3";"Dépendance";"nan";"0.0";"None";"None";"None";"None";"nan";"7.241192";"43.690102";"000MP"
"2022-55748";"2022-03-07";"1";"Vente";"400000.0";"46.0";"None";"AV DE LA CALIFORNIE";"1045";"06200";"06088";"Nice";"06";"None";"None";"06088000MP0238";"None";"None";"216";"50.11";"217";"51.31";"67";"nan";"71";"None";"None";"None";"4";"3";"Dépendance";"nan";"0.0";"None";"None";"None";"None";"nan";"7.241192";"43.690102";"000MP"
"2022-55748";"2022-03-07";"1";"Vente";"400000.0";"46.0";"None";"AV DE LA CALIFORNIE";"1045";"06200";"06088";"Nice";"06";"None";"None";"06088000MP0238";"None";"None";"76";"nan";"None";"nan";"None";"nan";"None";"None";"None";"None";"1";"3";"Dépendance";"nan";"0.0";"None";"None";"None";"None";"nan";"7.241192";"43.690102";"000MP"
"2022-54404";"2022-03-04";"1";"Vente";"335000.0";"7.0";"None";"AV GLORIA";"2955";"06200";"06088";"Nice";"06";"None";"None";"06088000MP0491";"None";"None";"264";"72.67";"None";"nan";"None";"nan";"None";"None";"None";"None";"1";"2";"Appartement";"73.0";"3.0";"None";"None";"None";"None";"nan";"7.244066";"43.691389";"000MP"
"2022-54404";"2022-03-04";"1";"Vente";"335000.0";"2.0";"None";"RUE CORDERIE";"1690";"06200";"06088";"Nice";"06";"None";"None";"06088000MP0491";"None";"None";"192";"nan";"None";"nan";"None";"nan";"None";"None";"None";"None";"1";"3";"Dépendance";"nan";"0.0";"None";"None";"None";"None";"nan";"7.244066";"43.691389";"000MP"
"2022-54600";"2022-03-04";"1";"Vente";"40000.0";"39.0";"None";"AV AIME MARTIN";"0050";"06200";"06088";"Nice";"06";"None";"None";"06088000MP0393";"None";"None";"180";"nan";"None";"nan";"None";"nan";"None";"None";"None";"None";"1";"3";"Dépendance";"nan";"0.0";"None";"None";"None";"None";"nan";"7.239451";"43.691055";"000MP"
"2022-54760";"2022-03-02";"1";"Vente";"264000.0";"93.0";"None";"BD EDOUARD HERRIOT";"2188";"06200";"06088";"Nice";"06";"None";"None";"06088000MP0167";"None";"None";"561";"nan";"615";"56.71";"None";"nan";"None";"None";"None";"None";"2";"2";"Appartement";"60.0";"2.0";"None";"None";"None";"None";"nan";"7.237443";"43.690451";"000MP"
"2022-54760";"2022-03-02";"1";"Vente";"264000.0";"93.0";"None";"BD EDOUARD HERRIOT";"2188";"06200";"06088";"Nice";"06";"None";"None";"06088000MP0167";"None";"None";"561";"nan";"615";"56.71";"None";"nan";"None";"None";"None";"None";"2";"3";"Dépendance";"nan";"0.0";"None";"None";"None";"None";"nan";"7.237443";"43.690451";"000MP"
"2022-54760";"2022-03-02";"1";"Vente";"264000.0";"93.0";"None";"BD EDOUARD HERRIOT";"2188";"06200";"06088";"Nice";"06";"None";"None";"06088000MP0167";"None";"None";"561";"nan";"615";"56.71";"None";"nan";"None";"None";"None";"None";"2";"3";"Dépendance";"nan";"0.0";"None";"None";"None";"None";"nan";"7.237443";"43.690451";"000MP"
"2022-54760";"2022-03-02";"1";"Vente";"264000.0";"93.0";"None";"BD EDOUARD HERRIOT";"2188";"06200";"06088";"Nice";"06";"None";"None";"06088000MP0167";"None";"None";"561";"nan";"615";"56.71";"None";"nan";"None";"None";"None";"None";"2";"3";"Dépendance";"nan";"0.0";"None";"None";"None";"None";"nan";"7.237443";"43.690451";"000MP"
"2022-54893";"2022-03-01";"1";"Vente";"27000.0";"2.0";"None";"RUE CORDERIE";"1690";"06200";"06088";"Nice";"06";"None";"None";"06088000MP0491";"None";"None";"48";"nan";"None";"nan";"None";"nan";"None";"None";"None";"None";"1";"3";"Dépendance";"nan";"0.0";"None";"None";"None";"None";"nan";"7.244066";"43.691389";"000MP"
"2022-54297";"2022-02-28";"1";"Vente";"160500.0";"11.0";"None";"AV DE LA CALIFORNIE";"1045";"06200";"06088";"Nice";"06";"None";"None";"06088000MP0265";"None";"None";"44";"34.28";"7";"nan";"None";"nan";"None";"None";"None";"None";"2";"2";"Appartement";"33.0";"2.0";"None";"None";"None";"None";"nan";"7.244172";"43.690736";"000MP"
"2022-54297";"2022-02-28";"1";"Vente";"160500.0";"11.0";"None";"AV DE LA CALIFORNIE";"1045";"06200";"06088";"Nice";"06";"None";"None";"06088000MP0265";"None";"None";"44";"34.28";"7";"nan";"None";"nan";"None";"None";"None";"None";"2";"3";"Dépendance";"nan";"0.0";"None";"None";"None";"None";"nan";"7.244172";"43.690736";"000MP"
"2022-54258";"2022-02-28";"1";"Vente";"90790.0";"12.0";"None";"AV DE LA CALIFORNIE";"1045";"06200";"06088";"Nice";"06";"None";"None";"06088000MP0491";"None";"None";"395";"nan";"None";"nan";"None";"nan";"None";"None";"None";"None";"1";"4";"Local industriel. commercial ou assimilé";"20.0";"0.0";"None";"None";"None";"None";"nan";"7.244066";"43.691389";"000MP"
"2022-54476";"2022-02-25";"1";"Vente";"230150.0";"52.0";"None";"AV DE LA CALIFORNIE";"1045";"06200";"06088";"Nice";"06";"None";"None";"06088000MP0487";"None";"None";"114";"45.23";"None";"nan";"None";"nan";"None";"None";"None";"None";"1";"2";"Appartement";"43.0";"2.0";"None";"None";"None";"None";"nan";"7.240755";"43.689691";"000MP"
"2022-54476";"2022-02-25";"1";"Vente";"230150.0";"52.0";"None";"AV DE LA CALIFORNIE";"1045";"06200";"06088";"Nice";"06";"None";"None";"06088000MP0487";"None";"None";"20";"nan";"None";"nan";"None";"nan";"None";"None";"None";"None";"1";"3";"Dépendance";"nan";"0.0";"None";"None";"None";"None";"nan";"7.240755";"43.689691";"000MP"
"2022-53594";"2022-02-22";"1";"Vente";"82000.0";"19.0";"None";"BD MAGNAN";"3875";"06200";"06088";"Nice";"06";"None";"None";"06088000MP0081";"None";"None";"24";"nan";"None";"nan";"None";"nan";"None";"None";"None";"None";"1";"2";"Appartement";"17.0";"1.0";"None";"None";"None";"None";"nan";"7.241211";"43.692638";"000MP"
"2022-53608";"2022-02-21";"1";"Vente";"675000.0";"31.0";"None";"AV AIME MARTIN";"0050";"06200";"06088";"Nice";"06";"None";"None";"06088000MP0149";"None";"None";"None";"nan";"None";"nan";"None";"nan";"None";"None";"None";"None";"0";"1";"Maison";"175.0";"6.0";"S";"sols";"None";"None";"400.0";"7.241289";"43.691704";"000MP"
"2022-52978";"2022-02-17";"1";"Vente";"480000.0";"73.0";"None";"BD EDOUARD HERRIOT";"2188";"06200";"06088";"Nice";"06";"None";"None";"06088000MP0312";"None";"None";"85";"116.0";"None";"nan";"None";"nan";"None";"None";"None";"None";"1";"2";"Appartement";"131.0";"4.0";"None";"None";"None";"None";"nan";"7.237787";"43.691443";"000MP"
"2022-52978";"2022-02-17";"1";"Vente";"480000.0";"73.0";"None";"BD EDOUARD HERRIOT";"2188";"06200";"06088";"Nice";"06";"None";"None";"06088000MP0312";"None";"None";"426";"nan";"None";"nan";"None";"nan";"None";"None";"None";"None";"1";"3";"Dépendance";"nan";"0.0";"None";"None";"None";"None";"nan";"7.237787";"43.691443";"000MP"
"2022-53468";"2022-02-15";"1";"Vente";"177000.0";"15.0";"None";"AV DE LA CALIFORNIE";"1045";"06200";"06088";"Nice";"06";"None";"None";"06088000MP0263";"None";"None";"12";"nan";"34";"55.7";"None";"nan";"None";"None";"None";"None";"2";"2";"Appartement";"54.0";"2.0";"None";"None";"None";"None";"nan";"7.24374";"43.690585";"000MP"
"2022-53468";"2022-02-15";"1";"Vente";"177000.0";"15.0";"None";"AV DE LA CALIFORNIE";"1045";"06200";"06088";"Nice";"06";"None";"None";"06088000MP0263";"None";"None";"12";"nan";"34";"55.7";"None";"nan";"None";"None";"None";"None";"2";"3";"Dépendance";"nan";"0.0";"None";"None";"None";"None";"nan";"7.24374";"43.690585";"000MP"
"2022-53216";"2022-02-14";"1";"Vente";"270175.0";"3.0";"None";"AV DE LA CALIFORNIE";"1045";"06200";"06088";"Nice";"06";"None";"None";"06088000MP0272";"None";"None";"9";"nan";"None";"nan";"None";"nan";"None";"None";"None";"None";"1";"2";"Appartement";"65.0";"3.0";"None";"None";"None";"None";"nan";"7.244725";"43.690986";"000MP"
"2022-53216";"2022-02-14";"1";"Vente";"270175.0";"3.0";"None";"AV DE LA CALIFORNIE";"1045";"06200";"06088";"Nice";"06";"None";"None";"06088000MP0272";"None";"None";"9";"nan";"None";"nan";"None";"nan";"None";"None";"None";"None";"1";"3";"Dépendance";"nan";"0.0";"None";"None";"None";"None";"nan";"7.244725";"43.690986";"000MP"
"2022-53216";"2022-02-14";"1";"Vente";"270175.0";"3.0";"None";"AV DE LA CALIFORNIE";"1045";"06200";"06088";"Nice";"06";"None";"None";"06088000MP0272";"None";"None";"9";"nan";"None";"nan";"None";"nan";"None";"None";"None";"None";"1";"3";"Dépendance";"nan";"0.0";"None";"None";"None";"None";"nan";"7.244725";"43.690986";"000MP"
"2022-53216";"2022-02-14";"1";"Vente";"270175.0";"2.0";"None";"RUE CORDERIE";"1690";"06200";"06088";"Nice";"06";"None";"None";"06088000MP0491";"None";"None";"53";"nan";"None";"nan";"None";"nan";"None";"None";"None";"None";"1";"3";"Dépendance";"nan";"0.0";"None";"None";"None";"None";"nan";"7.244066";"43.691389";"000MP"
"2022-53216";"2022-02-14";"1";"Vente";"270175.0";"2.0";"None";"RUE CORDERIE";"1690";"06200";"06088";"Nice";"06";"None";"None";"06088000MP0491";"None";"None";"52";"nan";"None";"nan";"None";"nan";"None";"None";"None";"None";"1";"3";"Dépendance";"nan";"0.0";"None";"None";"None";"None";"nan";"7.244066";"43.691389";"000MP"
"2022-52799";"2022-02-10";"1";"Vente";"199000.0";"30.0";"None";"AV DE LA CALIFORNIE";"1045";"06200";"06088";"Nice";"06";"None";"None";"06088000MP0377";"None";"None";"240";"45.81";"None";"nan";"None";"nan";"None";"None";"None";"None";"1";"2";"Appartement";"46.0";"2.0";"None";"None";"None";"None";"nan";"7.241991";"43.69075";"000MP"
"2022-53271";"2022-02-10";"1";"Vente";"222000.0";"2.0";"None";"RUE CORDERIE";"1690";"06200";"06088";"Nice";"06";"None";"None";"06088000MP0491";"None";"None";"69";"nan";"None";"nan";"None";"nan";"None";"None";"None";"None";"1";"3";"Dépendance";"nan";"0.0";"None";"None";"None";"None";"nan";"7.244066";"43.691389";"000MP"
"2022-53271";"2022-02-10";"1";"Vente";"222000.0";"12.0";"None";"AV DE LA CALIFORNIE";"1045";"06200";"06088";"Nice";"06";"None";"None";"06088000MP0491";"None";"None";"475";"nan";"None";"nan";"None";"nan";"None";"None";"None";"None";"1";"4";"Local industriel. commercial ou assimilé";"34.0";"0.0";"None";"None";"None";"None";"nan";"7.244066";"43.691389";"000MP"
"2022-53295";"2022-02-08";"1";"Vente";"150000.0";"49.0";"None";"AV DE LA CALIFORNIE";"1045";"06200";"06088";"Nice";"06";"None";"None";"06088000MP0251";"None";"None";"12";"nan";"48";"43.27";"None";"nan";"None";"None";"None";"None";"2";"2";"Appartement";"43.0";"2.0";"None";"None";"None";"None";"nan";"7.24187";"43.689691";"000MP"
"2022-53295";"2022-02-08";"1";"Vente";"150000.0";"49.0";"None";"AV DE LA CALIFORNIE";"1045";"06200";"06088";"Nice";"06";"None";"None";"06088000MP0251";"None";"None";"12";"nan";"48";"43.27";"None";"nan";"None";"None";"None";"None";"2";"3";"Dépendance";"nan";"0.0";"None";"None";"None";"None";"nan";"7.24187";"43.689691";"000MP"
"2022-52952";"2022-02-07";"1";"Vente";"33000.0";"20.0";"B";"AV MONT RABEAU";"4390";"06200";"06088";"Nice";"06";"None";"None";"06088000MP0167";"None";"None";"939";"nan";"None";"nan";"None";"nan";"None";"None";"None";"None";"1";"3";"Dépendance";"nan";"0.0";"None";"None";"None";"None";"nan";"7.237443";"43.690451";"000MP"
"2022-53425";"2022-02-03";"1";"Vente";"36000.0";"39.0";"None";"AV AIME MARTIN";"0050";"06200";"06088";"Nice";"06";"None";"None";"06088000MP0393";"None";"None";"199";"nan";"None";"nan";"None";"nan";"None";"None";"None";"None";"1";"3";"Dépendance";"nan";"0.0";"None";"None";"None";"None";"nan";"7.239451";"43.691055";"000MP"
"2022-52844";"2022-01-31";"1";"Vente";"115000.0";"23.0";"None";"BD MAGNAN";"3875";"06200";"06088";"Nice";"06";"None";"None";"06088000MP0086";"None";"None";"56";"nan";"87";"35.96";"None";"nan";"None";"None";"None";"None";"2";"2";"Appartement";"36.0";"1.0";"None";"None";"None";"None";"nan";"7.240812";"43.692554";"000MP"
"2022-52670";"2022-01-28";"1";"Vente";"242000.0";"23.0";"None";"BD MAGNAN";"3875";"06200";"06088";"Nice";"06";"None";"None";"06088000MP0086";"None";"None";"100";"54.54";"43";"nan";"None";"nan";"None";"None";"None";"None";"2";"2";"Appartement";"49.0";"2.0";"None";"None";"None";"None";"nan";"7.240812";"43.692554";"000MP"
"2022-52670";"2022-01-28";"1";"Vente";"242000.0";"23.0";"None";"BD MAGNAN";"3875";"06200";"06088";"Nice";"06";"None";"None";"06088000MP0086";"None";"None";"100";"54.54";"43";"nan";"None";"nan";"None";"None";"None";"None";"2";"3";"Dépendance";"nan";"0.0";"None";"None";"None";"None";"nan";"7.240812";"43.692554";"000MP"
"2022-52044";"2022-01-27";"1";"Vente";"600000.0";"123.0";"None";"PROM DES ANGLAIS";"0240";"06200";"06088";"Nice";"06";"None";"None";"06088000MP0278";"None";"None";"1";"nan";"None";"nan";"None";"nan";"None";"None";"None";"None";"1";"2";"Appartement";"54.0";"2.0";"None";"None";"None";"None";"nan";"7.24432";"43.690425";"000MP"
"2022-52521";"2022-01-27";"1";"Vente";"220000.0";"50.0";"None";"AV DE LA CALIFORNIE";"1045";"06200";"06088";"Nice";"06";"None";"None";"06088000MP0351";"None";"None";"6";"53.96";"None";"nan";"None";"nan";"None";"None";"None";"None";"1";"2";"Appartement";"50.0";"2.0";"None";"None";"None";"None";"nan";"7.240797";"43.689892";"000MP"
"2022-52044";"2022-01-27";"1";"Vente";"600000.0";"123.0";"None";"PROM DES ANGLAIS";"0240";"06200";"06088";"Nice";"06";"None";"None";"06088000MP0278";"None";"None";"1";"nan";"None";"nan";"None";"nan";"None";"None";"None";"None";"1";"3";"Dépendance";"nan";"0.0";"None";"None";"None";"None";"nan";"7.24432";"43.690425";"000MP"
"2022-52345";"2022-01-26";"1";"Vente";"135000.0";"19.0";"None";"BD MAGNAN";"3875";"06200";"06088";"Nice";"06";"None";"None";"06088000MP0081";"None";"None";"47";"15.6";"None";"nan";"None";"nan";"None";"None";"None";"None";"1";"2";"Appartement";"17.0";"1.0";"None";"None";"None";"None";"nan";"7.241211";"43.692638";"000MP"
"2022-52371";"2022-01-26";"1";"Vente";"115000.0";"46.0";"None";"AV DE LA CALIFORNIE";"1045";"06200";"06088";"Nice";"06";"None";"None";"06088000MP0238";"None";"None";"235";"39.38";"31";"nan";"None";"nan";"None";"None";"None";"None";"2";"2";"Appartement";"41.0";"1.0";"None";"None";"None";"None";"nan";"7.241192";"43.690102";"000MP"
"2022-52639";"2022-01-26";"1";"Vente";"355000.0";"24.0";"None";"AV DE LA CALIFORNIE";"1045";"06200";"06088";"Nice";"06";"None";"None";"06088000MP0482";"None";"None";"190";"nan";"313";"63.73";"None";"nan";"None";"None";"None";"None";"2";"2";"Appartement";"64.0";"3.0";"None";"None";"None";"None";"nan";"7.24279";"43.691002";"000MP"
"2022-52371";"2022-01-26";"1";"Vente";"115000.0";"46.0";"None";"AV DE LA CALIFORNIE";"1045";"06200";"06088";"Nice";"06";"None";"None";"06088000MP0238";"None";"None";"235";"39.38";"31";"nan";"None";"nan";"None";"None";"None";"None";"2";"3";"Dépendance";"nan";"0.0";"None";"None";"None";"None";"nan";"7.241192";"43.690102";"000MP"
"2022-52371";"2022-01-26";"1";"Vente";"115000.0";"46.0";"None";"AV DE LA CALIFORNIE";"1045";"06200";"06088";"Nice";"06";"None";"None";"06088000MP0238";"None";"None";"235";"39.38";"31";"nan";"None";"nan";"None";"None";"None";"None";"2";"3";"Dépendance";"nan";"0.0";"None";"None";"None";"None";"nan";"7.241192";"43.690102";"000MP"
"2022-52639";"2022-01-26";"1";"Vente";"355000.0";"24.0";"None";"AV DE LA CALIFORNIE";"1045";"06200";"06088";"Nice";"06";"None";"None";"06088000MP0482";"None";"None";"190";"nan";"313";"63.73";"None";"nan";"None";"None";"None";"None";"2";"3";"Dépendance";"nan";"0.0";"None";"None";"None";"None";"nan";"7.24279";"43.691002";"000MP"
"2022-52639";"2022-01-26";"1";"Vente";"355000.0";"24.0";"None";"AV DE LA CALIFORNIE";"1045";"06200";"06088";"Nice";"06";"None";"None";"06088000MP0482";"None";"None";"190";"nan";"313";"63.73";"None";"nan";"None";"None";"None";"None";"2";"3";"Dépendance";"nan";"0.0";"None";"None";"None";"None";"nan";"7.24279";"43.691002";"000MP"
"2022-52639";"2022-01-26";"1";"Vente";"355000.0";"24.0";"None";"AV DE LA CALIFORNIE";"1045";"06200";"06088";"Nice";"06";"None";"None";"06088000MP0482";"None";"None";"266";"nan";"None";"nan";"None";"nan";"None";"None";"None";"None";"1";"3";"Dépendance";"nan";"0.0";"None";"None";"None";"None";"nan";"7.24279";"43.691002";"000MP"
"2022-51898";"2022-01-24";"1";"Vente";"27000.0";"23.0";"None";"RUE SAINT HONORE";"5770";"06200";"06088";"Nice";"06";"None";"None";"06088000MP0034";"None";"None";"3";"nan";"None";"nan";"None";"nan";"None";"None";"None";"None";"1";"3";"Dépendance";"nan";"0.0";"None";"None";"None";"None";"nan";"7.239846";"43.69294";"000MP"
"2022-52951";"2022-01-21";"1";"Vente";"457420.0";"93.0";"None";"BD EDOUARD HERRIOT";"2188";"06200";"06088";"Nice";"06";"None";"None";"06088000MP0167";"None";"None";"563";"nan";"614";"110.01";"None";"nan";"None";"None";"None";"None";"2";"2";"Appartement";"116.0";"4.0";"None";"None";"None";"None";"nan";"7.237443";"43.690451";"000MP"
"2022-52951";"2022-01-21";"1";"Vente";"457420.0";"93.0";"None";"BD EDOUARD HERRIOT";"2188";"06200";"06088";"Nice";"06";"None";"None";"06088000MP0167";"None";"None";"563";"nan";"614";"110.01";"None";"nan";"None";"None";"None";"None";"2";"3";"Dépendance";"nan";"0.0";"None";"None";"None";"None";"nan";"7.237443";"43.690451";"000MP"
"2022-52951";"2022-01-21";"1";"Vente";"457420.0";"93.0";"None";"BD EDOUARD HERRIOT";"2188";"06200";"06088";"Nice";"06";"None";"None";"06088000MP0167";"None";"None";"563";"nan";"614";"110.01";"None";"nan";"None";"None";"None";"None";"2";"3";"Dépendance";"nan";"0.0";"None";"None";"None";"None";"nan";"7.237443";"43.690451";"000MP"
"2022-52009";"2022-01-20";"1";"Vente";"195000.0";"4.0";"None";"AV DE LA CALIFORNIE";"1045";"06200";"06088";"Nice";"06";"None";"None";"06088000MP0491";"None";"None";"362";"35.68";"None";"nan";"None";"nan";"None";"None";"None";"None";"1";"2";"Appartement";"35.0";"2.0";"None";"None";"None";"None";"nan";"7.244066";"43.691389";"000MP"
"2022-52139";"2022-01-20";"1";"Vente";"630000.0";"115.0";"None";"PROM DES ANGLAIS";"0240";"06200";"06088";"Nice";"06";"None";"None";"06088000MP0274";"None";"None";"17";"nan";"57";"116.26";"None";"nan";"None";"None";"None";"None";"2";"2";"Appartement";"109.0";"4.0";"None";"None";"None";"None";"nan";"7.244868";"43.690792";"000MP"
"2022-51989";"2022-01-20";"1";"Vente";"22000.0";"2.0";"None";"RUE CORDERIE";"1690";"06200";"06088";"Nice";"06";"None";"None";"06088000MP0491";"None";"None";"153";"nan";"None";"nan";"None";"nan";"None";"None";"None";"None";"1";"3";"Dépendance";"nan";"0.0";"None";"None";"None";"None";"nan";"7.244066";"43.691389";"000MP"
"2022-52139";"2022-01-20";"1";"Vente";"630000.0";"115.0";"None";"PROM DES ANGLAIS";"0240";"06200";"06088";"Nice";"06";"None";"None";"06088000MP0274";"None";"None";"17";"nan";"57";"116.26";"None";"nan";"None";"None";"None";"None";"2";"3";"Dépendance";"nan";"0.0";"None";"None";"None";"None";"nan";"7.244868";"43.690792";"000MP"
"2022-52139";"2022-01-20";"1";"Vente";"630000.0";"115.0";"None";"PROM DES ANGLAIS";"0240";"06200";"06088";"Nice";"06";"None";"None";"06088000MP0274";"None";"None";"17";"nan";"57";"116.26";"None";"nan";"None";"None";"None";"None";"2";"3";"Dépendance";"nan";"0.0";"None";"None";"None";"None";"nan";"7.244868";"43.690792";"000MP"
"2022-53087";"2022-01-20";"1";"Vente";"25000.0";"46.0";"None";"AV DE LA CALIFORNIE";"1045";"06200";"06088";"Nice";"06";"None";"None";"06088000MP0238";"None";"None";"102";"nan";"None";"nan";"None";"nan";"None";"None";"None";"None";"1";"3";"Dépendance";"nan";"0.0";"None";"None";"None";"None";"nan";"7.241192";"43.690102";"000MP"
"2022-51809";"2022-01-14";"1";"Vente";"108000.0";"19.0";"None";"BD MAGNAN";"3875";"06200";"06088";"Nice";"06";"None";"None";"06088000MP0081";"None";"None";"35";"16.74";"None";"nan";"None";"nan";"None";"None";"None";"None";"1";"2";"Appartement";"17.0";"1.0";"None";"None";"None";"None";"nan";"7.241211";"43.692638";"000MP"
"2022-52189";"2022-01-14";"1";"Vente";"100000.0";"119.0";"None";"PROM DES ANGLAIS";"0240";"06200";"06088";"Nice";"06";"None";"None";"06088000MP0276";"None";"None";"2";"nan";"None";"nan";"None";"nan";"None";"None";"None";"None";"1";"2";"Appartement";"40.0";"2.0";"None";"None";"None";"None";"nan";"7.244592";"43.690589";"000MP"
"2022-51869";"2022-01-11";"1";"Vente";"225600.0";"39.0";"None";"AV AIME MARTIN";"0050";"06200";"06088";"Nice";"06";"None";"None";"06088000MP0393";"None";"None";"799";"nan";"851";"71.32";"None";"nan";"None";"None";"None";"None";"2";"2";"Appartement";"71.0";"3.0";"None";"None";"None";"None";"nan";"7.239451";"43.691055";"000MP"
"2022-51869";"2022-01-11";"1";"Vente";"225600.0";"39.0";"None";"AV AIME MARTIN";"0050";"06200";"06088";"Nice";"06";"None";"None";"06088000MP0393";"None";"None";"799";"nan";"851";"71.32";"None";"nan";"None";"None";"None";"None";"2";"3";"Dépendance";"nan";"0.0";"None";"None";"None";"None";"nan";"7.239451";"43.691055";"000MP"
"2022-51721";"2022-01-10";"1";"Vente";"513000.0";"39.0";"None";"AV AIME MARTIN";"0050";"06200";"06088";"Nice";"06";"None";"None";"06088000MP0393";"None";"None";"788";"nan";"830";"113.08";"None";"nan";"None";"None";"None";"None";"2";"2";"Appartement";"122.0";"5.0";"None";"None";"None";"None";"nan";"7.239451";"43.691055";"000MP"
"2022-51923";"2022-01-10";"1";"Vente";"287250.0";"36.0";"None";"AV DE LA CALIFORNIE";"1045";"06200";"06088";"Nice";"06";"None";"None";"06088000MP0476";"None";"None";"146";"nan";"None";"nan";"None";"nan";"None";"None";"None";"None";"1";"2";"Appartement";"72.0";"3.0";"None";"None";"None";"None";"nan";"7.241609";"43.690264";"000MP"
"2022-51721";"2022-01-10";"1";"Vente";"513000.0";"39.0";"None";"AV AIME MARTIN";"0050";"06200";"06088";"Nice";"06";"None";"None";"06088000MP0393";"None";"None";"788";"nan";"830";"113.08";"None";"nan";"None";"None";"None";"None";"2";"3";"Dépendance";"nan";"0.0";"None";"None";"None";"None";"nan";"7.239451";"43.691055";"000MP"
"2022-51721";"2022-01-10";"1";"Vente";"513000.0";"39.0";"None";"AV AIME MARTIN";"0050";"06200";"06088";"Nice";"06";"None";"None";"06088000MP0393";"None";"None";"788";"nan";"830";"113.08";"None";"nan";"None";"None";"None";"None";"2";"3";"Dépendance";"nan";"0.0";"None";"None";"None";"None";"nan";"7.239451";"43.691055";"000MP"
"2022-51923";"2022-01-10";"1";"Vente";"287250.0";"36.0";"None";"AV DE LA CALIFORNIE";"1045";"06200";"06088";"Nice";"06";"None";"None";"06088000MP0476";"None";"None";"65";"nan";"None";"nan";"None";"nan";"None";"None";"None";"None";"1";"4";"Local industriel. commercial ou assimilé";"13.0";"0.0";"None";"None";"None";"None";"nan";"7.241609";"43.690264";"000MP"
"2022-51580";"2022-01-07";"1";"Vente";"98000.0";"61.0";"None";"BD EDOUARD HERRIOT";"2188";"06200";"06088";"Nice";"06";"None";"None";"06088000MP0038";"None";"None";"26";"nan";"63";"19.8";"None";"nan";"None";"None";"None";"None";"2";"2";"Appartement";"20.0";"1.0";"None";"None";"None";"None";"nan";"7.240062";"43.69275";"000MP"
"2022-51580";"2022-01-07";"1";"Vente";"98000.0";"61.0";"None";"BD EDOUARD HERRIOT";"2188";"06200";"06088";"Nice";"06";"None";"None";"06088000MP0038";"None";"None";"26";"nan";"63";"19.8";"None";"nan";"None";"None";"None";"None";"2";"3";"Dépendance";"nan";"0.0";"None";"None";"None";"None";"nan";"7.240062";"43.69275";"000MP"
"2022-51412";"2022-01-06";"1";"Vente";"121680.0";"54.0";"None";"AV DE LA CALIFORNIE";"1045";"06200";"06088";"Nice";"06";"None";"None";"06088000MP0244";"None";"None";"73";"27.2";"None";"nan";"None";"nan";"None";"None";"None";"None";"1";"2";"Appartement";"33.0";"1.0";"None";"None";"None";"None";"nan";"7.240503";"43.689604";"000MP"
"2022-51596";"2022-01-06";"1";"Vente";"212000.0";"39.0";"None";"AV AIME MARTIN";"0050";"06200";"06088";"Nice";"06";"None";"None";"06088000MP0393";"None";"None";"384";"nan";"439";"54.28";"None";"nan";"None";"None";"None";"None";"2";"2";"Appartement";"55.0";"2.0";"None";"None";"None";"None";"nan";"7.239451";"43.691055";"000MP"
"2022-51596";"2022-01-06";"1";"Vente";"212000.0";"39.0";"None";"AV AIME MARTIN";"0050";"06200";"06088";"Nice";"06";"None";"None";"06088000MP0393";"None";"None";"384";"nan";"439";"54.28";"None";"nan";"None";"None";"None";"None";"2";"3";"Dépendance";"nan";"0.0";"None";"None";"None";"None";"nan";"7.239451";"43.691055";"000MP"
"2022-51492";"2022-01-04";"1";"Vente";"791930.0";"147.0";"None";"PROM DES ANGLAIS";"0240";"06200";"06088";"Nice";"06";"None";"None";"06088000MP0294";"None";"None";"50";"nan";"6";"nan";"None";"nan";"None";"None";"None";"None";"2";"2";"Appartement";"94.0";"3.0";"None";"None";"None";"None";"nan";"7.242173";"43.689639";"000MP"
"2022-51792";"2022-01-04";"1";"Vente";"88000.0";"19.0";"None";"BD MAGNAN";"3875";"06200";"06088";"Nice";"06";"None";"None";"06088000MP0081";"None";"None";"30";"16.37";"None";"nan";"None";"nan";"None";"None";"None";"None";"1";"2";"Appartement";"17.0";"1.0";"None";"None";"None";"None";"nan";"7.241211";"43.692638";"000MP"
"2022-51492";"2022-01-04";"1";"Vente";"791930.0";"147.0";"None";"PROM DES ANGLAIS";"0240";"06200";"06088";"Nice";"06";"None";"None";"06088000MP0294";"None";"None";"50";"nan";"6";"nan";"None";"nan";"None";"None";"None";"None";"2";"3";"Dépendance";"nan";"0.0";"None";"None";"None";"None";"nan";"7.242173";"43.689639";"000MP"
"2022-51792";"2022-01-04";"1";"Vente";"88000.0";"19.0";"None";"BD MAGNAN";"3875";"06200";"06088";"Nice";"06";"None";"None";"06088000MP0081";"None";"None";"4";"nan";"None";"nan";"None";"nan";"None";"None";"None";"None";"1";"3";"Dépendance";"nan";"0.0";"None";"None";"None";"None";"nan";"7.241211";"43.692638";"000MP"
"2021-72182";"2021-12-30";"1";"Vente";"400000.0";"73.0";"None";"BD EDOUARD HERRIOT";"2188";"06200";"06088";"Nice";"06";"None";"None";"06088000MP0159";"None";"None";"209";"131.4";"None";"nan";"None";"nan";"None";"None";"None";"None";"1";"2";"Appartement";"39.0";"1.0";"None";"None";"None";"None";"nan";"7.238503";"43.691826";"000MP"
"2021-72182";"2021-12-30";"1";"Vente";"400000.0";"73.0";"None";"BD EDOUARD HERRIOT";"2188";"06200";"06088";"Nice";"06";"None";"None";"06088000MP0159";"None";"None";"209";"131.4";"None";"nan";"None";"nan";"None";"None";"None";"None";"1";"4";"Local industriel. commercial ou assimilé";"55.0";"0.0";"None";"None";"None";"None";"nan";"7.238503";"43.691826";"000MP"
"2021-72182";"2021-12-30";"1";"Vente";"400000.0";"73.0";"None";"BD EDOUARD HERRIOT";"2188";"06200";"06088";"Nice";"06";"None";"None";"06088000MP0159";"None";"None";"114";"nan";"115";"nan";"116";"nan";"117";"None";"118";"None";"12";"4";"Local industriel. commercial ou assimilé";"290.0";"0.0";"None";"None";"None";"None";"nan";"7.238503";"43.691826";"000MP"
"2021-72259";"2021-12-27";"1";"Vente";"205000.0";"50.0";"None";"AV DE LA CALIFORNIE";"1045";"06200";"06088";"Nice";"06";"None";"None";"06088000MP0351";"None";"None";"16";"nan";"None";"nan";"None";"nan";"None";"None";"None";"None";"1";"2";"Appartement";"64.0";"2.0";"None";"None";"None";"None";"nan";"7.240797";"43.689892";"000MP"
"2021-71084";"2021-12-23";"1";"Vente";"117650.0";"17.0";"None";"BD CARLONE";"1140";"06200";"06088";"Nice";"06";"None";"None";"06088000MP0057";"None";"None";"18";"nan";"54";"29.04";"None";"nan";"None";"None";"None";"None";"2";"2";"Appartement";"32.0";"1.0";"None";"None";"None";"None";"nan";"7.241667";"43.693494";"000MP"
"2021-72092";"2021-12-23";"1";"Vente";"267000.0";"20.0";"B";"AV MONT RABEAU";"4390";"06200";"06088";"Nice";"06";"None";"None";"06088000MP0167";"None";"None";"922";"nan";"992";"66.96";"None";"nan";"None";"None";"None";"None";"2";"2";"Appartement";"70.0";"2.0";"None";"None";"None";"None";"nan";"7.237443";"43.690451";"000MP"
"2021-71084";"2021-12-23";"1";"Vente";"117650.0";"17.0";"None";"BD CARLONE";"1140";"06200";"06088";"Nice";"06";"None";"None";"06088000MP0057";"None";"None";"18";"nan";"54";"29.04";"None";"nan";"None";"None";"None";"None";"2";"3";"Dépendance";"nan";"0.0";"None";"None";"None";"None";"nan";"7.241667";"43.693494";"000MP"
"2021-72092";"2021-12-23";"1";"Vente";"267000.0";"20.0";"B";"AV MONT RABEAU";"4390";"06200";"06088";"Nice";"06";"None";"None";"06088000MP0167";"None";"None";"922";"nan";"992";"66.96";"None";"nan";"None";"None";"None";"None";"2";"3";"Dépendance";"nan";"0.0";"None";"None";"None";"None";"nan";"7.237443";"43.690451";"000MP"
"2021-70978";"2021-12-22";"1";"Vente";"20000.0";"50.0";"None";"AV DE LA CALIFORNIE";"1045";"06200";"06088";"Nice";"06";"None";"None";"06088000MP0351";"None";"None";"29";"41.9";"None";"nan";"None";"nan";"None";"None";"None";"None";"1";"2";"Appartement";"41.0";"2.0";"None";"None";"None";"None";"nan";"7.240797";"43.689892";"000MP"
"2021-71986";"2021-12-22";"1";"Vente";"651000.0";"2.0";"None";"PAE PET AVE DE LA CALIFORNIE";"1050";"06200";"06088";"Nice";"06";"None";"None";"06088000MP0266";"None";"None";"None";"nan";"None";"nan";"None";"nan";"None";"None";"None";"None";"0";"4";"Local industriel. commercial ou assimilé";"194.0";"0.0";"S";"sols";"None";"None";"299.0";"7.244254";"43.690537";"000MP"
"2021-71986";"2021-12-22";"1";"Vente";"651000.0";"2.0";"None";"PAE PET AVE DE LA CALIFORNIE";"1050";"06200";"06088";"Nice";"06";"None";"None";"06088000MP0266";"None";"None";"None";"nan";"None";"nan";"None";"nan";"None";"None";"None";"None";"0";"4";"Local industriel. commercial ou assimilé";"nan";"0.0";"S";"sols";"None";"None";"299.0";"7.244254";"43.690537";"000MP"
"2021-71329";"2021-12-21";"1";"Vente";"115100.0";"11.0";"None";"BD CARLONE";"1140";"06200";"06088";"Nice";"06";"None";"None";"06088000MP0062";"None";"None";"45";"nan";"51";"39.28";"None";"nan";"None";"None";"None";"None";"2";"2";"Appartement";"44.0";"2.0";"None";"None";"None";"None";"nan";"7.242177";"43.693504";"000MP"
"2021-71346";"2021-12-21";"1";"Vente";"99000.0";"19.0";"None";"BD MAGNAN";"3875";"06200";"06088";"Nice";"06";"None";"None";"06088000MP0081";"None";"None";"32";"15.33";"None";"nan";"None";"nan";"None";"None";"None";"None";"1";"2";"Appartement";"17.0";"1.0";"None";"None";"None";"None";"nan";"7.241211";"43.692638";"000MP"
"2021-71365";"2021-12-21";"1";"Vente";"191750.0";"9001.0";"None";"AV MONT RABEAU";"4390";"06200";"06088";"Nice";"06";"None";"None";"06088000MP0167";"None";"None";"1228";"nan";"1234";"nan";"None";"nan";"None";"None";"None";"None";"2";"2";"Appartement";"46.0";"1.0";"None";"None";"None";"None";"nan";"7.237443";"43.690451";"000MP"
"2021-72032";"2021-12-21";"1";"Vente";"199000.0";"20.0";"None";"BD MAGNAN";"3875";"06200";"06088";"Nice";"06";"None";"None";"06088000MP0043";"None";"None";"126";"52.5";"63";"nan";"None";"nan";"None";"None";"None";"None";"2";"2";"Appartement";"50.0";"2.0";"None";"None";"None";"None";"nan";"7.240931";"43.692943";"000MP"
"2021-72049";"2021-12-21";"1";"Vente";"190000.0";"73.0";"None";"BD EDOUARD HERRIOT";"2188";"06200";"06088";"Nice";"06";"None";"None";"06088000MP0159";"None";"None";"10";"nan";"160";"nan";"None";"nan";"None";"None";"None";"None";"2";"2";"Appartement";"60.0";"2.0";"None";"None";"None";"None";"nan";"7.238503";"43.691826";"000MP"
"2021-71329";"2021-12-21";"1";"Vente";"115100.0";"11.0";"None";"BD CARLONE";"1140";"06200";"06088";"Nice";"06";"None";"None";"06088000MP0062";"None";"None";"45";"nan";"51";"39.28";"None";"nan";"None";"None";"None";"None";"2";"3";"Dépendance";"nan";"0.0";"None";"None";"None";"None";"nan";"7.242177";"43.693504";"000MP"
"2021-71365";"2021-12-21";"1";"Vente";"191750.0";"9001.0";"None";"AV MONT RABEAU";"4390";"06200";"06088";"Nice";"06";"None";"None";"06088000MP0167";"None";"None";"1228";"nan";"1234";"nan";"None";"nan";"None";"None";"None";"None";"2";"3";"Dépendance";"nan";"0.0";"None";"None";"None";"None";"nan";"7.237443";"43.690451";"000MP"
"2021-71365";"2021-12-21";"1";"Vente";"191750.0";"9001.0";"None";"AV MONT RABEAU";"4390";"06200";"06088";"Nice";"06";"None";"None";"06088000MP0167";"None";"None";"1312";"nan";"None";"nan";"None";"nan";"None";"None";"None";"None";"1";"3";"Dépendance";"nan";"0.0";"None";"None";"None";"None";"nan";"7.237443";"43.690451";"000MP"
"2021-72032";"2021-12-21";"1";"Vente";"199000.0";"20.0";"None";"BD MAGNAN";"3875";"06200";"06088";"Nice";"06";"None";"None";"06088000MP0043";"None";"None";"126";"52.5";"63";"nan";"None";"nan";"None";"None";"None";"None";"2";"3";"Dépendance";"nan";"0.0";"None";"None";"None";"None";"nan";"7.240931";"43.692943";"000MP"
"2021-72049";"2021-12-21";"1";"Vente";"190000.0";"73.0";"None";"BD EDOUARD HERRIOT";"2188";"06200";"06088";"Nice";"06";"None";"None";"06088000MP0159";"None";"None";"10";"nan";"160";"nan";"None";"nan";"None";"None";"None";"None";"2";"3";"Dépendance";"nan";"0.0";"None";"None";"None";"None";"nan";"7.238503";"43.691826";"000MP"
"2021-72049";"2021-12-21";"1";"Vente";"190000.0";"73.0";"None";"BD EDOUARD HERRIOT";"2188";"06200";"06088";"Nice";"06";"None";"None";"06088000MP0159";"None";"None";"10";"nan";"160";"nan";"None";"nan";"None";"None";"None";"None";"2";"3";"Dépendance";"nan";"0.0";"None";"None";"None";"None";"nan";"7.238503";"43.691826";"000MP"
"2021-71166";"2021-12-20";"1";"Vente";"353010.0";"73.0";"None";"BD EDOUARD HERRIOT";"2188";"06200";"06088";"Nice";"06";"None";"None";"06088000MP0159";"None";"None";"169";"75.1";"52";"nan";"None";"nan";"None";"None";"None";"None";"2";"2";"Appartement";"76.0";"3.0";"None";"None";"None";"None";"nan";"7.238503";"43.691826";"000MP"
"2021-71440";"2021-12-20";"1";"Vente";"181000.0";"11.0";"None";"BD MAGNAN";"3875";"06200";"06088";"Nice";"06";"None";"None";"06088000MP0075";"None";"None";"3";"48.05";"None";"nan";"None";"nan";"None";"None";"None";"None";"1";"2";"Appartement";"61.0";"3.0";"None";"None";"None";"None";"nan";"7.242259";"43.69277";"000MP"
"2021-71166";"2021-12-20";"1";"Vente";"353010.0";"73.0";"None";"BD EDOUARD HERRIOT";"2188";"06200";"06088";"Nice";"06";"None";"None";"06088000MP0159";"None";"None";"91";"nan";"None";"nan";"None";"nan";"None";"None";"None";"None";"1";"3";"Dépendance";"nan";"0.0";"None";"None";"None";"None";"nan";"7.238503";"43.691826";"000MP"
"2021-71166";"2021-12-20";"1";"Vente";"353010.0";"73.0";"None";"BD EDOUARD HERRIOT";"2188";"06200";"06088";"Nice";"06";"None";"None";"06088000MP0159";"None";"None";"169";"75.1";"52";"nan";"None";"nan";"None";"None";"None";"None";"2";"3";"Dépendance";"nan";"0.0";"None";"None";"None";"None";"nan";"7.238503";"43.691826";"000MP"
"2021-71166";"2021-12-20";"1";"Vente";"353010.0";"73.0";"None";"BD EDOUARD HERRIOT";"2188";"06200";"06088";"Nice";"06";"None";"None";"06088000MP0159";"None";"None";"169";"75.1";"52";"nan";"None";"nan";"None";"None";"None";"None";"2";"3";"Dépendance";"nan";"0.0";"None";"None";"None";"None";"nan";"7.238503";"43.691826";"000MP"
"2021-71337";"2021-12-20";"1";"Vente";"27000.0";"2.0";"None";"RUE CORDERIE";"1690";"06200";"06088";"Nice";"06";"None";"None";"06088000MP0491";"None";"None";"61";"nan";"None";"nan";"None";"nan";"None";"None";"None";"None";"1";"3";"Dépendance";"nan";"0.0";"None";"None";"None";"None";"nan";"7.244066";"43.691389";"000MP"
"2021-71020";"2021-12-17";"1";"Vente";"47000.0";"54.0";"None";"AV DE LA CALIFORNIE";"1045";"06200";"06088";"Nice";"06";"None";"None";"06088000MP0244";"None";"None";"29";"nan";"None";"nan";"None";"nan";"None";"None";"None";"None";"1";"3";"Dépendance";"nan";"0.0";"None";"None";"None";"None";"nan";"7.240503";"43.689604";"000MP"
"2021-71020";"2021-12-17";"1";"Vente";"47000.0";"54.0";"None";"AV DE LA CALIFORNIE";"1045";"06200";"06088";"Nice";"06";"None";"None";"06088000MP0244";"None";"None";"30";"nan";"None";"nan";"None";"nan";"None";"None";"None";"None";"1";"3";"Dépendance";"nan";"0.0";"None";"None";"None";"None";"nan";"7.240503";"43.689604";"000MP"
"2021-70867";"2021-12-16";"1";"Vente";"337950.0";"115.0";"None";"PROM DES ANGLAIS";"0240";"06200";"06088";"Nice";"06";"None";"None";"06088000MP0274";"None";"None";"18";"nan";"82";"30.15";"None";"nan";"None";"None";"None";"None";"2";"2";"Appartement";"30.0";"1.0";"None";"None";"None";"None";"nan";"7.244868";"43.690792";"000MP"
"2021-70902";"2021-12-16";"1";"Vente";"202000.0";"9.0";"None";"AV GLORIA";"2955";"06200";"06088";"Nice";"06";"None";"None";"06088000MP0491";"None";"None";"255";"36.55";"None";"nan";"None";"nan";"None";"None";"None";"None";"1";"2";"Appartement";"36.0";"2.0";"None";"None";"None";"None";"nan";"7.244066";"43.691389";"000MP"
"2021-70867";"2021-12-16";"1";"Vente";"337950.0";"115.0";"None";"PROM DES ANGLAIS";"0240";"06200";"06088";"Nice";"06";"None";"None";"06088000MP0274";"None";"None";"18";"nan";"82";"30.15";"None";"nan";"None";"None";"None";"None";"2";"3";"Dépendance";"nan";"0.0";"None";"None";"None";"None";"nan";"7.244868";"43.690792";"000MP"
"2021-71311";"2021-12-15";"1";"Vente";"138000.0";"21.0";"None";"BD CARLONE";"1140";"06200";"06088";"Nice";"06";"None";"None";"06088000MP0026";"None";"None";"50";"nan";"None";"nan";"None";"nan";"None";"None";"None";"None";"1";"2";"Appartement";"45.0";"3.0";"None";"None";"None";"None";"nan";"7.241162";"43.69353";"000MP"
"2021-71177";"2021-12-14";"1";"Vente";"280000.0";"4.0";"None";"AV DE LA CALIFORNIE";"1045";"06200";"06088";"Nice";"06";"None";"None";"06088000MP0491";"None";"None";"365";"33.07";"None";"nan";"None";"nan";"None";"None";"None";"None";"1";"2";"Appartement";"33.0";"2.0";"None";"None";"None";"None";"nan";"7.244066";"43.691389";"000MP"
"2021-71177";"2021-12-14";"1";"Vente";"280000.0";"2.0";"None";"RUE CORDERIE";"1690";"06200";"06088";"Nice";"06";"None";"None";"06088000MP0491";"None";"None";"129";"nan";"None";"nan";"None";"nan";"None";"None";"None";"None";"1";"3";"Dépendance";"nan";"0.0";"None";"None";"None";"None";"nan";"7.244066";"43.691389";"000MP"
"2021-71749";"2021-12-13";"1";"Vente";"173000.0";"8.0";"B";"AV GLORIA";"2955";"06200";"06088";"Nice";"06";"None";"None";"06088000MP0304";"None";"None";"19";"nan";"51";"38.49";"None";"nan";"None";"None";"None";"None";"2";"2";"Appartement";"36.0";"1.0";"None";"None";"None";"None";"nan";"7.243226";"43.691569";"000MP"
"2021-70709";"2021-12-13";"1";"Vente";"35000.0";"1.0";"None";"IMP AMARO";"0157";"06200";"06088";"Nice";"06";"None";"None";"06088000MP0228";"None";"None";"52";"nan";"None";"nan";"None";"nan";"None";"None";"None";"None";"1";"3";"Dépendance";"nan";"0.0";"None";"None";"None";"None";"nan";"7.242418";"43.690722";"000MP"
"2021-71749";"2021-12-13";"1";"Vente";"173000.0";"8.0";"B";"AV GLORIA";"2955";"06200";"06088";"Nice";"06";"None";"None";"06088000MP0304";"None";"None";"19";"nan";"51";"38.49";"None";"nan";"None";"None";"None";"None";"2";"3";"Dépendance";"nan";"0.0";"None";"None";"None";"None";"nan";"7.243226";"43.691569";"000MP"
"2021-70292";"2021-12-07";"1";"Vente";"170000.0";"11.0";"None";"AV GLORIA";"2955";"06200";"06088";"Nice";"06";"None";"None";"06088000MP0216";"None";"None";"34";"nan";"6";"53.63";"None";"nan";"None";"None";"None";"None";"2";"2";"Appartement";"59.0";"3.0";"None";"None";"None";"None";"nan";"7.243553";"43.691276";"000MP"
"2021-70292";"2021-12-07";"1";"Vente";"170000.0";"11.0";"None";"AV GLORIA";"2955";"06200";"06088";"Nice";"06";"None";"None";"06088000MP0216";"None";"None";"34";"nan";"6";"53.63";"None";"nan";"None";"None";"None";"None";"2";"3";"Dépendance";"nan";"0.0";"None";"None";"None";"None";"nan";"7.243553";"43.691276";"000MP"
"2021-70133";"2021-12-06";"1";"Vente";"120000.0";"24.0";"None";"AV DE LA CALIFORNIE";"1045";"06200";"06088";"Nice";"06";"None";"None";"06088000MP0482";"None";"None";"295";"nan";"None";"nan";"None";"nan";"None";"None";"None";"None";"1";"2";"Appartement";"21.0";"1.0";"None";"None";"None";"None";"nan";"7.24279";"43.691002";"000MP"
"2021-70133";"2021-12-06";"1";"Vente";"120000.0";"24.0";"None";"AV DE LA CALIFORNIE";"1045";"06200";"06088";"Nice";"06";"None";"None";"06088000MP0482";"None";"None";"295";"nan";"None";"nan";"None";"nan";"None";"None";"None";"None";"1";"3";"Dépendance";"nan";"0.0";"None";"None";"None";"None";"nan";"7.24279";"43.691002";"000MP"
"2021-70414";"2021-12-01";"1";"Vente";"140000.0";"33.0";"None";"AV AIME MARTIN";"0050";"06200";"06088";"Nice";"06";"None";"None";"06088000MP0151";"None";"None";"1";"77.32";"None";"nan";"None";"nan";"None";"None";"None";"None";"1";"2";"Appartement";"69.0";"3.0";"None";"None";"None";"None";"nan";"7.241017";"43.692239";"000MP"
"2021-70319";"2021-11-30";"1";"Vente";"74692.0";"115.0";"None";"PROM DES ANGLAIS";"0240";"06200";"06088";"Nice";"06";"None";"None";"06088000MP0274";"None";"None";"79";"nan";"None";"nan";"None";"nan";"None";"None";"None";"None";"1";"3";"Dépendance";"nan";"0.0";"None";"None";"None";"None";"nan";"7.244868";"43.690792";"000MP"
"2021-70538";"2021-11-30";"1";"Vente";"41500.0";"4.0";"None";"AV DU PETIT FABRON";"4975";"06200";"06088";"Nice";"06";"None";"None";"06088000MP0179";"None";"None";"41";"nan";"None";"nan";"None";"nan";"None";"None";"None";"None";"1";"3";"Dépendance";"nan";"0.0";"None";"None";"None";"None";"nan";"7.238898";"43.689994";"000MP"
"2021-70690";"2021-11-30";"1";"Vente";"17000.0";"73.0";"None";"BD EDOUARD HERRIOT";"2188";"06200";"06088";"Nice";"06";"None";"None";"06088000MP0159";"None";"None";"68";"nan";"None";"nan";"None";"nan";"None";"None";"None";"None";"1";"3";"Dépendance";"nan";"0.0";"None";"None";"None";"None";"nan";"7.238503";"43.691826";"000MP"
"2021-69636";"2021-11-23";"1";"Vente";"32500.0";"30.0";"None";"AV DE LA CALIFORNIE";"1045";"06200";"06088";"Nice";"06";"None";"None";"06088000MP0377";"None";"None";"101";"nan";"None";"nan";"None";"nan";"None";"None";"None";"None";"1";"3";"Dépendance";"nan";"0.0";"None";"None";"None";"None";"nan";"7.241991";"43.69075";"000MP"
"2021-69986";"2021-11-22";"1";"Vente";"378390.0";"6.0";"None";"AV DU PETIT FABRON";"4975";"06200";"06088";"Nice";"06";"None";"None";"06088000MP0427";"None";"None";"23";"nan";"47";"nan";"None";"nan";"None";"None";"None";"None";"2";"2";"Appartement";"79.0";"3.0";"None";"None";"None";"None";"nan";"7.239484";"43.690313";"000MP"
"2021-70773";"2021-11-22";"1";"Vente";"319048.0";"39.0";"None";"AV AIME MARTIN";"0050";"06200";"06088";"Nice";"06";"None";"None";"06088000MP0393";"None";"None";"260";"nan";"333";"87.02";"None";"nan";"None";"None";"None";"None";"2";"2";"Appartement";"90.0";"4.0";"None";"None";"None";"None";"nan";"7.239451";"43.691055";"000MP"
"2021-69986";"2021-11-22";"1";"Vente";"378390.0";"6.0";"None";"AV DU PETIT FABRON";"4975";"06200";"06088";"Nice";"06";"None";"None";"06088000MP0427";"None";"None";"23";"nan";"47";"nan";"None";"nan";"None";"None";"None";"None";"2";"3";"Dépendance";"nan";"0.0";"None";"None";"None";"None";"nan";"7.239484";"43.690313";"000MP"
"2021-70773";"2021-11-22";"1";"Vente";"319048.0";"39.0";"None";"AV AIME MARTIN";"0050";"06200";"06088";"Nice";"06";"None";"None";"06088000MP0393";"None";"None";"260";"nan";"333";"87.02";"None";"nan";"None";"None";"None";"None";"2";"3";"Dépendance";"nan";"0.0";"None";"None";"None";"None";"nan";"7.239451";"43.691055";"000MP"
"2021-69555";"2021-11-18";"1";"Vente";"429000.0";"143.0";"None";"PROM DES ANGLAIS";"0240";"06200";"06088";"Nice";"06";"None";"None";"06088000MP0293";"None";"None";"109";"nan";"5";"nan";"None";"nan";"None";"None";"None";"None";"2";"2";"Appartement";"50.0";"2.0";"None";"None";"None";"None";"nan";"7.242594";"43.689703";"000MP"
"2021-69555";"2021-11-18";"1";"Vente";"429000.0";"143.0";"None";"PROM DES ANGLAIS";"0240";"06200";"06088";"Nice";"06";"None";"None";"06088000MP0293";"None";"None";"109";"nan";"5";"nan";"None";"nan";"None";"None";"None";"None";"2";"3";"Dépendance";"nan";"0.0";"None";"None";"None";"None";"nan";"7.242594";"43.689703";"000MP"
"2021-69383";"2021-11-15";"1";"Vente";"29000.0";"1.0";"None";"IMP AMARO";"0157";"06200";"06088";"Nice";"06";"None";"None";"06088000MP0228";"None";"None";"84";"nan";"None";"nan";"None";"nan";"None";"None";"None";"None";"1";"3";"Dépendance";"nan";"0.0";"None";"None";"None";"None";"nan";"7.242418";"43.690722";"000MP"
"2021-69464";"2021-11-10";"1";"Vente";"115000.0";"19.0";"None";"BD MAGNAN";"3875";"06200";"06088";"Nice";"06";"None";"None";"06088000MP0081";"None";"None";"43";"16.23";"None";"nan";"None";"nan";"None";"None";"None";"None";"1";"2";"Appartement";"17.0";"1.0";"None";"None";"None";"None";"nan";"7.241211";"43.692638";"000MP"
"2021-69068";"2021-11-08";"1";"Vente";"120000.0";"1.0";"None";"BD CARLONE";"1140";"06200";"06088";"Nice";"06";"None";"None";"06088000MP0068";"None";"None";"9";"48.58";"None";"nan";"None";"nan";"None";"None";"None";"None";"1";"2";"Appartement";"45.0";"3.0";"None";"None";"None";"None";"nan";"7.243027";"43.693507";"000MP"
"2021-69358";"2021-11-08";"1";"Vente";"100000.0";"16.0";"None";"BD MAGNAN";"3875";"06200";"06088";"Nice";"06";"None";"None";"06088000MP0050";"None";"None";"11";"nan";"None";"nan";"None";"nan";"None";"None";"None";"None";"1";"2";"Appartement";"31.0";"2.0";"None";"None";"None";"None";"nan";"7.241639";"43.692968";"000MP"
"2021-69462";"2021-11-08";"1";"Vente";"200000.0";"1.0";"None";"BD CARLONE";"1140";"06200";"06088";"Nice";"06";"None";"None";"06088000MP0068";"None";"None";"3";"nan";"5";"nan";"None";"nan";"None";"None";"None";"None";"2";"2";"Appartement";"45.0";"3.0";"None";"None";"None";"None";"nan";"7.243027";"43.693507";"000MP"
"2021-69068";"2021-11-08";"1";"Vente";"120000.0";"1.0";"None";"BD CARLONE";"1140";"06200";"06088";"Nice";"06";"None";"None";"06088000MP0068";"None";"None";"9";"48.58";"None";"nan";"None";"nan";"None";"None";"None";"None";"1";"3";"Dépendance";"nan";"0.0";"None";"None";"None";"None";"nan";"7.243027";"43.693507";"000MP"
"2021-69068";"2021-11-08";"1";"Vente";"120000.0";"1.0";"None";"BD CARLONE";"1140";"06200";"06088";"Nice";"06";"None";"None";"06088000MP0068";"None";"None";"9";"48.58";"None";"nan";"None";"nan";"None";"None";"None";"None";"1";"3";"Dépendance";"nan";"0.0";"None";"None";"None";"None";"nan";"7.243027";"43.693507";"000MP"
"2021-69462";"2021-11-08";"1";"Vente";"200000.0";"1.0";"None";"BD CARLONE";"1140";"06200";"06088";"Nice";"06";"None";"None";"06088000MP0068";"None";"None";"3";"nan";"5";"nan";"None";"nan";"None";"None";"None";"None";"2";"3";"Dépendance";"nan";"0.0";"None";"None";"None";"None";"nan";"7.243027";"43.693507";"000MP"
"2021-69462";"2021-11-08";"1";"Vente";"200000.0";"1.0";"None";"BD CARLONE";"1140";"06200";"06088";"Nice";"06";"None";"None";"06088000MP0068";"None";"None";"3";"nan";"5";"nan";"None";"nan";"None";"None";"None";"None";"2";"3";"Dépendance";"nan";"0.0";"None";"None";"None";"None";"nan";"7.243027";"43.693507";"000MP"
"2021-69462";"2021-11-08";"1";"Vente";"200000.0";"1.0";"None";"BD CARLONE";"1140";"06200";"06088";"Nice";"06";"None";"None";"06088000MP0068";"None";"None";"4";"nan";"None";"nan";"None";"nan";"None";"None";"None";"None";"1";"3";"Dépendance";"nan";"0.0";"None";"None";"None";"None";"nan";"7.243027";"43.693507";"000MP"
"2021-69462";"2021-11-08";"1";"Vente";"200000.0";"1.0";"None";"BD CARLONE";"1140";"06200";"06088";"Nice";"06";"None";"None";"06088000MP0068";"None";"None";"7";"37.19";"None";"nan";"None";"nan";"None";"None";"None";"None";"1";"4";"Local industriel. commercial ou assimilé";"48.0";"0.0";"None";"None";"None";"None";"nan";"7.243027";"43.693507";"000MP"
"2021-69015";"2021-11-05";"1";"Vente";"18000.0";"24.0";"None";"AV DE LA CALIFORNIE";"1045";"06200";"06088";"Nice";"06";"None";"None";"06088000MP0482";"None";"None";"223";"nan";"None";"nan";"None";"nan";"None";"None";"None";"None";"1";"3";"Dépendance";"nan";"0.0";"None";"None";"None";"None";"nan";"7.24279";"43.691002";"000MP"
"2021-69097";"2021-11-04";"1";"Vente";"100000.0";"19.0";"None";"BD MAGNAN";"3875";"06200";"06088";"Nice";"06";"None";"None";"06088000MP0081";"None";"None";"31";"16.53";"None";"nan";"None";"nan";"None";"None";"None";"None";"1";"2";"Appartement";"17.0";"1.0";"None";"None";"None";"None";"nan";"7.241211";"43.692638";"000MP"
"2021-68502";"2021-10-28";"1";"Vente";"642000.0";"123.0";"None";"PROM DES ANGLAIS";"0240";"06200";"06088";"Nice";"06";"None";"None";"06088000MP0278";"None";"None";"34";"93.64";"None";"nan";"None";"nan";"None";"None";"None";"None";"1";"2";"Appartement";"91.0";"3.0";"None";"None";"None";"None";"nan";"7.24432";"43.690425";"000MP"
"2021-68239";"2021-10-27";"1";"Vente";"156000.0";"11.0";"None";"AV DE LA CALIFORNIE";"1045";"06200";"06088";"Nice";"06";"None";"None";"06088000MP0265";"None";"None";"34";"34.11";"9";"nan";"None";"nan";"None";"None";"None";"None";"2";"2";"Appartement";"34.0";"2.0";"None";"None";"None";"None";"nan";"7.244172";"43.690736";"000MP"
"2021-68239";"2021-10-27";"1";"Vente";"156000.0";"11.0";"None";"AV DE LA CALIFORNIE";"1045";"06200";"06088";"Nice";"06";"None";"None";"06088000MP0265";"None";"None";"34";"34.11";"9";"nan";"None";"nan";"None";"None";"None";"None";"2";"3";"Dépendance";"nan";"0.0";"None";"None";"None";"None";"nan";"7.244172";"43.690736";"000MP"
"2021-68975";"2021-10-25";"1";"Vente";"300000.0";"93.0";"None";"BD EDOUARD HERRIOT";"2188";"06200";"06088";"Nice";"06";"None";"None";"06088000MP0167";"None";"None";"805";"nan";"878";"62.64";"None";"nan";"None";"None";"None";"None";"2";"2";"Appartement";"64.0";"2.0";"None";"None";"None";"None";"nan";"7.237443";"43.690451";"000MP"
"2021-68975";"2021-10-25";"1";"Vente";"300000.0";"93.0";"None";"BD EDOUARD HERRIOT";"2188";"06200";"06088";"Nice";"06";"None";"None";"06088000MP0167";"None";"None";"805";"nan";"878";"62.64";"None";"nan";"None";"None";"None";"None";"2";"3";"Dépendance";"nan";"0.0";"None";"None";"None";"None";"nan";"7.237443";"43.690451";"000MP"
"2021-68975";"2021-10-25";"1";"Vente";"300000.0";"93.0";"None";"BD EDOUARD HERRIOT";"2188";"06200";"06088";"Nice";"06";"None";"None";"06088000MP0167";"None";"None";"805";"nan";"878";"62.64";"None";"nan";"None";"None";"None";"None";"2";"3";"Dépendance";"nan";"0.0";"None";"None";"None";"None";"nan";"7.237443";"43.690451";"000MP"
"2021-68379";"2021-10-22";"1";"Vente";"122500.0";"49.0";"None";"AV DE LA CALIFORNIE";"1045";"06200";"06088";"Nice";"06";"None";"None";"06088000MP0251";"None";"None";"25";"26.8";"None";"nan";"None";"nan";"None";"None";"None";"None";"1";"2";"Appartement";"28.0";"1.0";"None";"None";"None";"None";"nan";"7.24187";"43.689691";"000MP"
"2021-68734";"2021-10-22";"1";"Vente";"335000.0";"33.0";"None";"AV AIME MARTIN";"0050";"06200";"06088";"Nice";"06";"None";"None";"06088000MP0151";"None";"None";"15";"nan";"6";"94.32";"None";"nan";"None";"None";"None";"None";"2";"2";"Appartement";"97.0";"3.0";"None";"None";"None";"None";"nan";"7.241017";"43.692239";"000MP"
"2021-68742";"2021-10-22";"1";"Vente";"131500.0";"6.0";"None";"RUE SAINT HONORE";"5770";"06200";"06088";"Nice";"06";"None";"None";"06088000MP0056";"None";"None";"11";"45.14";"None";"nan";"None";"nan";"None";"None";"None";"None";"1";"2";"Appartement";"47.0";"2.0";"None";"None";"None";"None";"nan";"7.241592";"43.693344";"000MP"
"2021-68379";"2021-10-22";"1";"Vente";"122500.0";"49.0";"None";"AV DE LA CALIFORNIE";"1045";"06200";"06088";"Nice";"06";"None";"None";"06088000MP0251";"None";"None";"25";"26.8";"None";"nan";"None";"nan";"None";"None";"None";"None";"1";"3";"Dépendance";"nan";"0.0";"None";"None";"None";"None";"nan";"7.24187";"43.689691";"000MP"
"2021-68734";"2021-10-22";"1";"Vente";"335000.0";"33.0";"None";"AV AIME MARTIN";"0050";"06200";"06088";"Nice";"06";"None";"None";"06088000MP0151";"None";"None";"15";"nan";"6";"94.32";"None";"nan";"None";"None";"None";"None";"2";"3";"Dépendance";"nan";"0.0";"None";"None";"None";"None";"nan";"7.241017";"43.692239";"000MP"
"2021-68734";"2021-10-22";"1";"Vente";"335000.0";"33.0";"None";"AV AIME MARTIN";"0050";"06200";"06088";"Nice";"06";"None";"None";"06088000MP0151";"None";"None";"12";"nan";"None";"nan";"None";"nan";"None";"None";"None";"None";"1";"3";"Dépendance";"nan";"0.0";"None";"None";"None";"None";"nan";"7.241017";"43.692239";"000MP"
"2021-68746";"2021-10-21";"1";"Vente";"319500.0";"21.0";"None";"AV AIME MARTIN";"0050";"06200";"06088";"Nice";"06";"None";"None";"06088000MP0135";"None";"None";"9";"62.38";"None";"nan";"None";"nan";"None";"None";"None";"None";"1";"2";"Appartement";"68.0";"3.0";"None";"None";"None";"None";"nan";"7.241806";"43.692082";"000MP"
"2021-68746";"2021-10-21";"1";"Vente";"319500.0";"21.0";"None";"AV AIME MARTIN";"0050";"06200";"06088";"Nice";"06";"None";"None";"06088000MP0135";"None";"None";"1";"nan";"None";"nan";"None";"nan";"None";"None";"None";"None";"1";"3";"Dépendance";"nan";"0.0";"None";"None";"None";"None";"nan";"7.241806";"43.692082";"000MP"
"2021-68211";"2021-10-19";"1";"Vente";"398650.0";"12.0";"None";"RUE SAINT HONORE";"5770";"06200";"06088";"Nice";"06";"None";"None";"06088000MP0029";"None";"None";"11";"83.43";"None";"nan";"None";"nan";"None";"None";"None";"None";"1";"2";"Appartement";"79.0";"3.0";"None";"None";"None";"None";"nan";"7.240585";"43.693305";"000MP"
"2021-68300";"2021-10-19";"1";"Vente";"90000.0";"16.0";"None";"BD MAGNAN";"3875";"06200";"06088";"Nice";"06";"None";"None";"06088000MP0050";"None";"None";"25";"nan";"None";"nan";"None";"nan";"None";"None";"None";"None";"1";"2";"Appartement";"15.0";"1.0";"None";"None";"None";"None";"nan";"7.241639";"43.692968";"000MP"
"2021-68324";"2021-10-19";"1";"Vente";"225000.0";"11.0";"None";"AV DE LA CALIFORNIE";"1045";"06200";"06088";"Nice";"06";"None";"None";"06088000MP0265";"None";"None";"50";"nan";"None";"nan";"None";"nan";"None";"None";"None";"None";"1";"2";"Appartement";"47.0";"3.0";"None";"None";"None";"None";"nan";"7.244172";"43.690736";"000MP"
"2021-68211";"2021-10-19";"1";"Vente";"398650.0";"12.0";"None";"RUE SAINT HONORE";"5770";"06200";"06088";"Nice";"06";"None";"None";"06088000MP0029";"None";"None";"11";"83.43";"None";"nan";"None";"nan";"None";"None";"None";"None";"1";"3";"Dépendance";"nan";"0.0";"None";"None";"None";"None";"nan";"7.240585";"43.693305";"000MP"
"2021-68211";"2021-10-19";"1";"Vente";"398650.0";"12.0";"None";"RUE SAINT HONORE";"5770";"06200";"06088";"Nice";"06";"None";"None";"06088000MP0029";"None";"None";"1";"nan";"None";"nan";"None";"nan";"None";"None";"None";"None";"1";"3";"Dépendance";"nan";"0.0";"None";"None";"None";"None";"nan";"7.240585";"43.693305";"000MP"
"2021-68211";"2021-10-19";"1";"Vente";"398650.0";"7.0";"None";"RUE SAINT HONORE";"5770";"06200";"06088";"Nice";"06";"None";"None";"06088000MP0047";"None";"None";"2";"nan";"None";"nan";"None";"nan";"None";"None";"None";"None";"1";"3";"Dépendance";"nan";"0.0";"None";"None";"None";"None";"nan";"7.241376";"43.693147";"000MP"
"2021-68324";"2021-10-19";"1";"Vente";"225000.0";"11.0";"None";"AV DE LA CALIFORNIE";"1045";"06200";"06088";"Nice";"06";"None";"None";"06088000MP0265";"None";"None";"18";"nan";"None";"nan";"None";"nan";"None";"None";"None";"None";"1";"3";"Dépendance";"nan";"0.0";"None";"None";"None";"None";"nan";"7.244172";"43.690736";"000MP"
"2021-68441";"2021-10-15";"1";"Vente";"213000.0";"9.0";"None";"AV GLORIA";"2955";"06200";"06088";"Nice";"06";"None";"None";"06088000MP0491";"None";"None";"231";"43.8";"None";"nan";"None";"nan";"None";"None";"None";"None";"1";"2";"Appartement";"43.0";"2.0";"None";"None";"None";"None";"nan";"7.244066";"43.691389";"000MP"
"2021-68441";"2021-10-15";"1";"Vente";"213000.0";"2.0";"None";"RUE CORDERIE";"1690";"06200";"06088";"Nice";"06";"None";"None";"06088000MP0491";"None";"None";"112";"nan";"None";"nan";"None";"nan";"None";"None";"None";"None";"1";"3";"Dépendance";"nan";"0.0";"None";"None";"None";"None";"nan";"7.244066";"43.691389";"000MP"
"2021-68037";"2021-10-13";"1";"Vente";"403500.0";"73.0";"None";"BD EDOUARD HERRIOT";"2188";"06200";"06088";"Nice";"06";"None";"None";"06088000MP0312";"None";"None";"36";"nan";"62";"nan";"None";"nan";"None";"None";"None";"None";"2";"2";"Appartement";"96.0";"4.0";"None";"None";"None";"None";"nan";"7.237787";"43.691443";"000MP"
"2021-68037";"2021-10-13";"1";"Vente";"403500.0";"73.0";"None";"BD EDOUARD HERRIOT";"2188";"06200";"06088";"Nice";"06";"None";"None";"06088000MP0312";"None";"None";"36";"nan";"62";"nan";"None";"nan";"None";"None";"None";"None";"2";"3";"Dépendance";"nan";"0.0";"None";"None";"None";"None";"nan";"7.237787";"43.691443";"000MP"
"2021-68037";"2021-10-13";"1";"Vente";"403500.0";"73.0";"None";"BD EDOUARD HERRIOT";"2188";"06200";"06088";"Nice";"06";"None";"None";"06088000MP0312";"None";"None";"442";"nan";"None";"nan";"None";"nan";"None";"None";"None";"None";"1";"3";"Dépendance";"nan";"0.0";"None";"None";"None";"None";"nan";"7.237787";"43.691443";"000MP"
"2021-67815";"2021-10-12";"1";"Vente";"157000.0";"1.0";"None";"IMP AMARO";"0157";"06200";"06088";"Nice";"06";"None";"None";"06088000MP0228";"None";"None";"118";"31.63";"None";"nan";"None";"nan";"None";"None";"None";"None";"1";"2";"Appartement";"31.0";"2.0";"None";"None";"None";"None";"nan";"7.242418";"43.690722";"000MP"
"2021-68078";"2021-10-12";"1";"Vente";"260000.0";"21.0";"T";"AV AIME MARTIN";"0050";"06200";"06088";"Nice";"06";"None";"None";"06088000MP0136";"None";"None";"5";"62.23";"None";"nan";"None";"nan";"None";"None";"None";"None";"1";"2";"Appartement";"60.0";"3.0";"None";"None";"None";"None";"nan";"nan";"nan";"000MP"
"2021-68078";"2021-10-12";"1";"Vente";"260000.0";"21.0";"T";"AV AIME MARTIN";"0050";"06200";"06088";"Nice";"06";"None";"None";"06088000MP0136";"None";"None";"10";"nan";"None";"nan";"None";"nan";"None";"None";"None";"None";"1";"3";"Dépendance";"nan";"0.0";"None";"None";"None";"None";"nan";"nan";"nan";"000MP"
"2021-68078";"2021-10-12";"1";"Vente";"260000.0";"21.0";"T";"AV AIME MARTIN";"0050";"06200";"06088";"Nice";"06";"None";"None";"06088000MP0136";"None";"None";"5";"62.23";"None";"nan";"None";"nan";"None";"None";"None";"None";"1";"3";"Dépendance";"nan";"0.0";"None";"None";"None";"None";"nan";"nan";"nan";"000MP"
"2021-68078";"2021-10-12";"1";"Vente";"260000.0";"21.0";"T";"AV AIME MARTIN";"0050";"06200";"06088";"Nice";"06";"None";"None";"06088000MP0136";"None";"None";"6";"nan";"None";"nan";"None";"nan";"None";"None";"None";"None";"1";"3";"Dépendance";"nan";"0.0";"None";"None";"None";"None";"nan";"nan";"nan";"000MP"
"2021-68078";"2021-10-12";"1";"Vente";"260000.0";"21.0";"T";"AV AIME MARTIN";"0050";"06200";"06088";"Nice";"06";"None";"None";"06088000MP0136";"None";"None";"7";"nan";"None";"nan";"None";"nan";"None";"None";"None";"None";"1";"3";"Dépendance";"nan";"0.0";"None";"None";"None";"None";"nan";"nan";"nan";"000MP"
"2021-68078";"2021-10-12";"1";"Vente";"260000.0";"21.0";"T";"AV AIME MARTIN";"0050";"06200";"06088";"Nice";"06";"None";"None";"06088000MP0136";"None";"None";"8";"nan";"None";"nan";"None";"nan";"None";"None";"None";"None";"1";"3";"Dépendance";"nan";"0.0";"None";"None";"None";"None";"nan";"nan";"nan";"000MP"
"2021-68078";"2021-10-12";"1";"Vente";"260000.0";"21.0";"T";"AV AIME MARTIN";"0050";"06200";"06088";"Nice";"06";"None";"None";"06088000MP0136";"None";"None";"9";"nan";"None";"nan";"None";"nan";"None";"None";"None";"None";"1";"3";"Dépendance";"nan";"0.0";"None";"None";"None";"None";"nan";"nan";"nan";"000MP"
"2021-67680";"2021-10-11";"1";"Vente en l'état futur d'achèvement";"133416.0";"18.0";"B";"BD MAGNAN";"3875";"06200";"06088";"Nice";"06";"None";"None";"06088000MP0497";"None";"None";"19";"nan";"None";"nan";"None";"nan";"None";"None";"None";"None";"1";"None";"None";"nan";"nan";"None";"None";"None";"None";"nan";"7.241279";"43.692951";"000MP"
"2021-67680";"2021-10-11";"1";"Vente en l'état futur d'achèvement";"133416.0";"18.0";"B";"BD MAGNAN";"3875";"06200";"06088";"Nice";"06";"None";"None";"06088000MP0497";"None";"None";"38";"nan";"None";"nan";"None";"nan";"None";"None";"None";"None";"1";"None";"None";"nan";"nan";"None";"None";"None";"None";"nan";"7.241279";"43.692951";"000MP"
"2021-68172";"2021-10-08";"1";"Vente";"163000.0";"6.0";"None";"AV DU PETIT FABRON";"4975";"06200";"06088";"Nice";"06";"None";"None";"06088000MP0427";"None";"None";"106";"nan";"113";"nan";"None";"nan";"None";"None";"None";"None";"2";"2";"Appartement";"50.0";"2.0";"None";"None";"None";"None";"nan";"7.239484";"43.690313";"000MP"
"2021-68172";"2021-10-08";"1";"Vente";"163000.0";"6.0";"None";"AV DU PETIT FABRON";"4975";"06200";"06088";"Nice";"06";"None";"None";"06088000MP0427";"None";"None";"104";"nan";"135";"nan";"None";"nan";"None";"None";"None";"None";"2";"2";"Appartement";"74.0";"2.0";"None";"None";"None";"None";"nan";"7.239484";"43.690313";"000MP"
"2021-68172";"2021-10-08";"1";"Vente";"163000.0";"6.0";"None";"AV DU PETIT FABRON";"4975";"06200";"06088";"Nice";"06";"None";"None";"06088000MP0427";"None";"None";"143";"nan";"None";"nan";"None";"nan";"None";"None";"None";"None";"1";"3";"Dépendance";"nan";"0.0";"None";"None";"None";"None";"nan";"7.239484";"43.690313";"000MP"
"2021-68172";"2021-10-08";"1";"Vente";"163000.0";"6.0";"None";"AV DU PETIT FABRON";"4975";"06200";"06088";"Nice";"06";"None";"None";"06088000MP0427";"None";"None";"106";"nan";"113";"nan";"None";"nan";"None";"None";"None";"None";"2";"3";"Dépendance";"nan";"0.0";"None";"None";"None";"None";"nan";"7.239484";"43.690313";"000MP"
"2021-68172";"2021-10-08";"1";"Vente";"163000.0";"6.0";"None";"AV DU PETIT FABRON";"4975";"06200";"06088";"Nice";"06";"None";"None";"06088000MP0427";"None";"None";"104";"nan";"135";"nan";"None";"nan";"None";"None";"None";"None";"2";"3";"Dépendance";"nan";"0.0";"None";"None";"None";"None";"nan";"7.239484";"43.690313";"000MP"
"2021-68172";"2021-10-08";"1";"Vente";"163000.0";"6.0";"None";"AV DU PETIT FABRON";"4975";"06200";"06088";"Nice";"06";"None";"None";"06088000MP0427";"None";"None";"104";"nan";"135";"nan";"None";"nan";"None";"None";"None";"None";"2";"3";"Dépendance";"nan";"0.0";"None";"None";"None";"None";"nan";"7.239484";"43.690313";"000MP"
"2021-68101";"2021-10-07";"1";"Vente";"369000.0";"39.0";"None";"AV AIME MARTIN";"0050";"06200";"06088";"Nice";"06";"None";"None";"06088000MP0393";"None";"None";"783";"nan";"817";"72.41";"None";"nan";"None";"None";"None";"None";"2";"2";"Appartement";"72.0";"3.0";"None";"None";"None";"None";"nan";"7.239451";"43.691055";"000MP"
"2021-68101";"2021-10-07";"1";"Vente";"369000.0";"39.0";"None";"AV AIME MARTIN";"0050";"06200";"06088";"Nice";"06";"None";"None";"06088000MP0393";"None";"None";"783";"nan";"817";"72.41";"None";"nan";"None";"None";"None";"None";"2";"3";"Dépendance";"nan";"0.0";"None";"None";"None";"None";"nan";"7.239451";"43.691055";"000MP"
"2021-67864";"2021-10-04";"1";"Vente";"310000.0";"73.0";"None";"BD EDOUARD HERRIOT";"2188";"06200";"06088";"Nice";"06";"None";"None";"06088000MP0312";"None";"None";"230";"nan";"287";"nan";"None";"nan";"None";"None";"None";"None";"2";"2";"Appartement";"72.0";"3.0";"None";"None";"None";"None";"nan";"7.237787";"43.691443";"000MP"
"2021-67864";"2021-10-04";"1";"Vente";"310000.0";"73.0";"None";"BD EDOUARD HERRIOT";"2188";"06200";"06088";"Nice";"06";"None";"None";"06088000MP0312";"None";"None";"230";"nan";"287";"nan";"None";"nan";"None";"None";"None";"None";"2";"3";"Dépendance";"nan";"0.0";"None";"None";"None";"None";"nan";"7.237787";"43.691443";"000MP"
"2021-67864";"2021-10-04";"1";"Vente";"310000.0";"73.0";"None";"BD EDOUARD HERRIOT";"2188";"06200";"06088";"Nice";"06";"None";"None";"06088000MP0312";"None";"None";"230";"nan";"287";"nan";"None";"nan";"None";"None";"None";"None";"2";"3";"Dépendance";"nan";"0.0";"None";"None";"None";"None";"nan";"7.237787";"43.691443";"000MP"
"2021-66602";"2021-09-29";"1";"Vente";"185500.0";"30.0";"None";"AV DE LA CALIFORNIE";"1045";"06200";"06088";"Nice";"06";"None";"None";"06088000MP0377";"None";"None";"231";"40.54";"None";"nan";"None";"nan";"None";"None";"None";"None";"1";"2";"Appartement";"40.0";"2.0";"None";"None";"None";"None";"nan";"7.241991";"43.69075";"000MP"
"2021-67006";"2021-09-29";"1";"Vente";"160000.0";"5.0";"None";"AV AIME MARTIN";"0050";"06200";"06088";"Nice";"06";"None";"None";"06088000MP0100";"None";"None";"3";"nan";"None";"nan";"None";"nan";"None";"None";"None";"None";"1";"2";"Appartement";"45.0";"2.0";"None";"None";"None";"None";"nan";"7.243023";"43.692797";"000MP"
"2021-67006";"2021-09-29";"1";"Vente";"160000.0";"5.0";"None";"AV AIME MARTIN";"0050";"06200";"06088";"Nice";"06";"None";"None";"06088000MP0100";"None";"None";"3";"nan";"None";"nan";"None";"nan";"None";"None";"None";"None";"1";"3";"Dépendance";"nan";"0.0";"None";"None";"None";"None";"nan";"7.243023";"43.692797";"000MP"
"2021-66739";"2021-09-28";"1";"Vente";"128000.0";"23.0";"None";"BD MAGNAN";"3875";"06200";"06088";"Nice";"06";"None";"None";"06088000MP0086";"None";"None";"49";"nan";"99";"nan";"None";"nan";"None";"None";"None";"None";"2";"2";"Appartement";"33.0";"1.0";"None";"None";"None";"None";"nan";"7.240812";"43.692554";"000MP"
"2021-66739";"2021-09-28";"1";"Vente";"128000.0";"23.0";"None";"BD MAGNAN";"3875";"06200";"06088";"Nice";"06";"None";"None";"06088000MP0086";"None";"None";"49";"nan";"99";"nan";"None";"nan";"None";"None";"None";"None";"2";"3";"Dépendance";"nan";"0.0";"None";"None";"None";"None";"nan";"7.240812";"43.692554";"000MP"
"2021-66262";"2021-09-24";"1";"Vente";"105000.0";"12.0";"B";"BD MAGNAN";"3875";"06200";"06088";"Nice";"06";"None";"None";"06088000MP0052";"None";"None";"12";"13.59";"21";"nan";"None";"nan";"None";"None";"None";"None";"2";"2";"Appartement";"14.0";"1.0";"None";"None";"None";"None";"nan";"7.242135";"43.693073";"000MP"
"2021-66262";"2021-09-24";"1";"Vente";"105000.0";"12.0";"B";"BD MAGNAN";"3875";"06200";"06088";"Nice";"06";"None";"None";"06088000MP0052";"None";"None";"12";"13.59";"21";"nan";"None";"nan";"None";"None";"None";"None";"2";"3";"Dépendance";"nan";"0.0";"None";"None";"None";"None";"nan";"7.242135";"43.693073";"000MP"
"2021-66484";"2021-09-23";"1";"Vente";"240000.0";"15.0";"None";"AV DE BELLET";"0735";"06200";"06088";"Nice";"06";"None";"None";"06088000MP0420";"None";"None";"187";"nan";"246";"47.0";"None";"nan";"None";"None";"None";"None";"2";"2";"Appartement";"45.0";"2.0";"None";"None";"None";"None";"nan";"7.244073";"43.692023";"000MP"
"2021-66499";"2021-09-23";"1";"Vente";"92000.0";"12.0";"None";"AV DE LA CALIFORNIE";"1045";"06200";"06088";"Nice";"06";"None";"None";"06088000MP0491";"None";"None";"422";"17.67";"None";"nan";"None";"nan";"None";"None";"None";"None";"1";"2";"Appartement";"18.0";"1.0";"None";"None";"None";"None";"nan";"7.244066";"43.691389";"000MP"
"2021-66484";"2021-09-23";"1";"Vente";"240000.0";"15.0";"None";"AV DE BELLET";"0735";"06200";"06088";"Nice";"06";"None";"None";"06088000MP0420";"None";"None";"187";"nan";"246";"47.0";"None";"nan";"None";"None";"None";"None";"2";"3";"Dépendance";"nan";"0.0";"None";"None";"None";"None";"nan";"7.244073";"43.692023";"000MP"
"2021-65845";"2021-09-17";"1";"Vente";"520300.0";"39.0";"None";"AV AIME MARTIN";"0050";"06200";"06088";"Nice";"06";"None";"None";"06088000MP0393";"None";"None";"782";"nan";"816";"110.77";"None";"nan";"None";"None";"None";"None";"2";"2";"Appartement";"120.0";"5.0";"None";"None";"None";"None";"nan";"7.239451";"43.691055";"000MP"
"2021-65845";"2021-09-17";"1";"Vente";"520300.0";"39.0";"None";"AV AIME MARTIN";"0050";"06200";"06088";"Nice";"06";"None";"None";"06088000MP0393";"None";"None";"782";"nan";"816";"110.77";"None";"nan";"None";"None";"None";"None";"2";"3";"Dépendance";"nan";"0.0";"None";"None";"None";"None";"nan";"7.239451";"43.691055";"000MP"
"2021-65845";"2021-09-17";"1";"Vente";"520300.0";"39.0";"None";"AV AIME MARTIN";"0050";"06200";"06088";"Nice";"06";"None";"None";"06088000MP0393";"None";"None";"744";"nan";"None";"nan";"None";"nan";"None";"None";"None";"None";"1";"3";"Dépendance";"nan";"0.0";"None";"None";"None";"None";"nan";"7.239451";"43.691055";"000MP"
"2021-65879";"2021-09-16";"1";"Vente";"126000.0";"20.0";"None";"BD MAGNAN";"3875";"06200";"06088";"Nice";"06";"None";"None";"06088000MP0043";"None";"None";"164";"26.14";"90";"nan";"None";"nan";"None";"None";"None";"None";"2";"2";"Appartement";"25.0";"1.0";"None";"None";"None";"None";"nan";"7.240931";"43.692943";"000MP"
"2021-65879";"2021-09-16";"1";"Vente";"126000.0";"20.0";"None";"BD MAGNAN";"3875";"06200";"06088";"Nice";"06";"None";"None";"06088000MP0043";"None";"None";"164";"26.14";"90";"nan";"None";"nan";"None";"None";"None";"None";"2";"3";"Dépendance";"nan";"0.0";"None";"None";"None";"None";"nan";"7.240931";"43.692943";"000MP"
"2021-66562";"2021-09-16";"1";"Vente";"189490.0";"12.0";"None";"AV DE LA CALIFORNIE";"1045";"06200";"06088";"Nice";"06";"None";"None";"06088000MP0491";"None";"None";"411";"36.41";"None";"nan";"None";"nan";"None";"None";"None";"None";"1";"4";"Local industriel. commercial ou assimilé";"37.0";"0.0";"None";"None";"None";"None";"nan";"7.244066";"43.691389";"000MP"
"2021-65806";"2021-09-15";"1";"Vente";"469930.0";"39.0";"None";"AV AIME MARTIN";"0050";"06200";"06088";"Nice";"06";"None";"None";"06088000MP0393";"None";"None";"261";"nan";"334";"87.12";"None";"nan";"None";"None";"None";"None";"2";"2";"Appartement";"85.0";"4.0";"None";"None";"None";"None";"nan";"7.239451";"43.691055";"000MP"
"2021-65815";"2021-09-15";"1";"Vente";"130000.0";"52.0";"None";"AV DE LA CALIFORNIE";"1045";"06200";"06088";"Nice";"06";"None";"None";"06088000MP0487";"None";"None";"98";"24.01";"None";"nan";"None";"nan";"None";"None";"None";"None";"1";"2";"Appartement";"22.0";"1.0";"None";"None";"None";"None";"nan";"7.240755";"43.689691";"000MP"
"2021-67044";"2021-09-15";"1";"Vente";"456000.0";"39.0";"None";"AV AIME MARTIN";"0050";"06200";"06088";"Nice";"06";"None";"None";"06088000MP0393";"None";"None";"433";"nan";"508";"nan";"None";"nan";"None";"None";"None";"None";"2";"2";"Appartement";"98.0";"4.0";"None";"None";"None";"None";"nan";"7.239451";"43.691055";"000MP"
"2021-65806";"2021-09-15";"1";"Vente";"469930.0";"39.0";"None";"AV AIME MARTIN";"0050";"06200";"06088";"Nice";"06";"None";"None";"06088000MP0393";"None";"None";"261";"nan";"334";"87.12";"None";"nan";"None";"None";"None";"None";"2";"3";"Dépendance";"nan";"0.0";"None";"None";"None";"None";"nan";"7.239451";"43.691055";"000MP"
"2021-65806";"2021-09-15";"1";"Vente";"469930.0";"39.0";"None";"AV AIME MARTIN";"0050";"06200";"06088";"Nice";"06";"None";"None";"06088000MP0393";"None";"None";"182";"nan";"None";"nan";"None";"nan";"None";"None";"None";"None";"1";"3";"Dépendance";"nan";"0.0";"None";"None";"None";"None";"nan";"7.239451";"43.691055";"000MP"
"2021-67044";"2021-09-15";"1";"Vente";"456000.0";"39.0";"None";"AV AIME MARTIN";"0050";"06200";"06088";"Nice";"06";"None";"None";"06088000MP0393";"None";"None";"433";"nan";"508";"nan";"None";"nan";"None";"None";"None";"None";"2";"3";"Dépendance";"nan";"0.0";"None";"None";"None";"None";"nan";"7.239451";"43.691055";"000MP"
"2021-66653";"2021-09-13";"1";"Vente";"120650.0";"35.0";"None";"BD CARLONE";"1140";"06200";"06088";"Nice";"06";"None";"None";"06088000MP0419";"None";"None";"24";"32.67";"None";"nan";"None";"nan";"None";"None";"None";"None";"1";"2";"Appartement";"35.0";"2.0";"None";"None";"None";"None";"nan";"7.240023";"43.693328";"000MP"
"2021-65765";"2021-09-10";"1";"Vente";"100000.0";"19.0";"None";"BD MAGNAN";"3875";"06200";"06088";"Nice";"06";"None";"None";"06088000MP0081";"None";"None";"33";"16.45";"None";"nan";"None";"nan";"None";"None";"None";"None";"1";"2";"Appartement";"17.0";"1.0";"None";"None";"None";"None";"nan";"7.241211";"43.692638";"000MP"
"2021-65491";"2021-09-09";"1";"Vente";"18000.0";"8.0";"B";"AV GLORIA";"2955";"06200";"06088";"Nice";"06";"None";"None";"06088000MP0304";"None";"None";"65";"nan";"None";"nan";"None";"nan";"None";"None";"None";"None";"1";"3";"Dépendance";"nan";"0.0";"None";"None";"None";"None";"nan";"7.243226";"43.691569";"000MP"
"2021-65718";"2021-09-09";"1";"Vente";"33000.0";"19.0";"None";"BD MAGNAN";"3875";"06200";"06088";"Nice";"06";"None";"None";"06088000MP0081";"None";"None";"13";"nan";"None";"nan";"None";"nan";"None";"None";"None";"None";"1";"3";"Dépendance";"nan";"0.0";"None";"None";"None";"None";"nan";"7.241211";"43.692638";"000MP"
"2021-67358";"2021-09-09";"1";"Vente";"12000.0";"8.0";"T";"AV GLORIA";"2955";"06200";"06088";"Nice";"06";"None";"None";"06088000MP0185";"None";"None";"16";"nan";"None";"nan";"None";"nan";"None";"None";"None";"None";"1";"3";"Dépendance";"nan";"0.0";"None";"None";"None";"None";"nan";"7.24317";"43.691719";"000MP"
"2021-65455";"2021-09-07";"1";"Vente";"180000.0";"1.0";"None";"RUE FONTANA";"2530";"06200";"06088";"Nice";"06";"None";"None";"06088000MP0027";"None";"None";"10";"nan";"27";"71.17";"None";"nan";"None";"None";"None";"None";"2";"2";"Appartement";"73.0";"3.0";"None";"None";"None";"None";"nan";"7.2412";"43.693353";"000MP"
"2021-65455";"2021-09-07";"1";"Vente";"180000.0";"1.0";"None";"RUE FONTANA";"2530";"06200";"06088";"Nice";"06";"None";"None";"06088000MP0027";"None";"None";"10";"nan";"27";"71.17";"None";"nan";"None";"None";"None";"None";"2";"3";"Dépendance";"nan";"0.0";"None";"None";"None";"None";"nan";"7.2412";"43.693353";"000MP"
"2021-66244";"2021-09-06";"1";"Vente";"48000.0";"6.0";"B";"AV GLORIA";"2955";"06200";"06088";"Nice";"06";"None";"None";"06088000MP0187";"None";"None";"18";"109.81";"21";"nan";"None";"nan";"None";"None";"None";"None";"2";"2";"Appartement";"105.0";"4.0";"None";"None";"None";"None";"nan";"7.243515";"43.691917";"000MP"
"2021-66244";"2021-09-06";"1";"Vente";"48000.0";"6.0";"B";"AV GLORIA";"2955";"06200";"06088";"Nice";"06";"None";"None";"06088000MP0187";"None";"None";"18";"109.81";"21";"nan";"None";"nan";"None";"None";"None";"None";"2";"3";"Dépendance";"nan";"0.0";"None";"None";"None";"None";"nan";"7.243515";"43.691917";"000MP"
"2021-66244";"2021-09-06";"1";"Vente";"48000.0";"6.0";"B";"AV GLORIA";"2955";"06200";"06088";"Nice";"06";"None";"None";"06088000MP0187";"None";"None";"18";"109.81";"21";"nan";"None";"nan";"None";"None";"None";"None";"2";"3";"Dépendance";"nan";"0.0";"None";"None";"None";"None";"nan";"7.243515";"43.691917";"000MP"
"2021-65140";"2021-09-03";"1";"Vente";"153000.0";"15.0";"T";"BD MAGNAN";"3875";"06200";"06088";"Nice";"06";"None";"None";"06088000MP0079";"None";"None";"3";"nan";"None";"nan";"None";"nan";"None";"None";"None";"None";"1";"2";"Appartement";"45.0";"2.0";"None";"None";"None";"None";"nan";"7.24164";"43.692704";"000MP"
"2021-65140";"2021-09-03";"1";"Vente";"153000.0";"15.0";"T";"BD MAGNAN";"3875";"06200";"06088";"Nice";"06";"None";"None";"06088000MP0079";"None";"None";"3";"nan";"None";"nan";"None";"nan";"None";"None";"None";"None";"1";"3";"Dépendance";"nan";"0.0";"None";"None";"None";"None";"nan";"7.24164";"43.692704";"000MP"
"2021-66031";"2021-09-03";"1";"Vente";"212000.0";"12.0";"None";"AV DE LA CALIFORNIE";"1045";"06200";"06088";"Nice";"06";"None";"None";"06088000MP0491";"None";"None";"387";"30.41";"None";"nan";"None";"nan";"None";"None";"None";"None";"1";"4";"Local industriel. commercial ou assimilé";"33.0";"0.0";"None";"None";"None";"None";"nan";"7.244066";"43.691389";"000MP"
"2021-66065";"2021-09-01";"1";"Vente";"340000.0";"20.0";"B";"AV MONT RABEAU";"4390";"06200";"06088";"Nice";"06";"None";"None";"06088000MP0167";"None";"None";"1003";"nan";"902";"nan";"None";"nan";"None";"None";"None";"None";"2";"2";"Appartement";"78.0";"3.0";"None";"None";"None";"None";"nan";"7.237443";"43.690451";"000MP"
"2021-66065";"2021-09-01";"1";"Vente";"340000.0";"20.0";"B";"AV MONT RABEAU";"4390";"06200";"06088";"Nice";"06";"None";"None";"06088000MP0167";"None";"None";"950";"nan";"None";"nan";"None";"nan";"None";"None";"None";"None";"1";"3";"Dépendance";"nan";"0.0";"None";"None";"None";"None";"nan";"7.237443";"43.690451";"000MP"
"2021-66065";"2021-09-01";"1";"Vente";"340000.0";"20.0";"B";"AV MONT RABEAU";"4390";"06200";"06088";"Nice";"06";"None";"None";"06088000MP0167";"None";"None";"1003";"nan";"902";"nan";"None";"nan";"None";"None";"None";"None";"2";"3";"Dépendance";"nan";"0.0";"None";"None";"None";"None";"nan";"7.237443";"43.690451";"000MP"
"2021-65191";"2021-08-31";"1";"Vente";"110000.0";"23.0";"None";"AV DU PETIT FABRON";"4975";"06200";"06088";"Nice";"06";"None";"None";"06088000MP0174";"None";"None";"23";"nan";"37";"nan";"None";"nan";"None";"None";"None";"None";"2";"2";"Appartement";"21.0";"1.0";"None";"None";"None";"None";"nan";"7.238008";"43.689856";"000MP"
"2021-65329";"2021-08-31";"1";"Vente";"170000.0";"54.0";"None";"AV DE LA CALIFORNIE";"1045";"06200";"06088";"Nice";"06";"None";"None";"06088000MP0244";"None";"None";"58";"44.05";"None";"nan";"None";"nan";"None";"None";"None";"None";"1";"2";"Appartement";"42.0";"2.0";"None";"None";"None";"None";"nan";"7.240503";"43.689604";"000MP"
"2021-65191";"2021-08-31";"1";"Vente";"110000.0";"23.0";"None";"AV DU PETIT FABRON";"4975";"06200";"06088";"Nice";"06";"None";"None";"06088000MP0174";"None";"None";"23";"nan";"37";"nan";"None";"nan";"None";"None";"None";"None";"2";"3";"Dépendance";"nan";"0.0";"None";"None";"None";"None";"nan";"7.238008";"43.689856";"000MP"
"2021-65861";"2021-08-30";"1";"Vente";"117000.0";"26.0";"None";"BD MAGNAN";"3875";"06200";"06088";"Nice";"06";"None";"None";"06088000MP0037";"None";"None";"41";"nan";"43";"33.07";"None";"nan";"None";"None";"None";"None";"2";"2";"Appartement";"39.0";"1.0";"None";"None";"None";"None";"nan";"7.240067";"43.692854";"000MP"
"2021-65861";"2021-08-30";"1";"Vente";"117000.0";"26.0";"None";"BD MAGNAN";"3875";"06200";"06088";"Nice";"06";"None";"None";"06088000MP0037";"None";"None";"41";"nan";"43";"33.07";"None";"nan";"None";"None";"None";"None";"2";"3";"Dépendance";"nan";"0.0";"None";"None";"None";"None";"nan";"7.240067";"43.692854";"000MP"
"2021-64995";"2021-08-27";"1";"Vente";"218000.0";"36.0";"None";"AV DE LA CALIFORNIE";"1045";"06200";"06088";"Nice";"06";"None";"None";"06088000MP0476";"None";"None";"128";"49.0";"None";"nan";"None";"nan";"None";"None";"None";"None";"1";"2";"Appartement";"48.0";"2.0";"None";"None";"None";"None";"nan";"7.241609";"43.690264";"000MP"
"2021-64995";"2021-08-27";"1";"Vente";"218000.0";"36.0";"None";"AV DE LA CALIFORNIE";"1045";"06200";"06088";"Nice";"06";"None";"None";"06088000MP0476";"None";"None";"128";"49.0";"None";"nan";"None";"nan";"None";"None";"None";"None";"1";"3";"Dépendance";"nan";"0.0";"None";"None";"None";"None";"nan";"7.241609";"43.690264";"000MP"
"2021-64995";"2021-08-27";"1";"Vente";"218000.0";"36.0";"None";"AV DE LA CALIFORNIE";"1045";"06200";"06088";"Nice";"06";"None";"None";"06088000MP0476";"None";"None";"128";"49.0";"None";"nan";"None";"nan";"None";"None";"None";"None";"1";"3";"Dépendance";"nan";"0.0";"None";"None";"None";"None";"nan";"7.241609";"43.690264";"000MP"
"2021-65289";"2021-08-27";"1";"Vente";"119800.0";"12.0";"None";"AV DE LA CALIFORNIE";"1045";"06200";"06088";"Nice";"06";"None";"None";"06088000MP0491";"None";"None";"478";"17.87";"None";"nan";"None";"nan";"None";"None";"None";"None";"1";"4";"Local industriel. commercial ou assimilé";"19.0";"0.0";"None";"None";"None";"None";"nan";"7.244066";"43.691389";"000MP"
"2021-64505";"2021-08-24";"1";"Vente";"186500.0";"43.0";"None";"AV DE LA CALIFORNIE";"1045";"06200";"06088";"Nice";"06";"None";"None";"06088000MP0253";"None";"None";"25";"57.2";"6";"nan";"None";"nan";"None";"None";"None";"None";"2";"2";"Appartement";"60.0";"2.0";"None";"None";"None";"None";"nan";"7.242214";"43.689909";"000MP"
"2021-64845";"2021-08-18";"1";"Vente";"307000.0";"39.0";"None";"AV AIME MARTIN";"0050";"06200";"06088";"Nice";"06";"None";"None";"06088000MP0393";"None";"None";"405";"nan";"472";"74.57";"None";"nan";"None";"None";"None";"None";"2";"2";"Appartement";"80.0";"3.0";"None";"None";"None";"None";"nan";"7.239451";"43.691055";"000MP"
"2021-64845";"2021-08-18";"1";"Vente";"307000.0";"39.0";"None";"AV AIME MARTIN";"0050";"06200";"06088";"Nice";"06";"None";"None";"06088000MP0393";"None";"None";"405";"nan";"472";"74.57";"None";"nan";"None";"None";"None";"None";"2";"3";"Dépendance";"nan";"0.0";"None";"None";"None";"None";"nan";"7.239451";"43.691055";"000MP"
"2021-64845";"2021-08-18";"1";"Vente";"307000.0";"39.0";"None";"AV AIME MARTIN";"0050";"06200";"06088";"Nice";"06";"None";"None";"06088000MP0393";"None";"None";"374";"nan";"None";"nan";"None";"nan";"None";"None";"None";"None";"1";"3";"Dépendance";"nan";"0.0";"None";"None";"None";"None";"nan";"7.239451";"43.691055";"000MP"
"2021-64201";"2021-08-12";"1";"Vente";"470000.0";"119.0";"None";"PROM DES ANGLAIS";"0240";"06200";"06088";"Nice";"06";"None";"None";"06088000MP0276";"None";"None";"5";"60.1";"None";"nan";"None";"nan";"None";"None";"None";"None";"1";"2";"Appartement";"55.0";"2.0";"None";"None";"None";"None";"nan";"7.244592";"43.690589";"000MP"
"2021-64201";"2021-08-12";"1";"Vente";"470000.0";"119.0";"None";"PROM DES ANGLAIS";"0240";"06200";"06088";"Nice";"06";"None";"None";"06088000MP0276";"None";"None";"5";"60.1";"None";"nan";"None";"nan";"None";"None";"None";"None";"1";"3";"Dépendance";"nan";"0.0";"None";"None";"None";"None";"nan";"7.244592";"43.690589";"000MP"
"2021-64283";"2021-08-11";"1";"Vente";"146000.0";"24.0";"None";"AV DE LA CALIFORNIE";"1045";"06200";"06088";"Nice";"06";"None";"None";"06088000MP0482";"None";"None";"158";"nan";"180";"nan";"None";"nan";"None";"None";"None";"None";"2";"2";"Appartement";"25.0";"1.0";"None";"None";"None";"None";"nan";"7.24279";"43.691002";"000MP"
"2021-64283";"2021-08-11";"1";"Vente";"146000.0";"24.0";"None";"AV DE LA CALIFORNIE";"1045";"06200";"06088";"Nice";"06";"None";"None";"06088000MP0482";"None";"None";"158";"nan";"180";"nan";"None";"nan";"None";"None";"None";"None";"2";"3";"Dépendance";"nan";"0.0";"None";"None";"None";"None";"nan";"7.24279";"43.691002";"000MP"
"2021-64283";"2021-08-11";"1";"Vente";"146000.0";"24.0";"None";"AV DE LA CALIFORNIE";"1045";"06200";"06088";"Nice";"06";"None";"None";"06088000MP0482";"None";"None";"158";"nan";"180";"nan";"None";"nan";"None";"None";"None";"None";"2";"3";"Dépendance";"nan";"0.0";"None";"None";"None";"None";"nan";"7.24279";"43.691002";"000MP"
"2021-64283";"2021-08-11";"1";"Vente";"146000.0";"24.0";"None";"AV DE LA CALIFORNIE";"1045";"06200";"06088";"Nice";"06";"None";"None";"06088000MP0482";"None";"None";"226";"nan";"None";"nan";"None";"nan";"None";"None";"None";"None";"1";"3";"Dépendance";"nan";"0.0";"None";"None";"None";"None";"nan";"7.24279";"43.691002";"000MP"
"2021-64539";"2021-08-10";"1";"Vente";"355500.0";"8.0";"None";"AV DU PETIT FABRON";"4975";"06200";"06088";"Nice";"06";"None";"None";"06088000MP0178";"None";"None";"1";"nan";"68";"90.04";"None";"nan";"None";"None";"None";"None";"2";"2";"Appartement";"94.0";"4.0";"None";"None";"None";"None";"nan";"7.238392";"43.689676";"000MP"
"2021-64539";"2021-08-10";"1";"Vente";"355500.0";"8.0";"None";"AV DU PETIT FABRON";"4975";"06200";"06088";"Nice";"06";"None";"None";"06088000MP0178";"None";"None";"45";"nan";"None";"nan";"None";"nan";"None";"None";"None";"None";"1";"3";"Dépendance";"nan";"0.0";"None";"None";"None";"None";"nan";"7.238392";"43.689676";"000MP"
"2021-64539";"2021-08-10";"1";"Vente";"355500.0";"8.0";"None";"AV DU PETIT FABRON";"4975";"06200";"06088";"Nice";"06";"None";"None";"06088000MP0178";"None";"None";"44";"nan";"None";"nan";"None";"nan";"None";"None";"None";"None";"1";"3";"Dépendance";"nan";"0.0";"None";"None";"None";"None";"nan";"7.238392";"43.689676";"000MP"
"2021-64539";"2021-08-10";"1";"Vente";"355500.0";"8.0";"None";"AV DU PETIT FABRON";"4975";"06200";"06088";"Nice";"06";"None";"None";"06088000MP0178";"None";"None";"1";"nan";"68";"90.04";"None";"nan";"None";"None";"None";"None";"2";"3";"Dépendance";"nan";"0.0";"None";"None";"None";"None";"nan";"7.238392";"43.689676";"000MP"
"2021-64539";"2021-08-10";"1";"Vente";"355500.0";"8.0";"None";"AV DU PETIT FABRON";"4975";"06200";"06088";"Nice";"06";"None";"None";"06088000MP0178";"None";"None";"1";"nan";"68";"90.04";"None";"nan";"None";"None";"None";"None";"2";"3";"Dépendance";"nan";"0.0";"None";"None";"None";"None";"nan";"7.238392";"43.689676";"000MP"
"2021-64126";"2021-08-06";"1";"Vente";"470000.0";"39.0";"None";"AV AIME MARTIN";"0050";"06200";"06088";"Nice";"06";"None";"None";"06088000MP0393";"None";"None";"929";"nan";"977";"nan";"None";"nan";"None";"None";"None";"None";"2";"2";"Appartement";"151.0";"4.0";"None";"None";"None";"None";"nan";"7.239451";"43.691055";"000MP"
"2021-64126";"2021-08-06";"1";"Vente";"470000.0";"39.0";"None";"AV AIME MARTIN";"0050";"06200";"06088";"Nice";"06";"None";"None";"06088000MP0393";"None";"None";"899";"nan";"None";"nan";"None";"nan";"None";"None";"None";"None";"1";"3";"Dépendance";"nan";"0.0";"None";"None";"None";"None";"nan";"7.239451";"43.691055";"000MP"
"2021-64126";"2021-08-06";"1";"Vente";"470000.0";"39.0";"None";"AV AIME MARTIN";"0050";"06200";"06088";"Nice";"06";"None";"None";"06088000MP0393";"None";"None";"929";"nan";"977";"nan";"None";"nan";"None";"None";"None";"None";"2";"3";"Dépendance";"nan";"0.0";"None";"None";"None";"None";"nan";"7.239451";"43.691055";"000MP"
"2021-64126";"2021-08-06";"1";"Vente";"470000.0";"39.0";"None";"AV AIME MARTIN";"0050";"06200";"06088";"Nice";"06";"None";"None";"06088000MP0393";"None";"None";"898";"nan";"None";"nan";"None";"nan";"None";"None";"None";"None";"1";"3";"Dépendance";"nan";"0.0";"None";"None";"None";"None";"nan";"7.239451";"43.691055";"000MP"
"2021-64274";"2021-08-05";"1";"Vente";"185000.0";"93.0";"None";"BD EDOUARD HERRIOT";"2188";"06200";"06088";"Nice";"06";"None";"None";"06088000MP0167";"None";"None";"480";"nan";"521";"nan";"None";"nan";"None";"None";"None";"None";"2";"2";"Appartement";"41.0";"2.0";"None";"None";"None";"None";"nan";"7.237443";"43.690451";"000MP"
"2021-64274";"2021-08-05";"1";"Vente";"185000.0";"93.0";"None";"BD EDOUARD HERRIOT";"2188";"06200";"06088";"Nice";"06";"None";"None";"06088000MP0167";"None";"None";"480";"nan";"521";"nan";"None";"nan";"None";"None";"None";"None";"2";"3";"Dépendance";"nan";"0.0";"None";"None";"None";"None";"nan";"7.237443";"43.690451";"000MP"
"2021-64513";"2021-08-04";"1";"Vente";"35000.0";"73.0";"None";"BD EDOUARD HERRIOT";"2188";"06200";"06088";"Nice";"06";"None";"None";"06088000MP0159";"None";"None";"106";"nan";"None";"nan";"None";"nan";"None";"None";"None";"None";"1";"3";"Dépendance";"nan";"0.0";"None";"None";"None";"None";"nan";"7.238503";"43.691826";"000MP"
"2021-63997";"2021-08-03";"1";"Vente";"275000.0";"73.0";"None";"BD EDOUARD HERRIOT";"2188";"06200";"06088";"Nice";"06";"None";"None";"06088000MP0159";"None";"None";"172";"59.2";"46";"nan";"None";"nan";"None";"None";"None";"None";"2";"2";"Appartement";"60.0";"2.0";"None";"None";"None";"None";"nan";"7.238503";"43.691826";"000MP"
"2021-63997";"2021-08-03";"1";"Vente";"275000.0";"73.0";"None";"BD EDOUARD HERRIOT";"2188";"06200";"06088";"Nice";"06";"None";"None";"06088000MP0159";"None";"None";"172";"59.2";"46";"nan";"None";"nan";"None";"None";"None";"None";"2";"3";"Dépendance";"nan";"0.0";"None";"None";"None";"None";"nan";"7.238503";"43.691826";"000MP"
"2021-63997";"2021-08-03";"1";"Vente";"275000.0";"73.0";"None";"BD EDOUARD HERRIOT";"2188";"06200";"06088";"Nice";"06";"None";"None";"06088000MP0159";"None";"None";"172";"59.2";"46";"nan";"None";"nan";"None";"None";"None";"None";"2";"3";"Dépendance";"nan";"0.0";"None";"None";"None";"None";"nan";"7.238503";"43.691826";"000MP"
"2021-64429";"2021-07-30";"1";"Vente";"180000.0";"8.0";"None";"BD MAGNAN";"3875";"06200";"06088";"Nice";"06";"None";"None";"06088000MP0064";"None";"None";"29";"nan";"45";"61.31";"None";"nan";"None";"None";"None";"None";"2";"2";"Appartement";"66.0";"3.0";"None";"None";"None";"None";"nan";"7.242394";"43.69322";"000MP"
"2021-63724";"2021-07-29";"1";"Vente";"242300.0";"71.0";"None";"BD EDOUARD HERRIOT";"2188";"06200";"06088";"Nice";"06";"None";"None";"06088000MP0301";"None";"None";"32";"55.18";"4";"nan";"None";"nan";"None";"None";"None";"None";"2";"2";"Appartement";"56.0";"2.0";"None";"None";"None";"None";"nan";"7.238842";"43.692155";"000MP"
"2021-63583";"2021-07-29";"1";"Vente";"17000.0";"71.0";"None";"BD EDOUARD HERRIOT";"2188";"06200";"06088";"Nice";"06";"None";"None";"06088000MP0301";"None";"None";"52";"nan";"None";"nan";"None";"nan";"None";"None";"None";"None";"1";"3";"Dépendance";"nan";"0.0";"None";"None";"None";"None";"nan";"7.238842";"43.692155";"000MP"
"2021-63724";"2021-07-29";"1";"Vente";"242300.0";"71.0";"None";"BD EDOUARD HERRIOT";"2188";"06200";"06088";"Nice";"06";"None";"None";"06088000MP0301";"None";"None";"32";"55.18";"4";"nan";"None";"nan";"None";"None";"None";"None";"2";"3";"Dépendance";"nan";"0.0";"None";"None";"None";"None";"nan";"7.238842";"43.692155";"000MP"
"2021-63686";"2021-07-27";"1";"Vente";"111000.0";"6.0";"None";"RUE SAINT HONORE";"5770";"06200";"06088";"Nice";"06";"None";"None";"06088000MP0056";"None";"None";"8";"29.15";"None";"nan";"None";"nan";"None";"None";"None";"None";"1";"2";"Appartement";"29.0";"1.0";"None";"None";"None";"None";"nan";"7.241592";"43.693344";"000MP"
"2021-63497";"2021-07-23";"1";"Vente";"115000.0";"30.0";"None";"AV DE LA CALIFORNIE";"1045";"06200";"06088";"Nice";"06";"None";"None";"06088000MP0377";"None";"None";"156";"nan";"209";"24.6";"None";"nan";"None";"None";"None";"None";"2";"2";"Appartement";"24.0";"1.0";"None";"None";"None";"None";"nan";"7.241991";"43.69075";"000MP"
"2021-63129";"2021-07-21";"1";"Vente";"250000.0";"46.0";"None";"AV DE LA CALIFORNIE";"1045";"06200";"06088";"Nice";"06";"None";"None";"06088000MP0238";"None";"None";"207";"66.96";"23";"nan";"None";"nan";"None";"None";"None";"None";"2";"2";"Appartement";"69.0";"3.0";"None";"None";"None";"None";"nan";"7.241192";"43.690102";"000MP"
"2021-63129";"2021-07-21";"1";"Vente";"250000.0";"46.0";"None";"AV DE LA CALIFORNIE";"1045";"06200";"06088";"Nice";"06";"None";"None";"06088000MP0238";"None";"None";"207";"66.96";"23";"nan";"None";"nan";"None";"None";"None";"None";"2";"3";"Dépendance";"nan";"0.0";"None";"None";"None";"None";"nan";"7.241192";"43.690102";"000MP"
"2021-63129";"2021-07-21";"1";"Vente";"250000.0";"46.0";"None";"AV DE LA CALIFORNIE";"1045";"06200";"06088";"Nice";"06";"None";"None";"06088000MP0238";"None";"None";"207";"66.96";"23";"nan";"None";"nan";"None";"None";"None";"None";"2";"3";"Dépendance";"nan";"0.0";"None";"None";"None";"None";"nan";"7.241192";"43.690102";"000MP"
"2021-63129";"2021-07-21";"1";"Vente";"250000.0";"46.0";"None";"AV DE LA CALIFORNIE";"1045";"06200";"06088";"Nice";"06";"None";"None";"06088000MP0238";"None";"None";"109";"nan";"None";"nan";"None";"nan";"None";"None";"None";"None";"1";"3";"Dépendance";"nan";"0.0";"None";"None";"None";"None";"nan";"7.241192";"43.690102";"000MP"
"2021-62757";"2021-07-20";"1";"Vente";"119000.0";"6.0";"None";"RUE SAINT HONORE";"5770";"06200";"06088";"Nice";"06";"None";"None";"06088000MP0056";"None";"None";"16";"30.21";"None";"nan";"None";"nan";"None";"None";"None";"None";"1";"2";"Appartement";"30.0";"1.0";"None";"None";"None";"None";"nan";"7.241592";"43.693344";"000MP"
"2021-63398";"2021-07-20";"1";"Vente";"135000.0";"48.0";"None";"AV DE LA CALIFORNIE";"1045";"06200";"06088";"Nice";"06";"None";"None";"06088000MP0352";"None";"None";"40";"50.23";"None";"nan";"None";"nan";"None";"None";"None";"None";"1";"2";"Appartement";"48.0";"2.0";"None";"None";"None";"None";"nan";"7.240953";"43.690008";"000MP"
"2021-63558";"2021-07-20";"1";"Vente";"110000.0";"34.0";"None";"RUE SAINT HONORE";"5770";"06200";"06088";"Nice";"06";"None";"None";"06088000MP0007";"None";"None";"2";"20.98";"None";"nan";"None";"nan";"None";"None";"None";"None";"1";"2";"Appartement";"20.0";"1.0";"None";"None";"None";"None";"nan";"7.238825";"43.693546";"000MP"
"2021-63536";"2021-07-20";"1";"Vente";"39500.0";"39.0";"None";"AV AIME MARTIN";"0050";"06200";"06088";"Nice";"06";"None";"None";"06088000MP0393";"None";"None";"192";"nan";"None";"nan";"None";"nan";"None";"None";"None";"None";"1";"3";"Dépendance";"nan";"0.0";"None";"None";"None";"None";"nan";"7.239451";"43.691055";"000MP"
"2021-62643";"2021-07-12";"1";"Vente";"178220.0";"6.0";"None";"AV DU PETIT FABRON";"4975";"06200";"06088";"Nice";"06";"None";"None";"06088000MP0427";"None";"None";"100";"nan";"131";"50.15";"None";"nan";"None";"None";"None";"None";"2";"2";"Appartement";"53.0";"2.0";"None";"None";"None";"None";"nan";"7.239484";"43.690313";"000MP"
"2021-62923";"2021-07-12";"1";"Vente";"145000.0";"11.0";"None";"BD MAGNAN";"3875";"06200";"06088";"Nice";"06";"None";"None";"06088000MP0075";"None";"None";"7";"35.0";"None";"nan";"None";"nan";"None";"None";"None";"None";"1";"2";"Appartement";"34.0";"1.0";"None";"None";"None";"None";"nan";"7.242259";"43.69277";"000MP"
"2021-63445";"2021-07-12";"1";"Vente";"380000.0";"115.0";"None";"PROM DES ANGLAIS";"0240";"06200";"06088";"Nice";"06";"None";"None";"06088000MP0274";"None";"None";"105";"77.84";"22";"nan";"None";"nan";"None";"None";"None";"None";"2";"2";"Appartement";"90.0";"3.0";"None";"None";"None";"None";"nan";"7.244868";"43.690792";"000MP"
"2021-62643";"2021-07-12";"1";"Vente";"178220.0";"6.0";"None";"AV DU PETIT FABRON";"4975";"06200";"06088";"Nice";"06";"None";"None";"06088000MP0427";"None";"None";"100";"nan";"131";"50.15";"None";"nan";"None";"None";"None";"None";"2";"3";"Dépendance";"nan";"0.0";"None";"None";"None";"None";"nan";"7.239484";"43.690313";"000MP"
"2021-63876";"2021-07-08";"1";"Vente";"90100.0";"6.0";"T";"AV GLORIA";"2955";"06200";"06088";"Nice";"06";"None";"None";"06088000MP0186";"None";"None";"27";"17.33";"None";"nan";"None";"nan";"None";"None";"None";"None";"1";"2";"Appartement";"24.0";"1.0";"None";"None";"None";"None";"nan";"7.243504";"43.691714";"000MP"
"2021-63971";"2021-07-08";"1";"Vente";"450000.0";"117.0";"None";"PROM DES ANGLAIS";"0240";"06200";"06088";"Nice";"06";"None";"None";"06088000MP0275";"None";"None";"14";"64.5";"None";"nan";"None";"nan";"None";"None";"None";"None";"1";"2";"Appartement";"69.0";"2.0";"None";"None";"None";"None";"nan";"7.244684";"43.690647";"000MP"
"2021-64181";"2021-07-08";"1";"Vente";"100903.0";"52.0";"None";"AV DE LA CALIFORNIE";"1045";"06200";"06088";"Nice";"06";"None";"None";"06088000MP0487";"None";"None";"57";"22.39";"None";"nan";"None";"nan";"None";"None";"None";"None";"1";"2";"Appartement";"22.0";"2.0";"None";"None";"None";"None";"nan";"7.240755";"43.689691";"000MP"
"2021-63971";"2021-07-08";"1";"Vente";"450000.0";"117.0";"None";"PROM DES ANGLAIS";"0240";"06200";"06088";"Nice";"06";"None";"None";"06088000MP0275";"None";"None";"14";"64.5";"None";"nan";"None";"nan";"None";"None";"None";"None";"1";"3";"Dépendance";"nan";"0.0";"None";"None";"None";"None";"nan";"7.244684";"43.690647";"000MP"
"2021-62114";"2021-07-08";"1";"Vente";"700000.0";"24.0";"None";"AV DE LA CALIFORNIE";"1045";"06200";"06088";"Nice";"06";"None";"None";"06088000MP0482";"None";"None";"277";"nan";"None";"nan";"None";"nan";"None";"None";"None";"None";"1";"4";"Local industriel. commercial ou assimilé";"11.0";"0.0";"None";"None";"None";"None";"nan";"7.24279";"43.691002";"000MP"
"2021-62114";"2021-07-08";"1";"Vente";"700000.0";"24.0";"None";"AV DE LA CALIFORNIE";"1045";"06200";"06088";"Nice";"06";"None";"None";"06088000MP0482";"None";"None";"101";"nan";"None";"nan";"None";"nan";"None";"None";"None";"None";"1";"4";"Local industriel. commercial ou assimilé";"318.0";"0.0";"None";"None";"None";"None";"nan";"7.24279";"43.691002";"000MP"
"2021-62114";"2021-07-08";"1";"Vente";"700000.0";"24.0";"None";"AV DE LA CALIFORNIE";"1045";"06200";"06088";"Nice";"06";"None";"None";"06088000MP0482";"None";"None";"275";"nan";"None";"nan";"None";"nan";"None";"None";"None";"None";"1";"4";"Local industriel. commercial ou assimilé";"11.0";"0.0";"None";"None";"None";"None";"nan";"7.24279";"43.691002";"000MP"
"2021-62114";"2021-07-08";"1";"Vente";"700000.0";"24.0";"None";"AV DE LA CALIFORNIE";"1045";"06200";"06088";"Nice";"06";"None";"None";"06088000MP0482";"None";"None";"273";"nan";"None";"nan";"None";"nan";"None";"None";"None";"None";"1";"4";"Local industriel. commercial ou assimilé";"11.0";"0.0";"None";"None";"None";"None";"nan";"7.24279";"43.691002";"000MP"
"2021-62114";"2021-07-08";"1";"Vente";"700000.0";"24.0";"None";"AV DE LA CALIFORNIE";"1045";"06200";"06088";"Nice";"06";"None";"None";"06088000MP0482";"None";"None";"278";"nan";"None";"nan";"None";"nan";"None";"None";"None";"None";"1";"4";"Local industriel. commercial ou assimilé";"11.0";"0.0";"None";"None";"None";"None";"nan";"7.24279";"43.691002";"000MP"
"2021-62114";"2021-07-08";"1";"Vente";"700000.0";"24.0";"None";"AV DE LA CALIFORNIE";"1045";"06200";"06088";"Nice";"06";"None";"None";"06088000MP0482";"None";"None";"274";"nan";"None";"nan";"None";"nan";"None";"None";"None";"None";"1";"4";"Local industriel. commercial ou assimilé";"11.0";"0.0";"None";"None";"None";"None";"nan";"7.24279";"43.691002";"000MP"
"2021-62114";"2021-07-08";"1";"Vente";"700000.0";"24.0";"None";"AV DE LA CALIFORNIE";"1045";"06200";"06088";"Nice";"06";"None";"None";"06088000MP0482";"None";"None";"276";"nan";"None";"nan";"None";"nan";"None";"None";"None";"None";"1";"4";"Local industriel. commercial ou assimilé";"11.0";"0.0";"None";"None";"None";"None";"nan";"7.24279";"43.691002";"000MP"
"2021-61953";"2021-07-06";"1";"Vente";"650000.0";"115.0";"None";"PROM DES ANGLAIS";"0240";"06200";"06088";"Nice";"06";"None";"None";"06088000MP0274";"None";"None";"66";"114.61";"7";"nan";"None";"nan";"None";"None";"None";"None";"2";"2";"Appartement";"115.0";"3.0";"None";"None";"None";"None";"nan";"7.244868";"43.690792";"000MP"
"2021-62202";"2021-07-06";"1";"Vente";"746000.0";"125.0";"None";"PROM DES ANGLAIS";"0240";"06200";"06088";"Nice";"06";"None";"None";"06088000MP0279";"None";"None";"12";"83.17";"26";"nan";"None";"nan";"None";"None";"None";"None";"2";"2";"Appartement";"80.0";"3.0";"None";"None";"None";"None";"nan";"7.244149";"43.690395";"000MP"
"2021-61953";"2021-07-06";"1";"Vente";"650000.0";"115.0";"None";"PROM DES ANGLAIS";"0240";"06200";"06088";"Nice";"06";"None";"None";"06088000MP0274";"None";"None";"66";"114.61";"7";"nan";"None";"nan";"None";"None";"None";"None";"2";"3";"Dépendance";"nan";"0.0";"None";"None";"None";"None";"nan";"7.244868";"43.690792";"000MP"
"2021-62202";"2021-07-06";"1";"Vente";"746000.0";"125.0";"None";"PROM DES ANGLAIS";"0240";"06200";"06088";"Nice";"06";"None";"None";"06088000MP0279";"None";"None";"12";"83.17";"26";"nan";"None";"nan";"None";"None";"None";"None";"2";"3";"Dépendance";"nan";"0.0";"None";"None";"None";"None";"nan";"7.244149";"43.690395";"000MP"
"2021-68098";"2021-07-01";"1";"Adjudication";"338000.0";"93.0";"None";"BD EDOUARD HERRIOT";"2188";"06200";"06088";"Nice";"06";"None";"None";"06088000MP0167";"None";"None";"489";"nan";"538";"nan";"None";"nan";"None";"None";"None";"None";"2";"2";"Appartement";"81.0";"2.0";"None";"None";"None";"None";"nan";"7.237443";"43.690451";"000MP"
"2021-62821";"2021-07-01";"1";"Vente";"30000.0";"17.0";"None";"BD CARLONE";"1140";"06200";"06088";"Nice";"06";"None";"None";"06088000MP0057";"None";"None";"97";"nan";"None";"nan";"None";"nan";"None";"None";"None";"None";"1";"3";"Dépendance";"nan";"0.0";"None";"None";"None";"None";"nan";"7.241667";"43.693494";"000MP"
"2021-68098";"2021-07-01";"1";"Adjudication";"338000.0";"93.0";"None";"BD EDOUARD HERRIOT";"2188";"06200";"06088";"Nice";"06";"None";"None";"06088000MP0167";"None";"None";"489";"nan";"538";"nan";"None";"nan";"None";"None";"None";"None";"2";"3";"Dépendance";"nan";"0.0";"None";"None";"None";"None";"nan";"7.237443";"43.690451";"000MP"
"2021-68098";"2021-07-01";"1";"Adjudication";"338000.0";"93.0";"None";"BD EDOUARD HERRIOT";"2188";"06200";"06088";"Nice";"06";"None";"None";"06088000MP0167";"None";"None";"489";"nan";"538";"nan";"None";"nan";"None";"None";"None";"None";"2";"3";"Dépendance";"nan";"0.0";"None";"None";"None";"None";"nan";"7.237443";"43.690451";"000MP"
"2021-62625";"2021-06-29";"1";"Vente";"166460.0";"50.0";"None";"AV DE LA CALIFORNIE";"1045";"06200";"06088";"Nice";"06";"None";"None";"06088000MP0351";"None";"None";"35";"41.69";"None";"nan";"None";"nan";"None";"None";"None";"None";"1";"2";"Appartement";"50.0";"2.0";"None";"None";"None";"None";"nan";"7.240797";"43.689892";"000MP"
"2021-62100";"2021-06-28";"1";"Vente";"62000.0";"59.0";"B";"BD EDOUARD HERRIOT";"2188";"06200";"06088";"Nice";"06";"None";"None";"06088000MP0037";"None";"None";"73";"33.74";"None";"nan";"None";"nan";"None";"None";"None";"None";"1";"2";"Appartement";"35.0";"2.0";"None";"None";"None";"None";"nan";"7.240067";"43.692854";"000MP"
"2021-62486";"2021-06-25";"1";"Vente";"16000.0";"20.0";"B";"AV MONT RABEAU";"4390";"06200";"06088";"Nice";"06";"None";"None";"06088000MP0167";"None";"None";"982";"nan";"None";"nan";"None";"nan";"None";"None";"None";"None";"1";"3";"Dépendance";"nan";"0.0";"None";"None";"None";"None";"nan";"7.237443";"43.690451";"000MP"
"2021-61491";"2021-06-24";"1";"Vente";"26000.0";"17.0";"None";"BD CARLONE";"1140";"06200";"06088";"Nice";"06";"None";"None";"06088000MP0057";"None";"None";"98";"nan";"99";"nan";"None";"nan";"None";"None";"None";"None";"2";"3";"Dépendance";"nan";"0.0";"None";"None";"None";"None";"nan";"7.241667";"43.693494";"000MP"
"2021-61671";"2021-06-23";"1";"Vente";"230000.0";"20.0";"B";"AV MONT RABEAU";"4390";"06200";"06088";"Nice";"06";"None";"None";"06088000MP0167";"None";"None";"1025";"59.76";"931";"nan";"None";"nan";"None";"None";"None";"None";"2";"2";"Appartement";"62.0";"2.0";"None";"None";"None";"None";"nan";"7.237443";"43.690451";"000MP"
"2021-61671";"2021-06-23";"1";"Vente";"230000.0";"20.0";"B";"AV MONT RABEAU";"4390";"06200";"06088";"Nice";"06";"None";"None";"06088000MP0167";"None";"None";"1025";"59.76";"931";"nan";"None";"nan";"None";"None";"None";"None";"2";"3";"Dépendance";"nan";"0.0";"None";"None";"None";"None";"nan";"7.237443";"43.690451";"000MP"
"2021-60784";"2021-06-21";"1";"Vente";"142000.0";"35.0";"None";"BD CARLONE";"1140";"06200";"06088";"Nice";"06";"None";"None";"06088000MP0419";"None";"None";"30";"32.3";"None";"nan";"None";"nan";"None";"None";"None";"None";"1";"2";"Appartement";"35.0";"2.0";"None";"None";"None";"None";"nan";"7.240023";"43.693328";"000MP"
"2021-60784";"2021-06-21";"1";"Vente";"142000.0";"35.0";"None";"BD CARLONE";"1140";"06200";"06088";"Nice";"06";"None";"None";"06088000MP0419";"None";"None";"7";"nan";"None";"nan";"None";"nan";"None";"None";"None";"None";"1";"3";"Dépendance";"nan";"0.0";"None";"None";"None";"None";"nan";"7.240023";"43.693328";"000MP"
"2021-60987";"2021-06-18";"1";"Vente";"234000.0";"30.0";"None";"AV DE LA CALIFORNIE";"1045";"06200";"06088";"Nice";"06";"None";"None";"06088000MP0377";"None";"None";"262";"47.17";"None";"nan";"None";"nan";"None";"None";"None";"None";"1";"2";"Appartement";"48.0";"2.0";"None";"None";"None";"None";"nan";"7.241991";"43.69075";"000MP"
"2021-60966";"2021-06-18";"1";"Vente";"38500.0";"1.0";"None";"IMP AMARO";"0157";"06200";"06088";"Nice";"06";"None";"None";"06088000MP0228";"None";"None";"82";"nan";"None";"nan";"None";"nan";"None";"None";"None";"None";"1";"3";"Dépendance";"nan";"0.0";"None";"None";"None";"None";"nan";"7.242418";"43.690722";"000MP"
"2021-60987";"2021-06-18";"1";"Vente";"234000.0";"30.0";"None";"AV DE LA CALIFORNIE";"1045";"06200";"06088";"Nice";"06";"None";"None";"06088000MP0377";"None";"None";"221";"nan";"None";"nan";"None";"nan";"None";"None";"None";"None";"1";"3";"Dépendance";"nan";"0.0";"None";"None";"None";"None";"nan";"7.241991";"43.69075";"000MP"
"2021-61552";"2021-06-17";"1";"Vente";"62000.0";"19.0";"None";"BD MAGNAN";"3875";"06200";"06088";"Nice";"06";"None";"None";"06088000MP0081";"None";"None";"47";"15.6";"None";"nan";"None";"nan";"None";"None";"None";"None";"1";"2";"Appartement";"17.0";"1.0";"None";"None";"None";"None";"nan";"7.241211";"43.692638";"000MP"
"2021-60946";"2021-06-17";"1";"Vente";"30000.0";"2.0";"None";"RUE CORDERIE";"1690";"06200";"06088";"Nice";"06";"None";"None";"06088000MP0491";"None";"None";"217";"nan";"None";"nan";"None";"nan";"None";"None";"None";"None";"1";"3";"Dépendance";"nan";"0.0";"None";"None";"None";"None";"nan";"7.244066";"43.691389";"000MP"
"2021-61552";"2021-06-17";"1";"Vente";"62000.0";"19.0";"None";"BD MAGNAN";"3875";"06200";"06088";"Nice";"06";"None";"None";"06088000MP0081";"None";"None";"4";"nan";"None";"nan";"None";"nan";"None";"None";"None";"None";"1";"3";"Dépendance";"nan";"0.0";"None";"None";"None";"None";"nan";"7.241211";"43.692638";"000MP"
"2021-60982";"2021-06-16";"1";"Vente";"210000.0";"10.0";"None";"BD MAGNAN";"3875";"06200";"06088";"Nice";"06";"None";"None";"06088000MP0064";"None";"None";"67";"64.19";"7";"nan";"None";"nan";"None";"None";"None";"None";"2";"2";"Appartement";"62.0";"3.0";"None";"None";"None";"None";"nan";"7.242394";"43.69322";"000MP"
"2021-61403";"2021-06-11";"1";"Vente";"153000.0";"17.0";"None";"BD CARLONE";"1140";"06200";"06088";"Nice";"06";"None";"None";"06088000MP0057";"None";"None";"4";"nan";"82";"35.47";"None";"nan";"None";"None";"None";"None";"2";"2";"Appartement";"37.0";"1.0";"None";"None";"None";"None";"nan";"7.241667";"43.693494";"000MP"
"2021-61053";"2021-06-11";"1";"Vente";"20000.0";"61.0";"None";"BD EDOUARD HERRIOT";"2188";"06200";"06088";"Nice";"06";"None";"None";"06088000MP0038";"None";"None";"8";"nan";"None";"nan";"None";"nan";"None";"None";"None";"None";"1";"3";"Dépendance";"nan";"0.0";"None";"None";"None";"None";"nan";"7.240062";"43.69275";"000MP"
"2021-61403";"2021-06-11";"1";"Vente";"153000.0";"17.0";"None";"BD CARLONE";"1140";"06200";"06088";"Nice";"06";"None";"None";"06088000MP0057";"None";"None";"4";"nan";"82";"35.47";"None";"nan";"None";"None";"None";"None";"2";"3";"Dépendance";"nan";"0.0";"None";"None";"None";"None";"nan";"7.241667";"43.693494";"000MP"
"2021-61204";"2021-06-10";"1";"Vente";"125000.0";"47.0";"None";"AV DE LA CALIFORNIE";"1045";"06200";"06088";"Nice";"06";"None";"None";"06088000MP0421";"None";"None";"5";"27.34";"None";"nan";"None";"nan";"None";"None";"None";"None";"1";"2";"Appartement";"36.0";"4.0";"None";"None";"None";"None";"nan";"7.242015";"43.689768";"000MP"
"2021-62124";"2021-06-09";"1";"Vente";"102000.0";"24.0";"None";"AV DE LA CALIFORNIE";"1045";"06200";"06088";"Nice";"06";"None";"None";"06088000MP0482";"None";"None";"315";"nan";"None";"nan";"None";"nan";"None";"None";"None";"None";"1";"2";"Appartement";"21.0";"1.0";"None";"None";"None";"None";"nan";"7.24279";"43.691002";"000MP"
"2021-62124";"2021-06-09";"1";"Vente";"102000.0";"24.0";"None";"AV DE LA CALIFORNIE";"1045";"06200";"06088";"Nice";"06";"None";"None";"06088000MP0482";"None";"None";"315";"nan";"None";"nan";"None";"nan";"None";"None";"None";"None";"1";"3";"Dépendance";"nan";"0.0";"None";"None";"None";"None";"nan";"7.24279";"43.691002";"000MP"
"2021-60067";"2021-05-28";"1";"Vente";"210000.0";"73.0";"None";"BD EDOUARD HERRIOT";"2188";"06200";"06088";"Nice";"06";"None";"None";"06088000MP0159";"None";"None";"184";"59.5";"None";"nan";"None";"nan";"None";"None";"None";"None";"1";"2";"Appartement";"60.0";"2.0";"None";"None";"None";"None";"nan";"7.238503";"43.691826";"000MP"
"2021-60184";"2021-05-28";"1";"Vente";"155000.0";"143.0";"None";"PROM DES ANGLAIS";"0240";"06200";"06088";"Nice";"06";"None";"None";"06088000MP0293";"None";"None";"7";"nan";"85";"27.27";"None";"nan";"None";"None";"None";"None";"2";"2";"Appartement";"28.0";"1.0";"None";"None";"None";"None";"nan";"7.242594";"43.689703";"000MP"
"2021-60067";"2021-05-28";"1";"Vente";"210000.0";"73.0";"None";"BD EDOUARD HERRIOT";"2188";"06200";"06088";"Nice";"06";"None";"None";"06088000MP0159";"None";"None";"184";"59.5";"None";"nan";"None";"nan";"None";"None";"None";"None";"1";"3";"Dépendance";"nan";"0.0";"None";"None";"None";"None";"nan";"7.238503";"43.691826";"000MP"
"2021-60067";"2021-05-28";"1";"Vente";"210000.0";"73.0";"None";"BD EDOUARD HERRIOT";"2188";"06200";"06088";"Nice";"06";"None";"None";"06088000MP0159";"None";"None";"184";"59.5";"None";"nan";"None";"nan";"None";"None";"None";"None";"1";"3";"Dépendance";"nan";"0.0";"None";"None";"None";"None";"nan";"7.238503";"43.691826";"000MP"
"2021-60184";"2021-05-28";"1";"Vente";"155000.0";"143.0";"None";"PROM DES ANGLAIS";"0240";"06200";"06088";"Nice";"06";"None";"None";"06088000MP0293";"None";"None";"7";"nan";"85";"27.27";"None";"nan";"None";"None";"None";"None";"2";"3";"Dépendance";"nan";"0.0";"None";"None";"None";"None";"nan";"7.242594";"43.689703";"000MP"
"2021-60601";"2021-05-28";"1";"Vente";"38000.0";"20.0";"None";"BD MAGNAN";"3875";"06200";"06088";"Nice";"06";"None";"None";"06088000MP0043";"None";"None";"29";"nan";"None";"nan";"None";"nan";"None";"None";"None";"None";"1";"3";"Dépendance";"nan";"0.0";"None";"None";"None";"None";"nan";"7.240931";"43.692943";"000MP"
"2021-59329";"2021-05-27";"1";"Vente";"261500.0";"22.0";"B";"RUE SAINT HONORE";"5770";"06200";"06088";"Nice";"06";"None";"None";"06088000MP0016";"None";"None";"None";"nan";"None";"nan";"None";"nan";"None";"None";"None";"None";"0";"1";"Maison";"60.0";"3.0";"S";"sols";"None";"None";"84.0";"7.239714";"43.693233";"000MP"
"2021-59838";"2021-05-27";"1";"Vente";"436740.0";"39.0";"None";"AV AIME MARTIN";"0050";"06200";"06088";"Nice";"06";"None";"None";"06088000MP0393";"None";"None";"562";"nan";"610";"113.11";"None";"nan";"None";"None";"None";"None";"2";"2";"Appartement";"124.0";"5.0";"None";"None";"None";"None";"nan";"7.239451";"43.691055";"000MP"
"2021-59882";"2021-05-27";"1";"Vente";"170000.0";"46.0";"None";"AV DE LA CALIFORNIE";"1045";"06200";"06088";"Nice";"06";"None";"None";"06088000MP0238";"None";"None";"190";"nan";"281";"nan";"None";"nan";"None";"None";"None";"None";"2";"2";"Appartement";"43.0";"2.0";"None";"None";"None";"None";"nan";"7.241192";"43.690102";"000MP"
"2021-59882";"2021-05-27";"1";"Vente";"170000.0";"46.0";"None";"AV DE LA CALIFORNIE";"1045";"06200";"06088";"Nice";"06";"None";"None";"06088000MP0238";"None";"None";"159";"nan";"None";"nan";"None";"nan";"None";"None";"None";"None";"1";"3";"Dépendance";"nan";"0.0";"None";"None";"None";"None";"nan";"7.241192";"43.690102";"000MP"
"2021-59880";"2021-05-26";"1";"Vente";"260000.0";"39.0";"None";"AV AIME MARTIN";"0050";"06200";"06088";"Nice";"06";"None";"None";"06088000MP0393";"None";"None";"240";"nan";"305";"73.54";"None";"nan";"None";"None";"None";"None";"2";"2";"Appartement";"73.0";"3.0";"None";"None";"None";"None";"nan";"7.239451";"43.691055";"000MP"
"2021-59880";"2021-05-26";"1";"Vente";"260000.0";"39.0";"None";"AV AIME MARTIN";"0050";"06200";"06088";"Nice";"06";"None";"None";"06088000MP0393";"None";"None";"189";"nan";"None";"nan";"None";"nan";"None";"None";"None";"None";"1";"3";"Dépendance";"nan";"0.0";"None";"None";"None";"None";"nan";"7.239451";"43.691055";"000MP"
"2021-59858";"2021-05-25";"1";"Vente";"118137.0";"24.0";"None";"AV DE LA CALIFORNIE";"1045";"06200";"06088";"Nice";"06";"None";"None";"06088000MP0482";"None";"None";"117";"nan";"173";"nan";"None";"nan";"None";"None";"None";"None";"2";"2";"Appartement";"58.0";"2.0";"None";"None";"None";"None";"nan";"7.24279";"43.691002";"000MP"
"2021-59858";"2021-05-25";"1";"Vente";"118137.0";"24.0";"None";"AV DE LA CALIFORNIE";"1045";"06200";"06088";"Nice";"06";"None";"None";"06088000MP0482";"None";"None";"117";"nan";"173";"nan";"None";"nan";"None";"None";"None";"None";"2";"3";"Dépendance";"nan";"0.0";"None";"None";"None";"None";"nan";"7.24279";"43.691002";"000MP"
"2021-59858";"2021-05-25";"1";"Vente";"118137.0";"24.0";"None";"AV DE LA CALIFORNIE";"1045";"06200";"06088";"Nice";"06";"None";"None";"06088000MP0482";"None";"None";"117";"nan";"173";"nan";"None";"nan";"None";"None";"None";"None";"2";"3";"Dépendance";"nan";"0.0";"None";"None";"None";"None";"nan";"7.24279";"43.691002";"000MP"
"2021-59638";"2021-05-21";"1";"Vente";"235000.0";"48.0";"None";"AV DE LA CALIFORNIE";"1045";"06200";"06088";"Nice";"06";"None";"None";"06088000MP0352";"None";"None";"16";"nan";"None";"nan";"None";"nan";"None";"None";"None";"None";"1";"2";"Appartement";"62.0";"2.0";"None";"None";"None";"None";"nan";"7.240953";"43.690008";"000MP"
"2021-60307";"2021-05-20";"1";"Vente";"257000.0";"71.0";"None";"BD EDOUARD HERRIOT";"2188";"06200";"06088";"Nice";"06";"None";"None";"06088000MP0301";"None";"None";"36";"nan";"8";"nan";"None";"nan";"None";"None";"None";"None";"2";"2";"Appartement";"74.0";"3.0";"None";"None";"None";"None";"nan";"7.238842";"43.692155";"000MP"
"2021-60307";"2021-05-20";"1";"Vente";"257000.0";"71.0";"None";"BD EDOUARD HERRIOT";"2188";"06200";"06088";"Nice";"06";"None";"None";"06088000MP0301";"None";"None";"36";"nan";"8";"nan";"None";"nan";"None";"None";"None";"None";"2";"3";"Dépendance";"nan";"0.0";"None";"None";"None";"None";"nan";"7.238842";"43.692155";"000MP"
"2021-60307";"2021-05-20";"1";"Vente";"257000.0";"71.0";"None";"BD EDOUARD HERRIOT";"2188";"06200";"06088";"Nice";"06";"None";"None";"06088000MP0301";"None";"None";"49";"nan";"None";"nan";"None";"nan";"None";"None";"None";"None";"1";"3";"Dépendance";"nan";"0.0";"None";"None";"None";"None";"nan";"7.238842";"43.692155";"000MP"
"2021-59156";"2021-05-19";"1";"Vente";"118000.0";"8.0";"None";"AV GLORIA";"2955";"06200";"06088";"Nice";"06";"None";"None";"06088000MP0304";"None";"None";"28";"nan";"47";"28.64";"None";"nan";"None";"None";"None";"None";"2";"2";"Appartement";"28.0";"1.0";"None";"None";"None";"None";"nan";"7.243226";"43.691569";"000MP"
"2021-59987";"2021-05-18";"1";"Vente";"547050.0";"93.0";"None";"BD EDOUARD HERRIOT";"2188";"06200";"06088";"Nice";"06";"None";"None";"06088000MP0167";"None";"None";"115";"nan";"179";"106.84";"None";"nan";"None";"None";"None";"None";"2";"2";"Appartement";"107.0";"2.0";"None";"None";"None";"None";"nan";"7.237443";"43.690451";"000MP"
"2021-59987";"2021-05-18";"1";"Vente";"547050.0";"93.0";"None";"BD EDOUARD HERRIOT";"2188";"06200";"06088";"Nice";"06";"None";"None";"06088000MP0167";"None";"None";"115";"nan";"179";"106.84";"None";"nan";"None";"None";"None";"None";"2";"3";"Dépendance";"nan";"0.0";"None";"None";"None";"None";"nan";"7.237443";"43.690451";"000MP"
"2021-59987";"2021-05-18";"1";"Vente";"547050.0";"93.0";"None";"BD EDOUARD HERRIOT";"2188";"06200";"06088";"Nice";"06";"None";"None";"06088000MP0167";"None";"None";"115";"nan";"179";"106.84";"None";"nan";"None";"None";"None";"None";"2";"3";"Dépendance";"nan";"0.0";"None";"None";"None";"None";"nan";"7.237443";"43.690451";"000MP"
"2021-58555";"2021-05-11";"1";"Vente";"272000.0";"20.0";"None";"BD MAGNAN";"3875";"06200";"06088";"Nice";"06";"None";"None";"06088000MP0043";"None";"None";"101";"nan";"144";"nan";"None";"nan";"None";"None";"None";"None";"2";"2";"Appartement";"82.0";"4.0";"None";"None";"None";"None";"nan";"7.240931";"43.692943";"000MP"
"2021-59467";"2021-05-11";"1";"Vente";"185000.0";"3.0";"None";"BD CARLONE";"1140";"06200";"06088";"Nice";"06";"None";"None";"06088000MP0067";"None";"None";"17";"nan";"None";"nan";"None";"nan";"None";"None";"None";"None";"1";"2";"Appartement";"56.0";"3.0";"None";"None";"None";"None";"nan";"7.24279";"43.69345";"000MP"
"2021-59741";"2021-05-10";"1";"Vente";"25000.0";"2.0";"None";"RUE CORDERIE";"1690";"06200";"06088";"Nice";"06";"None";"None";"06088000MP0491";"None";"None";"163";"nan";"None";"nan";"None";"nan";"None";"None";"None";"None";"1";"4";"Local industriel. commercial ou assimilé";"12.0";"0.0";"None";"None";"None";"None";"nan";"7.244066";"43.691389";"000MP"
"2021-59333";"2021-05-07";"1";"Vente";"187000.0";"49.0";"None";"AV DE LA CALIFORNIE";"1045";"06200";"06088";"Nice";"06";"None";"None";"06088000MP0251";"None";"None";"1";"nan";"33";"nan";"None";"nan";"None";"None";"None";"None";"2";"2";"Appartement";"30.0";"2.0";"None";"None";"None";"None";"nan";"7.24187";"43.689691";"000MP"
"2021-59630";"2021-05-07";"1";"Vente";"177000.0";"73.0";"None";"BD EDOUARD HERRIOT";"2188";"06200";"06088";"Nice";"06";"None";"None";"06088000MP0312";"None";"None";"12";"nan";"446";"45.3";"None";"nan";"None";"None";"None";"None";"2";"2";"Appartement";"51.0";"1.0";"None";"None";"None";"None";"nan";"7.237787";"43.691443";"000MP"
"2021-59384";"2021-05-07";"1";"Vente";"17000.0";"2.0";"None";"RUE CORDERIE";"1690";"06200";"06088";"Nice";"06";"None";"None";"06088000MP0491";"None";"None";"24";"nan";"None";"nan";"None";"nan";"None";"None";"None";"None";"1";"3";"Dépendance";"nan";"0.0";"None";"None";"None";"None";"nan";"7.244066";"43.691389";"000MP"
"2021-59053";"2021-05-06";"1";"Vente";"27000.0";"30.0";"None";"AV DE LA CALIFORNIE";"1045";"06200";"06088";"Nice";"06";"None";"None";"06088000MP0377";"None";"None";"224";"nan";"None";"nan";"None";"nan";"None";"None";"None";"None";"1";"3";"Dépendance";"nan";"0.0";"None";"None";"None";"None";"nan";"7.241991";"43.69075";"000MP"
"2021-58894";"2021-05-05";"1";"Vente";"26500.0";"20.0";"None";"AV DE LA CALIFORNIE";"1045";"06200";"06088";"Nice";"06";"None";"None";"06088000MP0495";"None";"None";"70";"nan";"None";"nan";"None";"nan";"None";"None";"None";"None";"1";"3";"Dépendance";"nan";"0.0";"None";"None";"None";"None";"nan";"7.24336";"43.690968";"000MP"
"2021-58900";"2021-05-05";"1";"Vente";"25500.0";"20.0";"None";"AV DE LA CALIFORNIE";"1045";"06200";"06088";"Nice";"06";"None";"None";"06088000MP0495";"None";"None";"77";"nan";"None";"nan";"None";"nan";"None";"None";"None";"None";"1";"3";"Dépendance";"nan";"0.0";"None";"None";"None";"None";"nan";"7.24336";"43.690968";"000MP"
"2021-59312";"2021-05-03";"1";"Vente";"120000.0";"52.0";"None";"AV DE LA CALIFORNIE";"1045";"06200";"06088";"Nice";"06";"None";"None";"06088000MP0487";"None";"None";"100";"nan";"None";"nan";"None";"nan";"None";"None";"None";"None";"1";"2";"Appartement";"22.0";"1.0";"None";"None";"None";"None";"nan";"7.240755";"43.689691";"000MP"
"2021-59312";"2021-05-03";"1";"Vente";"120000.0";"52.0";"None";"AV DE LA CALIFORNIE";"1045";"06200";"06088";"Nice";"06";"None";"None";"06088000MP0487";"None";"None";"44";"nan";"None";"nan";"None";"nan";"None";"None";"None";"None";"1";"3";"Dépendance";"nan";"0.0";"None";"None";"None";"None";"nan";"7.240755";"43.689691";"000MP"
"2021-58352";"2021-04-29";"1";"Vente";"150000.0";"73.0";"None";"BD EDOUARD HERRIOT";"2188";"06200";"06088";"Nice";"06";"None";"None";"06088000MP0159";"None";"None";"13";"nan";"138";"30.0";"None";"nan";"None";"None";"None";"None";"2";"2";"Appartement";"29.0";"1.0";"None";"None";"None";"None";"nan";"7.238503";"43.691826";"000MP"
"2021-59289";"2021-04-29";"1";"Vente";"61000.0";"59.0";"B";"BD EDOUARD HERRIOT";"2188";"06200";"06088";"Nice";"06";"None";"None";"06088000MP0037";"None";"None";"76";"12.78";"None";"nan";"None";"nan";"None";"None";"None";"None";"1";"2";"Appartement";"16.0";"1.0";"None";"None";"None";"None";"nan";"7.240067";"43.692854";"000MP"
"2021-59215";"2021-04-28";"1";"Vente";"405000.0";"93.0";"None";"BD EDOUARD HERRIOT";"2188";"06200";"06088";"Nice";"06";"None";"None";"06088000MP0167";"None";"None";"500";"nan";"548";"nan";"None";"nan";"None";"None";"None";"None";"2";"2";"Appartement";"100.0";"3.0";"None";"None";"None";"None";"nan";"7.237443";"43.690451";"000MP"
"2021-59175";"2021-04-28";"1";"Vente";"22000.0";"93.0";"None";"BD EDOUARD HERRIOT";"2188";"06200";"06088";"Nice";"06";"None";"None";"06088000MP0167";"None";"None";"460";"nan";"None";"nan";"None";"nan";"None";"None";"None";"None";"1";"3";"Dépendance";"nan";"0.0";"None";"None";"None";"None";"nan";"7.237443";"43.690451";"000MP"
"2021-59215";"2021-04-28";"1";"Vente";"405000.0";"93.0";"None";"BD EDOUARD HERRIOT";"2188";"06200";"06088";"Nice";"06";"None";"None";"06088000MP0167";"None";"None";"459";"nan";"None";"nan";"None";"nan";"None";"None";"None";"None";"1";"3";"Dépendance";"nan";"0.0";"None";"None";"None";"None";"nan";"7.237443";"43.690451";"000MP"
"2021-59003";"2021-04-27";"1";"Vente";"105000.0";"23.0";"None";"BD CARLONE";"1140";"06200";"06088";"Nice";"06";"None";"None";"06088000MP0416";"None";"None";"37";"nan";"87";"23.32";"None";"nan";"None";"None";"None";"None";"2";"2";"Appartement";"23.0";"1.0";"None";"None";"None";"None";"nan";"7.240984";"43.693458";"000MP"
"2021-59259";"2021-04-27";"1";"Vente";"413600.0";"145.0";"None";"PROM DES ANGLAIS";"0240";"06200";"06088";"Nice";"06";"None";"None";"06088000MP0294";"None";"None";"103";"96.28";"80";"nan";"None";"nan";"None";"None";"None";"None";"2";"2";"Appartement";"99.0";"4.0";"None";"None";"None";"None";"nan";"7.242173";"43.689639";"000MP"
"2021-58152";"2021-04-21";"1";"Vente";"31000.0";"43.0";"None";"AV DE LA CALIFORNIE";"1045";"06200";"06088";"Nice";"06";"None";"None";"06088000MP0253";"None";"None";"23";"nan";"None";"nan";"None";"nan";"None";"None";"None";"None";"1";"3";"Dépendance";"nan";"0.0";"None";"None";"None";"None";"nan";"7.242214";"43.689909";"000MP"
"2021-57752";"2021-04-20";"1";"Vente";"260000.0";"43.0";"None";"AV DE LA CALIFORNIE";"1045";"06200";"06088";"Nice";"06";"None";"None";"06088000MP0253";"None";"None";"3";"nan";"44";"60.4";"None";"nan";"None";"None";"None";"None";"2";"2";"Appartement";"61.0";"3.0";"None";"None";"None";"None";"nan";"7.242214";"43.689909";"000MP"
"2021-58550";"2021-04-20";"1";"Vente";"65000.0";"52.0";"None";"AV DE LA CALIFORNIE";"1045";"06200";"06088";"Nice";"06";"None";"None";"06088000MP0487";"None";"None";"109";"23.48";"None";"nan";"None";"nan";"None";"None";"None";"None";"1";"2";"Appartement";"22.0";"1.0";"None";"None";"None";"None";"nan";"7.240755";"43.689691";"000MP"
"2021-58550";"2021-04-20";"1";"Vente";"65000.0";"52.0";"None";"AV DE LA CALIFORNIE";"1045";"06200";"06088";"Nice";"06";"None";"None";"06088000MP0487";"None";"None";"89";"nan";"None";"nan";"None";"nan";"None";"None";"None";"None";"1";"3";"Dépendance";"nan";"0.0";"None";"None";"None";"None";"nan";"7.240755";"43.689691";"000MP"
"2021-59350";"2021-04-16";"1";"Vente";"60000.0";"11.0";"None";"BD MAGNAN";"3875";"06200";"06088";"Nice";"06";"None";"None";"06088000MP0075";"None";"None";"6";"34.01";"None";"nan";"None";"nan";"None";"None";"None";"None";"1";"2";"Appartement";"30.0";"1.0";"None";"None";"None";"None";"nan";"7.242259";"43.69277";"000MP"
"2021-57873";"2021-04-15";"1";"Vente";"140000.0";"26.0";"None";"AV DE LA CALIFORNIE";"1045";"06200";"06088";"Nice";"06";"None";"None";"06088000MP0379";"None";"None";"35";"nan";"77";"29.17";"None";"nan";"None";"None";"None";"None";"2";"2";"Appartement";"34.0";"1.0";"None";"None";"None";"None";"nan";"7.242407";"43.690616";"000MP"
"2021-57944";"2021-04-15";"1";"Vente";"393000.0";"46.0";"None";"AV DE LA CALIFORNIE";"1045";"06200";"06088";"Nice";"06";"None";"None";"06088000MP0238";"None";"None";"84";"nan";"None";"nan";"None";"nan";"None";"None";"None";"None";"1";"3";"Dépendance";"nan";"0.0";"None";"None";"None";"None";"nan";"7.241192";"43.690102";"000MP"
"2021-58082";"2021-04-15";"1";"Vente";"153000.0";"2.0";"None";"RUE CORDERIE";"1690";"06200";"06088";"Nice";"06";"None";"None";"06088000MP0491";"None";"None";"118";"nan";"None";"nan";"None";"nan";"None";"None";"None";"None";"1";"3";"Dépendance";"nan";"0.0";"None";"None";"None";"None";"nan";"7.244066";"43.691389";"000MP"
"2021-58082";"2021-04-15";"1";"Vente";"153000.0";"12.0";"None";"AV DE LA CALIFORNIE";"1045";"06200";"06088";"Nice";"06";"None";"None";"06088000MP0491";"None";"None";"424";"nan";"None";"nan";"None";"nan";"None";"None";"None";"None";"1";"4";"Local industriel. commercial ou assimilé";"38.0";"0.0";"None";"None";"None";"None";"nan";"7.244066";"43.691389";"000MP"
"2021-58370";"2021-04-13";"1";"Vente";"112000.0";"12.0";"None";"AV DE LA CALIFORNIE";"1045";"06200";"06088";"Nice";"06";"None";"None";"06088000MP0491";"None";"None";"470";"18.87";"None";"nan";"None";"nan";"None";"None";"None";"None";"1";"4";"Local industriel. commercial ou assimilé";"41.0";"0.0";"None";"None";"None";"None";"nan";"7.244066";"43.691389";"000MP"
"2021-57115";"2021-04-12";"1";"Vente";"275000.0";"23.0";"None";"RUE SAINT HONORE";"5770";"06200";"06088";"Nice";"06";"None";"None";"06088000MP0034";"None";"None";"7";"72.57";"None";"nan";"None";"nan";"None";"None";"None";"None";"1";"2";"Appartement";"45.0";"3.0";"None";"None";"None";"None";"nan";"7.239846";"43.69294";"000MP"
"2021-57131";"2021-04-06";"1";"Vente";"70500.0";"59.0";"B";"BD EDOUARD HERRIOT";"2188";"06200";"06088";"Nice";"06";"None";"None";"06088000MP0037";"None";"None";"81";"14.68";"None";"nan";"None";"nan";"None";"None";"None";"None";"1";"2";"Appartement";"13.0";"1.0";"None";"None";"None";"None";"nan";"7.240067";"43.692854";"000MP"
"2021-56735";"2021-04-02";"1";"Vente";"345000.0";"39.0";"B";"AV AIME MARTIN";"0050";"06200";"06088";"Nice";"06";"None";"None";"06088000MP0374";"None";"None";"102";"nan";"229";"72.67";"None";"nan";"None";"None";"None";"None";"2";"2";"Appartement";"73.0";"3.0";"None";"None";"None";"None";"nan";"7.238435";"43.69078";"000MP"
"2021-56735";"2021-04-02";"1";"Vente";"345000.0";"39.0";"B";"AV AIME MARTIN";"0050";"06200";"06088";"Nice";"06";"None";"None";"06088000MP0374";"None";"None";"124";"nan";"None";"nan";"None";"nan";"None";"None";"None";"None";"1";"3";"Dépendance";"nan";"0.0";"None";"None";"None";"None";"nan";"7.238435";"43.69078";"000MP"
"2021-58113";"2021-04-01";"1";"Vente";"92000.0";"35.0";"None";"BD CARLONE";"1140";"06200";"06088";"Nice";"06";"None";"None";"06088000MP0419";"None";"None";"25";"15.3";"None";"nan";"None";"nan";"None";"None";"None";"None";"1";"2";"Appartement";"20.0";"1.0";"None";"None";"None";"None";"nan";"7.240023";"43.693328";"000MP"
"2021-56622";"2021-03-31";"1";"Vente";"95000.0";"11.0";"None";"BD CARLONE";"1140";"06200";"06088";"Nice";"06";"None";"None";"06088000MP0062";"None";"None";"55";"43.93";"None";"nan";"None";"nan";"None";"None";"None";"None";"1";"2";"Appartement";"45.0";"2.0";"None";"None";"None";"None";"nan";"7.242177";"43.693504";"000MP"
"2021-57158";"2021-03-30";"1";"Vente";"200000.0";"3.0";"None";"AV GLORIA";"2955";"06200";"06088";"Nice";"06";"None";"None";"06088000MP0491";"None";"None";"306";"42.73";"None";"nan";"None";"nan";"None";"None";"None";"None";"1";"2";"Appartement";"42.0";"2.0";"None";"None";"None";"None";"nan";"7.244066";"43.691389";"000MP"
"2021-58047";"2021-03-30";"1";"Vente";"486625.0";"115.0";"None";"PROM DES ANGLAIS";"0240";"06200";"06088";"Nice";"06";"None";"None";"06088000MP0274";"None";"None";"28";"nan";"58";"nan";"None";"nan";"None";"None";"None";"None";"2";"2";"Appartement";"55.0";"2.0";"None";"None";"None";"None";"nan";"7.244868";"43.690792";"000MP"
"2021-57158";"2021-03-30";"1";"Vente";"200000.0";"2.0";"None";"RUE CORDERIE";"1690";"06200";"06088";"Nice";"06";"None";"None";"06088000MP0491";"None";"None";"89";"nan";"None";"nan";"None";"nan";"None";"None";"None";"None";"1";"3";"Dépendance";"nan";"0.0";"None";"None";"None";"None";"nan";"7.244066";"43.691389";"000MP"
"2021-57185";"2021-03-29";"1";"Vente";"174900.0";"46.0";"None";"AV DE LA CALIFORNIE";"1045";"06200";"06088";"Nice";"06";"None";"None";"06088000MP0238";"None";"None";"16";"nan";"243";"38.19";"None";"nan";"None";"None";"None";"None";"2";"2";"Appartement";"41.0";"1.0";"None";"None";"None";"None";"nan";"7.241192";"43.690102";"000MP"
"2021-56656";"2021-03-26";"1";"Vente";"205000.0";"7.0";"None";"BD MAGNAN";"3875";"06200";"06088";"Nice";"06";"None";"None";"06088000MP0073";"None";"None";"9";"63.55";"None";"nan";"None";"nan";"None";"None";"None";"None";"1";"2";"Appartement";"61.0";"3.0";"None";"None";"None";"None";"nan";"7.242582";"43.692933";"000MP"
"2021-56974";"2021-03-25";"1";"Vente";"235000.0";"24.0";"None";"AV DE LA CALIFORNIE";"1045";"06200";"06088";"Nice";"06";"None";"None";"06088000MP0482";"None";"None";"112";"50.15";"162";"nan";"None";"nan";"None";"None";"None";"None";"2";"2";"Appartement";"50.0";"2.0";"None";"None";"None";"None";"nan";"7.24279";"43.691002";"000MP"
"2021-57296";"2021-03-22";"1";"Vente";"212000.0";"24.0";"None";"AV DE LA CALIFORNIE";"1045";"06200";"06088";"Nice";"06";"None";"None";"06088000MP0482";"None";"None";"257";"nan";"None";"nan";"None";"nan";"None";"None";"None";"None";"1";"3";"Dépendance";"nan";"0.0";"None";"None";"None";"None";"nan";"7.24279";"43.691002";"000MP"
"2021-57296";"2021-03-22";"1";"Vente";"212000.0";"24.0";"None";"AV DE LA CALIFORNIE";"1045";"06200";"06088";"Nice";"06";"None";"None";"06088000MP0482";"None";"None";"110";"57.35";"169";"nan";"None";"nan";"None";"None";"None";"None";"2";"4";"Local industriel. commercial ou assimilé";"49.0";"0.0";"None";"None";"None";"None";"nan";"7.24279";"43.691002";"000MP"
"2021-56358";"2021-03-17";"1";"Vente";"117000.0";"8.0";"None";"AV GLORIA";"2955";"06200";"06088";"Nice";"06";"None";"None";"06088000MP0304";"None";"None";"10";"nan";"38";"26.2";"None";"nan";"None";"None";"None";"None";"2";"2";"Appartement";"28.0";"1.0";"None";"None";"None";"None";"nan";"7.243226";"43.691569";"000MP"
"2021-56358";"2021-03-17";"1";"Vente";"117000.0";"8.0";"T";"AV GLORIA";"2955";"06200";"06088";"Nice";"06";"None";"None";"06088000MP0185";"None";"None";"8";"nan";"None";"nan";"None";"nan";"None";"None";"None";"None";"1";"3";"Dépendance";"nan";"0.0";"None";"None";"None";"None";"nan";"7.24317";"43.691719";"000MP"
"2021-57005";"2021-03-11";"1";"Vente";"120000.0";"12.0";"None";"AV DE LA CALIFORNIE";"1045";"06200";"06088";"Nice";"06";"None";"None";"06088000MP0491";"None";"None";"446";"17.67";"None";"nan";"None";"nan";"None";"None";"None";"None";"1";"4";"Local industriel. commercial ou assimilé";"21.0";"0.0";"None";"None";"None";"None";"nan";"7.244066";"43.691389";"000MP"
"2021-56148";"2021-03-08";"1";"Vente";"80000.0";"16.0";"None";"BD MAGNAN";"3875";"06200";"06088";"Nice";"06";"None";"None";"06088000MP0050";"None";"None";"3";"33.61";"None";"nan";"None";"nan";"None";"None";"None";"None";"1";"2";"Appartement";"36.0";"2.0";"None";"None";"None";"None";"nan";"7.241639";"43.692968";"000MP"
"2021-55731";"2021-03-02";"1";"Vente";"681000.0";"37.0";"None";"AV AIME MARTIN";"0050";"06200";"06088";"Nice";"06";"None";"None";"06088000MP0155";"None";"None";"None";"nan";"None";"nan";"None";"nan";"None";"None";"None";"None";"0";"1";"Maison";"146.0";"7.0";"S";"sols";"None";"None";"508.0";"7.24068";"43.69221";"000MP"
"2021-55686";"2021-03-02";"1";"Vente";"315000.0";"35.0";"None";"AV DE LA CALIFORNIE";"1045";"06200";"06088";"Nice";"06";"None";"None";"06088000MP0257";"None";"None";"55";"80.04";"None";"nan";"None";"nan";"None";"None";"None";"None";"1";"2";"Appartement";"89.0";"3.0";"None";"None";"None";"None";"nan";"7.242788";"43.690095";"000MP"
"2021-56811";"2021-02-24";"1";"Vente";"120000.0";"26.0";"None";"AV DE LA CALIFORNIE";"1045";"06200";"06088";"Nice";"06";"None";"None";"06088000MP0379";"None";"None";"112";"28.52";"23";"nan";"None";"nan";"None";"None";"None";"None";"2";"2";"Appartement";"34.0";"1.0";"None";"None";"None";"None";"nan";"7.242407";"43.690616";"000MP"
"2021-55463";"2021-02-19";"1";"Vente";"262500.0";"36.0";"None";"AV DE LA CALIFORNIE";"1045";"06200";"06088";"Nice";"06";"None";"None";"06088000MP0476";"None";"None";"114";"49.31";"16";"nan";"None";"nan";"None";"None";"None";"None";"2";"2";"Appartement";"48.0";"2.0";"None";"None";"None";"None";"nan";"7.241609";"43.690264";"000MP"
"2021-55463";"2021-02-19";"1";"Vente";"262500.0";"36.0";"None";"AV DE LA CALIFORNIE";"1045";"06200";"06088";"Nice";"06";"None";"None";"06088000MP0476";"None";"None";"47";"nan";"None";"nan";"None";"nan";"None";"None";"None";"None";"1";"4";"Local industriel. commercial ou assimilé";"15.0";"0.0";"None";"None";"None";"None";"nan";"7.241609";"43.690264";"000MP"
"2021-55111";"2021-02-11";"1";"Vente";"200550.0";"127.0";"None";"PROM DES ANGLAIS";"0240";"06200";"06088";"Nice";"06";"None";"None";"06088000MP0280";"None";"None";"22";"59.1";"41";"nan";"None";"nan";"None";"None";"None";"None";"2";"2";"Appartement";"51.0";"1.0";"None";"None";"None";"None";"nan";"7.243919";"43.690363";"000MP"
"2021-55202";"2021-02-04";"1";"Vente";"295000.0";"123.0";"None";"PROM DES ANGLAIS";"0240";"06200";"06088";"Nice";"06";"None";"None";"06088000MP0278";"None";"None";"29";"81.03";"None";"nan";"None";"nan";"None";"None";"None";"None";"1";"2";"Appartement";"82.0";"2.0";"None";"None";"None";"None";"nan";"7.24432";"43.690425";"000MP"
"2021-55202";"2021-02-04";"1";"Vente";"295000.0";"123.0";"None";"PROM DES ANGLAIS";"0240";"06200";"06088";"Nice";"06";"None";"None";"06088000MP0278";"None";"None";"23";"nan";"None";"nan";"None";"nan";"None";"None";"None";"None";"1";"3";"Dépendance";"nan";"0.0";"None";"None";"None";"None";"nan";"7.24432";"43.690425";"000MP"
"2021-54426";"2021-02-04";"1";"Vente en l'état futur d'achèvement";"118400.0";"18.0";"B";"BD MAGNAN";"3875";"06200";"06088";"Nice";"06";"None";"None";"06088000MP0497";"None";"None";"58";"nan";"None";"nan";"None";"nan";"None";"None";"None";"None";"1";"None";"None";"nan";"nan";"None";"None";"None";"None";"nan";"7.241279";"43.692951";"000MP"
"2021-54291";"2021-02-03";"1";"Vente";"92500.0";"17.0";"None";"AV DE LA CALIFORNIE";"1045";"06200";"06088";"Nice";"06";"None";"None";"06088000MP0262";"None";"None";"56";"21.44";"None";"nan";"None";"nan";"None";"None";"None";"None";"1";"2";"Appartement";"21.0";"1.0";"None";"None";"None";"None";"nan";"7.243473";"43.690503";"000MP"
"2021-54631";"2021-02-02";"1";"Vente";"147000.0";"6.0";"None";"AV DU PETIT FABRON";"4975";"06200";"06088";"Nice";"06";"None";"None";"06088000MP0427";"None";"None";"116";"50.81";"None";"nan";"None";"nan";"None";"None";"None";"None";"1";"2";"Appartement";"51.0";"2.0";"None";"None";"None";"None";"nan";"7.239484";"43.690313";"000MP"
"2021-54634";"2021-02-02";"1";"Vente";"295000.0";"15.0";"None";"AV DE LA CALIFORNIE";"1045";"06200";"06088";"Nice";"06";"None";"None";"06088000MP0263";"None";"None";"23";"79.33";"5";"nan";"None";"nan";"None";"None";"None";"None";"2";"2";"Appartement";"90.0";"3.0";"None";"None";"None";"None";"nan";"7.24374";"43.690585";"000MP"
"2021-53934";"2021-02-01";"1";"Vente";"220000.0";"3.0";"None";"AV GLORIA";"2955";"06200";"06088";"Nice";"06";"None";"None";"06088000MP0491";"None";"None";"319";"43.8";"None";"nan";"None";"nan";"None";"None";"None";"None";"1";"2";"Appartement";"43.0";"2.0";"None";"None";"None";"None";"nan";"7.244066";"43.691389";"000MP"
"2021-53934";"2021-02-01";"1";"Vente";"220000.0";"2.0";"None";"RUE CORDERIE";"1690";"06200";"06088";"Nice";"06";"None";"None";"06088000MP0491";"None";"None";"79";"nan";"None";"nan";"None";"nan";"None";"None";"None";"None";"1";"3";"Dépendance";"nan";"0.0";"None";"None";"None";"None";"nan";"7.244066";"43.691389";"000MP"
"2021-54515";"2021-01-28";"1";"Vente";"175824.0";"3.0";"None";"AV GLORIA";"2955";"06200";"06088";"Nice";"06";"None";"None";"06088000MP0491";"None";"None";"291";"nan";"None";"nan";"None";"nan";"None";"None";"None";"None";"1";"2";"Appartement";"43.0";"2.0";"None";"None";"None";"None";"nan";"7.244066";"43.691389";"000MP"
"2021-54024";"2021-01-27";"1";"Vente";"128000.0";"8.0";"B";"AV GLORIA";"2955";"06200";"06088";"Nice";"06";"None";"None";"06088000MP0304";"None";"None";"13";"nan";"39";"47.64";"None";"nan";"None";"None";"None";"None";"2";"2";"Appartement";"50.0";"2.0";"None";"None";"None";"None";"nan";"7.243226";"43.691569";"000MP"
"2021-54038";"2021-01-22";"1";"Vente";"215000.0";"23.0";"None";"AV DE LA CALIFORNIE";"1045";"06200";"06088";"Nice";"06";"None";"None";"06088000MP0484";"None";"None";"52";"nan";"None";"nan";"None";"nan";"None";"None";"None";"None";"1";"3";"Dépendance";"nan";"0.0";"None";"None";"None";"None";"nan";"7.242935";"43.690305";"000MP"
"2021-53607";"2021-01-20";"1";"Vente";"285000.0";"20.0";"B";"AV MONT RABEAU";"4390";"06200";"06088";"Nice";"06";"None";"None";"06088000MP0167";"None";"None";"1037";"59.38";"934";"nan";"None";"nan";"None";"None";"None";"None";"2";"2";"Appartement";"62.0";"2.0";"None";"None";"None";"None";"nan";"7.237443";"43.690451";"000MP"
"2021-54236";"2021-01-20";"1";"Vente";"190000.0";"3.0";"None";"AV DE LA CALIFORNIE";"1045";"06200";"06088";"Nice";"06";"None";"None";"06088000MP0272";"None";"None";"9";"68.02";"None";"nan";"None";"nan";"None";"None";"None";"None";"1";"2";"Appartement";"65.0";"3.0";"None";"None";"None";"None";"nan";"7.244725";"43.690986";"000MP"
"2021-53750";"2021-01-20";"1";"Vente";"85000.0";"115.0";"None";"PROM DES ANGLAIS";"0240";"06200";"06088";"Nice";"06";"None";"None";"06088000MP0274";"None";"None";"70";"28.3";"None";"nan";"None";"nan";"None";"None";"None";"None";"1";"3";"Dépendance";"nan";"0.0";"None";"None";"None";"None";"nan";"7.244868";"43.690792";"000MP"
"2021-53750";"2021-01-20";"1";"Vente";"85000.0";"115.0";"None";"PROM DES ANGLAIS";"0240";"06200";"06088";"Nice";"06";"None";"None";"06088000MP0274";"None";"None";"60";"nan";"None";"nan";"None";"nan";"None";"None";"None";"None";"1";"3";"Dépendance";"nan";"0.0";"None";"None";"None";"None";"nan";"7.244868";"43.690792";"000MP"
"2021-53889";"2021-01-19";"1";"Vente";"16000.0";"46.0";"None";"AV DE LA CALIFORNIE";"1045";"06200";"06088";"Nice";"06";"None";"None";"06088000MP0238";"None";"None";"97";"nan";"None";"nan";"None";"nan";"None";"None";"None";"None";"1";"3";"Dépendance";"nan";"0.0";"None";"None";"None";"None";"nan";"7.241192";"43.690102";"000MP"
"2021-55216";"2021-01-15";"1";"Vente";"30250.0";"5.0";"None";"AV DE LA CALIFORNIE";"1045";"06200";"06088";"Nice";"06";"None";"None";"06088000MP0271";"None";"None";"12";"nan";"9";"68.9";"None";"nan";"None";"None";"None";"None";"2";"2";"Appartement";"60.0";"3.0";"None";"None";"None";"None";"nan";"7.244585";"43.690872";"000MP"
"2021-54086";"2021-01-12";"1";"Vente";"87000.0";"6.0";"T";"AV GLORIA";"2955";"06200";"06088";"Nice";"06";"None";"None";"06088000MP0186";"None";"None";"31";"18.4";"None";"nan";"None";"nan";"None";"None";"None";"None";"1";"2";"Appartement";"22.0";"1.0";"None";"None";"None";"None";"nan";"7.243504";"43.691714";"000MP"
"2021-72132";"2021-01-12";"1";"Vente";"126000.0";"24.0";"None";"AV DE LA CALIFORNIE";"1045";"06200";"06088";"Nice";"06";"None";"None";"06088000MP0482";"None";"None";"307";"20.02";"None";"nan";"None";"nan";"None";"None";"None";"None";"1";"2";"Appartement";"21.0";"1.0";"None";"None";"None";"None";"nan";"7.24279";"43.691002";"000MP"
"2021-72132";"2021-01-12";"1";"Vente";"126000.0";"24.0";"None";"AV DE LA CALIFORNIE";"1045";"06200";"06088";"Nice";"06";"None";"None";"06088000MP0482";"None";"None";"307";"20.02";"None";"nan";"None";"nan";"None";"None";"None";"None";"1";"3";"Dépendance";"nan";"0.0";"None";"None";"None";"None";"nan";"7.24279";"43.691002";"000MP"
"2021-53582";"2021-01-11";"1";"Vente";"240000.0";"93.0";"None";"BD EDOUARD HERRIOT";"2188";"06200";"06088";"Nice";"06";"None";"None";"06088000MP0167";"None";"None";"831";"nan";"848";"62.2";"None";"nan";"None";"None";"None";"None";"2";"2";"Appartement";"60.0";"2.0";"None";"None";"None";"None";"nan";"7.237443";"43.690451";"000MP"
"2021-53691";"2021-01-11";"1";"Vente";"235000.0";"93.0";"None";"BD EDOUARD HERRIOT";"2188";"06200";"06088";"Nice";"06";"None";"None";"06088000MP0167";"None";"None";"832";"nan";"849";"nan";"None";"nan";"None";"None";"None";"None";"2";"2";"Appartement";"70.0";"2.0";"None";"None";"None";"None";"nan";"7.237443";"43.690451";"000MP"
"2021-53343";"2021-01-08";"1";"Vente";"190000.0";"52.0";"None";"AV DE LA CALIFORNIE";"1045";"06200";"06088";"Nice";"06";"None";"None";"06088000MP0487";"None";"None";"108";"45.37";"None";"nan";"None";"nan";"None";"None";"None";"None";"1";"2";"Appartement";"43.0";"1.0";"None";"None";"None";"None";"nan";"7.240755";"43.689691";"000MP"
"2021-53343";"2021-01-08";"1";"Vente";"190000.0";"52.0";"None";"AV DE LA CALIFORNIE";"1045";"06200";"06088";"Nice";"06";"None";"None";"06088000MP0487";"None";"None";"87";"nan";"None";"nan";"None";"nan";"None";"None";"None";"None";"1";"3";"Dépendance";"nan";"0.0";"None";"None";"None";"None";"nan";"7.240755";"43.689691";"000MP"
"2021-53329";"2021-01-05";"1";"Vente";"205000.0";"20.0";"None";"BD MAGNAN";"3875";"06200";"06088";"Nice";"06";"None";"None";"06088000MP0043";"None";"None";"176";"50.26";"85";"nan";"None";"nan";"None";"None";"None";"None";"2";"2";"Appartement";"50.0";"2.0";"None";"None";"None";"None";"nan";"7.240931";"43.692943";"000MP"
"2021-53535";"2021-01-05";"1";"Vente";"297000.0";"39.0";"None";"AV AIME MARTIN";"0050";"06200";"06088";"Nice";"06";"None";"None";"06088000MP0393";"None";"None";"30";"nan";"54";"86.2";"None";"nan";"None";"None";"None";"None";"2";"2";"Appartement";"87.0";"4.0";"None";"None";"None";"None";"nan";"7.239451";"43.691055";"000MP"
"2021-53329";"2021-01-05";"1";"Vente";"205000.0";"20.0";"None";"BD MAGNAN";"3875";"06200";"06088";"Nice";"06";"None";"None";"06088000MP0043";"None";"None";"11";"nan";"None";"nan";"None";"nan";"None";"None";"None";"None";"1";"3";"Dépendance";"nan";"0.0";"None";"None";"None";"None";"nan";"7.240931";"43.692943";"000MP"