id_mutation;date_mutation;numero_disposition;nature_mutation;valeur_fonciere;adresse_numero;adresse_suffixe;adresse_nom_voie;adresse_code_voie;code_postal;code_commune;nom_commune;code_departement;ancien_code_commune;ancien_nom_commune;id_parcelle;ancien_id_parcelle;numero_volume;lot1_numero;lot1_surface_carrez;lot2_numero;lot2_surface_carrez;lot3_numero;lot3_surface_carrez;lot4_numero;lot4_surface_carrez;lot5_numero;lot5_surface_carrez;nombre_lots;code_type_local;type_local;surface_reelle_bati;nombre_pieces_principales;code_nature_culture;nature_culture;code_nature_culture_speciale;nature_culture_speciale;surface_terrain;longitude;latitude;section_prefixe
"2025-57947";"2025-12-30";"1";"Vente";"350000.0";"17.0";"None";"RUE BENOIT BUNICO";"0780";"06300";"06088";"Nice";"06";"None";"None";"06088000KR0054";"None";"None";"12";"nan";"9";"nan";"None";"nan";"None";"None";"None";"None";"2";"2";"Appartement";"76.0";"4.0";"None";"None";"None";"None";"nan";"7.277025";"43.697411";"000KR"
"2025-57923";"2025-12-11";"1";"Vente";"299550.0";"2.0";"None";"RUE PLACE VIEILLE";"5155";"06300";"06088";"Nice";"06";"None";"None";"06088000KR0160";"None";"None";"8";"40.13";"None";"nan";"None";"nan";"None";"None";"None";"None";"1";"2";"Appartement";"42.0";"3.0";"None";"None";"None";"None";"nan";"7.276113";"43.696653";"000KR"
"2025-57083";"2025-12-01";"1";"Vente";"1315000.0";"10.0";"None";"RUE CENTRALE";"1245";"06300";"06088";"Nice";"06";"None";"None";"06088000KR0036";"None";"None";"None";"nan";"None";"nan";"None";"nan";"None";"None";"None";"None";"0";"2";"Appartement";"63.0";"2.0";"S";"sols";"None";"None";"84.0";"7.276884";"43.698013";"000KR"
"2025-57083";"2025-12-01";"1";"Vente";"1315000.0";"10.0";"None";"RUE CENTRALE";"1245";"06300";"06088";"Nice";"06";"None";"None";"06088000KR0036";"None";"None";"None";"nan";"None";"nan";"None";"nan";"None";"None";"None";"None";"0";"2";"Appartement";"57.0";"3.0";"S";"sols";"None";"None";"84.0";"7.276884";"43.698013";"000KR"
"2025-57083";"2025-12-01";"1";"Vente";"1315000.0";"10.0";"None";"RUE CENTRALE";"1245";"06300";"06088";"Nice";"06";"None";"None";"06088000KR0036";"None";"None";"None";"nan";"None";"nan";"None";"nan";"None";"None";"None";"None";"0";"2";"Appartement";"21.0";"2.0";"S";"sols";"None";"None";"84.0";"7.276884";"43.698013";"000KR"
"2025-57083";"2025-12-01";"1";"Vente";"1315000.0";"10.0";"None";"RUE CENTRALE";"1245";"06300";"06088";"Nice";"06";"None";"None";"06088000KR0036";"None";"None";"None";"nan";"None";"nan";"None";"nan";"None";"None";"None";"None";"0";"2";"Appartement";"23.0";"2.0";"S";"sols";"None";"None";"84.0";"7.276884";"43.698013";"000KR"
"2025-57083";"2025-12-01";"1";"Vente";"1315000.0";"10.0";"None";"RUE CENTRALE";"1245";"06300";"06088";"Nice";"06";"None";"None";"06088000KR0036";"None";"None";"None";"nan";"None";"nan";"None";"nan";"None";"None";"None";"None";"0";"2";"Appartement";"27.0";"2.0";"S";"sols";"None";"None";"84.0";"7.276884";"43.698013";"000KR"
"2025-57083";"2025-12-01";"1";"Vente";"1315000.0";"10.0";"None";"RUE CENTRALE";"1245";"06300";"06088";"Nice";"06";"None";"None";"06088000KR0036";"None";"None";"None";"nan";"None";"nan";"None";"nan";"None";"None";"None";"None";"0";"2";"Appartement";"63.0";"2.0";"S";"sols";"None";"None";"84.0";"7.276884";"43.698013";"000KR"
"2025-57083";"2025-12-01";"1";"Vente";"1315000.0";"10.0";"None";"RUE CENTRALE";"1245";"06300";"06088";"Nice";"06";"None";"None";"06088000KR0036";"None";"None";"None";"nan";"None";"nan";"None";"nan";"None";"None";"None";"None";"0";"2";"Appartement";"31.0";"2.0";"S";"sols";"None";"None";"84.0";"7.276884";"43.698013";"000KR"
"2025-57617";"2025-12-01";"1";"Vente";"140000.0";"15.0";"None";"RUE DE LA PREFECTURE";"5240";"06300";"06088";"Nice";"06";"None";"None";"06088000KR0236";"None";"None";"85";"nan";"None";"nan";"None";"nan";"None";"None";"None";"None";"1";"2";"Appartement";"24.0";"1.0";"None";"None";"None";"None";"nan";"7.274725";"43.696779";"000KR"
"2025-57083";"2025-12-01";"1";"Vente";"1315000.0";"10.0";"None";"RUE CENTRALE";"1245";"06300";"06088";"Nice";"06";"None";"None";"06088000KR0036";"None";"None";"None";"nan";"None";"nan";"None";"nan";"None";"None";"None";"None";"0";"4";"Local industriel. commercial ou assimilé";"53.0";"0.0";"S";"sols";"None";"None";"84.0";"7.276884";"43.698013";"000KR"
"2025-57083";"2025-12-01";"1";"Vente";"1315000.0";"10.0";"None";"RUE CENTRALE";"1245";"06300";"06088";"Nice";"06";"None";"None";"06088000KR0036";"None";"None";"None";"nan";"None";"nan";"None";"nan";"None";"None";"None";"None";"0";"4";"Local industriel. commercial ou assimilé";"46.0";"0.0";"S";"sols";"None";"None";"84.0";"7.276884";"43.698013";"000KR"
"2025-57462";"2025-11-28";"1";"Vente";"60000.0";"32.0";"None";"RUE DROITE";"2095";"06300";"06088";"Nice";"06";"None";"None";"06088000KR0275";"None";"None";"18";"nan";"None";"nan";"None";"nan";"None";"None";"None";"None";"1";"2";"Appartement";"46.0";"3.0";"None";"None";"None";"None";"nan";"7.277386";"43.696955";"000KR"
"2025-56980";"2025-11-26";"1";"Vente";"160000.0";"17.0";"None";"RUE BENOIT BUNICO";"0780";"06300";"06088";"Nice";"06";"None";"None";"06088000KR0054";"None";"None";"1";"nan";"None";"nan";"None";"nan";"None";"None";"None";"None";"1";"3";"Dépendance";"nan";"0.0";"None";"None";"None";"None";"nan";"7.277025";"43.697411";"000KR"
"2025-56913";"2025-11-20";"1";"Vente";"455000.0";"2.0";"None";"PL DE LA HALLE AUX HERBES";"3180";"06300";"06088";"Nice";"06";"None";"None";"06088000KR0216";"None";"None";"6";"nan";"None";"nan";"None";"nan";"None";"None";"None";"None";"1";"2";"Appartement";"86.0";"3.0";"None";"None";"None";"None";"nan";"7.275858";"43.697454";"000KR"
"2025-56996";"2025-11-19";"1";"Vente";"160000.0";"32.0";"None";"RUE CENTRALE";"1245";"06300";"06088";"Nice";"06";"None";"None";"06088000KR0172";"None";"None";"9";"35.62";"None";"nan";"None";"nan";"None";"None";"None";"None";"1";"2";"Appartement";"40.0";"2.0";"None";"None";"None";"None";"nan";"7.27664";"43.697083";"000KR"
"2025-55968";"2025-11-17";"1";"Vente";"125150.0";"1.0";"None";"RUE DE LA LOGE";"3705";"06300";"06088";"Nice";"06";"None";"None";"06088000KR0038";"None";"None";"14";"17.05";"None";"nan";"None";"nan";"None";"None";"None";"None";"1";"2";"Appartement";"21.0";"2.0";"None";"None";"None";"None";"nan";"7.276923";"43.697933";"000KR"
"2025-56321";"2025-11-17";"1";"Vente";"170000.0";"4.0";"B";"RUE DE LA BOUCHERIE";"0930";"06300";"06088";"Nice";"06";"None";"None";"06088000KR0207";"None";"None";"4";"30.57";"None";"nan";"None";"nan";"None";"None";"None";"None";"1";"2";"Appartement";"27.0";"2.0";"None";"None";"None";"None";"nan";"7.27598";"43.697928";"000KR"
"2025-56649";"2025-11-17";"1";"Vente";"345000.0";"1.0";"None";"PL VIEILLE";"6685";"06300";"06088";"Nice";"06";"None";"None";"06088000KR0163";"None";"None";"10";"52.43";"None";"nan";"None";"nan";"None";"None";"None";"None";"1";"2";"Appartement";"62.0";"2.0";"None";"None";"None";"None";"nan";"7.276222";"43.696669";"000KR"
"2025-56752";"2025-11-17";"1";"Vente";"360000.0";"15.0";"None";"RUE COLONNA D ISTRIA";"1590";"06300";"06088";"Nice";"06";"None";"None";"06088000KR0233";"None";"None";"14";"69.64";"None";"nan";"None";"nan";"None";"None";"None";"None";"1";"2";"Appartement";"70.0";"4.0";"None";"None";"None";"None";"nan";"7.275252";"43.696921";"000KR"
"2025-55488";"2025-11-13";"1";"Vente";"220000.0";"1.0";"None";"RUE DU PONT VIEUX";"5210";"06300";"06088";"Nice";"06";"None";"None";"06088000KR0204";"None";"None";"8";"nan";"None";"nan";"None";"nan";"None";"None";"None";"None";"1";"2";"Appartement";"50.0";"3.0";"None";"None";"None";"None";"nan";"7.276258";"43.697984";"000KR"
"2025-55655";"2025-11-12";"1";"Vente";"164000.0";"19.0";"None";"RUE DE LA PREFECTURE";"5240";"06300";"06088";"Nice";"06";"None";"None";"06088000KR0187";"None";"None";"57";"32.44";"None";"nan";"None";"nan";"None";"None";"None";"None";"1";"2";"Appartement";"30.0";"1.0";"None";"None";"None";"None";"nan";"7.275436";"43.696661";"000KR"
"2025-56271";"2025-11-07";"1";"Vente";"228000.0";"3.0";"None";"RUE ABBAYE";"0010";"06300";"06088";"Nice";"06";"None";"None";"06088000KR0185";"None";"None";"6";"35.6";"None";"nan";"None";"nan";"None";"None";"None";"None";"1";"2";"Appartement";"35.0";"2.0";"None";"None";"None";"None";"nan";"7.2758";"43.696647";"000KR"
"2025-55081";"2025-11-03";"1";"Vente";"200450.0";"12.0";"None";"RUE ABBAYE";"0010";"06300";"06088";"Nice";"06";"None";"None";"06088000KR0188";"None";"None";"11";"43.21";"None";"nan";"None";"nan";"None";"None";"None";"None";"1";"2";"Appartement";"44.0";"2.0";"None";"None";"None";"None";"nan";"7.275433";"43.696835";"000KR"
"2025-54798";"2025-10-29";"1";"Vente";"167000.0";"11.0";"None";"RUE MASCOINAT";"4090";"06300";"06088";"Nice";"06";"None";"None";"06088000KR0026";"None";"None";"15";"28.49";"None";"nan";"None";"nan";"None";"None";"None";"None";"1";"2";"Appartement";"30.0";"1.0";"None";"None";"None";"None";"nan";"7.276295";"43.697532";"000KR"
"2025-55574";"2025-10-21";"1";"Vente";"342000.0";"10.0";"None";"RUE MASCOINAT";"4090";"06300";"06088";"Nice";"06";"None";"None";"06088000KR0031";"None";"None";"2";"52.85";"None";"nan";"None";"nan";"None";"None";"None";"None";"1";"2";"Appartement";"45.0";"2.0";"None";"None";"None";"None";"nan";"7.276424";"43.697458";"000KR"
"2025-54844";"2025-10-15";"1";"Vente";"248000.0";"26.0";"None";"BD JEAN JAURES";"3360";"06300";"06088";"Nice";"06";"None";"None";"06088000KR0014";"None";"None";"5";"32.87";"None";"nan";"None";"nan";"None";"None";"None";"None";"1";"2";"Appartement";"27.0";"2.0";"None";"None";"None";"None";"nan";"7.276246";"43.698129";"000KR"
"2025-54501";"2025-10-14";"1";"Vente";"165000.0";"36.0";"None";"RUE CENTRALE";"1245";"06300";"06088";"Nice";"06";"None";"None";"06088000KR0276";"None";"None";"5";"33.22";"None";"nan";"None";"nan";"None";"None";"None";"None";"1";"2";"Appartement";"34.0";"2.0";"None";"None";"None";"None";"nan";"7.276524";"43.696967";"000KR"
"2025-54126";"2025-10-07";"1";"Vente";"260000.0";"11.0";"None";"RUE DU PONT VIEUX";"5210";"06300";"06088";"Nice";"06";"None";"None";"06088000KR0198";"None";"None";"37";"64.31";"None";"nan";"None";"nan";"None";"None";"None";"None";"1";"2";"Appartement";"60.0";"3.0";"None";"None";"None";"None";"nan";"7.276136";"43.697587";"000KR"
"2025-54124";"2025-10-06";"1";"Vente";"406200.0";"2.0";"None";"RUE SAINTE REPARATE";"6065";"06300";"06088";"Nice";"06";"None";"None";"06088000KR0277";"None";"None";"6";"76.02";"None";"nan";"None";"nan";"None";"None";"None";"None";"1";"2";"Appartement";"83.0";"4.0";"None";"None";"None";"None";"nan";"7.276245";"43.696917";"000KR"
"2025-53740";"2025-09-29";"1";"Vente";"280840.0";"38.0";"None";"RUE DROITE";"2095";"06300";"06088";"Nice";"06";"None";"None";"06088000KR0127";"None";"None";"20";"nan";"23";"40.84";"None";"nan";"None";"None";"None";"None";"2";"2";"Appartement";"100.0";"4.0";"None";"None";"None";"None";"nan";"7.277259";"43.696465";"000KR"
"2025-53825";"2025-09-26";"1";"Vente";"531000.0";"2.0";"None";"RUE ROSSETTI";"5595";"06300";"06088";"Nice";"06";"None";"None";"06088000KR0049";"None";"None";"13";"60.07";"None";"nan";"None";"nan";"None";"None";"None";"None";"1";"2";"Appartement";"20.0";"1.0";"None";"None";"None";"None";"nan";"7.276766";"43.697343";"000KR"
"2025-53915";"2025-09-18";"1";"Vente";"192000.0";"3.0";"None";"RUE DU PONTIN";"5220";"06300";"06088";"Nice";"06";"None";"None";"06088000KR0254";"None";"None";"11";"15.55";"None";"nan";"None";"nan";"None";"None";"None";"None";"1";"2";"Appartement";"36.0";"2.0";"None";"None";"None";"None";"nan";"7.275012";"43.697251";"000KR"
"2025-53092";"2025-09-15";"1";"Vente";"242000.0";"6.0";"None";"RUE DU MOULIN";"4445";"06300";"06088";"Nice";"06";"None";"None";"06088000KR0251";"None";"None";"5";"42.35";"None";"nan";"None";"nan";"None";"None";"None";"None";"1";"2";"Appartement";"43.0";"1.0";"None";"None";"None";"None";"nan";"7.274888";"43.697207";"000KR"
"2025-54048";"2025-09-12";"1";"Vente";"500000.0";"26.0";"None";"BD JEAN JAURES";"3360";"06300";"06088";"Nice";"06";"None";"None";"06088000KR0014";"None";"None";"7";"nan";"None";"nan";"None";"nan";"None";"None";"None";"None";"1";"2";"Appartement";"35.0";"2.0";"None";"None";"None";"None";"nan";"7.276246";"43.698129";"000KR"
"2025-54048";"2025-09-12";"1";"Vente";"500000.0";"26.0";"None";"BD JEAN JAURES";"3360";"06300";"06088";"Nice";"06";"None";"None";"06088000KR0014";"None";"None";"7";"nan";"None";"nan";"None";"nan";"None";"None";"None";"None";"1";"4";"Local industriel. commercial ou assimilé";"34.0";"0.0";"None";"None";"None";"None";"nan";"7.276246";"43.698129";"000KR"
"2025-54048";"2025-09-12";"1";"Vente";"500000.0";"3.0";"None";"RUE DE LA BOUCHERIE";"0930";"06300";"06088";"Nice";"06";"None";"None";"06088000KR0014";"None";"None";"2";"nan";"None";"nan";"None";"nan";"None";"None";"None";"None";"1";"4";"Local industriel. commercial ou assimilé";"35.0";"0.0";"None";"None";"None";"None";"nan";"7.276246";"43.698129";"000KR"
"2025-52469";"2025-09-10";"1";"Vente";"268458.7";"29.0";"None";"RUE DROITE";"2095";"06300";"06088";"Nice";"06";"None";"None";"06088000KR0116";"None";"None";"118";"34.61";"None";"nan";"None";"nan";"None";"None";"None";"None";"1";"2";"Appartement";"25.0";"2.0";"None";"None";"None";"None";"nan";"7.277068";"43.697048";"000KR"
"2025-52708";"2025-09-09";"1";"Vente";"150000.0";"6.0";"None";"RUE DE LA BOUCHERIE";"0930";"06300";"06088";"Nice";"06";"None";"None";"06088000KR0208";"None";"None";"16";"nan";"None";"nan";"None";"nan";"None";"None";"None";"None";"1";"2";"Appartement";"40.0";"2.0";"None";"None";"None";"None";"nan";"7.275922";"43.697899";"000KR"
"2025-53263";"2025-09-08";"1";"Vente";"103000.0";"44.0";"None";"BD JEAN JAURES";"3360";"06300";"06088";"Nice";"06";"None";"None";"06088000KR0005";"None";"None";"27";"nan";"None";"nan";"None";"nan";"None";"None";"None";"None";"1";"2";"Appartement";"20.0";"1.0";"None";"None";"None";"None";"nan";"7.274994";"43.697666";"000KR"
"2025-52642";"2025-09-05";"1";"Vente";"198710.0";"2.0";"None";"RUE SAINT VINCENT";"5975";"06300";"06088";"Nice";"06";"None";"None";"06088000KR0227";"None";"None";"4";"39.6";"None";"nan";"None";"nan";"None";"None";"None";"None";"1";"2";"Appartement";"31.0";"2.0";"None";"None";"None";"None";"nan";"7.275391";"43.697499";"000KR"
"2025-52917";"2025-09-04";"1";"Vente";"137000.0";"24.0";"None";"RUE CENTRALE";"1245";"06300";"06088";"Nice";"06";"None";"None";"06088000KR0047";"None";"None";"15";"15.3";"None";"nan";"None";"nan";"None";"None";"None";"None";"1";"2";"Appartement";"15.0";"1.0";"None";"None";"None";"None";"nan";"7.276672";"43.697395";"000KR"
"2025-53321";"2025-09-04";"1";"Vente";"170000.0";"2.0";"None";"RUE DU JESUS";"3415";"06300";"06088";"Nice";"06";"None";"None";"06088000KR0181";"None";"None";"10";"nan";"None";"nan";"None";"nan";"None";"None";"None";"None";"1";"2";"Appartement";"28.0";"1.0";"None";"None";"None";"None";"nan";"7.276145";"43.69685";"000KR"
"2025-53516";"2025-09-04";"1";"Vente";"210000.0";"14.0";"None";"RUE BENOIT BUNICO";"0780";"06300";"06088";"Nice";"06";"None";"None";"06088000KR0044";"None";"None";"18";"nan";"None";"nan";"None";"nan";"None";"None";"None";"None";"1";"2";"Appartement";"38.0";"2.0";"None";"None";"None";"None";"nan";"7.276795";"43.69759";"000KR"
"2025-52355";"2025-09-02";"1";"Vente";"521060.0";"20.0";"None";"RUE DROITE";"2095";"06300";"06088";"Nice";"06";"None";"None";"06088000KR0065";"None";"None";"24";"nan";"None";"nan";"None";"nan";"None";"None";"None";"None";"1";"2";"Appartement";"59.0";"3.0";"None";"None";"None";"None";"nan";"7.277476";"43.697356";"000KR"
"2025-52355";"2025-09-02";"1";"Vente";"521060.0";"20.0";"None";"RUE DROITE";"2095";"06300";"06088";"Nice";"06";"None";"None";"06088000KR0065";"None";"None";"24";"nan";"None";"nan";"None";"nan";"None";"None";"None";"None";"1";"3";"Dépendance";"nan";"0.0";"None";"None";"None";"None";"nan";"7.277476";"43.697356";"000KR"
"2025-52024";"2025-08-29";"1";"Vente";"340000.0";"6.0";"None";"RLE DE LA BOUCHERIE";"0935";"06300";"06088";"Nice";"06";"None";"None";"06088000KR0212";"None";"None";"11";"64.46";"None";"nan";"None";"nan";"None";"None";"None";"None";"1";"2";"Appartement";"60.0";"3.0";"None";"None";"None";"None";"nan";"7.275991";"43.697839";"000KR"
"2025-52005";"2025-08-18";"1";"Vente";"365000.0";"8.0";"None";"RUE ABBAYE";"0010";"06300";"06088";"Nice";"06";"None";"None";"06088000KR0246";"None";"None";"12";"nan";"13";"nan";"None";"nan";"None";"None";"None";"None";"2";"2";"Appartement";"33.0";"2.0";"None";"None";"None";"None";"nan";"7.27486";"43.696976";"000KR"
"2025-51808";"2025-08-08";"1";"Vente";"135000.0";"2.0";"None";"PL DE LA HALLE AUX HERBES";"3180";"06300";"06088";"Nice";"06";"None";"None";"06088000KR0216";"None";"None";"7";"24.3";"None";"nan";"None";"nan";"None";"None";"None";"None";"1";"2";"Appartement";"23.0";"1.0";"None";"None";"None";"None";"nan";"7.275858";"43.697454";"000KR"
"2025-51808";"2025-08-08";"1";"Vente";"135000.0";"2.0";"None";"PL DE LA HALLE AUX HERBES";"3180";"06300";"06088";"Nice";"06";"None";"None";"06088000KR0216";"None";"None";"7";"24.3";"None";"nan";"None";"nan";"None";"None";"None";"None";"1";"3";"Dépendance";"nan";"0.0";"None";"None";"None";"None";"nan";"7.275858";"43.697454";"000KR"
"2025-51876";"2025-08-05";"1";"Vente";"207000.0";"8.0";"None";"RUE DU JESUS";"3415";"06300";"06088";"Nice";"06";"None";"None";"06088000KR0168";"None";"None";"15";"45.65";"None";"nan";"None";"nan";"None";"None";"None";"None";"1";"2";"Appartement";"28.0";"1.0";"None";"None";"None";"None";"nan";"7.276642";"43.696852";"000KR"
"2025-51582";"2025-08-01";"1";"Vente";"119000.0";"6.0";"None";"RUE FRANCIS GALLO";"2605";"06300";"06088";"Nice";"06";"None";"None";"06088000KR0223";"None";"None";"15";"28.38";"None";"nan";"None";"nan";"None";"None";"None";"None";"1";"2";"Appartement";"28.0";"2.0";"None";"None";"None";"None";"nan";"7.27559";"43.697626";"000KR"
"2025-51681";"2025-07-31";"1";"Vente";"265000.0";"15.0";"None";"RUE COLONNA D ISTRIA";"1590";"06300";"06088";"Nice";"06";"None";"None";"06088000KR0233";"None";"None";"16";"61.95";"None";"nan";"None";"nan";"None";"None";"None";"None";"1";"2";"Appartement";"55.0";"3.0";"None";"None";"None";"None";"nan";"7.275252";"43.696921";"000KR"
"2025-51364";"2025-07-30";"1";"Vente";"113530.0";"22.0";"None";"RUE BENOIT BUNICO";"0780";"06300";"06088";"Nice";"06";"None";"None";"06088000KR0169";"None";"None";"6";"26.51";"None";"nan";"None";"nan";"None";"None";"None";"None";"1";"2";"Appartement";"27.0";"1.0";"None";"None";"None";"None";"nan";"7.276665";"43.697009";"000KR"
"2025-51364";"2025-07-30";"1";"Vente";"113530.0";"22.0";"None";"RUE BENOIT BUNICO";"0780";"06300";"06088";"Nice";"06";"None";"None";"06088000KR0169";"None";"None";"6";"26.51";"None";"nan";"None";"nan";"None";"None";"None";"None";"1";"3";"Dépendance";"nan";"0.0";"None";"None";"None";"None";"nan";"7.276665";"43.697009";"000KR"
"2025-50718";"2025-07-22";"1";"Vente";"170000.0";"21.0";"None";"RUE DROITE";"2095";"06300";"06088";"Nice";"06";"None";"None";"06088000KR0052";"None";"None";"5";"nan";"None";"nan";"None";"nan";"None";"None";"None";"None";"1";"2";"Appartement";"56.0";"2.0";"None";"None";"None";"None";"nan";"7.277107";"43.697324";"000KR"
"2025-50423";"2025-07-22";"1";"Vente";"420000.0";"11.0";"None";"RUE DU PONT VIEUX";"5210";"06300";"06088";"Nice";"06";"None";"None";"06088000KR0198";"None";"None";"30";"59.45";"50";"nan";"51";"nan";"52";"None";"53";"None";"6";"4";"Local industriel. commercial ou assimilé";"75.0";"0.0";"None";"None";"None";"None";"nan";"7.276136";"43.697587";"000KR"
"2025-51372";"2025-07-21";"1";"Vente";"279500.0";"8.0";"None";"RUE DE LA CROIX";"1770";"06300";"06088";"Nice";"06";"None";"None";"06088000KR0072";"None";"None";"7";"55.26";"None";"nan";"None";"nan";"None";"None";"None";"None";"1";"2";"Appartement";"57.0";"3.0";"None";"None";"None";"None";"nan";"7.277766";"43.697434";"000KR"
"2025-49963";"2025-07-16";"1";"Vente";"220000.0";"38.0";"None";"RUE DROITE";"2095";"06300";"06088";"Nice";"06";"None";"None";"06088000KR0127";"None";"None";"20";"nan";"22";"25.26";"None";"nan";"None";"None";"None";"None";"2";"2";"Appartement";"100.0";"4.0";"None";"None";"None";"None";"nan";"7.277259";"43.696465";"000KR"
"2025-50442";"2025-07-15";"1";"Vente";"170000.0";"6.0";"None";"RUE BENOIT BUNICO";"0780";"06300";"06088";"Nice";"06";"None";"None";"06088000KR0039";"None";"None";"28";"26.24";"None";"nan";"None";"nan";"None";"None";"None";"None";"1";"2";"Appartement";"24.0";"1.0";"None";"None";"None";"None";"nan";"7.276982";"43.697909";"000KR"
"2025-50654";"2025-07-11";"1";"Vente";"215900.0";"25.0";"None";"RUE BENOIT BUNICO";"0780";"06300";"06088";"Nice";"06";"None";"None";"06088000KR0118";"None";"None";"20";"27.21";"None";"nan";"None";"nan";"None";"None";"None";"None";"1";"2";"Appartement";"17.0";"2.0";"None";"None";"None";"None";"nan";"7.276926";"43.696972";"000KR"
"2025-49884";"2025-07-09";"1";"Vente";"340000.0";"1.0";"None";"RUE DU PONTIN";"5220";"06300";"06088";"Nice";"06";"None";"None";"06088000KR0269";"None";"None";"31";"39.01";"None";"nan";"None";"nan";"None";"None";"None";"None";"1";"2";"Appartement";"41.0";"3.0";"None";"None";"None";"None";"nan";"7.274786";"43.69731";"000KR"
"2025-50689";"2025-07-09";"1";"Vente";"418500.0";"10.0";"None";"RUE SAINT VINCENT";"5975";"06300";"06088";"Nice";"06";"None";"None";"06088000KR0232";"None";"None";"32";"53.1";"33";"nan";"None";"nan";"None";"None";"None";"None";"2";"2";"Appartement";"103.0";"5.0";"None";"None";"None";"None";"nan";"7.275136";"43.696964";"000KR"
"2025-49586";"2025-07-01";"1";"Vente";"142000.0";"29.0";"None";"RUE DROITE";"2095";"06300";"06088";"Nice";"06";"None";"None";"06088000KR0116";"None";"None";"113";"16.61";"None";"nan";"None";"nan";"None";"None";"None";"None";"1";"2";"Appartement";"20.0";"1.0";"None";"None";"None";"None";"nan";"7.277068";"43.697048";"000KR"
"2025-49764";"2025-06-25";"1";"Vente";"150000.0";"15.0";"None";"RUE COLONNA D ISTRIA";"1590";"06300";"06088";"Nice";"06";"None";"None";"06088000KR0233";"None";"None";"22";"25.85";"None";"nan";"None";"nan";"None";"None";"None";"None";"1";"2";"Appartement";"20.0";"1.0";"None";"None";"None";"None";"nan";"7.275252";"43.696921";"000KR"
"2025-49764";"2025-06-25";"1";"Vente";"150000.0";"15.0";"None";"RUE COLONNA D ISTRIA";"1590";"06300";"06088";"Nice";"06";"None";"None";"06088000KR0233";"None";"None";"21";"20.39";"None";"nan";"None";"nan";"None";"None";"None";"None";"1";"2";"Appartement";"16.0";"1.0";"None";"None";"None";"None";"nan";"7.275252";"43.696921";"000KR"
"2025-50049";"2025-06-20";"1";"Vente";"127000.0";"13.0";"None";"RUE DROITE";"2095";"06300";"06088";"Nice";"06";"None";"None";"06088000KR0061";"None";"None";"8";"22.54";"None";"nan";"None";"nan";"None";"None";"None";"None";"1";"2";"Appartement";"18.0";"1.0";"None";"None";"None";"None";"nan";"7.277293";"43.697772";"000KR"
"2025-48784";"2025-06-17";"1";"Vente";"113000.0";"20.0";"None";"RUE DROITE";"2095";"06300";"06088";"Nice";"06";"None";"None";"06088000KR0065";"None";"None";"29";"18.0";"None";"nan";"None";"nan";"None";"None";"None";"None";"1";"2";"Appartement";"20.0";"1.0";"None";"None";"None";"None";"nan";"7.277476";"43.697356";"000KR"
"2025-48647";"2025-06-16";"1";"Vente";"330000.0";"2.0";"None";"PL ROSSETTI";"5590";"06300";"06088";"Nice";"06";"None";"None";"06088000KR0027";"None";"None";"10";"39.02";"None";"nan";"None";"nan";"None";"None";"None";"None";"1";"2";"Appartement";"38.0";"2.0";"None";"None";"None";"None";"nan";"7.276317";"43.697351";"000KR"
"2025-49299";"2025-06-13";"1";"Vente";"145000.0";"1.0";"None";"PL DU JESUS";"3414";"06300";"06088";"Nice";"06";"None";"None";"06088000KR0121";"None";"None";"10";"nan";"7";"nan";"None";"nan";"None";"None";"None";"None";"2";"2";"Appartement";"30.0";"2.0";"None";"None";"None";"None";"nan";"7.277014";"43.696845";"000KR"
"2025-48986";"2025-06-12";"1";"Vente";"219000.0";"10.0";"None";"RUE DE LA BOUCHERIE";"0930";"06300";"06088";"Nice";"06";"None";"None";"06088000KR0221";"None";"None";"9";"51.17";"None";"nan";"None";"nan";"None";"None";"None";"None";"1";"2";"Appartement";"50.0";"2.0";"None";"None";"None";"None";"nan";"7.275426";"43.697705";"000KR"
"2025-48326";"2025-06-10";"1";"Vente";"670000.0";"12.0";"None";"RUE DU MARCHE";"3990";"06300";"06088";"Nice";"06";"None";"None";"06088000KR0239";"None";"None";"5";"150.63";"6";"nan";"7";"nan";"None";"None";"None";"None";"3";"4";"Local industriel. commercial ou assimilé";"150.0";"0.0";"None";"None";"None";"None";"nan";"7.274404";"43.696948";"000KR"
"2025-48691";"2025-06-06";"1";"Vente";"670000.0";"29.0";"None";"RUE DE LA PREFECTURE";"5240";"06300";"06088";"Nice";"06";"None";"None";"06088000KR0155";"None";"None";"46";"134.27";"None";"nan";"None";"nan";"None";"None";"None";"None";"1";"2";"Appartement";"134.0";"3.0";"None";"None";"None";"None";"nan";"7.276415";"43.696463";"000KR"
"2025-48242";"2025-05-28";"1";"Vente";"191000.0";"8.0";"None";"RUE MASCOINAT";"4090";"06300";"06088";"Nice";"06";"None";"None";"06088000KR0032";"None";"None";"16";"25.49";"None";"nan";"None";"nan";"None";"None";"None";"None";"1";"2";"Appartement";"24.0";"2.0";"None";"None";"None";"None";"nan";"7.276513";"43.697521";"000KR"
"2025-48222";"2025-05-27";"2";"Vente";"167500.0";"38.0";"None";"RUE DROITE";"2095";"06300";"06088";"Nice";"06";"None";"None";"06088000KR0127";"None";"None";"20";"nan";"21";"20.33";"None";"nan";"None";"None";"None";"None";"2";"2";"Appartement";"100.0";"4.0";"None";"None";"None";"None";"nan";"7.277259";"43.696465";"000KR"
"2025-48201";"2025-05-26";"1";"Vente";"8000.0";"15.0";"None";"RUE DE LA PREFECTURE";"5240";"06300";"06088";"Nice";"06";"None";"None";"06088000KR0236";"None";"None";"2";"12.0";"None";"nan";"None";"nan";"None";"None";"None";"None";"1";"2";"Appartement";"20.0";"1.0";"None";"None";"None";"None";"nan";"7.274725";"43.696779";"000KR"
"2025-48068";"2025-05-23";"1";"Vente";"188460.0";"7.0";"None";"RUE DU PONT VIEUX";"5210";"06300";"06088";"Nice";"06";"None";"None";"06088000KR0201";"None";"None";"3";"33.52";"None";"nan";"None";"nan";"None";"None";"None";"None";"1";"2";"Appartement";"35.0";"2.0";"None";"None";"None";"None";"nan";"7.27623";"43.697809";"000KR"
"2025-47643";"2025-05-22";"1";"Vente";"275000.0";"4.0";"None";"PL DE LA HALLE AUX HERBES";"3180";"06300";"06088";"Nice";"06";"None";"None";"06088000KR0196";"None";"None";"12";"nan";"None";"nan";"None";"nan";"None";"None";"None";"None";"1";"2";"Appartement";"52.0";"2.0";"None";"None";"None";"None";"nan";"7.276066";"43.697405";"000KR"
"2025-47858";"2025-05-22";"1";"Vente";"411544.0";"12.0";"None";"RUE BENOIT BUNICO";"0780";"06300";"06088";"Nice";"06";"None";"None";"06088000KR0263";"None";"None";"18";"62.89";"None";"nan";"None";"nan";"None";"None";"None";"None";"1";"2";"Appartement";"60.0";"3.0";"None";"None";"None";"None";"nan";"7.27688";"43.697705";"000KR"
"2025-47246";"2025-05-13";"1";"Vente";"207650.0";"25.0";"None";"RUE BENOIT BUNICO";"0780";"06300";"06088";"Nice";"06";"None";"None";"06088000KR0118";"None";"None";"25";"32.02";"None";"nan";"None";"nan";"None";"None";"None";"None";"1";"2";"Appartement";"24.0";"2.0";"None";"None";"None";"None";"nan";"7.276926";"43.696972";"000KR"
"2025-47579";"2025-05-12";"1";"Vente";"150000.0";"10.0";"None";"RUE DE LA CROIX";"1770";"06300";"06088";"Nice";"06";"None";"None";"06088000KR0073";"None";"None";"7";"nan";"None";"nan";"None";"nan";"None";"None";"None";"None";"1";"2";"Appartement";"34.0";"2.0";"None";"None";"None";"None";"nan";"7.277755";"43.697357";"000KR"
"2025-46986";"2025-05-09";"1";"Vente";"159000.0";"5.0";"None";"RUE DU MOULIN";"4445";"06300";"06088";"Nice";"06";"None";"None";"06088000KR0248";"None";"None";"28";"22.0";"None";"nan";"None";"nan";"None";"None";"None";"None";"1";"2";"Appartement";"24.0";"1.0";"None";"None";"None";"None";"nan";"7.274855";"43.697069";"000KR"
"2025-47416";"2025-04-30";"1";"Vente";"256000.0";"1.0";"None";"RUE DE LA LOGE";"3705";"06300";"06088";"Nice";"06";"None";"None";"06088000KR0038";"None";"None";"10";"nan";"9";"53.28";"None";"nan";"None";"None";"None";"None";"2";"2";"Appartement";"58.0";"3.0";"None";"None";"None";"None";"nan";"7.276923";"43.697933";"000KR"
"2025-47017";"2025-04-29";"1";"Vente";"355000.0";"8.0";"None";"RUE ROSSETTI";"5595";"06300";"06088";"Nice";"06";"None";"None";"06088000KR0084";"None";"None";"None";"nan";"None";"nan";"None";"nan";"None";"None";"None";"None";"0";"2";"Appartement";"14.0";"1.0";"S";"sols";"None";"None";"30.0";"7.278172";"43.697178";"000KR"
"2025-47017";"2025-04-29";"1";"Vente";"355000.0";"8.0";"None";"RUE ROSSETTI";"5595";"06300";"06088";"Nice";"06";"None";"None";"06088000KR0084";"None";"None";"None";"nan";"None";"nan";"None";"nan";"None";"None";"None";"None";"0";"2";"Appartement";"20.0";"1.0";"S";"sols";"None";"None";"30.0";"7.278172";"43.697178";"000KR"
"2025-47017";"2025-04-29";"1";"Vente";"355000.0";"8.0";"None";"RUE ROSSETTI";"5595";"06300";"06088";"Nice";"06";"None";"None";"06088000KR0084";"None";"None";"None";"nan";"None";"nan";"None";"nan";"None";"None";"None";"None";"0";"2";"Appartement";"20.0";"1.0";"S";"sols";"None";"None";"30.0";"7.278172";"43.697178";"000KR"
"2025-47017";"2025-04-29";"1";"Vente";"355000.0";"8.0";"None";"RUE ROSSETTI";"5595";"06300";"06088";"Nice";"06";"None";"None";"06088000KR0084";"None";"None";"None";"nan";"None";"nan";"None";"nan";"None";"None";"None";"None";"0";"2";"Appartement";"20.0";"1.0";"S";"sols";"None";"None";"30.0";"7.278172";"43.697178";"000KR"
"2025-47017";"2025-04-29";"1";"Vente";"355000.0";"8.0";"None";"RUE ROSSETTI";"5595";"06300";"06088";"Nice";"06";"None";"None";"06088000KR0084";"None";"None";"None";"nan";"None";"nan";"None";"nan";"None";"None";"None";"None";"0";"2";"Appartement";"20.0";"1.0";"S";"sols";"None";"None";"30.0";"7.278172";"43.697178";"000KR"
"2025-47017";"2025-04-29";"1";"Vente";"355000.0";"8.0";"None";"RUE ROSSETTI";"5595";"06300";"06088";"Nice";"06";"None";"None";"06088000KR0084";"None";"None";"None";"nan";"None";"nan";"None";"nan";"None";"None";"None";"None";"0";"2";"Appartement";"20.0";"1.0";"S";"sols";"None";"None";"30.0";"7.278172";"43.697178";"000KR"
"2025-47067";"2025-04-29";"1";"Vente";"200000.0";"8.0";"None";"RUE MASCOINAT";"4090";"06300";"06088";"Nice";"06";"None";"None";"06088000KR0032";"None";"None";"7";"27.39";"None";"nan";"None";"nan";"None";"None";"None";"None";"1";"2";"Appartement";"30.0";"1.0";"None";"None";"None";"None";"nan";"7.276513";"43.697521";"000KR"
"2025-47808";"2025-04-29";"1";"Vente";"130000.0";"6.0";"None";"RUE FRANCIS GALLO";"2605";"06300";"06088";"Nice";"06";"None";"None";"06088000KR0223";"None";"None";"17";"31.29";"None";"nan";"None";"nan";"None";"None";"None";"None";"1";"2";"Appartement";"23.0";"1.0";"None";"None";"None";"None";"nan";"7.27559";"43.697626";"000KR"
"2025-47017";"2025-04-29";"1";"Vente";"355000.0";"8.0";"None";"RUE ROSSETTI";"5595";"06300";"06088";"Nice";"06";"None";"None";"06088000KR0084";"None";"None";"None";"nan";"None";"nan";"None";"nan";"None";"None";"None";"None";"0";"4";"Local industriel. commercial ou assimilé";"30.0";"0.0";"S";"sols";"None";"None";"30.0";"7.278172";"43.697178";"000KR"
"2025-46460";"2025-04-24";"1";"Vente";"142500.0";"10.0";"None";"RUE DE LA CROIX";"1770";"06300";"06088";"Nice";"06";"None";"None";"06088000KR0073";"None";"None";"18";"nan";"None";"nan";"None";"nan";"None";"None";"None";"None";"1";"2";"Appartement";"41.0";"3.0";"None";"None";"None";"None";"nan";"7.277755";"43.697357";"000KR"
"2025-46763";"2025-04-24";"1";"Vente";"30000.0";"4.0";"None";"RUE DU JESUS";"3415";"06300";"06088";"Nice";"06";"None";"None";"06088000KR0176";"None";"None";"1";"30.1";"None";"nan";"None";"nan";"None";"None";"None";"None";"1";"4";"Local industriel. commercial ou assimilé";"18.0";"0.0";"None";"None";"None";"None";"nan";"7.276319";"43.696836";"000KR"
"2025-46738";"2025-04-23";"1";"Vente";"50000.0";"16.0";"None";"RUE DE LA CROIX";"1770";"06300";"06088";"Nice";"06";"None";"None";"06088000KR0106";"None";"None";"4";"25.7";"None";"nan";"None";"nan";"None";"None";"None";"None";"1";"2";"Appartement";"14.0";"1.0";"None";"None";"None";"None";"nan";"7.277449";"43.696885";"000KR"
"2025-46226";"2025-04-18";"1";"Vente";"90000.0";"14.0";"None";"RUE DU PONT VIEUX";"5210";"06300";"06088";"Nice";"06";"None";"None";"06088000KR0026";"None";"None";"11";"nan";"5";"nan";"6";"nan";"7";"None";"None";"None";"4";"4";"Local industriel. commercial ou assimilé";"31.0";"0.0";"None";"None";"None";"None";"nan";"7.276295";"43.697532";"000KR"
"2025-46454";"2025-04-14";"1";"Vente";"150000.0";"28.0";"None";"RUE DROITE";"2095";"06300";"06088";"Nice";"06";"None";"None";"06088000KR0110";"None";"None";"2";"nan";"None";"nan";"None";"nan";"None";"None";"None";"None";"1";"2";"Appartement";"57.0";"3.0";"None";"None";"None";"None";"nan";"7.27732";"43.697074";"000KR"
"2025-45960";"2025-04-14";"1";"Vente";"105000.0";"13.0";"None";"RUE DROITE";"2095";"06300";"06088";"Nice";"06";"None";"None";"06088000KR0061";"None";"None";"1";"nan";"None";"nan";"None";"nan";"None";"None";"None";"None";"1";"4";"Local industriel. commercial ou assimilé";"15.0";"0.0";"None";"None";"None";"None";"nan";"7.277293";"43.697772";"000KR"
"2025-46464";"2025-04-14";"1";"Vente";"200000.0";"28.0";"None";"RUE DROITE";"2095";"06300";"06088";"Nice";"06";"None";"None";"06088000KR0110";"None";"None";"1";"nan";"None";"nan";"None";"nan";"None";"None";"None";"None";"1";"4";"Local industriel. commercial ou assimilé";"125.0";"0.0";"None";"None";"None";"None";"nan";"7.27732";"43.697074";"000KR"
"2025-46678";"2025-04-11";"1";"Vente";"340000.0";"2.0";"None";"RUE ROSSETTI";"5595";"06300";"06088";"Nice";"06";"None";"None";"06088000KR0049";"None";"None";"25";"13.05";"None";"nan";"None";"nan";"None";"None";"None";"None";"1";"4";"Local industriel. commercial ou assimilé";"59.0";"0.0";"None";"None";"None";"None";"nan";"7.276766";"43.697343";"000KR"
"2025-46678";"2025-04-11";"1";"Vente";"340000.0";"2.0";"None";"RUE ROSSETTI";"5595";"06300";"06088";"Nice";"06";"None";"None";"06088000KR0049";"None";"None";"26";"34.58";"None";"nan";"None";"nan";"None";"None";"None";"None";"1";"4";"Local industriel. commercial ou assimilé";"32.0";"0.0";"None";"None";"None";"None";"nan";"7.276766";"43.697343";"000KR"
"2025-46678";"2025-04-11";"1";"Vente";"340000.0";"7.0";"None";"RUE DU JESUS";"3415";"06300";"06088";"Nice";"06";"None";"None";"06088000KR0123";"None";"None";"2";"11.87";"None";"nan";"None";"nan";"None";"None";"None";"None";"1";"4";"Local industriel. commercial ou assimilé";"13.0";"0.0";"None";"None";"None";"None";"nan";"7.276953";"43.696694";"000KR"
"2025-46678";"2025-04-11";"1";"Vente";"340000.0";"35.0";"None";"RUE DROITE";"2095";"06300";"06088";"Nice";"06";"None";"None";"06088000KR0126";"None";"None";"26";"81.93";"3";"nan";"None";"nan";"None";"None";"None";"None";"2";"4";"Local industriel. commercial ou assimilé";"67.0";"0.0";"None";"None";"None";"None";"nan";"7.277049";"43.696624";"000KR"
"2025-46517";"2025-04-08";"1";"Vente";"270900.0";"7.0";"None";"RUE MASCOINAT";"4090";"06300";"06088";"Nice";"06";"None";"None";"06088000KR0274";"None";"None";"26";"37.64";"None";"nan";"None";"nan";"None";"None";"None";"None";"1";"2";"Appartement";"40.0";"2.0";"None";"None";"None";"None";"nan";"7.276533";"43.697885";"000KR"
"2025-45941";"2025-04-03";"1";"Vente";"283000.0";"19.0";"None";"RUE DE LA CROIX";"1770";"06300";"06088";"Nice";"06";"None";"None";"06088000KR0065";"None";"None";"12";"48.91";"None";"nan";"None";"nan";"None";"None";"None";"None";"1";"2";"Appartement";"48.0";"2.0";"None";"None";"None";"None";"nan";"7.277476";"43.697356";"000KR"
"2025-45667";"2025-04-01";"1";"Vente";"155000.0";"2.0";"None";"RUE COLONNA D ISTRIA";"1590";"06300";"06088";"Nice";"06";"None";"None";"06088000KR0213";"None";"None";"3";"35.02";"None";"nan";"None";"nan";"None";"None";"None";"None";"1";"2";"Appartement";"38.0";"1.0";"None";"None";"None";"None";"nan";"7.275932";"43.697668";"000KR"
"2025-45541";"2025-03-24";"1";"Vente";"226000.0";"11.0";"None";"RUE COLONNA D ISTRIA";"1590";"06300";"06088";"Nice";"06";"None";"None";"06088000KR0231";"None";"None";"62";"nan";"None";"nan";"None";"nan";"None";"None";"None";"None";"1";"2";"Appartement";"30.0";"1.0";"None";"None";"None";"None";"nan";"7.275248";"43.697084";"000KR"
"2025-45220";"2025-03-21";"1";"Vente";"206500.0";"8.0";"None";"RUE DU JESUS";"3415";"06300";"06088";"Nice";"06";"None";"None";"06088000KR0168";"None";"None";"14";"42.9";"None";"nan";"None";"nan";"None";"None";"None";"None";"1";"2";"Appartement";"29.0";"3.0";"None";"None";"None";"None";"nan";"7.276642";"43.696852";"000KR"
"2025-45291";"2025-03-21";"1";"Vente";"211200.0";"4.0";"None";"RUE ROSSETTI";"5595";"06300";"06088";"Nice";"06";"None";"None";"06088000KR0050";"None";"None";"106";"nan";"None";"nan";"None";"nan";"None";"None";"None";"None";"1";"2";"Appartement";"13.0";"1.0";"None";"None";"None";"None";"nan";"7.276975";"43.697304";"000KR"
"2025-45291";"2025-03-21";"1";"Vente";"211200.0";"23.0";"None";"RUE DROITE";"2095";"06300";"06088";"Nice";"06";"None";"None";"06088000KR0051";"None";"None";"3";"nan";"None";"nan";"None";"nan";"None";"None";"None";"None";"1";"2";"Appartement";"39.0";"2.0";"None";"None";"None";"None";"nan";"7.277115";"43.697277";"000KR"
"2025-45284";"2025-03-20";"1";"Vente";"140000.0";"30.0";"None";"BD JEAN JAURES";"3360";"06300";"06088";"Nice";"06";"None";"None";"06088000KR0012";"None";"None";"1";"nan";"None";"nan";"None";"nan";"None";"None";"None";"None";"1";"4";"Local industriel. commercial ou assimilé";"30.0";"0.0";"None";"None";"None";"None";"nan";"7.276003";"43.698044";"000KR"
"2025-45710";"2025-03-18";"1";"Vente";"385000.0";"15.0";"None";"RUE DU CHATEAU";"1335";"06300";"06088";"Nice";"06";"None";"None";"06088000KR0134";"None";"None";"10";"nan";"24";"45.84";"None";"nan";"None";"None";"None";"None";"2";"2";"Appartement";"47.0";"2.0";"None";"None";"None";"None";"nan";"7.277852";"43.696417";"000KR"
"2025-45710";"2025-03-18";"1";"Vente";"385000.0";"15.0";"None";"RUE DU CHATEAU";"1335";"06300";"06088";"Nice";"06";"None";"None";"06088000KR0134";"None";"None";"10";"nan";"24";"45.84";"None";"nan";"None";"None";"None";"None";"2";"3";"Dépendance";"nan";"0.0";"None";"None";"None";"None";"nan";"7.277852";"43.696417";"000KR"
"2025-44610";"2025-03-10";"1";"Vente";"140000.0";"4.0";"B";"RUE DE LA BOUCHERIE";"0930";"06300";"06088";"Nice";"06";"None";"None";"06088000KR0207";"None";"None";"4";"nan";"None";"nan";"None";"nan";"None";"None";"None";"None";"1";"2";"Appartement";"27.0";"2.0";"None";"None";"None";"None";"nan";"7.27598";"43.697928";"000KR"
"2025-44898";"2025-03-07";"1";"Vente";"278000.0";"8.0";"None";"RUE DE LA CROIX";"1770";"06300";"06088";"Nice";"06";"None";"None";"06088000KR0072";"None";"None";"1";"nan";"5";"53.53";"None";"nan";"None";"None";"None";"None";"2";"2";"Appartement";"55.0";"3.0";"None";"None";"None";"None";"nan";"7.277766";"43.697434";"000KR"
"2025-44943";"2025-03-06";"1";"Vente";"231000.0";"1.0";"B";"RUE CENTRALE";"1245";"06300";"06088";"Nice";"06";"None";"None";"06088000KR0033";"None";"None";"32";"56.6";"None";"nan";"None";"nan";"None";"None";"None";"None";"1";"2";"Appartement";"80.0";"3.0";"None";"None";"None";"None";"nan";"7.276561";"43.697609";"000KR"
"2025-43961";"2025-03-03";"1";"Vente";"196340.0";"31.0";"None";"RUE DROITE";"2095";"06300";"06088";"Nice";"06";"None";"None";"06088000KR0117";"None";"None";"19";"23.6";"None";"nan";"None";"nan";"None";"None";"None";"None";"1";"2";"Appartement";"24.0";"2.0";"None";"None";"None";"None";"nan";"7.277069";"43.696969";"000KR"
"2025-44608";"2025-02-28";"1";"Vente";"220953.0";"1.0";"None";"RUE FRANCIS GALLO";"2605";"06300";"06088";"Nice";"06";"None";"None";"06088000KR0224";"None";"None";"10";"24.5";"None";"nan";"None";"nan";"None";"None";"None";"None";"1";"2";"Appartement";"25.0";"2.0";"None";"None";"None";"None";"nan";"7.275434";"43.697552";"000KR"
"2025-43994";"2025-02-27";"1";"Vente";"132000.0";"32.0";"None";"RUE DROITE";"2095";"06300";"06088";"Nice";"06";"None";"None";"06088000KR0275";"None";"None";"6";"24.6";"None";"nan";"None";"nan";"None";"None";"None";"None";"1";"2";"Appartement";"53.0";"2.0";"None";"None";"None";"None";"nan";"7.277386";"43.696955";"000KR"
"2025-49537";"2025-02-27";"1";"Adjudication";"127000.0";"6.0";"None";"RUE DU PONT VIEUX";"5210";"06300";"06088";"Nice";"06";"None";"None";"06088000KR0024";"None";"None";"7";"nan";"None";"nan";"None";"nan";"None";"None";"None";"None";"1";"2";"Appartement";"25.0";"1.0";"None";"None";"None";"None";"nan";"7.276452";"43.69777";"000KR"
"2025-44465";"2025-02-24";"1";"Vente";"264600.0";"6.0";"None";"RUE PLACE VIEILLE";"5155";"06300";"06088";"Nice";"06";"None";"None";"06088000KR0125";"None";"None";"10";"64.06";"None";"nan";"None";"nan";"None";"None";"None";"None";"1";"2";"Appartement";"61.0";"3.0";"None";"None";"None";"None";"nan";"7.276933";"43.696628";"000KR"
"2025-44465";"2025-02-24";"1";"Vente";"264600.0";"6.0";"None";"RUE PLACE VIEILLE";"5155";"06300";"06088";"Nice";"06";"None";"None";"06088000KR0125";"None";"None";"10";"64.06";"None";"nan";"None";"nan";"None";"None";"None";"None";"1";"3";"Dépendance";"nan";"0.0";"None";"None";"None";"None";"nan";"7.276933";"43.696628";"000KR"
"2025-44086";"2025-02-18";"1";"Vente";"250000.0";"39.0";"None";"RUE DE LA PREFECTURE";"5240";"06300";"06088";"Nice";"06";"None";"None";"06088000KR0148";"None";"None";"11";"nan";"None";"nan";"None";"nan";"None";"None";"None";"None";"1";"2";"Appartement";"63.0";"3.0";"None";"None";"None";"None";"nan";"7.276929";"43.696357";"000KR"
"2025-43390";"2025-02-14";"1";"Vente";"144000.0";"1.0";"None";"RUE DU PONT VIEUX";"5210";"06300";"06088";"Nice";"06";"None";"None";"06088000KR0204";"None";"None";"6";"61.6";"None";"nan";"None";"nan";"None";"None";"None";"None";"1";"2";"Appartement";"50.0";"3.0";"None";"None";"None";"None";"nan";"7.276258";"43.697984";"000KR"
"2025-43625";"2025-02-12";"1";"Vente";"385000.0";"5.0";"None";"RUE CENTRALE";"1245";"06300";"06088";"Nice";"06";"None";"None";"06088000KR0028";"None";"None";"7";"52.04";"None";"nan";"None";"nan";"None";"None";"None";"None";"1";"2";"Appartement";"44.0";"2.0";"None";"None";"None";"None";"nan";"7.27645";"43.697333";"000KR"
"2025-43799";"2025-02-11";"1";"Vente";"212510.0";"15.0";"None";"RUE DU CHATEAU";"1335";"06300";"06088";"Nice";"06";"None";"None";"06088000KR0134";"None";"None";"3";"nan";"35";"30.96";"None";"nan";"None";"None";"None";"None";"2";"2";"Appartement";"30.0";"1.0";"None";"None";"None";"None";"nan";"7.277852";"43.696417";"000KR"
"2025-43799";"2025-02-11";"1";"Vente";"212510.0";"15.0";"None";"RUE DU CHATEAU";"1335";"06300";"06088";"Nice";"06";"None";"None";"06088000KR0134";"None";"None";"3";"nan";"35";"30.96";"None";"nan";"None";"None";"None";"None";"2";"3";"Dépendance";"nan";"0.0";"None";"None";"None";"None";"nan";"7.277852";"43.696417";"000KR"
"2025-43377";"2025-02-06";"1";"Vente";"138000.0";"4.0";"None";"RUE DU MARCHE";"3990";"06300";"06088";"Nice";"06";"None";"None";"06088000KR0293";"None";"None";"27";"18.0";"None";"nan";"None";"nan";"None";"None";"None";"None";"1";"2";"Appartement";"20.0";"1.0";"None";"None";"None";"None";"nan";"7.275181";"43.697536";"000KR"
"2025-43486";"2025-02-06";"1";"Vente";"219300.0";"15.0";"None";"RUE DU CHATEAU";"1335";"06300";"06088";"Nice";"06";"None";"None";"06088000KR0134";"None";"None";"36";"30.29";"None";"nan";"None";"nan";"None";"None";"None";"None";"1";"2";"Appartement";"31.0";"1.0";"None";"None";"None";"None";"nan";"7.277852";"43.696417";"000KR"
"2025-43783";"2025-02-06";"1";"Vente";"226050.0";"9.0";"None";"RUE DU MARCHE";"3990";"06300";"06088";"Nice";"06";"None";"None";"06088000KR0002";"None";"None";"17";"25.79";"None";"nan";"None";"nan";"None";"None";"None";"None";"1";"2";"Appartement";"21.0";"2.0";"None";"None";"None";"None";"nan";"7.274756";"43.697501";"000KR"
"2025-43358";"2025-02-05";"1";"Vente";"201000.0";"3.0";"None";"RUE COLONNA D ISTRIA";"1590";"06300";"06088";"Nice";"06";"None";"None";"06088000KR0218";"None";"None";"32";"41.77";"None";"nan";"None";"nan";"None";"None";"None";"None";"1";"2";"Appartement";"41.0";"2.0";"None";"None";"None";"None";"nan";"7.275676";"43.697616";"000KR"
"2025-43400";"2025-01-29";"1";"Vente";"220000.0";"36.0";"None";"RUE DROITE";"2095";"06300";"06088";"Nice";"06";"None";"None";"06088000KR0103";"None";"None";"17";"61.2";"None";"nan";"None";"nan";"None";"None";"None";"None";"1";"4";"Local industriel. commercial ou assimilé";"60.0";"0.0";"None";"None";"None";"None";"nan";"7.277368";"43.696626";"000KR"
"2025-43345";"2025-01-23";"1";"Vente";"135000.0";"6.0";"None";"RUE DU JESUS";"3415";"06300";"06088";"Nice";"06";"None";"None";"06088000KR0175";"None";"None";"7";"27.07";"None";"nan";"None";"nan";"None";"None";"None";"None";"1";"2";"Appartement";"27.0";"1.0";"None";"None";"None";"None";"nan";"7.276513";"43.696823";"000KR"
"2025-43345";"2025-01-23";"1";"Vente";"135000.0";"6.0";"None";"RUE DU JESUS";"3415";"06300";"06088";"Nice";"06";"None";"None";"06088000KR0175";"None";"None";"7";"27.07";"None";"nan";"None";"nan";"None";"None";"None";"None";"1";"3";"Dépendance";"nan";"0.0";"None";"None";"None";"None";"nan";"7.276513";"43.696823";"000KR"
"2025-42626";"2025-01-21";"1";"Vente";"148000.0";"12.0";"None";"RUE CENTRALE";"1245";"06300";"06088";"Nice";"06";"None";"None";"06088000KR0037";"None";"None";"3";"34.05";"None";"nan";"None";"nan";"None";"None";"None";"None";"1";"2";"Appartement";"34.0";"1.0";"None";"None";"None";"None";"nan";"7.276833";"43.697917";"000KR"
"2025-42170";"2025-01-06";"1";"Vente";"174376.0";"4.0";"None";"RLE DE LA BOUCHERIE";"0935";"06300";"06088";"Nice";"06";"None";"None";"06088000KR0211";"None";"None";"12";"19.77";"None";"nan";"None";"nan";"None";"None";"None";"None";"1";"2";"Appartement";"24.0";"1.0";"None";"None";"None";"None";"nan";"7.275836";"43.6978";"000KR"
"2024-54714";"2024-12-30";"1";"Vente";"370000.0";"19.0";"None";"RUE DE LA PREFECTURE";"5240";"06300";"06088";"Nice";"06";"None";"None";"06088000KR0187";"None";"None";"38";"nan";"None";"nan";"None";"nan";"None";"None";"None";"None";"1";"2";"Appartement";"85.0";"4.0";"None";"None";"None";"None";"nan";"7.275436";"43.696661";"000KR"
"2024-54349";"2024-12-19";"1";"Vente";"215000.0";"10.0";"None";"RUE SAINT VINCENT";"5975";"06300";"06088";"Nice";"06";"None";"None";"06088000KR0232";"None";"None";"30";"23.18";"33";"nan";"None";"nan";"None";"None";"None";"None";"2";"2";"Appartement";"103.0";"5.0";"None";"None";"None";"None";"nan";"7.275136";"43.696964";"000KR"
"2024-54716";"2024-12-19";"1";"Vente";"50000.0";"27.0";"None";"RUE DE LA CROIX";"1770";"06300";"06088";"Nice";"06";"None";"None";"06088000KR0106";"None";"None";"3";"nan";"None";"nan";"None";"nan";"None";"None";"None";"None";"1";"2";"Appartement";"14.0";"1.0";"None";"None";"None";"None";"nan";"7.277449";"43.696885";"000KR"
"2024-54350";"2024-12-18";"1";"Vente";"230000.0";"20.0";"None";"RUE DROITE";"2095";"06300";"06088";"Nice";"06";"None";"None";"06088000KR0065";"None";"None";"14";"71.26";"None";"nan";"None";"nan";"None";"None";"None";"None";"1";"2";"Appartement";"70.0";"3.0";"None";"None";"None";"None";"nan";"7.277476";"43.697356";"000KR"
"2024-54732";"2024-12-18";"1";"Vente";"270000.0";"14.0";"None";"RUE CENTRALE";"1245";"06300";"06088";"Nice";"06";"None";"None";"06088000KR0041";"None";"None";"13";"54.72";"15";"nan";"16";"54.72";"None";"None";"None";"None";"3";"2";"Appartement";"70.0";"3.0";"None";"None";"None";"None";"nan";"7.276802";"43.697821";"000KR"
"2024-54036";"2024-12-16";"1";"Vente";"195000.0";"14.0";"None";"RUE MALONAT";"3920";"06300";"06088";"Nice";"06";"None";"None";"06088000KR0141";"None";"None";"3";"37.83";"None";"nan";"None";"nan";"None";"None";"None";"None";"1";"2";"Appartement";"40.0";"2.0";"None";"None";"None";"None";"nan";"7.277836";"43.69633";"000KR"
"2024-53894";"2024-12-13";"1";"Vente";"396500.0";"12.0";"None";"RUE BENOIT BUNICO";"0780";"06300";"06088";"Nice";"06";"None";"None";"06088000KR0263";"None";"None";"20";"58.64";"None";"nan";"None";"nan";"None";"None";"None";"None";"1";"2";"Appartement";"58.0";"3.0";"None";"None";"None";"None";"nan";"7.27688";"43.697705";"000KR"
"2024-53419";"2024-12-05";"1";"Vente";"154000.0";"16.0";"None";"RUE BENOIT BUNICO";"0780";"06300";"06088";"Nice";"06";"None";"None";"06088000KR0045";"None";"None";"5";"nan";"None";"nan";"None";"nan";"None";"None";"None";"None";"1";"2";"Appartement";"21.0";"1.0";"None";"None";"None";"None";"nan";"7.276836";"43.697521";"000KR"
"2024-53401";"2024-12-03";"1";"Vente";"195000.0";"14.0";"None";"RUE BENOIT BUNICO";"0780";"06300";"06088";"Nice";"06";"None";"None";"06088000KR0044";"None";"None";"10";"32.4";"None";"nan";"None";"nan";"None";"None";"None";"None";"1";"2";"Appartement";"33.0";"2.0";"None";"None";"None";"None";"nan";"7.276795";"43.69759";"000KR"
"2024-53065";"2024-11-28";"1";"Vente";"155000.0";"2.0";"None";"RUE DU JESUS";"3415";"06300";"06088";"Nice";"06";"None";"None";"06088000KR0181";"None";"None";"14";"nan";"None";"nan";"None";"nan";"None";"None";"None";"None";"1";"2";"Appartement";"28.0";"1.0";"None";"None";"None";"None";"nan";"7.276145";"43.69685";"000KR"
"2024-52960";"2024-11-25";"1";"Vente";"385000.0";"23.0";"None";"RUE DE LA PREFECTURE";"5240";"06300";"06088";"Nice";"06";"None";"None";"06088000KR0184";"None";"None";"15";"103.65";"None";"nan";"None";"nan";"None";"None";"None";"None";"1";"2";"Appartement";"101.0";"4.0";"None";"None";"None";"None";"nan";"7.27584";"43.696486";"000KR"
"2024-52891";"2024-11-20";"1";"Vente";"159870.0";"1.0";"None";"RUE SAINT VINCENT";"5975";"06300";"06088";"Nice";"06";"None";"None";"06088000KR0297";"None";"None";"5";"nan";"None";"nan";"None";"nan";"None";"None";"None";"None";"1";"2";"Appartement";"45.0";"2.0";"None";"None";"None";"None";"nan";"7.275143";"43.697363";"000KR"
"2024-52568";"2024-11-13";"1";"Vente";"161400.0";"8.0";"None";"RUE BENOIT BUNICO";"0780";"06300";"06088";"Nice";"06";"None";"None";"06088000KR0040";"None";"None";"16";"nan";"None";"nan";"None";"nan";"None";"None";"None";"None";"1";"3";"Dépendance";"nan";"0.0";"None";"None";"None";"None";"nan";"7.276934";"43.697813";"000KR"
"2024-52608";"2024-11-08";"1";"Vente";"245000.0";"1.0";"None";"PL VIEILLE";"6685";"06300";"06088";"Nice";"06";"None";"None";"06088000KR0163";"None";"None";"20";"nan";"None";"nan";"None";"nan";"None";"None";"None";"None";"1";"2";"Appartement";"40.0";"2.0";"None";"None";"None";"None";"nan";"7.276222";"43.696669";"000KR"
"2024-51959";"2024-11-04";"1";"Vente";"110000.0";"4.0";"B";"RUE DE LA BOUCHERIE";"0930";"06300";"06088";"Nice";"06";"None";"None";"06088000KR0207";"None";"None";"4";"nan";"None";"nan";"None";"nan";"None";"None";"None";"None";"1";"2";"Appartement";"27.0";"2.0";"None";"None";"None";"None";"nan";"7.27598";"43.697928";"000KR"
"2024-51909";"2024-10-30";"1";"Vente";"171255.0";"42.0";"None";"RUE DROITE";"2095";"06300";"06088";"Nice";"06";"None";"None";"06088000KR0265";"None";"None";"12";"nan";"None";"nan";"None";"nan";"None";"None";"None";"None";"1";"2";"Appartement";"37.0";"2.0";"None";"None";"None";"None";"nan";"7.277217";"43.696316";"000KR"
"2024-51909";"2024-10-30";"1";"Vente";"171255.0";"42.0";"None";"RUE DROITE";"2095";"06300";"06088";"Nice";"06";"None";"None";"06088000KR0265";"None";"None";"12";"nan";"None";"nan";"None";"nan";"None";"None";"None";"None";"1";"4";"Local industriel. commercial ou assimilé";"80.0";"0.0";"None";"None";"None";"None";"nan";"7.277217";"43.696316";"000KR"
"2024-52571";"2024-10-29";"1";"Vente";"185000.0";"10.0";"None";"RUE DE LA CROIX";"1770";"06300";"06088";"Nice";"06";"None";"None";"06088000KR0073";"None";"None";"1";"41.04";"None";"nan";"None";"nan";"None";"None";"None";"None";"1";"2";"Appartement";"77.0";"3.0";"None";"None";"None";"None";"nan";"7.277755";"43.697357";"000KR"
"2024-51892";"2024-10-28";"1";"Vente";"340000.0";"36.0";"None";"RUE CENTRALE";"1245";"06300";"06088";"Nice";"06";"None";"None";"06088000KR0276";"None";"None";"7";"nan";"None";"nan";"None";"nan";"None";"None";"None";"None";"1";"2";"Appartement";"44.0";"2.0";"None";"None";"None";"None";"nan";"7.276524";"43.696967";"000KR"
"2024-51371";"2024-10-24";"1";"Vente";"180000.0";"18.0";"None";"RUE CENTRALE";"1245";"06300";"06088";"Nice";"06";"None";"None";"06088000KR0262";"None";"None";"5";"nan";"None";"nan";"None";"nan";"None";"None";"None";"None";"1";"4";"Local industriel. commercial ou assimilé";"37.0";"0.0";"None";"None";"None";"None";"nan";"7.276743";"43.697658";"000KR"
"2024-51459";"2024-10-23";"1";"Vente";"200000.0";"7.0";"None";"RUE SAINT VINCENT";"5975";"06300";"06088";"Nice";"06";"None";"None";"06088000KR0236";"None";"None";"28";"39.37";"None";"nan";"None";"nan";"None";"None";"None";"None";"1";"2";"Appartement";"32.0";"2.0";"None";"None";"None";"None";"nan";"7.274725";"43.696779";"000KR"
"2024-51863";"2024-10-22";"1";"Vente";"129500.0";"1.0";"None";"PL VIEILLE";"6685";"06300";"06088";"Nice";"06";"None";"None";"06088000KR0163";"None";"None";"16";"nan";"None";"nan";"None";"nan";"None";"None";"None";"None";"1";"2";"Appartement";"22.0";"1.0";"None";"None";"None";"None";"nan";"7.276222";"43.696669";"000KR"
"2024-51143";"2024-10-18";"1";"Vente";"475000.0";"4.0";"None";"PL ROSSETTI";"5590";"06300";"06088";"Nice";"06";"None";"None";"06088000KR0028";"None";"None";"8";"nan";"None";"nan";"None";"nan";"None";"None";"None";"None";"1";"2";"Appartement";"57.0";"3.0";"None";"None";"None";"None";"nan";"7.27645";"43.697333";"000KR"
"2024-51830";"2024-10-17";"1";"Vente";"140000.0";"10.0";"None";"RUE SAINT VINCENT";"5975";"06300";"06088";"Nice";"06";"None";"None";"06088000KR0232";"None";"None";"31";"19.09";"33";"nan";"None";"nan";"None";"None";"None";"None";"2";"2";"Appartement";"103.0";"5.0";"None";"None";"None";"None";"nan";"7.275136";"43.696964";"000KR"
"2024-51241";"2024-10-15";"1";"Vente";"200000.0";"36.0";"None";"RUE CENTRALE";"1245";"06300";"06088";"Nice";"06";"None";"None";"06088000KR0276";"None";"None";"10";"nan";"None";"nan";"None";"nan";"None";"None";"None";"None";"1";"2";"Appartement";"37.0";"2.0";"None";"None";"None";"None";"nan";"7.276524";"43.696967";"000KR"
"2024-51650";"2024-10-15";"1";"Vente";"116600.0";"7.0";"None";"RUE PLACE VIEILLE";"5155";"06300";"06088";"Nice";"06";"None";"None";"06088000KR0150";"None";"None";"7";"11.7";"None";"nan";"None";"nan";"None";"None";"None";"None";"1";"2";"Appartement";"12.0";"1.0";"None";"None";"None";"None";"nan";"7.276876";"43.696453";"000KR"
"2024-50969";"2024-10-15";"1";"Vente";"120000.0";"4.0";"None";"RUE ROSSETTI";"5595";"06300";"06088";"Nice";"06";"None";"None";"06088000KR0050";"None";"None";"101";"nan";"None";"nan";"None";"nan";"None";"None";"None";"None";"1";"4";"Local industriel. commercial ou assimilé";"34.0";"0.0";"None";"None";"None";"None";"nan";"7.276975";"43.697304";"000KR"
"2024-51355";"2024-10-14";"1";"Vente";"780000.0";"2.0";"None";"PL DE LA HALLE AUX HERBES";"3180";"06300";"06088";"Nice";"06";"None";"None";"06088000KR0216";"None";"None";"20";"nan";"21";"nan";"None";"nan";"None";"None";"None";"None";"2";"2";"Appartement";"92.0";"7.0";"None";"None";"None";"None";"nan";"7.275858";"43.697454";"000KR"
"2024-51355";"2024-10-14";"1";"Vente";"780000.0";"2.0";"None";"PL DE LA HALLE AUX HERBES";"3180";"06300";"06088";"Nice";"06";"None";"None";"06088000KR0216";"None";"None";"20";"nan";"21";"nan";"None";"nan";"None";"None";"None";"None";"2";"3";"Dépendance";"nan";"0.0";"None";"None";"None";"None";"nan";"7.275858";"43.697454";"000KR"
"2024-51717";"2024-10-11";"1";"Vente";"138000.0";"31.0";"None";"RUE DROITE";"2095";"06300";"06088";"Nice";"06";"None";"None";"06088000KR0117";"None";"None";"33";"nan";"None";"nan";"None";"nan";"None";"None";"None";"None";"1";"2";"Appartement";"22.0";"1.0";"None";"None";"None";"None";"nan";"7.277069";"43.696969";"000KR"
"2024-50683";"2024-09-27";"1";"Vente";"55000.0";"10.0";"None";"RUE DU JESUS";"3415";"06300";"06088";"Nice";"06";"None";"None";"06088000KR0122";"None";"None";"14";"11.85";"None";"nan";"None";"nan";"None";"None";"None";"None";"1";"3";"Dépendance";"nan";"0.0";"None";"None";"None";"None";"nan";"7.276886";"43.696804";"000KR"
"2024-50657";"2024-09-26";"1";"Vente";"1000.0";"6.0";"None";"RUE FRANCIS GALLO";"2605";"06300";"06088";"Nice";"06";"None";"None";"06088000KR0223";"None";"None";"2";"nan";"None";"nan";"None";"nan";"None";"None";"None";"None";"1";"2";"Appartement";"40.0";"2.0";"None";"None";"None";"None";"nan";"7.27559";"43.697626";"000KR"
"2024-50657";"2024-09-26";"1";"Vente";"1000.0";"6.0";"None";"RUE FRANCIS GALLO";"2605";"06300";"06088";"Nice";"06";"None";"None";"06088000KR0223";"None";"None";"2";"nan";"None";"nan";"None";"nan";"None";"None";"None";"None";"1";"3";"Dépendance";"nan";"0.0";"None";"None";"None";"None";"nan";"7.27559";"43.697626";"000KR"
"2024-50118";"2024-09-26";"1";"Vente";"140000.0";"3.0";"None";"RUE CENTRALE";"1245";"06300";"06088";"Nice";"06";"None";"None";"06088000KR0029";"None";"None";"1";"nan";"16";"nan";"None";"nan";"None";"None";"None";"None";"2";"4";"Local industriel. commercial ou assimilé";"55.0";"0.0";"None";"None";"None";"None";"nan";"7.276516";"43.697421";"000KR"
"2024-51090";"2024-09-24";"1";"Vente";"256000.0";"31.0";"None";"RUE DE LA PREFECTURE";"5240";"06300";"06088";"Nice";"06";"None";"None";"06088000KR0154";"None";"None";"10";"nan";"None";"nan";"None";"nan";"None";"None";"None";"None";"1";"2";"Appartement";"48.0";"2.0";"None";"None";"None";"None";"nan";"7.276555";"43.696406";"000KR"
"2024-49665";"2024-09-12";"1";"Vente";"151000.0";"33.0";"None";"RUE DROITE";"2095";"06300";"06088";"Nice";"06";"None";"None";"06088000KR0120";"None";"None";"6";"nan";"None";"nan";"None";"nan";"None";"None";"None";"None";"1";"2";"Appartement";"45.0";"2.0";"None";"None";"None";"None";"nan";"7.277029";"43.696915";"000KR"
"2024-49799";"2024-09-10";"1";"Vente";"160000.0";"6.0";"None";"RUE SAINTE REPARATE";"6065";"06300";"06088";"Nice";"06";"None";"None";"06088000KR0158";"None";"None";"23";"19.9";"None";"nan";"None";"nan";"None";"None";"None";"None";"1";"3";"Dépendance";"nan";"0.0";"None";"None";"None";"None";"nan";"7.276074";"43.696459";"000KR"
"2024-49757";"2024-09-09";"1";"Vente";"82000.0";"16.0";"None";"RUE DE LA CONDAMINE";"1650";"06300";"06088";"Nice";"06";"None";"None";"06088000KR0092";"None";"None";"4";"18.5";"None";"nan";"None";"nan";"None";"None";"None";"None";"1";"2";"Appartement";"22.0";"1.0";"None";"None";"None";"None";"nan";"7.278038";"43.696828";"000KR"
"2024-49850";"2024-09-05";"1";"Vente";"112000.0";"6.0";"None";"RLE DE LA BOUCHERIE";"0935";"06300";"06088";"Nice";"06";"None";"None";"06088000KR0212";"None";"None";"3";"nan";"None";"nan";"None";"nan";"None";"None";"None";"None";"1";"2";"Appartement";"98.0";"5.0";"None";"None";"None";"None";"nan";"7.275991";"43.697839";"000KR"
"2024-49446";"2024-09-04";"1";"Vente";"214733.0";"9.0";"None";"RUE DE LA CONDAMINE";"1650";"06300";"06088";"Nice";"06";"None";"None";"06088000KR0099";"None";"None";"8";"nan";"None";"nan";"None";"nan";"None";"None";"None";"None";"1";"2";"Appartement";"32.0";"2.0";"None";"None";"None";"None";"nan";"7.277837";"43.697017";"000KR"
"2024-49197";"2024-08-28";"1";"Vente";"315000.0";"18.0";"None";"RUE CENTRALE";"1245";"06300";"06088";"Nice";"06";"None";"None";"06088000KR0262";"None";"None";"16";"nan";"9";"nan";"None";"nan";"None";"None";"None";"None";"2";"2";"Appartement";"58.0";"2.0";"None";"None";"None";"None";"nan";"7.276743";"43.697658";"000KR"
"2024-49073";"2024-08-14";"1";"Vente";"158000.0";"8.0";"None";"RUE MASCOINAT";"4090";"06300";"06088";"Nice";"06";"None";"None";"06088000KR0032";"None";"None";"21";"nan";"None";"nan";"None";"nan";"None";"None";"None";"None";"1";"2";"Appartement";"27.0";"1.0";"None";"None";"None";"None";"nan";"7.276513";"43.697521";"000KR"
"2024-48956";"2024-08-08";"1";"Vente";"320000.0";"23.0";"None";"RUE BENOIT BUNICO";"0780";"06300";"06088";"Nice";"06";"None";"None";"06088000KR0116";"None";"None";"108";"nan";"None";"nan";"None";"nan";"None";"None";"None";"None";"1";"2";"Appartement";"52.0";"2.0";"None";"None";"None";"None";"nan";"7.277068";"43.697048";"000KR"
"2024-49012";"2024-08-07";"1";"Vente";"232309.0";"7.0";"None";"RUE SAINT VINCENT";"5975";"06300";"06088";"Nice";"06";"None";"None";"06088000KR0236";"None";"None";"29";"nan";"None";"nan";"None";"nan";"None";"None";"None";"None";"1";"2";"Appartement";"30.0";"1.0";"None";"None";"None";"None";"nan";"7.274725";"43.696779";"000KR"
"2024-48688";"2024-08-05";"1";"Vente";"255000.0";"4.0";"None";"RUE ABBAYE";"0010";"06300";"06088";"Nice";"06";"None";"None";"06088000KR0244";"None";"None";"3";"48.43";"None";"nan";"None";"nan";"None";"None";"None";"None";"1";"2";"Appartement";"49.0";"2.0";"None";"None";"None";"None";"nan";"7.274731";"43.69702";"000KR"
"2024-48689";"2024-08-05";"1";"Vente";"365000.0";"28.0";"None";"BD JEAN JAURES";"3360";"06300";"06088";"Nice";"06";"None";"None";"06088000KR0013";"None";"None";"9";"55.63";"None";"nan";"None";"nan";"None";"None";"None";"None";"1";"2";"Appartement";"55.0";"3.0";"None";"None";"None";"None";"nan";"7.276114";"43.698083";"000KR"
"2024-48513";"2024-08-02";"1";"Vente";"6666.0";"7.0";"None";"RUE DU CHATEAU";"1335";"06300";"06088";"Nice";"06";"None";"None";"06088000KR0130";"None";"None";"17";"nan";"None";"nan";"None";"nan";"None";"None";"None";"None";"1";"4";"Local industriel. commercial ou assimilé";"2.0";"0.0";"None";"None";"None";"None";"nan";"7.277522";"43.696447";"000KR"
"2024-48056";"2024-07-30";"1";"Vente";"241670.0";"14.0";"None";"RUE BENOIT BUNICO";"0780";"06300";"06088";"Nice";"06";"None";"None";"06088000KR0044";"None";"None";"13";"38.6";"None";"nan";"None";"nan";"None";"None";"None";"None";"1";"2";"Appartement";"40.0";"3.0";"None";"None";"None";"None";"nan";"7.276795";"43.69759";"000KR"
"2024-47595";"2024-07-25";"1";"Vente";"215000.0";"17.0";"None";"RUE BENOIT BUNICO";"0780";"06300";"06088";"Nice";"06";"None";"None";"06088000KR0054";"None";"None";"10";"nan";"11";"nan";"None";"nan";"None";"None";"None";"None";"2";"2";"Appartement";"61.0";"3.0";"None";"None";"None";"None";"nan";"7.277025";"43.697411";"000KR"
"2024-47703";"2024-07-25";"1";"Vente";"379000.0";"32.0";"None";"RUE CENTRALE";"1245";"06300";"06088";"Nice";"06";"None";"None";"06088000KR0172";"None";"None";"15";"87.94";"2";"nan";"None";"nan";"None";"None";"None";"None";"2";"2";"Appartement";"85.0";"4.0";"None";"None";"None";"None";"nan";"7.27664";"43.697083";"000KR"
"2024-47703";"2024-07-25";"1";"Vente";"379000.0";"32.0";"None";"RUE CENTRALE";"1245";"06300";"06088";"Nice";"06";"None";"None";"06088000KR0172";"None";"None";"15";"87.94";"2";"nan";"None";"nan";"None";"None";"None";"None";"2";"3";"Dépendance";"nan";"0.0";"None";"None";"None";"None";"nan";"7.27664";"43.697083";"000KR"
"2024-47648";"2024-07-23";"1";"Vente";"195000.0";"1.0";"None";"RUE PLACE VIEILLE";"5155";"06300";"06088";"Nice";"06";"None";"None";"06088000KR0159";"None";"None";"14";"nan";"None";"nan";"None";"nan";"None";"None";"None";"None";"1";"2";"Appartement";"50.0";"3.0";"None";"None";"None";"None";"nan";"7.276054";"43.696542";"000KR"
"2024-48285";"2024-07-17";"1";"Vente";"200000.0";"4.0";"None";"RUE DU MARCHE";"3990";"06300";"06088";"Nice";"06";"None";"None";"06088000KR0293";"None";"None";"17";"nan";"None";"nan";"None";"nan";"None";"None";"None";"None";"1";"2";"Appartement";"30.0";"2.0";"None";"None";"None";"None";"nan";"7.275181";"43.697536";"000KR"
"2024-47208";"2024-07-16";"1";"Vente";"270000.0";"10.0";"None";"RUE SAINT VINCENT";"5975";"06300";"06088";"Nice";"06";"None";"None";"06088000KR0232";"None";"None";"29";"64.77";"None";"nan";"None";"nan";"None";"None";"None";"None";"1";"2";"Appartement";"60.0";"4.0";"None";"None";"None";"None";"nan";"7.275136";"43.696964";"000KR"
"2024-47206";"2024-07-11";"1";"Vente";"200000.0";"12.0";"None";"RUE BENOIT BUNICO";"0780";"06300";"06088";"Nice";"06";"None";"None";"06088000KR0263";"None";"None";"18";"nan";"None";"nan";"None";"nan";"None";"None";"None";"None";"1";"2";"Appartement";"60.0";"3.0";"None";"None";"None";"None";"nan";"7.27688";"43.697705";"000KR"
"2024-47559";"2024-07-08";"1";"Vente";"176800.0";"42.0";"None";"RUE DROITE";"2095";"06300";"06088";"Nice";"06";"None";"None";"06088000KR0265";"None";"None";"20";"35.05";"None";"nan";"None";"nan";"None";"None";"None";"None";"1";"2";"Appartement";"37.0";"2.0";"None";"None";"None";"None";"nan";"7.277217";"43.696316";"000KR"
"2024-47296";"2024-07-02";"1";"Vente";"118000.0";"44.0";"None";"BD JEAN JAURES";"3360";"06300";"06088";"Nice";"06";"None";"None";"06088000KR0005";"None";"None";"33";"nan";"None";"nan";"None";"nan";"None";"None";"None";"None";"1";"2";"Appartement";"16.0";"1.0";"None";"None";"None";"None";"nan";"7.274994";"43.697666";"000KR"
"2024-47296";"2024-07-02";"1";"Vente";"118000.0";"44.0";"None";"BD JEAN JAURES";"3360";"06300";"06088";"Nice";"06";"None";"None";"06088000KR0005";"None";"None";"33";"nan";"None";"nan";"None";"nan";"None";"None";"None";"None";"1";"3";"Dépendance";"nan";"0.0";"None";"None";"None";"None";"nan";"7.274994";"43.697666";"000KR"
"2024-46681";"2024-07-01";"1";"Vente";"205000.0";"3.0";"None";"RUE FRANCIS GALLO";"2605";"06300";"06088";"Nice";"06";"None";"None";"06088000KR0225";"None";"None";"7";"36.62";"None";"nan";"None";"nan";"None";"None";"None";"None";"1";"2";"Appartement";"36.0";"2.0";"None";"None";"None";"None";"nan";"7.275532";"43.697493";"000KR"
"2024-46769";"2024-06-28";"1";"Vente";"215000.0";"14.0";"None";"RUE MALONAT";"3920";"06300";"06088";"Nice";"06";"None";"None";"06088000KR0141";"None";"None";"2";"28.1";"None";"nan";"None";"nan";"None";"None";"None";"None";"1";"2";"Appartement";"27.0";"2.0";"None";"None";"None";"None";"nan";"7.277836";"43.69633";"000KR"
"2024-46851";"2024-06-25";"1";"Vente";"220000.0";"3.0";"None";"RUE FRANCIS GALLO";"2605";"06300";"06088";"Nice";"06";"None";"None";"06088000KR0225";"None";"None";"6";"nan";"None";"nan";"None";"nan";"None";"None";"None";"None";"1";"2";"Appartement";"36.0";"2.0";"None";"None";"None";"None";"nan";"7.275532";"43.697493";"000KR"
"2024-46670";"2024-06-14";"1";"Vente";"165000.0";"6.0";"None";"RUE DU JESUS";"3415";"06300";"06088";"Nice";"06";"None";"None";"06088000KR0175";"None";"None";"5";"24.67";"None";"nan";"None";"nan";"None";"None";"None";"None";"1";"2";"Appartement";"24.0";"1.0";"None";"None";"None";"None";"nan";"7.276513";"43.696823";"000KR"
"2024-45971";"2024-06-13";"1";"Vente";"250000.0";"5.0";"None";"RUE PLACE VIEILLE";"5155";"06300";"06088";"Nice";"06";"None";"None";"06088000KR0155";"None";"None";"3";"nan";"None";"nan";"None";"nan";"None";"None";"None";"None";"1";"4";"Local industriel. commercial ou assimilé";"54.0";"0.0";"None";"None";"None";"None";"nan";"7.276415";"43.696463";"000KR"
"2024-45691";"2024-06-11";"1";"Vente";"655000.0";"10.0";"None";"RUE DE LA CROIX";"1770";"06300";"06088";"Nice";"06";"None";"None";"06088000KR0073";"None";"None";"22";"nan";"None";"nan";"None";"nan";"None";"None";"None";"None";"1";"2";"Appartement";"100.0";"3.0";"None";"None";"None";"None";"nan";"7.277755";"43.697357";"000KR"
"2024-45599";"2024-06-06";"1";"Vente";"250000.0";"30.0";"None";"RUE DROITE";"2095";"06300";"06088";"Nice";"06";"None";"None";"06088000KR0109";"None";"None";"9";"nan";"None";"nan";"None";"nan";"None";"None";"None";"None";"1";"2";"Appartement";"40.0";"2.0";"None";"None";"None";"None";"nan";"7.277303";"43.697008";"000KR"
"2024-45276";"2024-06-03";"1";"Vente";"192500.0";"15.0";"None";"RUE COLONNA D ISTRIA";"1590";"06300";"06088";"Nice";"06";"None";"None";"06088000KR0233";"None";"None";"23";"nan";"None";"nan";"None";"nan";"None";"None";"None";"None";"1";"2";"Appartement";"25.0";"1.0";"None";"None";"None";"None";"nan";"7.275252";"43.696921";"000KR"
"2024-45276";"2024-06-03";"1";"Vente";"192500.0";"15.0";"None";"RUE COLONNA D ISTRIA";"1590";"06300";"06088";"Nice";"06";"None";"None";"06088000KR0233";"None";"None";"23";"nan";"None";"nan";"None";"nan";"None";"None";"None";"None";"1";"3";"Dépendance";"nan";"0.0";"None";"None";"None";"None";"nan";"7.275252";"43.696921";"000KR"
"2024-44881";"2024-05-28";"1";"Vente";"173225.0";"3.0";"None";"RUE DU PONTIN";"5220";"06300";"06088";"Nice";"06";"None";"None";"06088000KR0254";"None";"None";"12";"nan";"None";"nan";"None";"nan";"None";"None";"None";"None";"1";"2";"Appartement";"29.0";"2.0";"None";"None";"None";"None";"nan";"7.275012";"43.697251";"000KR"
"2024-45656";"2024-05-27";"1";"Vente";"109920.0";"4.0";"None";"RUE FRANCIS GALLO";"2605";"06300";"06088";"Nice";"06";"None";"None";"06088000KR0222";"None";"None";"17";"nan";"None";"nan";"None";"nan";"None";"None";"None";"None";"1";"2";"Appartement";"27.0";"0.0";"None";"None";"None";"None";"nan";"7.275535";"43.697667";"000KR"
"2024-43994";"2024-05-13";"1";"Vente";"265000.0";"5.0";"None";"RUE ABBAYE";"0010";"06300";"06088";"Nice";"06";"None";"None";"06088000KR0182";"None";"None";"7";"61.35";"None";"nan";"None";"nan";"None";"None";"None";"None";"1";"2";"Appartement";"78.0";"3.0";"None";"None";"None";"None";"nan";"7.275868";"43.696635";"000KR"
"2024-43908";"2024-05-07";"1";"Vente";"150000.0";"1.0";"None";"RUE DU MOULIN";"4445";"06300";"06088";"Nice";"06";"None";"None";"06088000KR0241";"None";"None";"4";"nan";"None";"nan";"None";"nan";"None";"None";"None";"None";"1";"2";"Appartement";"48.0";"2.0";"None";"None";"None";"None";"nan";"7.274553";"43.697174";"000KR"
"2024-44798";"2024-05-07";"1";"Vente";"185000.0";"4.0";"None";"RUE FRANCIS GALLO";"2605";"06300";"06088";"Nice";"06";"None";"None";"06088000KR0222";"None";"None";"12";"nan";"None";"nan";"None";"nan";"None";"None";"None";"None";"1";"2";"Appartement";"50.0";"3.0";"None";"None";"None";"None";"nan";"7.275535";"43.697667";"000KR"
"2024-43992";"2024-05-06";"1";"Vente";"254400.0";"32.0";"None";"RUE DROITE";"2095";"06300";"06088";"Nice";"06";"None";"None";"06088000KR0275";"None";"None";"12";"nan";"None";"nan";"None";"nan";"None";"None";"None";"None";"1";"2";"Appartement";"32.0";"2.0";"None";"None";"None";"None";"nan";"7.277386";"43.696955";"000KR"
"2024-44672";"2024-04-30";"1";"Vente";"300450.0";"18.0";"None";"RUE BENOIT BUNICO";"0780";"06300";"06088";"Nice";"06";"None";"None";"06088000KR0048";"None";"None";"6";"44.56";"None";"nan";"None";"nan";"None";"None";"None";"None";"1";"2";"Appartement";"48.0";"2.0";"None";"None";"None";"None";"nan";"7.276804";"43.697442";"000KR"
"2024-43666";"2024-04-29";"1";"Vente";"105000.0";"18.0";"None";"RUE ABBAYE";"0010";"06300";"06088";"Nice";"06";"None";"None";"06088000KR0191";"None";"None";"8";"nan";"None";"nan";"None";"nan";"None";"None";"None";"None";"1";"2";"Appartement";"30.0";"1.0";"None";"None";"None";"None";"nan";"7.275832";"43.696741";"000KR"
"2024-44606";"2024-04-22";"1";"Vente";"150400.0";"3.0";"None";"RUE SAINT JOSEPH";"5825";"06300";"06088";"Nice";"06";"None";"None";"06088000KR0079";"None";"None";"1";"nan";"None";"nan";"None";"nan";"None";"None";"None";"None";"1";"3";"Dépendance";"nan";"0.0";"None";"None";"None";"None";"nan";"7.277901";"43.697412";"000KR"
"2024-43416";"2024-04-12";"1";"Vente";"210000.0";"9.0";"None";"RUE DE LA CONDAMINE";"1650";"06300";"06088";"Nice";"06";"None";"None";"06088000KR0099";"None";"None";"6";"nan";"None";"nan";"None";"nan";"None";"None";"None";"None";"1";"2";"Appartement";"32.0";"2.0";"None";"None";"None";"None";"nan";"7.277837";"43.697017";"000KR"
"2024-43301";"2024-04-05";"1";"Vente";"80000.0";"1.0";"None";"RUE DE LA LOGE";"3705";"06300";"06088";"Nice";"06";"None";"None";"06088000KR0038";"None";"None";"12";"18.1";"None";"nan";"None";"nan";"None";"None";"None";"None";"1";"2";"Appartement";"17.0";"1.0";"None";"None";"None";"None";"nan";"7.276923";"43.697933";"000KR"
"2024-43090";"2024-04-04";"1";"Vente";"150000.0";"3.0";"None";"RUE SAINT VINCENT";"5975";"06300";"06088";"Nice";"06";"None";"None";"06088000KR0249";"None";"None";"24";"34.47";"None";"nan";"None";"nan";"None";"None";"None";"None";"1";"2";"Appartement";"34.0";"2.0";"None";"None";"None";"None";"nan";"7.275023";"43.697183";"000KR"
"2024-43502";"2024-04-04";"1";"Vente";"150000.0";"3.0";"None";"RUE SAINT VINCENT";"5975";"06300";"06088";"Nice";"06";"None";"None";"06088000KR0249";"None";"None";"28";"nan";"None";"nan";"None";"nan";"None";"None";"None";"None";"1";"2";"Appartement";"27.0";"2.0";"None";"None";"None";"None";"nan";"7.275023";"43.697183";"000KR"
"2024-42718";"2024-03-27";"1";"Vente";"635500.0";"10.0";"None";"RUE SAINT VINCENT";"5975";"06300";"06088";"Nice";"06";"None";"None";"06088000KR0232";"None";"None";"24";"92.0";"None";"nan";"None";"nan";"None";"None";"None";"None";"1";"2";"Appartement";"110.0";"4.0";"None";"None";"None";"None";"nan";"7.275136";"43.696964";"000KR"
"2024-43156";"2024-03-27";"1";"Vente";"150000.0";"4.0";"None";"RUE MALONAT";"3920";"06300";"06088";"Nice";"06";"None";"None";"06088000KR0146";"None";"None";"6";"nan";"None";"nan";"None";"nan";"None";"None";"None";"None";"1";"2";"Appartement";"25.0";"2.0";"None";"None";"None";"None";"nan";"7.277359";"43.696362";"000KR"
"2024-42625";"2024-03-26";"1";"Vente";"185000.0";"3.0";"None";"RUE DU PONT VIEUX";"5210";"06300";"06088";"Nice";"06";"None";"None";"06088000KR0203";"None";"None";"7";"nan";"None";"nan";"None";"nan";"None";"None";"None";"None";"1";"2";"Appartement";"44.0";"2.0";"None";"None";"None";"None";"nan";"7.276219";"43.697927";"000KR"
"2024-42946";"2024-03-26";"1";"Vente";"140000.0";"6.0";"None";"RUE FRANCIS GALLO";"2605";"06300";"06088";"Nice";"06";"None";"None";"06088000KR0223";"None";"None";"11";"37.47";"2";"nan";"None";"nan";"None";"None";"None";"None";"2";"2";"Appartement";"40.0";"2.0";"None";"None";"None";"None";"nan";"7.27559";"43.697626";"000KR"
"2024-42946";"2024-03-26";"1";"Vente";"140000.0";"6.0";"None";"RUE FRANCIS GALLO";"2605";"06300";"06088";"Nice";"06";"None";"None";"06088000KR0223";"None";"None";"11";"37.47";"2";"nan";"None";"nan";"None";"None";"None";"None";"2";"3";"Dépendance";"nan";"0.0";"None";"None";"None";"None";"nan";"7.27559";"43.697626";"000KR"
"2024-41551";"2024-03-01";"1";"Vente";"280000.0";"17.0";"None";"RUE BENOIT BUNICO";"0780";"06300";"06088";"Nice";"06";"None";"None";"06088000KR0054";"None";"None";"7";"58.14";"None";"nan";"None";"nan";"None";"None";"None";"None";"1";"2";"Appartement";"59.0";"3.0";"None";"None";"None";"None";"nan";"7.277025";"43.697411";"000KR"
"2024-41887";"2024-02-29";"1";"Vente";"275000.0";"7.0";"None";"RUE PLACE VIEILLE";"5155";"06300";"06088";"Nice";"06";"None";"None";"06088000KR0150";"None";"None";"15";"nan";"26";"nan";"None";"nan";"None";"None";"None";"None";"2";"2";"Appartement";"50.0";"2.0";"None";"None";"None";"None";"nan";"7.276876";"43.696453";"000KR"
"2024-41861";"2024-02-28";"1";"Vente";"85000.0";"16.0";"None";"RUE DE LA CONDAMINE";"1650";"06300";"06088";"Nice";"06";"None";"None";"06088000KR0092";"None";"None";"6";"17.08";"7";"17.08";"None";"nan";"None";"None";"None";"None";"2";"2";"Appartement";"17.0";"1.0";"None";"None";"None";"None";"nan";"7.278038";"43.696828";"000KR"
"2024-41913";"2024-02-21";"1";"Vente";"151000.0";"3.0";"None";"RUE DU PONT VIEUX";"5210";"06300";"06088";"Nice";"06";"None";"None";"06088000KR0203";"None";"None";"9";"nan";"None";"nan";"None";"nan";"None";"None";"None";"None";"1";"2";"Appartement";"37.0";"1.0";"None";"None";"None";"None";"nan";"7.276219";"43.697927";"000KR"
"2024-41949";"2024-02-21";"1";"Vente";"238500.0";"3.0";"None";"RUE COLONNA D ISTRIA";"1590";"06300";"06088";"Nice";"06";"None";"None";"06088000KR0218";"None";"None";"36";"nan";"None";"nan";"None";"nan";"None";"None";"None";"None";"1";"2";"Appartement";"37.0";"2.0";"None";"None";"None";"None";"nan";"7.275676";"43.697616";"000KR"
"2024-41949";"2024-02-21";"1";"Vente";"238500.0";"3.0";"None";"RUE COLONNA D ISTRIA";"1590";"06300";"06088";"Nice";"06";"None";"None";"06088000KR0218";"None";"None";"36";"nan";"None";"nan";"None";"nan";"None";"None";"None";"None";"1";"3";"Dépendance";"nan";"0.0";"None";"None";"None";"None";"nan";"7.275676";"43.697616";"000KR"
"2024-41851";"2024-02-20";"1";"Vente";"180000.0";"2.0";"None";"RUE ROSSETTI";"5595";"06300";"06088";"Nice";"06";"None";"None";"06088000KR0049";"None";"None";"17";"nan";"None";"nan";"None";"nan";"None";"None";"None";"None";"1";"2";"Appartement";"15.0";"0.0";"None";"None";"None";"None";"nan";"7.276766";"43.697343";"000KR"
"2024-41730";"2024-02-19";"1";"Vente";"43600.0";"33.0";"None";"RUE DROITE";"2095";"06300";"06088";"Nice";"06";"None";"None";"06088000KR0120";"None";"None";"10";"nan";"None";"nan";"None";"nan";"None";"None";"None";"None";"1";"2";"Appartement";"19.0";"1.0";"None";"None";"None";"None";"nan";"7.277029";"43.696915";"000KR"
"2024-41329";"2024-02-15";"1";"Vente";"250000.0";"6.0";"None";"RUE COLONNA D ISTRIA";"1590";"06300";"06088";"Nice";"06";"None";"None";"06088000KR0215";"None";"None";"6";"42.38";"None";"nan";"None";"nan";"None";"None";"None";"None";"1";"2";"Appartement";"43.0";"2.0";"None";"None";"None";"None";"nan";"7.275854";"43.697537";"000KR"
"2024-40947";"2024-02-08";"1";"Vente";"639048.0";"12.0";"None";"RUE DU MARCHE";"3990";"06300";"06088";"Nice";"06";"None";"None";"06088000KR0239";"None";"None";"9";"108.01";"None";"nan";"None";"nan";"None";"None";"None";"None";"1";"4";"Local industriel. commercial ou assimilé";"90.0";"0.0";"None";"None";"None";"None";"nan";"7.274404";"43.696948";"000KR"
"2024-40848";"2024-02-05";"1";"Vente";"285000.0";"8.0";"None";"RUE DE LA BOUCHERIE";"0930";"06300";"06088";"Nice";"06";"None";"None";"06088000KR0209";"None";"None";"4";"nan";"None";"nan";"None";"nan";"None";"None";"None";"None";"1";"2";"Appartement";"61.0";"3.0";"None";"None";"None";"None";"nan";"7.27586";"43.697865";"000KR"
"2024-40344";"2024-01-26";"1";"Vente";"157500.0";"6.0";"None";"RUE DE LA CROIX";"1770";"06300";"06088";"Nice";"06";"None";"None";"06088000KR0284";"None";"None";"7";"30.4";"None";"nan";"None";"nan";"None";"None";"None";"None";"1";"2";"Appartement";"39.0";"1.0";"None";"None";"None";"None";"nan";"7.277779";"43.697496";"000KR"
"2024-41152";"2024-01-25";"1";"Vente";"189875.0";"2.0";"None";"PL VIEILLE";"6685";"06300";"06088";"Nice";"06";"None";"None";"06088000KR0165";"None";"None";"1";"nan";"4";"nan";"None";"nan";"None";"None";"None";"None";"2";"4";"Local industriel. commercial ou assimilé";"75.0";"0.0";"None";"None";"None";"None";"nan";"7.276507";"43.696649";"000KR"
"2024-40235";"2024-01-24";"1";"Vente";"227000.0";"31.0";"None";"RUE DROITE";"2095";"06300";"06088";"Nice";"06";"None";"None";"06088000KR0117";"None";"None";"15";"32.1";"None";"nan";"None";"nan";"None";"None";"None";"None";"1";"2";"Appartement";"32.0";"2.0";"None";"None";"None";"None";"nan";"7.277069";"43.696969";"000KR"
"2024-40239";"2024-01-24";"1";"Vente";"240000.0";"38.0";"None";"RUE DROITE";"2095";"06300";"06088";"Nice";"06";"None";"None";"06088000KR0127";"None";"None";"13";"nan";"None";"nan";"None";"nan";"None";"None";"None";"None";"1";"2";"Appartement";"50.0";"2.0";"None";"None";"None";"None";"nan";"7.277259";"43.696465";"000KR"
"2024-40556";"2024-01-15";"1";"Vente";"223000.0";"20.0";"None";"RUE DROITE";"2095";"06300";"06088";"Nice";"06";"None";"None";"06088000KR0065";"None";"None";"32";"nan";"None";"nan";"None";"nan";"None";"None";"None";"None";"1";"2";"Appartement";"53.0";"2.0";"None";"None";"None";"None";"nan";"7.277476";"43.697356";"000KR"
"2024-39879";"2024-01-04";"1";"Vente";"355000.0";"15.0";"None";"RUE COLONNA D ISTRIA";"1590";"06300";"06088";"Nice";"06";"None";"None";"06088000KR0233";"None";"None";"8";"nan";"None";"nan";"None";"nan";"None";"None";"None";"None";"1";"4";"Local industriel. commercial ou assimilé";"12.0";"0.0";"None";"None";"None";"None";"nan";"7.275252";"43.696921";"000KR"
"2023-59907";"2023-12-27";"1";"Vente";"160000.0";"31.0";"None";"RUE DE LA PREFECTURE";"5240";"06300";"06088";"Nice";"06";"None";"None";"06088000KR0154";"None";"None";"13";"nan";"None";"nan";"None";"nan";"None";"None";"None";"None";"1";"2";"Appartement";"26.0";"1.0";"None";"None";"None";"None";"nan";"7.276555";"43.696406";"000KR"
"2023-59733";"2023-12-22";"1";"Vente";"365000.0";"15.0";"None";"RUE DE LA PREFECTURE";"5240";"06300";"06088";"Nice";"06";"None";"None";"06088000KR0236";"None";"None";"72";"nan";"None";"nan";"None";"nan";"None";"None";"None";"None";"1";"2";"Appartement";"68.0";"3.0";"None";"None";"None";"None";"nan";"7.274725";"43.696779";"000KR"
"2023-59733";"2023-12-22";"1";"Vente";"365000.0";"15.0";"None";"RUE DE LA PREFECTURE";"5240";"06300";"06088";"Nice";"06";"None";"None";"06088000KR0236";"None";"None";"67";"nan";"None";"nan";"None";"nan";"None";"None";"None";"None";"1";"3";"Dépendance";"nan";"0.0";"None";"None";"None";"None";"nan";"7.274725";"43.696779";"000KR"
"2023-59487";"2023-12-15";"1";"Vente";"248000.0";"10.0";"None";"RUE ABBAYE";"0010";"06300";"06088";"Nice";"06";"None";"None";"06088000KR0247";"None";"None";"4";"nan";"None";"nan";"None";"nan";"None";"None";"None";"None";"1";"2";"Appartement";"43.0";"3.0";"None";"None";"None";"None";"nan";"7.274939";"43.696967";"000KR"
"2023-59748";"2023-12-14";"1";"Vente";"205000.0";"6.0";"None";"RUE DE LA CROIX";"1770";"06300";"06088";"Nice";"06";"None";"None";"06088000KR0284";"None";"None";"6";"nan";"None";"nan";"None";"nan";"None";"None";"None";"None";"1";"2";"Appartement";"26.0";"2.0";"None";"None";"None";"None";"nan";"7.277779";"43.697496";"000KR"
"2023-59254";"2023-12-12";"1";"Vente";"80000.0";"1.0";"None";"RUE FRANCIS GALLO";"2605";"06300";"06088";"Nice";"06";"None";"None";"06088000KR0224";"None";"None";"2";"21.78";"None";"nan";"None";"nan";"None";"None";"None";"None";"1";"4";"Local industriel. commercial ou assimilé";"24.0";"0.0";"None";"None";"None";"None";"nan";"7.275434";"43.697552";"000KR"
"2023-59261";"2023-12-11";"1";"Vente";"795000.0";"nan";"None";"RUE HONORE UGO";"3247";"06300";"06088";"Nice";"06";"None";"None";"06088000KR0086";"None";"None";"3";"66.5";"None";"nan";"None";"nan";"None";"None";"None";"None";"1";"2";"Appartement";"90.0";"2.0";"None";"None";"None";"None";"nan";"7.278828";"43.696909";"000KR"
"2023-59108";"2023-12-01";"1";"Vente";"255000.0";"3.0";"None";"RUE CENTRALE";"1245";"06300";"06088";"Nice";"06";"None";"None";"06088000KR0029";"None";"None";"10";"53.8";"None";"nan";"None";"nan";"None";"None";"None";"None";"1";"2";"Appartement";"70.0";"2.0";"None";"None";"None";"None";"nan";"7.276516";"43.697421";"000KR"
"2023-58893";"2023-11-30";"1";"Vente";"240000.0";"10.0";"None";"RUE SAINT VINCENT";"5975";"06300";"06088";"Nice";"06";"None";"None";"06088000KR0232";"None";"None";"29";"64.77";"None";"nan";"None";"nan";"None";"None";"None";"None";"1";"2";"Appartement";"60.0";"4.0";"None";"None";"None";"None";"nan";"7.275136";"43.696964";"000KR"
"2023-58639";"2023-11-29";"1";"Vente";"1256950.0";"13.0";"None";"RUE DU CHATEAU";"1335";"06300";"06088";"Nice";"06";"None";"None";"06088000KR0133";"None";"None";"None";"nan";"None";"nan";"None";"nan";"None";"None";"None";"None";"0";"2";"Appartement";"47.0";"3.0";"S";"sols";"None";"None";"68.0";"7.277788";"43.696417";"000KR"
"2023-58639";"2023-11-29";"1";"Vente";"1256950.0";"13.0";"None";"RUE DU CHATEAU";"1335";"06300";"06088";"Nice";"06";"None";"None";"06088000KR0133";"None";"None";"None";"nan";"None";"nan";"None";"nan";"None";"None";"None";"None";"0";"2";"Appartement";"47.0";"3.0";"S";"sols";"None";"None";"68.0";"7.277788";"43.696417";"000KR"
"2023-58639";"2023-11-29";"1";"Vente";"1256950.0";"13.0";"None";"RUE DU CHATEAU";"1335";"06300";"06088";"Nice";"06";"None";"None";"06088000KR0133";"None";"None";"None";"nan";"None";"nan";"None";"nan";"None";"None";"None";"None";"0";"2";"Appartement";"81.0";"4.0";"S";"sols";"None";"None";"68.0";"7.277788";"43.696417";"000KR"
"2023-58639";"2023-11-29";"1";"Vente";"1256950.0";"13.0";"None";"RUE DU CHATEAU";"1335";"06300";"06088";"Nice";"06";"None";"None";"06088000KR0133";"None";"None";"None";"nan";"None";"nan";"None";"nan";"None";"None";"None";"None";"0";"3";"Dépendance";"nan";"0.0";"S";"sols";"None";"None";"68.0";"7.277788";"43.696417";"000KR"
"2023-58692";"2023-11-24";"1";"Vente";"179000.0";"24.0";"None";"RUE CENTRALE";"1245";"06300";"06088";"Nice";"06";"None";"None";"06088000KR0047";"None";"None";"9";"30.54";"None";"nan";"None";"nan";"None";"None";"None";"None";"1";"2";"Appartement";"42.0";"2.0";"None";"None";"None";"None";"nan";"7.276672";"43.697395";"000KR"
"2023-57742";"2023-11-08";"1";"Vente";"158000.0";"7.0";"None";"RUE COLONNA D ISTRIA";"1590";"06300";"06088";"Nice";"06";"None";"None";"06088000KR0229";"None";"None";"10";"nan";"9";"nan";"None";"nan";"None";"None";"None";"None";"2";"2";"Appartement";"34.0";"2.0";"None";"None";"None";"None";"nan";"7.275449";"43.697383";"000KR"
"2023-57371";"2023-10-31";"1";"Vente";"300000.0";"11.0";"None";"RUE DE LA PREFECTURE";"5240";"06300";"06088";"Nice";"06";"None";"None";"06088000KR0237";"None";"None";"25";"nan";"None";"nan";"None";"nan";"None";"None";"None";"None";"1";"3";"Dépendance";"nan";"0.0";"None";"None";"None";"None";"nan";"7.274538";"43.696853";"000KR"
"2023-57449";"2023-10-30";"1";"Vente";"250000.0";"4.0";"T";"RUE ROSSETTI";"5595";"06300";"06088";"Nice";"06";"None";"None";"06088000KR0065";"None";"None";"5";"nan";"None";"nan";"None";"nan";"None";"None";"None";"None";"1";"3";"Dépendance";"nan";"0.0";"None";"None";"None";"None";"nan";"7.277476";"43.697356";"000KR"
"2023-57449";"2023-10-30";"1";"Vente";"250000.0";"19.0";"None";"RUE DE LA CROIX";"1770";"06300";"06088";"Nice";"06";"None";"None";"06088000KR0065";"None";"None";"6";"nan";"None";"nan";"None";"nan";"None";"None";"None";"None";"1";"4";"Local industriel. commercial ou assimilé";"26.0";"0.0";"None";"None";"None";"None";"nan";"7.277476";"43.697356";"000KR"
"2023-57180";"2023-10-27";"1";"Vente";"137400.0";"38.0";"None";"RUE DROITE";"2095";"06300";"06088";"Nice";"06";"None";"None";"06088000KR0127";"None";"None";"17";"nan";"None";"nan";"None";"nan";"None";"None";"None";"None";"1";"2";"Appartement";"29.0";"1.0";"None";"None";"None";"None";"nan";"7.277259";"43.696465";"000KR"
"2023-57330";"2023-10-27";"1";"Vente";"80000.0";"15.0";"None";"RUE COLONNA D ISTRIA";"1590";"06300";"06088";"Nice";"06";"None";"None";"06088000KR0233";"None";"None";"7";"11.25";"None";"nan";"None";"nan";"None";"None";"None";"None";"1";"4";"Local industriel. commercial ou assimilé";"16.0";"0.0";"None";"None";"None";"None";"nan";"7.275252";"43.696921";"000KR"
"2023-57567";"2023-10-20";"1";"Vente";"142000.0";"18.0";"None";"RUE BENOIT BUNICO";"0780";"06300";"06088";"Nice";"06";"None";"None";"06088000KR0048";"None";"None";"7";"nan";"8";"nan";"None";"nan";"None";"None";"None";"None";"2";"2";"Appartement";"55.0";"1.0";"None";"None";"None";"None";"nan";"7.276804";"43.697442";"000KR"
"2023-56824";"2023-10-19";"1";"Vente";"185000.0";"6.0";"None";"RUE FRANCIS GALLO";"2605";"06300";"06088";"Nice";"06";"None";"None";"06088000KR0223";"None";"None";"13";"22.77";"None";"nan";"None";"nan";"None";"None";"None";"None";"1";"2";"Appartement";"22.0";"1.0";"None";"None";"None";"None";"nan";"7.27559";"43.697626";"000KR"
"2023-57594";"2023-10-17";"1";"Vente";"71428.0";"3.0";"None";"RUE DE LA CONDAMINE";"1650";"06300";"06088";"Nice";"06";"None";"None";"06088000KR0077";"None";"None";"11";"29.38";"None";"nan";"None";"nan";"None";"None";"None";"None";"1";"2";"Appartement";"21.0";"1.0";"None";"None";"None";"None";"nan";"7.27788";"43.697263";"000KR"
"2023-56594";"2023-10-12";"1";"Vente";"195000.0";"11.0";"None";"RUE COLONNA D ISTRIA";"1590";"06300";"06088";"Nice";"06";"None";"None";"06088000KR0231";"None";"None";"80";"nan";"None";"nan";"None";"nan";"None";"None";"None";"None";"1";"2";"Appartement";"32.0";"2.0";"None";"None";"None";"None";"nan";"7.275248";"43.697084";"000KR"
"2023-56704";"2023-10-10";"1";"Vente";"200000.0";"17.0";"None";"RUE BENOIT BUNICO";"0780";"06300";"06088";"Nice";"06";"None";"None";"06088000KR0054";"None";"None";"7";"nan";"None";"nan";"None";"nan";"None";"None";"None";"None";"1";"2";"Appartement";"59.0";"3.0";"None";"None";"None";"None";"nan";"7.277025";"43.697411";"000KR"
"2023-56933";"2023-10-10";"1";"Vente";"371885.0";"8.0";"None";"RUE FRANCIS GALLO";"2605";"06300";"06088";"Nice";"06";"None";"None";"06088000KR0218";"None";"None";"22";"nan";"24";"nan";"None";"nan";"None";"None";"None";"None";"2";"4";"Local industriel. commercial ou assimilé";"25.0";"0.0";"None";"None";"None";"None";"nan";"7.275676";"43.697616";"000KR"
"2023-56933";"2023-10-10";"1";"Vente";"371885.0";"6.0";"A";"RUE FRANCIS GALLO";"2605";"06300";"06088";"Nice";"06";"None";"None";"06088000KR0218";"None";"None";"25";"nan";"None";"nan";"None";"nan";"None";"None";"None";"None";"1";"4";"Local industriel. commercial ou assimilé";"12.0";"0.0";"None";"None";"None";"None";"nan";"7.275676";"43.697616";"000KR"
"2023-56725";"2023-10-06";"1";"Vente";"10000.0";"4.0";"None";"RUE MALONAT";"3920";"06300";"06088";"Nice";"06";"None";"None";"06088000KR0146";"None";"None";"3";"nan";"None";"nan";"None";"nan";"None";"None";"None";"None";"1";"3";"Dépendance";"nan";"0.0";"None";"None";"None";"None";"nan";"7.277359";"43.696362";"000KR"
"2023-55925";"2023-10-03";"1";"Vente";"164250.0";"6.0";"None";"RUE DU JESUS";"3415";"06300";"06088";"Nice";"06";"None";"None";"06088000KR0175";"None";"None";"11";"nan";"None";"nan";"None";"nan";"None";"None";"None";"None";"1";"2";"Appartement";"24.0";"1.0";"None";"None";"None";"None";"nan";"7.276513";"43.696823";"000KR"
"2023-56531";"2023-10-02";"1";"Vente";"395000.0";"6.0";"None";"RLE DE LA BOUCHERIE";"0935";"06300";"06088";"Nice";"06";"None";"None";"06088000KR0212";"None";"None";"14";"nan";"None";"nan";"None";"nan";"None";"None";"None";"None";"1";"2";"Appartement";"62.0";"3.0";"None";"None";"None";"None";"nan";"7.275991";"43.697839";"000KR"
"2023-55830";"2023-09-28";"1";"Vente";"220000.0";"1.0";"None";"RUE COLONNA D ISTRIA";"1590";"06300";"06088";"Nice";"06";"None";"None";"06088000KR0219";"None";"None";"7";"nan";"None";"nan";"None";"nan";"None";"None";"None";"None";"1";"2";"Appartement";"16.0";"1.0";"None";"None";"None";"None";"nan";"7.275708";"43.697717";"000KR"
"2023-55781";"2023-09-20";"1";"Vente";"127500.0";"3.0";"None";"RUE DU PONTIN";"5220";"06300";"06088";"Nice";"06";"None";"None";"06088000KR0254";"None";"None";"11";"nan";"None";"nan";"None";"nan";"None";"None";"None";"None";"1";"2";"Appartement";"36.0";"2.0";"None";"None";"None";"None";"nan";"7.275012";"43.697251";"000KR"
"2023-55354";"2023-09-18";"1";"Vente";"111194.37";"31.0";"None";"RUE DE LA PREFECTURE";"5240";"06300";"06088";"Nice";"06";"None";"None";"06088000KR0154";"None";"None";"20";"nan";"None";"nan";"None";"nan";"None";"None";"None";"None";"1";"2";"Appartement";"38.0";"2.0";"None";"None";"None";"None";"nan";"7.276555";"43.696406";"000KR"
"2023-55076";"2023-09-13";"1";"Vente";"245000.0";"31.0";"None";"RUE DE LA PREFECTURE";"5240";"06300";"06088";"Nice";"06";"None";"None";"06088000KR0154";"None";"None";"6";"56.33";"None";"nan";"None";"nan";"None";"None";"None";"None";"1";"2";"Appartement";"42.0";"2.0";"None";"None";"None";"None";"nan";"7.276555";"43.696406";"000KR"
"2023-55086";"2023-09-13";"1";"Vente";"421000.0";"2.0";"None";"RUE DU JESUS";"3415";"06300";"06088";"Nice";"06";"None";"None";"06088000KR0181";"None";"None";"11";"38.1";"None";"nan";"None";"nan";"None";"None";"None";"None";"1";"2";"Appartement";"39.0";"2.0";"None";"None";"None";"None";"nan";"7.276145";"43.69685";"000KR"
"2023-55743";"2023-09-08";"1";"Vente";"898700.0";"12.0";"None";"RUE DU MARCHE";"3990";"06300";"06088";"Nice";"06";"None";"None";"06088000KR0239";"None";"None";"11";"100.62";"None";"nan";"None";"nan";"None";"None";"None";"None";"1";"2";"Appartement";"100.0";"4.0";"None";"None";"None";"None";"nan";"7.274404";"43.696948";"000KR"
"2023-55478";"2023-09-06";"1";"Vente";"225800.0";"7.0";"None";"RUE MASCOINAT";"4090";"06300";"06088";"Nice";"06";"None";"None";"06088000KR0274";"None";"None";"26";"nan";"None";"nan";"None";"nan";"None";"None";"None";"None";"1";"2";"Appartement";"40.0";"2.0";"None";"None";"None";"None";"nan";"7.276533";"43.697885";"000KR"
"2023-54561";"2023-08-30";"1";"Vente";"325470.0";"15.0";"None";"RUE COLONNA D ISTRIA";"1590";"06300";"06088";"Nice";"06";"None";"None";"06088000KR0233";"None";"None";"11";"nan";"None";"nan";"None";"nan";"None";"None";"None";"None";"1";"2";"Appartement";"58.0";"3.0";"None";"None";"None";"None";"nan";"7.275252";"43.696921";"000KR"
"2023-54165";"2023-08-24";"1";"Vente";"110170.0";"12.0";"None";"RUE MALONAT";"3920";"06300";"06088";"Nice";"06";"None";"None";"06088000KR0142";"None";"None";"6";"nan";"None";"nan";"None";"nan";"None";"None";"None";"None";"1";"2";"Appartement";"20.0";"1.0";"None";"None";"None";"None";"nan";"7.277754";"43.696335";"000KR"
"2023-55544";"2023-08-23";"1";"Vente";"215000.0";"5.0";"None";"RUE BENOIT BUNICO";"0780";"06300";"06088";"Nice";"06";"None";"None";"06088000KR0060";"None";"None";"9";"nan";"None";"nan";"None";"nan";"None";"None";"None";"None";"1";"2";"Appartement";"53.0";"2.0";"None";"None";"None";"None";"nan";"7.277123";"43.697823";"000KR"
"2023-54348";"2023-08-21";"1";"Vente";"325000.0";"8.0";"None";"RUE DE LA BOUCHERIE";"0930";"06300";"06088";"Nice";"06";"None";"None";"06088000KR0209";"None";"None";"3";"59.25";"None";"nan";"None";"nan";"None";"None";"None";"None";"1";"2";"Appartement";"50.0";"4.0";"None";"None";"None";"None";"nan";"7.27586";"43.697865";"000KR"
"2023-53740";"2023-08-08";"1";"Vente";"370000.0";"31.0";"None";"RUE BENOIT BUNICO";"0780";"06300";"06088";"Nice";"06";"None";"None";"06088000KR0152";"None";"None";"7";"111.58";"None";"nan";"None";"nan";"None";"None";"None";"None";"1";"2";"Appartement";"107.0";"5.0";"None";"None";"None";"None";"nan";"7.276793";"43.696411";"000KR"
"2023-54038";"2023-08-04";"1";"Vente";"111555.0";"24.0";"None";"RUE CENTRALE";"1245";"06300";"06088";"Nice";"06";"None";"None";"06088000KR0047";"None";"None";"14";"nan";"None";"nan";"None";"nan";"None";"None";"None";"None";"1";"3";"Dépendance";"nan";"0.0";"None";"None";"None";"None";"nan";"7.276672";"43.697395";"000KR"
"2023-53602";"2023-08-02";"1";"Vente";"160000.0";"24.0";"None";"RUE CENTRALE";"1245";"06300";"06088";"Nice";"06";"None";"None";"06088000KR0047";"None";"None";"11";"nan";"None";"nan";"None";"nan";"None";"None";"None";"None";"1";"2";"Appartement";"32.0";"1.0";"None";"None";"None";"None";"nan";"7.276672";"43.697395";"000KR"
"2023-54252";"2023-08-01";"1";"Vente";"237500.0";"10.0";"None";"RUE DE LA CROIX";"1770";"06300";"06088";"Nice";"06";"None";"None";"06088000KR0073";"None";"None";"17";"74.4";"None";"nan";"None";"nan";"None";"None";"None";"None";"1";"2";"Appartement";"77.0";"3.0";"None";"None";"None";"None";"nan";"7.277755";"43.697357";"000KR"
"2023-53435";"2023-07-31";"1";"Vente";"266000.0";"22.0";"None";"BD JEAN JAURES";"3360";"06300";"06088";"Nice";"06";"None";"None";"06088000KR0016";"None";"None";"5";"nan";"None";"nan";"None";"nan";"None";"None";"None";"None";"1";"2";"Appartement";"65.0";"4.0";"None";"None";"None";"None";"nan";"7.27651";"43.698246";"000KR"
"2023-54185";"2023-07-31";"1";"Vente";"140000.0";"8.0";"None";"RLE DE LA BOUCHERIE";"0935";"06300";"06088";"Nice";"06";"None";"None";"06088000KR0199";"None";"None";"10";"nan";"None";"nan";"None";"nan";"None";"None";"None";"None";"1";"2";"Appartement";"21.0";"2.0";"None";"None";"None";"None";"nan";"7.27619";"43.697709";"000KR"
"2023-53744";"2023-07-27";"1";"Vente";"48070.0";"7.0";"None";"RUE PLACE VIEILLE";"5155";"06300";"06088";"Nice";"06";"None";"None";"06088000KR0150";"None";"None";"7";"11.1";"None";"nan";"None";"nan";"None";"None";"None";"None";"1";"2";"Appartement";"12.0";"1.0";"None";"None";"None";"None";"nan";"7.276876";"43.696453";"000KR"
"2023-53169";"2023-07-25";"1";"Vente";"340000.0";"10.0";"None";"RUE DU MARCHE";"3990";"06300";"06088";"Nice";"06";"None";"None";"06088000KR0240";"None";"None";"9";"nan";"None";"nan";"None";"nan";"None";"None";"None";"None";"1";"2";"Appartement";"99.0";"4.0";"None";"None";"None";"None";"nan";"7.274467";"43.697139";"000KR"
"2023-53728";"2023-07-20";"1";"Vente";"245000.0";"3.0";"None";"RUE SAINT JOSEPH";"5825";"06300";"06088";"Nice";"06";"None";"None";"06088000KR0079";"None";"None";"3";"nan";"None";"nan";"None";"nan";"None";"None";"None";"None";"1";"2";"Appartement";"61.0";"2.0";"None";"None";"None";"None";"nan";"7.277901";"43.697412";"000KR"
"2023-53027";"2023-07-20";"1";"Vente";"125000.0";"17.0";"None";"RUE DE LA CROIX";"1770";"06300";"06088";"Nice";"06";"None";"None";"06088000KR0068";"None";"None";"10";"16.79";"None";"nan";"None";"nan";"None";"None";"None";"None";"1";"3";"Dépendance";"nan";"0.0";"None";"None";"None";"None";"nan";"7.277521";"43.697454";"000KR"
"2023-52547";"2023-07-10";"1";"Vente";"350000.0";"4.0";"None";"PL ROSSETTI";"5590";"06300";"06088";"Nice";"06";"None";"None";"06088000KR0028";"None";"None";"8";"55.08";"None";"nan";"None";"nan";"None";"None";"None";"None";"1";"2";"Appartement";"57.0";"3.0";"None";"None";"None";"None";"nan";"7.27645";"43.697333";"000KR"
"2023-52163";"2023-07-10";"1";"Vente";"23550.0";"6.0";"None";"RUE ROSSETTI";"5595";"06300";"06088";"Nice";"06";"None";"None";"06088000KR0075";"None";"None";"16";"nan";"None";"nan";"None";"nan";"None";"None";"None";"None";"1";"3";"Dépendance";"nan";"0.0";"None";"None";"None";"None";"nan";"7.277717";"43.697263";"000KR"
"2023-52092";"2023-07-04";"1";"Vente";"86780.28";"31.0";"None";"RUE DE LA PREFECTURE";"5240";"06300";"06088";"Nice";"06";"None";"None";"06088000KR0154";"None";"None";"11";"nan";"None";"nan";"None";"nan";"None";"None";"None";"None";"1";"2";"Appartement";"21.0";"1.0";"None";"None";"None";"None";"nan";"7.276555";"43.696406";"000KR"
"2023-53308";"2023-07-04";"1";"Vente";"170000.0";"15.0";"None";"RUE DE LA PREFECTURE";"5240";"06300";"06088";"Nice";"06";"None";"None";"06088000KR0236";"None";"None";"92";"nan";"None";"nan";"None";"nan";"None";"None";"None";"None";"1";"2";"Appartement";"28.0";"2.0";"None";"None";"None";"None";"nan";"7.274725";"43.696779";"000KR"
"2023-52315";"2023-07-03";"1";"Vente";"2.0";"25.0";"None";"RUE BENOIT BUNICO";"0780";"06300";"06088";"Nice";"06";"None";"None";"06088000KR0118";"None";"None";"23";"nan";"24";"nan";"None";"nan";"None";"None";"None";"None";"2";"2";"Appartement";"24.0";"2.0";"None";"None";"None";"None";"nan";"7.276926";"43.696972";"000KR"
"2023-51949";"2023-06-28";"1";"Vente";"357000.0";"20.0";"None";"RUE DROITE";"2095";"06300";"06088";"Nice";"06";"None";"None";"06088000KR0065";"None";"None";"31";"45.25";"None";"nan";"None";"nan";"None";"None";"None";"None";"1";"2";"Appartement";"43.0";"2.0";"None";"None";"None";"None";"nan";"7.277476";"43.697356";"000KR"
"2023-51382";"2023-06-20";"1";"Vente";"385000.0";"2.0";"None";"RUE DU PONT VIEUX";"5210";"06300";"06088";"Nice";"06";"None";"None";"06088000KR0019";"None";"None";"9";"93.8";"None";"nan";"None";"nan";"None";"None";"None";"None";"1";"2";"Appartement";"78.0";"4.0";"None";"None";"None";"None";"nan";"7.276585";"43.698077";"000KR"
"2023-51109";"2023-06-19";"1";"Vente";"110000.0";"4.0";"None";"RUE DU MOULIN";"4445";"06300";"06088";"Nice";"06";"None";"None";"06088000KR0268";"None";"None";"12";"nan";"None";"nan";"None";"nan";"None";"None";"None";"None";"1";"2";"Appartement";"17.0";"1.0";"None";"None";"None";"None";"nan";"7.274711";"43.697263";"000KR"
"2023-51176";"2023-06-15";"1";"Vente";"237270.0";"22.0";"None";"RUE DROITE";"2095";"06300";"06088";"Nice";"06";"None";"None";"06088000KR0066";"None";"None";"5";"nan";"None";"nan";"None";"nan";"None";"None";"None";"None";"1";"2";"Appartement";"60.0";"3.0";"None";"None";"None";"None";"nan";"7.277325";"43.697289";"000KR"
"2023-51997";"2023-06-13";"1";"Vente";"220000.0";"6.0";"None";"RUE COLONNA D ISTRIA";"1590";"06300";"06088";"Nice";"06";"None";"None";"06088000KR0215";"None";"None";"5";"nan";"None";"nan";"None";"nan";"None";"None";"None";"None";"1";"2";"Appartement";"43.0";"2.0";"None";"None";"None";"None";"nan";"7.275854";"43.697537";"000KR"
"2023-51520";"2023-06-09";"1";"Vente";"230000.0";"12.0";"None";"RUE BENOIT BUNICO";"0780";"06300";"06088";"Nice";"06";"None";"None";"06088000KR0263";"None";"None";"20";"nan";"None";"nan";"None";"nan";"None";"None";"None";"None";"1";"2";"Appartement";"58.0";"3.0";"None";"None";"None";"None";"nan";"7.27688";"43.697705";"000KR"
"2023-50586";"2023-06-07";"1";"Vente";"85000.0";"1.0";"None";"PL DU JESUS";"3414";"06300";"06088";"Nice";"06";"None";"None";"06088000KR0121";"None";"None";"17";"24.69";"None";"nan";"None";"nan";"None";"None";"None";"None";"1";"2";"Appartement";"14.0";"1.0";"None";"None";"None";"None";"nan";"7.277014";"43.696845";"000KR"
"2023-50591";"2023-06-06";"1";"Vente";"1000.0";"13.0";"None";"RUE COLONNA D ISTRIA";"1590";"06300";"06088";"Nice";"06";"None";"None";"06088000KR0231";"None";"None";"94";"nan";"None";"nan";"None";"nan";"None";"None";"None";"None";"1";"2";"Appartement";"30.0";"2.0";"None";"None";"None";"None";"nan";"7.275248";"43.697084";"000KR"
"2023-50883";"2023-05-31";"1";"Vente";"248200.0";"2.0";"None";"RUE ROSSETTI";"5595";"06300";"06088";"Nice";"06";"None";"None";"06088000KR0049";"None";"None";"8";"nan";"None";"nan";"None";"nan";"None";"None";"None";"None";"1";"2";"Appartement";"45.0";"2.0";"None";"None";"None";"None";"nan";"7.276766";"43.697343";"000KR"
"2023-50978";"2023-05-31";"1";"Vente";"98000.0";"15.0";"None";"RUE DE LA PREFECTURE";"5240";"06300";"06088";"Nice";"06";"None";"None";"06088000KR0236";"None";"None";"82";"nan";"None";"nan";"None";"nan";"None";"None";"None";"None";"1";"2";"Appartement";"21.0";"1.0";"None";"None";"None";"None";"nan";"7.274725";"43.696779";"000KR"
"2023-50979";"2023-05-31";"2";"Vente";"160000.0";"15.0";"None";"RUE DE LA PREFECTURE";"5240";"06300";"06088";"Nice";"06";"None";"None";"06088000KR0236";"None";"None";"82";"27.1";"None";"nan";"None";"nan";"None";"None";"None";"None";"1";"2";"Appartement";"21.0";"1.0";"None";"None";"None";"None";"nan";"7.274725";"43.696779";"000KR"
"2023-50980";"2023-05-31";"3";"Vente";"33666.0";"15.0";"None";"RUE DE LA PREFECTURE";"5240";"06300";"06088";"Nice";"06";"None";"None";"06088000KR0236";"None";"None";"82";"nan";"None";"nan";"None";"nan";"None";"None";"None";"None";"1";"2";"Appartement";"21.0";"1.0";"None";"None";"None";"None";"nan";"7.274725";"43.696779";"000KR"
"2023-50363";"2023-05-30";"1";"Vente";"109000.0";"6.0";"None";"RUE PLACE VIEILLE";"5155";"06300";"06088";"Nice";"06";"None";"None";"06088000KR0125";"None";"None";"6";"nan";"None";"nan";"None";"nan";"None";"None";"None";"None";"1";"3";"Dépendance";"nan";"0.0";"None";"None";"None";"None";"nan";"7.276933";"43.696628";"000KR"
"2023-51232";"2023-05-30";"1";"Vente";"380000.0";"29.0";"None";"RUE DE LA PREFECTURE";"5240";"06300";"06088";"Nice";"06";"None";"None";"06088000KR0155";"None";"None";"31";"nan";"None";"nan";"None";"nan";"None";"None";"None";"None";"1";"4";"Local industriel. commercial ou assimilé";"186.0";"0.0";"None";"None";"None";"None";"nan";"7.276415";"43.696463";"000KR"
"2023-50118";"2023-05-24";"1";"Vente";"315000.0";"4.0";"None";"RUE MALONAT";"3920";"06300";"06088";"Nice";"06";"None";"None";"06088000KR0146";"None";"None";"12";"nan";"None";"nan";"None";"nan";"None";"None";"None";"None";"1";"2";"Appartement";"80.0";"3.0";"None";"None";"None";"None";"nan";"7.277359";"43.696362";"000KR"
"2023-50930";"2023-05-23";"1";"Vente";"342000.0";"19.0";"None";"RUE DE LA PREFECTURE";"5240";"06300";"06088";"Nice";"06";"None";"None";"06088000KR0187";"None";"None";"39";"nan";"42";"nan";"None";"nan";"None";"None";"None";"None";"2";"2";"Appartement";"81.0";"3.0";"None";"None";"None";"None";"nan";"7.275436";"43.696661";"000KR"
"2023-50930";"2023-05-23";"1";"Vente";"342000.0";"19.0";"None";"RUE DE LA PREFECTURE";"5240";"06300";"06088";"Nice";"06";"None";"None";"06088000KR0187";"None";"None";"39";"nan";"42";"nan";"None";"nan";"None";"None";"None";"None";"2";"3";"Dépendance";"nan";"0.0";"None";"None";"None";"None";"nan";"7.275436";"43.696661";"000KR"
"2023-49744";"2023-05-17";"1";"Vente";"365500.0";"38.0";"None";"RUE DROITE";"2095";"06300";"06088";"Nice";"06";"None";"None";"06088000KR0127";"None";"None";"14";"nan";"None";"nan";"None";"nan";"None";"None";"None";"None";"1";"2";"Appartement";"100.0";"4.0";"None";"None";"None";"None";"nan";"7.277259";"43.696465";"000KR"
"2023-50639";"2023-05-17";"1";"Vente";"169929.0";"18.0";"None";"RUE BENOIT BUNICO";"0780";"06300";"06088";"Nice";"06";"None";"None";"06088000KR0048";"None";"None";"10";"nan";"None";"nan";"None";"nan";"None";"None";"None";"None";"1";"4";"Local industriel. commercial ou assimilé";"49.0";"0.0";"None";"None";"None";"None";"nan";"7.276804";"43.697442";"000KR"
"2023-50639";"2023-05-17";"1";"Vente";"169929.0";"12.0";"None";"RUE BENOIT BUNICO";"0780";"06300";"06088";"Nice";"06";"None";"None";"06088000KR0263";"None";"None";"1";"nan";"None";"nan";"None";"nan";"None";"None";"None";"None";"1";"4";"Local industriel. commercial ou assimilé";"30.0";"0.0";"None";"None";"None";"None";"nan";"7.27688";"43.697705";"000KR"
"2023-50640";"2023-05-17";"2";"Vente";"90071.0";"18.0";"None";"RUE BENOIT BUNICO";"0780";"06300";"06088";"Nice";"06";"None";"None";"06088000KR0048";"None";"None";"9";"nan";"None";"nan";"None";"nan";"None";"None";"None";"None";"1";"4";"Local industriel. commercial ou assimilé";"23.0";"0.0";"None";"None";"None";"None";"nan";"7.276804";"43.697442";"000KR"
"2023-49408";"2023-05-16";"1";"Vente";"480000.0";"10.0";"None";"RUE DU MARCHE";"3990";"06300";"06088";"Nice";"06";"None";"None";"06088000KR0240";"None";"None";"8";"nan";"None";"nan";"None";"nan";"None";"None";"None";"None";"1";"2";"Appartement";"83.0";"3.0";"None";"None";"None";"None";"nan";"7.274467";"43.697139";"000KR"
"2023-49584";"2023-05-15";"1";"Vente";"2000.0";"15.0";"None";"RUE COLONNA D ISTRIA";"1590";"06300";"06088";"Nice";"06";"None";"None";"06088000KR0233";"None";"None";"5";"nan";"None";"nan";"None";"nan";"None";"None";"None";"None";"1";"2";"Appartement";"58.0";"3.0";"None";"None";"None";"None";"nan";"7.275252";"43.696921";"000KR"
"2023-50107";"2023-05-15";"1";"Vente";"210000.0";"1.0";"None";"RUE DU JESUS";"3415";"06300";"06088";"Nice";"06";"None";"None";"06088000KR0162";"None";"None";"9";"nan";"None";"nan";"None";"nan";"None";"None";"None";"None";"1";"2";"Appartement";"30.0";"1.0";"None";"None";"None";"None";"nan";"7.276252";"43.696753";"000KR"
"2023-49224";"2023-05-10";"1";"Vente";"381000.0";"34.0";"None";"RUE DROITE";"2095";"06300";"06088";"Nice";"06";"None";"None";"06088000KR0105";"None";"None";"6";"80.5";"None";"nan";"None";"nan";"None";"None";"None";"None";"1";"2";"Appartement";"87.0";"4.0";"None";"None";"None";"None";"nan";"7.277277";"43.696894";"000KR"
"2023-49224";"2023-05-10";"1";"Vente";"381000.0";"34.0";"None";"RUE DROITE";"2095";"06300";"06088";"Nice";"06";"None";"None";"06088000KR0105";"None";"None";"6";"80.5";"None";"nan";"None";"nan";"None";"None";"None";"None";"1";"3";"Dépendance";"nan";"0.0";"None";"None";"None";"None";"nan";"7.277277";"43.696894";"000KR"
"2023-49007";"2023-05-05";"1";"Vente";"385000.0";"7.0";"None";"RUE DU JESUS";"3415";"06300";"06088";"Nice";"06";"None";"None";"06088000KR0123";"None";"None";"6";"nan";"7";"nan";"None";"nan";"None";"None";"None";"None";"2";"2";"Appartement";"63.0";"3.0";"None";"None";"None";"None";"nan";"7.276953";"43.696694";"000KR"
"2023-49230";"2023-05-04";"1";"Vente";"85000.0";"6.0";"None";"RUE FRANCIS GALLO";"2605";"06300";"06088";"Nice";"06";"None";"None";"06088000KR0223";"None";"None";"9";"29.91";"None";"nan";"None";"nan";"None";"None";"None";"None";"1";"2";"Appartement";"30.0";"1.0";"None";"None";"None";"None";"nan";"7.27559";"43.697626";"000KR"
"2023-49289";"2023-05-04";"1";"Vente";"345000.0";"29.0";"None";"RUE DROITE";"2095";"06300";"06088";"Nice";"06";"None";"None";"06088000KR0116";"None";"None";"114";"nan";"None";"nan";"None";"nan";"None";"None";"None";"None";"1";"2";"Appartement";"65.0";"3.0";"None";"None";"None";"None";"nan";"7.277068";"43.697048";"000KR"
"2023-48841";"2023-04-26";"1";"Vente";"282000.0";"3.0";"None";"RUE COLONNA D ISTRIA";"1590";"06300";"06088";"Nice";"06";"None";"None";"06088000KR0218";"None";"None";"28";"nan";"None";"nan";"None";"nan";"None";"None";"None";"None";"1";"2";"Appartement";"41.0";"3.0";"None";"None";"None";"None";"nan";"7.275676";"43.697616";"000KR"
"2023-48841";"2023-04-26";"1";"Vente";"282000.0";"3.0";"None";"RUE COLONNA D ISTRIA";"1590";"06300";"06088";"Nice";"06";"None";"None";"06088000KR0218";"None";"None";"28";"nan";"None";"nan";"None";"nan";"None";"None";"None";"None";"1";"3";"Dépendance";"nan";"0.0";"None";"None";"None";"None";"nan";"7.275676";"43.697616";"000KR"
"2023-48841";"2023-04-26";"1";"Vente";"282000.0";"3.0";"None";"RUE COLONNA D ISTRIA";"1590";"06300";"06088";"Nice";"06";"None";"None";"06088000KR0218";"None";"None";"28";"nan";"None";"nan";"None";"nan";"None";"None";"None";"None";"1";"3";"Dépendance";"nan";"0.0";"None";"None";"None";"None";"nan";"7.275676";"43.697616";"000KR"
"2023-48895";"2023-04-26";"1";"Vente";"6000.0";"7.0";"None";"RUE PLACE VIEILLE";"5155";"06300";"06088";"Nice";"06";"None";"None";"06088000KR0150";"None";"None";"14";"nan";"None";"nan";"None";"nan";"None";"None";"None";"None";"1";"3";"Dépendance";"nan";"0.0";"None";"None";"None";"None";"nan";"7.276876";"43.696453";"000KR"
"2023-48657";"2023-04-21";"1";"Vente";"232000.0";"3.0";"None";"RUE DU PONT VIEUX";"5210";"06300";"06088";"Nice";"06";"None";"None";"06088000KR0203";"None";"None";"11";"nan";"None";"nan";"None";"nan";"None";"None";"None";"None";"1";"2";"Appartement";"44.0";"2.0";"None";"None";"None";"None";"nan";"7.276219";"43.697927";"000KR"
"2023-49035";"2023-04-20";"1";"Vente";"190000.0";"6.0";"None";"RUE DU MOULIN";"4445";"06300";"06088";"Nice";"06";"None";"None";"06088000KR0251";"None";"None";"2";"nan";"None";"nan";"None";"nan";"None";"None";"None";"None";"1";"2";"Appartement";"50.0";"2.0";"None";"None";"None";"None";"nan";"7.274888";"43.697207";"000KR"
"2023-48112";"2023-04-19";"1";"Vente";"217000.0";"3.0";"None";"RUE FRANCIS GALLO";"2605";"06300";"06088";"Nice";"06";"None";"None";"06088000KR0225";"None";"None";"8";"nan";"None";"nan";"None";"nan";"None";"None";"None";"None";"1";"2";"Appartement";"40.0";"2.0";"None";"None";"None";"None";"nan";"7.275532";"43.697493";"000KR"
"2023-48668";"2023-04-18";"1";"Vente";"133200.0";"24.0";"None";"RUE CENTRALE";"1245";"06300";"06088";"Nice";"06";"None";"None";"06088000KR0047";"None";"None";"15";"nan";"None";"nan";"None";"nan";"None";"None";"None";"None";"1";"2";"Appartement";"15.0";"1.0";"None";"None";"None";"None";"nan";"7.276672";"43.697395";"000KR"
"2023-48079";"2023-04-06";"1";"Vente";"205190.42";"5.0";"None";"RUE DU JESUS";"3415";"06300";"06088";"Nice";"06";"None";"None";"06088000KR0167";"None";"None";"17";"nan";"None";"nan";"None";"nan";"None";"None";"None";"None";"1";"2";"Appartement";"33.0";"3.0";"None";"None";"None";"None";"nan";"7.276628";"43.696726";"000KR"
"2023-47490";"2023-04-05";"1";"Vente";"210000.0";"1.0";"None";"RUE PLACE VIEILLE";"5155";"06300";"06088";"Nice";"06";"None";"None";"06088000KR0159";"None";"None";"10";"38.21";"None";"nan";"None";"nan";"None";"None";"None";"None";"1";"2";"Appartement";"39.0";"2.0";"None";"None";"None";"None";"nan";"7.276054";"43.696542";"000KR"
"2023-48415";"2023-04-04";"1";"Vente";"528120.0";"18.0";"None";"RUE MALONAT";"3920";"06300";"06088";"Nice";"06";"None";"None";"06088000KR0139";"None";"None";"48";"nan";"None";"nan";"None";"nan";"None";"None";"None";"None";"1";"2";"Appartement";"104.0";"4.0";"None";"None";"None";"None";"nan";"7.278011";"43.696352";"000KR"
"2023-48415";"2023-04-04";"1";"Vente";"528120.0";"18.0";"None";"RUE MALONAT";"3920";"06300";"06088";"Nice";"06";"None";"None";"06088000KR0139";"None";"None";"48";"nan";"None";"nan";"None";"nan";"None";"None";"None";"None";"1";"3";"Dépendance";"nan";"0.0";"None";"None";"None";"None";"nan";"7.278011";"43.696352";"000KR"
"2023-47726";"2023-04-03";"1";"Vente";"180980.0";"4.0";"None";"RLE DE LA BOUCHERIE";"0935";"06300";"06088";"Nice";"06";"None";"None";"06088000KR0211";"None";"None";"11";"nan";"None";"nan";"None";"nan";"None";"None";"None";"None";"1";"2";"Appartement";"34.0";"1.0";"None";"None";"None";"None";"nan";"7.275836";"43.6978";"000KR"
"2023-47142";"2023-03-28";"1";"Vente";"382000.0";"10.0";"None";"RUE SAINT VINCENT";"5975";"06300";"06088";"Nice";"06";"None";"None";"06088000KR0232";"None";"None";"25";"nan";"None";"nan";"None";"nan";"None";"None";"None";"None";"1";"2";"Appartement";"103.0";"5.0";"None";"None";"None";"None";"nan";"7.275136";"43.696964";"000KR"
"2023-47750";"2023-03-24";"1";"Vente";"705000.0";"6.0";"None";"RUE ABBAYE";"0010";"06300";"06088";"Nice";"06";"None";"None";"06088000KR0245";"None";"None";"1";"47.33";"None";"nan";"None";"nan";"None";"None";"None";"None";"1";"2";"Appartement";"36.0";"3.0";"None";"None";"None";"None";"nan";"7.274805";"43.697007";"000KR"
"2023-47750";"2023-03-24";"1";"Vente";"705000.0";"6.0";"None";"RUE ABBAYE";"0010";"06300";"06088";"Nice";"06";"None";"None";"06088000KR0245";"None";"None";"2";"48.24";"None";"nan";"None";"nan";"None";"None";"None";"None";"1";"2";"Appartement";"36.0";"3.0";"None";"None";"None";"None";"nan";"7.274805";"43.697007";"000KR"
"2023-47750";"2023-03-24";"1";"Vente";"705000.0";"6.0";"None";"RUE ABBAYE";"0010";"06300";"06088";"Nice";"06";"None";"None";"06088000KR0245";"None";"None";"3";"50.71";"None";"nan";"None";"nan";"None";"None";"None";"None";"1";"2";"Appartement";"46.0";"3.0";"None";"None";"None";"None";"nan";"7.274805";"43.697007";"000KR"
"2023-47593";"2023-03-24";"1";"Vente";"103000.0";"3.0";"None";"RUE CENTRALE";"1245";"06300";"06088";"Nice";"06";"None";"None";"06088000KR0029";"None";"None";"1";"nan";"16";"nan";"None";"nan";"None";"None";"None";"None";"2";"4";"Local industriel. commercial ou assimilé";"55.0";"0.0";"None";"None";"None";"None";"nan";"7.276516";"43.697421";"000KR"
"2023-46831";"2023-03-23";"1";"Vente";"213500.0";"14.0";"None";"RUE BENOIT BUNICO";"0780";"06300";"06088";"Nice";"06";"None";"None";"06088000KR0044";"None";"None";"12";"nan";"None";"nan";"None";"nan";"None";"None";"None";"None";"1";"2";"Appartement";"33.0";"2.0";"None";"None";"None";"None";"nan";"7.276795";"43.69759";"000KR"
"2023-47469";"2023-03-20";"1";"Vente";"4500.0";"11.0";"None";"RUE MASCOINAT";"4090";"06300";"06088";"Nice";"06";"None";"None";"06088000KR0026";"None";"None";"2";"nan";"None";"nan";"None";"nan";"None";"None";"None";"None";"1";"3";"Dépendance";"nan";"0.0";"None";"None";"None";"None";"nan";"7.276295";"43.697532";"000KR"
"2023-46599";"2023-03-17";"1";"Vente";"100000.0";"32.0";"None";"RUE DROITE";"2095";"06300";"06088";"Nice";"06";"None";"None";"06088000KR0275";"None";"None";"6";"26.2";"None";"nan";"None";"nan";"None";"None";"None";"None";"1";"2";"Appartement";"53.0";"2.0";"None";"None";"None";"None";"nan";"7.277386";"43.696955";"000KR"
"2023-46789";"2023-03-17";"1";"Vente";"185000.0";"38.0";"None";"BD JEAN JAURES";"3360";"06300";"06088";"Nice";"06";"None";"None";"06088000KR0008";"None";"None";"5";"nan";"None";"nan";"None";"nan";"None";"None";"None";"None";"1";"2";"Appartement";"30.0";"2.0";"None";"None";"None";"None";"nan";"7.275353";"43.697812";"000KR"
"2023-47481";"2023-03-14";"1";"Vente";"159900.0";"17.0";"None";"RUE DE LA CROIX";"1770";"06300";"06088";"Nice";"06";"None";"None";"06088000KR0068";"None";"None";"11";"29.84";"None";"nan";"None";"nan";"None";"None";"None";"None";"1";"2";"Appartement";"29.0";"1.0";"None";"None";"None";"None";"nan";"7.277521";"43.697454";"000KR"
"2023-46639";"2023-03-13";"1";"Vente";"141000.0";"26.0";"None";"RUE DROITE";"2095";"06300";"06088";"Nice";"06";"None";"None";"06088000KR0113";"None";"None";"10";"nan";"None";"nan";"None";"nan";"None";"None";"None";"None";"1";"2";"Appartement";"32.0";"2.0";"None";"None";"None";"None";"nan";"7.277365";"43.697123";"000KR"
"2023-46167";"2023-03-06";"1";"Vente";"471870.0";"7.0";"None";"RUE DU JESUS";"3415";"06300";"06088";"Nice";"06";"None";"None";"06088000KR0123";"None";"None";"9";"nan";"None";"nan";"None";"nan";"None";"None";"None";"None";"1";"2";"Appartement";"63.0";"3.0";"None";"None";"None";"None";"nan";"7.276953";"43.696694";"000KR"
"2023-46167";"2023-03-06";"1";"Vente";"471870.0";"7.0";"None";"RUE DU JESUS";"3415";"06300";"06088";"Nice";"06";"None";"None";"06088000KR0123";"None";"None";"13";"nan";"None";"nan";"None";"nan";"None";"None";"None";"None";"1";"2";"Appartement";"32.0";"2.0";"None";"None";"None";"None";"nan";"7.276953";"43.696694";"000KR"
"2023-46167";"2023-03-06";"1";"Vente";"471870.0";"7.0";"None";"RUE DU JESUS";"3415";"06300";"06088";"Nice";"06";"None";"None";"06088000KR0123";"None";"None";"16";"nan";"None";"nan";"None";"nan";"None";"None";"None";"None";"1";"3";"Dépendance";"nan";"0.0";"None";"None";"None";"None";"nan";"7.276953";"43.696694";"000KR"
"2023-46875";"2023-03-06";"1";"Vente";"335000.0";"17.0";"None";"RUE DE LA PREFECTURE";"5240";"06300";"06088";"Nice";"06";"None";"None";"06088000KR0235";"None";"None";"2";"nan";"None";"nan";"None";"nan";"None";"None";"None";"None";"1";"4";"Local industriel. commercial ou assimilé";"50.0";"0.0";"None";"None";"None";"None";"nan";"7.275107";"43.696699";"000KR"
"2023-46504";"2023-03-01";"1";"Vente";"500000.0";"20.0";"None";"BD JEAN JAURES";"3360";"06300";"06088";"Nice";"06";"None";"None";"06088000KR0017";"None";"None";"34";"nan";"39";"106.0";"None";"nan";"None";"None";"None";"None";"2";"4";"Local industriel. commercial ou assimilé";"108.0";"0.0";"None";"None";"None";"None";"nan";"7.276701";"43.698304";"000KR"
"2023-46064";"2023-02-27";"1";"Vente";"222000.0";"34.0";"None";"RUE DROITE";"2095";"06300";"06088";"Nice";"06";"None";"None";"06088000KR0105";"None";"None";"7";"nan";"None";"nan";"None";"nan";"None";"None";"None";"None";"1";"2";"Appartement";"40.0";"2.0";"None";"None";"None";"None";"nan";"7.277277";"43.696894";"000KR"
"2023-46222";"2023-02-23";"1";"Vente";"54000.0";"7.0";"None";"RUE PLACE VIEILLE";"5155";"06300";"06088";"Nice";"06";"None";"None";"06088000KR0150";"None";"None";"19";"10.0";"None";"nan";"None";"nan";"None";"None";"None";"None";"1";"2";"Appartement";"11.0";"1.0";"None";"None";"None";"None";"nan";"7.276876";"43.696453";"000KR"
"2023-46293";"2023-02-23";"1";"Vente";"162912.69";"31.0";"None";"RUE DE LA PREFECTURE";"5240";"06300";"06088";"Nice";"06";"None";"None";"06088000KR0154";"None";"None";"18";"nan";"None";"nan";"None";"nan";"None";"None";"None";"None";"1";"2";"Appartement";"42.0";"2.0";"None";"None";"None";"None";"nan";"7.276555";"43.696406";"000KR"
"2023-46200";"2023-02-22";"1";"Vente";"180000.0";"9.0";"None";"RUE SAINT JOSEPH";"5825";"06300";"06088";"Nice";"06";"None";"None";"06088000KR0081";"None";"None";"7";"nan";"None";"nan";"None";"nan";"None";"None";"None";"None";"1";"2";"Appartement";"30.0";"2.0";"None";"None";"None";"None";"nan";"7.278203";"43.697222";"000KR"
"2023-45823";"2023-02-17";"1";"Vente";"146500.0";"23.0";"None";"RUE DE LA PREFECTURE";"5240";"06300";"06088";"Nice";"06";"None";"None";"06088000KR0184";"None";"None";"21";"nan";"None";"nan";"None";"nan";"None";"None";"None";"None";"1";"2";"Appartement";"20.0";"2.0";"None";"None";"None";"None";"nan";"7.27584";"43.696486";"000KR"
"2023-46461";"2023-02-14";"1";"Vente";"270000.0";"4.0";"None";"RUE SAINTE REPARATE";"6065";"06300";"06088";"Nice";"06";"None";"None";"06088000KR0161";"None";"None";"5";"nan";"None";"nan";"None";"nan";"None";"None";"None";"None";"1";"2";"Appartement";"20.0";"1.0";"None";"None";"None";"None";"nan";"7.27612";"43.696741";"000KR"
"2023-46461";"2023-02-14";"1";"Vente";"270000.0";"4.0";"None";"RUE SAINTE REPARATE";"6065";"06300";"06088";"Nice";"06";"None";"None";"06088000KR0161";"None";"None";"5";"nan";"None";"nan";"None";"nan";"None";"None";"None";"None";"1";"2";"Appartement";"47.0";"3.0";"None";"None";"None";"None";"nan";"7.27612";"43.696741";"000KR"
"2023-45815";"2023-02-10";"1";"Vente";"168000.0";"4.0";"B";"RUE DE LA BOUCHERIE";"0930";"06300";"06088";"Nice";"06";"None";"None";"06088000KR0207";"None";"None";"5";"nan";"None";"nan";"None";"nan";"None";"None";"None";"None";"1";"2";"Appartement";"28.0";"2.0";"None";"None";"None";"None";"nan";"7.27598";"43.697928";"000KR"
"2023-45203";"2023-02-09";"1";"Vente";"355130.0";"15.0";"None";"RUE DU CHATEAU";"1335";"06300";"06088";"Nice";"06";"None";"None";"06088000KR0134";"None";"None";"18";"nan";"45";"nan";"None";"nan";"None";"None";"None";"None";"2";"2";"Appartement";"46.0";"2.0";"None";"None";"None";"None";"nan";"7.277852";"43.696417";"000KR"
"2023-45594";"2023-02-09";"1";"Vente";"157250.0";"1.0";"B";"RUE CENTRALE";"1245";"06300";"06088";"Nice";"06";"None";"None";"06088000KR0033";"None";"None";"40";"nan";"None";"nan";"None";"nan";"None";"None";"None";"None";"1";"2";"Appartement";"29.0";"2.0";"None";"None";"None";"None";"nan";"7.276561";"43.697609";"000KR"
"2023-45203";"2023-02-09";"1";"Vente";"355130.0";"15.0";"None";"RUE DU CHATEAU";"1335";"06300";"06088";"Nice";"06";"None";"None";"06088000KR0134";"None";"None";"18";"nan";"45";"nan";"None";"nan";"None";"None";"None";"None";"2";"3";"Dépendance";"nan";"0.0";"None";"None";"None";"None";"nan";"7.277852";"43.696417";"000KR"
"2023-44720";"2023-02-06";"1";"Vente";"170000.0";"22.0";"None";"RUE BENOIT BUNICO";"0780";"06300";"06088";"Nice";"06";"None";"None";"06088000KR0169";"None";"None";"25";"nan";"7";"nan";"None";"nan";"None";"None";"None";"None";"2";"2";"Appartement";"34.0";"1.0";"None";"None";"None";"None";"nan";"7.276665";"43.697009";"000KR"
"2023-44720";"2023-02-06";"1";"Vente";"170000.0";"22.0";"None";"RUE BENOIT BUNICO";"0780";"06300";"06088";"Nice";"06";"None";"None";"06088000KR0169";"None";"None";"25";"nan";"7";"nan";"None";"nan";"None";"None";"None";"None";"2";"3";"Dépendance";"nan";"0.0";"None";"None";"None";"None";"nan";"7.276665";"43.697009";"000KR"
"2023-44365";"2023-02-02";"1";"Vente";"195000.0";"6.0";"None";"RUE DU JESUS";"3415";"06300";"06088";"Nice";"06";"None";"None";"06088000KR0175";"None";"None";"12";"nan";"None";"nan";"None";"nan";"None";"None";"None";"None";"1";"2";"Appartement";"41.0";"3.0";"None";"None";"None";"None";"nan";"7.276513";"43.696823";"000KR"
"2023-44556";"2023-02-02";"1";"Vente";"351000.0";"28.0";"None";"RUE DROITE";"2095";"06300";"06088";"Nice";"06";"None";"None";"06088000KR0110";"None";"None";"3";"55.03";"None";"nan";"None";"nan";"None";"None";"None";"None";"1";"2";"Appartement";"57.0";"3.0";"None";"None";"None";"None";"nan";"7.27732";"43.697074";"000KR"
"2023-44650";"2023-01-30";"1";"Vente";"315900.0";"11.0";"None";"RUE DE LA PREFECTURE";"5240";"06300";"06088";"Nice";"06";"None";"None";"06088000KR0237";"None";"None";"20";"nan";"None";"nan";"None";"nan";"None";"None";"None";"None";"1";"2";"Appartement";"59.0";"3.0";"None";"None";"None";"None";"nan";"7.274538";"43.696853";"000KR"
"2023-44939";"2023-01-26";"1";"Vente";"186000.0";"8.0";"None";"RUE BENOIT BUNICO";"0780";"06300";"06088";"Nice";"06";"None";"None";"06088000KR0040";"None";"None";"20";"nan";"None";"nan";"None";"nan";"None";"None";"None";"None";"1";"2";"Appartement";"25.0";"2.0";"None";"None";"None";"None";"nan";"7.276934";"43.697813";"000KR"
"2023-44461";"2023-01-24";"1";"Vente";"173150.0";"3.0";"None";"RUE SAINT VINCENT";"5975";"06300";"06088";"Nice";"06";"None";"None";"06088000KR0249";"None";"None";"30";"nan";"None";"nan";"None";"nan";"None";"None";"None";"None";"1";"2";"Appartement";"27.0";"3.0";"None";"None";"None";"None";"nan";"7.275023";"43.697183";"000KR"
"2023-45342";"2023-01-24";"1";"Vente";"199300.0";"2.0";"None";"RUE PLACE VIEILLE";"5155";"06300";"06088";"Nice";"06";"None";"None";"06088000KR0160";"None";"None";"11";"27.04";"None";"nan";"None";"nan";"None";"None";"None";"None";"1";"2";"Appartement";"26.0";"1.0";"None";"None";"None";"None";"nan";"7.276113";"43.696653";"000KR"
"2023-44761";"2023-01-23";"1";"Vente";"140000.0";"12.0";"None";"RUE ABBAYE";"0010";"06300";"06088";"Nice";"06";"None";"None";"06088000KR0188";"None";"None";"14";"18.23";"None";"nan";"None";"nan";"None";"None";"None";"None";"1";"2";"Appartement";"26.0";"2.0";"None";"None";"None";"None";"nan";"7.275433";"43.696835";"000KR"
"2023-44422";"2023-01-19";"1";"Vente";"188881.0";"16.0";"None";"RUE CENTRALE";"1245";"06300";"06088";"Nice";"06";"None";"None";"06088000KR0042";"None";"None";"2";"nan";"None";"nan";"None";"nan";"None";"None";"None";"None";"1";"2";"Appartement";"29.0";"2.0";"None";"None";"None";"None";"nan";"7.276791";"43.697753";"000KR"
"2023-44596";"2023-01-16";"1";"Vente";"316750.0";"1.0";"None";"RUE ROSSETTI";"5595";"06300";"06088";"Nice";"06";"None";"None";"06088000KR0170";"None";"None";"4";"nan";"None";"nan";"None";"nan";"None";"None";"None";"None";"1";"2";"Appartement";"55.0";"3.0";"None";"None";"None";"None";"nan";"7.276751";"43.697141";"000KR"
"2023-44754";"2023-01-16";"1";"Vente";"300000.0";"36.0";"None";"RUE DROITE";"2095";"06300";"06088";"Nice";"06";"None";"None";"06088000KR0103";"None";"None";"3";"nan";"None";"nan";"None";"nan";"None";"None";"None";"None";"1";"2";"Appartement";"85.0";"3.0";"None";"None";"None";"None";"nan";"7.277368";"43.696626";"000KR"
"2023-44404";"2023-01-10";"1";"Vente";"199000.0";"31.0";"None";"RUE DROITE";"2095";"06300";"06088";"Nice";"06";"None";"None";"06088000KR0117";"None";"None";"3";"nan";"None";"nan";"None";"nan";"None";"None";"None";"None";"1";"2";"Appartement";"35.0";"2.0";"None";"None";"None";"None";"nan";"7.277069";"43.696969";"000KR"
"2023-43678";"2023-01-05";"1";"Vente";"13000.0";"13.0";"None";"RUE DE LA CONDAMINE";"1650";"06300";"06088";"Nice";"06";"None";"None";"06088000KR0100";"None";"None";"10";"nan";"None";"nan";"None";"nan";"None";"None";"None";"None";"1";"3";"Dépendance";"nan";"0.0";"None";"None";"None";"None";"nan";"7.277842";"43.696965";"000KR"
"2023-44043";"2023-01-03";"1";"Vente";"640000.0";"29.0";"None";"RUE DE LA PREFECTURE";"5240";"06300";"06088";"Nice";"06";"None";"None";"06088000KR0155";"None";"None";"46";"134.27";"None";"nan";"None";"nan";"None";"None";"None";"None";"1";"2";"Appartement";"52.0";"3.0";"None";"None";"None";"None";"nan";"7.276415";"43.696463";"000KR"
"2023-44043";"2023-01-03";"1";"Vente";"640000.0";"29.0";"None";"RUE DE LA PREFECTURE";"5240";"06300";"06088";"Nice";"06";"None";"None";"06088000KR0155";"None";"None";"46";"134.27";"None";"nan";"None";"nan";"None";"None";"None";"None";"1";"2";"Appartement";"75.0";"3.0";"None";"None";"None";"None";"nan";"7.276415";"43.696463";"000KR"
"2022-71161";"2022-12-23";"1";"Vente";"164825.0";"4.0";"None";"RLE DE LA BOUCHERIE";"0935";"06300";"06088";"Nice";"06";"None";"None";"06088000KR0211";"None";"None";"10";"nan";"None";"nan";"None";"nan";"None";"None";"None";"None";"1";"2";"Appartement";"29.0";"1.0";"None";"None";"None";"None";"nan";"7.275836";"43.6978";"000KR"
"2022-71214";"2022-12-21";"1";"Vente";"287430.0";"18.0";"None";"RUE MALONAT";"3920";"06300";"06088";"Nice";"06";"None";"None";"06088000KR0139";"None";"None";"44";"nan";"None";"nan";"None";"nan";"None";"None";"None";"None";"1";"2";"Appartement";"57.0";"3.0";"None";"None";"None";"None";"nan";"7.278011";"43.696352";"000KR"
"2022-71362";"2022-12-21";"1";"Vente";"162000.0";"9.0";"None";"RUE CENTRALE";"1245";"06300";"06088";"Nice";"06";"None";"None";"06088000KR0272";"None";"None";"4";"48.45";"None";"nan";"None";"nan";"None";"None";"None";"None";"1";"2";"Appartement";"50.0";"3.0";"None";"None";"None";"None";"nan";"7.276301";"43.696952";"000KR"
"2022-71398";"2022-12-21";"1";"Vente";"236000.0";"5.0";"None";"RUE ABBAYE";"0010";"06300";"06088";"Nice";"06";"None";"None";"06088000KR0182";"None";"None";"6";"59.15";"None";"nan";"None";"nan";"None";"None";"None";"None";"1";"2";"Appartement";"78.0";"3.0";"None";"None";"None";"None";"nan";"7.275868";"43.696635";"000KR"
"2022-70109";"2022-12-16";"1";"Vente";"255700.0";"1.0";"None";"DSC DU MARCHE";"3985";"06300";"06088";"Nice";"06";"None";"None";"06088000KR0001";"None";"None";"26";"nan";"None";"nan";"None";"nan";"None";"None";"None";"None";"1";"2";"Appartement";"33.0";"2.0";"None";"None";"None";"None";"nan";"7.274662";"43.697456";"000KR"
"2022-69814";"2022-12-13";"1";"Vente";"335000.0";"15.0";"B";"RUE DU PONT VIEUX";"5210";"06300";"06088";"Nice";"06";"None";"None";"06088000KR0196";"None";"None";"3";"nan";"6";"nan";"8";"nan";"None";"None";"None";"None";"3";"4";"Local industriel. commercial ou assimilé";"60.0";"0.0";"None";"None";"None";"None";"nan";"7.276066";"43.697405";"000KR"
"2022-70281";"2022-12-09";"1";"Vente";"237950.0";"14.0";"None";"RUE DE LA CONDAMINE";"1650";"06300";"06088";"Nice";"06";"None";"None";"06088000KR0093";"None";"None";"26";"41.22";"None";"nan";"None";"nan";"None";"None";"None";"None";"1";"2";"Appartement";"38.0";"2.0";"None";"None";"None";"None";"nan";"7.278044";"43.696875";"000KR"
"2022-69775";"2022-12-08";"1";"Vente";"122000.0";"6.0";"None";"RUE FRANCIS GALLO";"2605";"06300";"06088";"Nice";"06";"None";"None";"06088000KR0223";"None";"None";"14";"nan";"None";"nan";"None";"nan";"None";"None";"None";"None";"1";"2";"Appartement";"30.0";"1.0";"None";"None";"None";"None";"nan";"7.27559";"43.697626";"000KR"
"2022-70627";"2022-12-08";"1";"Vente";"180000.0";"13.0";"None";"RUE COLONNA D ISTRIA";"1590";"06300";"06088";"Nice";"06";"None";"None";"06088000KR0231";"None";"None";"61";"nan";"None";"nan";"None";"nan";"None";"None";"None";"None";"1";"2";"Appartement";"30.0";"1.0";"None";"None";"None";"None";"nan";"7.275248";"43.697084";"000KR"
"2022-70046";"2022-12-05";"1";"Vente";"175000.0";"32.0";"None";"RUE CENTRALE";"1245";"06300";"06088";"Nice";"06";"None";"None";"06088000KR0172";"None";"None";"21";"nan";"None";"nan";"None";"nan";"None";"None";"None";"None";"1";"2";"Appartement";"54.0";"2.0";"None";"None";"None";"None";"nan";"7.27664";"43.697083";"000KR"
"2022-70513";"2022-12-05";"1";"Vente";"330000.0";"13.0";"None";"RUE DE LA CROIX";"1770";"06300";"06088";"Nice";"06";"None";"None";"06088000KR0070";"None";"None";"6";"nan";"None";"nan";"None";"nan";"None";"None";"None";"None";"1";"2";"Appartement";"52.0";"4.0";"None";"None";"None";"None";"nan";"7.277619";"43.697595";"000KR"
"2022-69274";"2022-11-30";"1";"Vente";"360000.0";"8.0";"None";"RUE DE LA BOUCHERIE";"0930";"06300";"06088";"Nice";"06";"None";"None";"06088000KR0209";"None";"None";"3";"nan";"None";"nan";"None";"nan";"None";"None";"None";"None";"1";"2";"Appartement";"50.0";"4.0";"None";"None";"None";"None";"nan";"7.27586";"43.697865";"000KR"
"2022-70370";"2022-11-29";"1";"Vente";"343000.0";"19.0";"None";"RUE DE LA PREFECTURE";"5240";"06300";"06088";"Nice";"06";"None";"None";"06088000KR0187";"None";"None";"18";"nan";"None";"nan";"None";"nan";"None";"None";"None";"None";"1";"2";"Appartement";"80.0";"2.0";"None";"None";"None";"None";"nan";"7.275436";"43.696661";"000KR"
"2022-69073";"2022-11-28";"1";"Vente";"243000.0";"10.0";"None";"RUE MASCOINAT";"4090";"06300";"06088";"Nice";"06";"None";"None";"06088000KR0031";"None";"None";"4";"nan";"None";"nan";"None";"nan";"None";"None";"None";"None";"1";"2";"Appartement";"45.0";"2.0";"None";"None";"None";"None";"nan";"7.276424";"43.697458";"000KR"
"2022-69150";"2022-11-24";"1";"Vente";"200000.0";"5.0";"None";"RUE SAINTE REPARATE";"6065";"06300";"06088";"Nice";"06";"None";"None";"06088000KR0192";"None";"None";"7";"nan";"None";"nan";"None";"nan";"None";"None";"None";"None";"1";"2";"Appartement";"70.0";"2.0";"None";"None";"None";"None";"nan";"7.275819";"43.696785";"000KR"
"2022-69210";"2022-11-23";"1";"Vente";"144000.0";"29.0";"None";"RUE BENOIT BUNICO";"0780";"06300";"06088";"Nice";"06";"None";"None";"06088000KR0124";"None";"None";"4";"21.17";"None";"nan";"None";"nan";"None";"None";"None";"None";"1";"2";"Appartement";"26.0";"1.0";"None";"None";"None";"None";"nan";"7.276801";"43.696633";"000KR"
"2022-70144";"2022-11-23";"1";"Vente";"35000.0";"6.0";"None";"RUE DU JESUS";"3415";"06300";"06088";"Nice";"06";"None";"None";"06088000KR0175";"None";"None";"1";"nan";"2";"nan";"None";"nan";"None";"None";"None";"None";"2";"3";"Dépendance";"nan";"0.0";"None";"None";"None";"None";"nan";"7.276513";"43.696823";"000KR"
"2022-70144";"2022-11-23";"1";"Vente";"35000.0";"6.0";"None";"RUE DU JESUS";"3415";"06300";"06088";"Nice";"06";"None";"None";"06088000KR0175";"None";"None";"1";"nan";"2";"nan";"None";"nan";"None";"None";"None";"None";"2";"3";"Dépendance";"nan";"0.0";"None";"None";"None";"None";"nan";"7.276513";"43.696823";"000KR"
"2022-68606";"2022-11-16";"1";"Vente";"538000.0";"29.0";"None";"RUE DE LA PREFECTURE";"5240";"06300";"06088";"Nice";"06";"None";"None";"06088000KR0155";"None";"None";"40";"nan";"None";"nan";"None";"nan";"None";"None";"None";"None";"1";"2";"Appartement";"125.0";"4.0";"None";"None";"None";"None";"nan";"7.276415";"43.696463";"000KR"
"2022-68775";"2022-11-14";"1";"Vente";"296000.0";"38.0";"None";"RUE DROITE";"2095";"06300";"06088";"Nice";"06";"None";"None";"06088000KR0127";"None";"None";"9";"96.8";"None";"nan";"None";"nan";"None";"None";"None";"None";"1";"2";"Appartement";"60.0";"3.0";"None";"None";"None";"None";"nan";"7.277259";"43.696465";"000KR"
"2022-68687";"2022-11-10";"1";"Vente";"148000.0";"13.0";"None";"RUE DE LA CROIX";"1770";"06300";"06088";"Nice";"06";"None";"None";"06088000KR0070";"None";"None";"4";"nan";"None";"nan";"None";"nan";"None";"None";"None";"None";"1";"2";"Appartement";"40.0";"2.0";"None";"None";"None";"None";"nan";"7.277619";"43.697595";"000KR"
"2022-68430";"2022-11-07";"1";"Vente";"255500.0";"14.0";"None";"RUE BENOIT BUNICO";"0780";"06300";"06088";"Nice";"06";"None";"None";"06088000KR0044";"None";"None";"18";"nan";"None";"nan";"None";"nan";"None";"None";"None";"None";"1";"2";"Appartement";"38.0";"2.0";"None";"None";"None";"None";"nan";"7.276795";"43.69759";"000KR"
"2022-68430";"2022-11-07";"1";"Vente";"255500.0";"14.0";"None";"RUE BENOIT BUNICO";"0780";"06300";"06088";"Nice";"06";"None";"None";"06088000KR0044";"None";"None";"17";"nan";"None";"nan";"None";"nan";"None";"None";"None";"None";"1";"2";"Appartement";"39.0";"1.0";"None";"None";"None";"None";"nan";"7.276795";"43.69759";"000KR"
"2022-68360";"2022-11-04";"1";"Vente";"205000.0";"6.0";"None";"RUE DU MOULIN";"4445";"06300";"06088";"Nice";"06";"None";"None";"06088000KR0251";"None";"None";"8";"46.24";"None";"nan";"None";"nan";"None";"None";"None";"None";"1";"2";"Appartement";"42.0";"3.0";"None";"None";"None";"None";"nan";"7.274888";"43.697207";"000KR"
"2022-67937";"2022-11-02";"1";"Vente";"241000.0";"16.0";"None";"RUE CENTRALE";"1245";"06300";"06088";"Nice";"06";"None";"None";"06088000KR0042";"None";"None";"5";"nan";"None";"nan";"None";"nan";"None";"None";"None";"None";"1";"2";"Appartement";"56.0";"3.0";"None";"None";"None";"None";"nan";"7.276791";"43.697753";"000KR"
"2022-68115";"2022-10-27";"1";"Vente";"335000.0";"19.0";"None";"RUE DE LA PREFECTURE";"5240";"06300";"06088";"Nice";"06";"None";"None";"06088000KR0187";"None";"None";"6";"nan";"None";"nan";"None";"nan";"None";"None";"None";"None";"1";"4";"Local industriel. commercial ou assimilé";"35.0";"0.0";"None";"None";"None";"None";"nan";"7.275436";"43.696661";"000KR"
"2022-67747";"2022-10-26";"1";"Vente";"130000.0";"13.0";"None";"RUE DROITE";"2095";"06300";"06088";"Nice";"06";"None";"None";"06088000KR0061";"None";"None";"2";"nan";"None";"nan";"None";"nan";"None";"None";"None";"None";"1";"4";"Local industriel. commercial ou assimilé";"70.0";"0.0";"None";"None";"None";"None";"nan";"7.277293";"43.697772";"000KR"
"2022-67876";"2022-10-25";"1";"Vente";"635000.0";"4.0";"None";"RUE DU MARCHE";"3990";"06300";"06088";"Nice";"06";"None";"None";"06088000KR0293";"None";"None";"1";"nan";"None";"nan";"None";"nan";"None";"None";"None";"None";"1";"4";"Local industriel. commercial ou assimilé";"106.0";"0.0";"None";"None";"None";"None";"nan";"7.275181";"43.697536";"000KR"
"2022-68108";"2022-10-25";"1";"Vente";"160000.0";"2.0";"None";"RUE DU MARCHE";"3990";"06300";"06088";"Nice";"06";"None";"None";"06088000KR0260";"None";"None";"1";"nan";"None";"nan";"None";"nan";"None";"None";"None";"None";"1";"4";"Local industriel. commercial ou assimilé";"42.0";"0.0";"None";"None";"None";"None";"nan";"7.275294";"43.697604";"000KR"
"2022-67714";"2022-10-24";"1";"Vente";"225000.0";"20.0";"None";"RUE DROITE";"2095";"06300";"06088";"Nice";"06";"None";"None";"06088000KR0065";"None";"None";"30";"nan";"None";"nan";"None";"nan";"None";"None";"None";"None";"1";"2";"Appartement";"45.0";"2.0";"None";"None";"None";"None";"nan";"7.277476";"43.697356";"000KR"
"2022-67863";"2022-10-24";"1";"Vente";"245000.0";"36.0";"None";"RUE CENTRALE";"1245";"06300";"06088";"Nice";"06";"None";"None";"06088000KR0276";"None";"None";"19";"47.98";"None";"nan";"None";"nan";"None";"None";"None";"None";"1";"2";"Appartement";"46.0";"3.0";"None";"None";"None";"None";"nan";"7.276524";"43.696967";"000KR"
"2022-71689";"2022-10-20";"1";"Vente";"200200.0";"15.0";"None";"RUE DU CHATEAU";"1335";"06300";"06088";"Nice";"06";"None";"None";"06088000KR0134";"None";"None";"36";"nan";"None";"nan";"None";"nan";"None";"None";"None";"None";"1";"2";"Appartement";"31.0";"1.0";"None";"None";"None";"None";"nan";"7.277852";"43.696417";"000KR"
"2022-71689";"2022-10-20";"1";"Vente";"200200.0";"15.0";"None";"RUE DU CHATEAU";"1335";"06300";"06088";"Nice";"06";"None";"None";"06088000KR0134";"None";"None";"36";"nan";"None";"nan";"None";"nan";"None";"None";"None";"None";"1";"3";"Dépendance";"nan";"0.0";"None";"None";"None";"None";"nan";"7.277852";"43.696417";"000KR"
"2022-67223";"2022-10-18";"2";"Vente";"5000.0";"nan";"None";"BD JEAN JAURES";"3360";"06300";"06088";"Nice";"06";"None";"None";"06088000KR0300";"None";"None";"None";"nan";"None";"nan";"None";"nan";"None";"None";"None";"None";"0";"None";"None";"nan";"nan";"S";"sols";"None";"None";"19.0";"7.275174";"43.697769";"000KR"
"2022-66979";"2022-10-17";"1";"Vente";"136800.0";"23.0";"None";"RUE DROITE";"2095";"06300";"06088";"Nice";"06";"None";"None";"06088000KR0051";"None";"None";"4";"13.25";"None";"nan";"None";"nan";"None";"None";"None";"None";"1";"2";"Appartement";"14.0";"1.0";"None";"None";"None";"None";"nan";"7.277115";"43.697277";"000KR"
"2022-67497";"2022-10-07";"1";"Vente";"173000.0";"9.0";"None";"RUE DU MARCHE";"3990";"06300";"06088";"Nice";"06";"None";"None";"06088000KR0002";"None";"None";"18";"nan";"None";"nan";"None";"nan";"None";"None";"None";"None";"1";"2";"Appartement";"39.0";"2.0";"None";"None";"None";"None";"nan";"7.274756";"43.697501";"000KR"
"2022-66391";"2022-10-05";"1";"Vente";"748480.0";"12.0";"None";"RUE DU MARCHE";"3990";"06300";"06088";"Nice";"06";"None";"None";"06088000KR0239";"None";"None";"11";"94.81";"None";"nan";"None";"nan";"None";"None";"None";"None";"1";"2";"Appartement";"100.0";"4.0";"None";"None";"None";"None";"nan";"7.274404";"43.696948";"000KR"
"2022-66281";"2022-10-03";"1";"Vente";"193000.0";"15.0";"None";"RUE COLONNA D ISTRIA";"1590";"06300";"06088";"Nice";"06";"None";"None";"06088000KR0233";"None";"None";"11";"nan";"5";"nan";"None";"nan";"None";"None";"None";"None";"2";"2";"Appartement";"58.0";"3.0";"None";"None";"None";"None";"nan";"7.275252";"43.696921";"000KR"
"2022-66731";"2022-09-30";"1";"Vente";"140000.0";"44.0";"None";"BD JEAN JAURES";"3360";"06300";"06088";"Nice";"06";"None";"None";"06088000KR0005";"None";"None";"36";"nan";"None";"nan";"None";"nan";"None";"None";"None";"None";"1";"2";"Appartement";"26.0";"1.0";"None";"None";"None";"None";"nan";"7.274994";"43.697666";"000KR"
"2022-66731";"2022-09-30";"1";"Vente";"140000.0";"44.0";"None";"BD JEAN JAURES";"3360";"06300";"06088";"Nice";"06";"None";"None";"06088000KR0005";"None";"None";"36";"nan";"None";"nan";"None";"nan";"None";"None";"None";"None";"1";"2";"Appartement";"30.0";"1.0";"None";"None";"None";"None";"nan";"7.274994";"43.697666";"000KR"
"2022-66731";"2022-09-30";"1";"Vente";"140000.0";"44.0";"None";"BD JEAN JAURES";"3360";"06300";"06088";"Nice";"06";"None";"None";"06088000KR0005";"None";"None";"36";"nan";"None";"nan";"None";"nan";"None";"None";"None";"None";"1";"3";"Dépendance";"nan";"0.0";"None";"None";"None";"None";"nan";"7.274994";"43.697666";"000KR"
"2022-66845";"2022-09-29";"1";"Vente";"243000.0";"4.0";"None";"RUE FRANCIS GALLO";"2605";"06300";"06088";"Nice";"06";"None";"None";"06088000KR0222";"None";"None";"13";"nan";"None";"nan";"None";"nan";"None";"None";"None";"None";"1";"2";"Appartement";"48.0";"2.0";"None";"None";"None";"None";"nan";"7.275535";"43.697667";"000KR"
"2022-65795";"2022-09-27";"1";"Vente";"105000.0";"37.0";"None";"RUE DE LA PREFECTURE";"5240";"06300";"06088";"Nice";"06";"None";"None";"06088000KR0151";"None";"None";"9";"nan";"None";"nan";"None";"nan";"None";"None";"None";"None";"1";"2";"Appartement";"16.0";"1.0";"None";"None";"None";"None";"nan";"7.27687";"43.696362";"000KR"
"2022-65968";"2022-09-26";"1";"Vente";"310000.0";"15.0";"None";"RUE DU CHATEAU";"1335";"06300";"06088";"Nice";"06";"None";"None";"06088000KR0134";"None";"None";"10";"nan";"24";"nan";"None";"nan";"None";"None";"None";"None";"2";"2";"Appartement";"47.0";"2.0";"None";"None";"None";"None";"nan";"7.277852";"43.696417";"000KR"
"2022-66703";"2022-09-26";"1";"Vente";"220000.0";"8.0";"None";"RUE ABBAYE";"0010";"06300";"06088";"Nice";"06";"None";"None";"06088000KR0246";"None";"None";"6";"nan";"None";"nan";"None";"nan";"None";"None";"None";"None";"1";"2";"Appartement";"21.0";"1.0";"None";"None";"None";"None";"nan";"7.27486";"43.696976";"000KR"
"2022-65968";"2022-09-26";"1";"Vente";"310000.0";"15.0";"None";"RUE DU CHATEAU";"1335";"06300";"06088";"Nice";"06";"None";"None";"06088000KR0134";"None";"None";"10";"nan";"24";"nan";"None";"nan";"None";"None";"None";"None";"2";"3";"Dépendance";"nan";"0.0";"None";"None";"None";"None";"nan";"7.277852";"43.696417";"000KR"
"2022-65853";"2022-09-22";"1";"Vente";"124000.0";"24.0";"None";"RUE BENOIT BUNICO";"0780";"06300";"06088";"Nice";"06";"None";"None";"06088000KR0166";"None";"None";"6";"nan";"None";"nan";"None";"nan";"None";"None";"None";"None";"1";"2";"Appartement";"33.0";"2.0";"None";"None";"None";"None";"nan";"7.276611";"43.696642";"000KR"
"2022-66371";"2022-09-21";"1";"Vente";"89000.0";"17.0";"None";"RUE DE LA CROIX";"1770";"06300";"06088";"Nice";"06";"None";"None";"06088000KR0068";"None";"None";"12";"nan";"None";"nan";"None";"nan";"None";"None";"None";"None";"1";"2";"Appartement";"17.0";"1.0";"None";"None";"None";"None";"nan";"7.277521";"43.697454";"000KR"
"2022-66371";"2022-09-21";"1";"Vente";"89000.0";"17.0";"None";"RUE DE LA CROIX";"1770";"06300";"06088";"Nice";"06";"None";"None";"06088000KR0068";"None";"None";"12";"nan";"None";"nan";"None";"nan";"None";"None";"None";"None";"1";"3";"Dépendance";"nan";"0.0";"None";"None";"None";"None";"nan";"7.277521";"43.697454";"000KR"
"2022-66248";"2022-09-20";"1";"Vente";"235000.0";"15.0";"None";"RUE COLONNA D ISTRIA";"1590";"06300";"06088";"Nice";"06";"None";"None";"06088000KR0233";"None";"None";"12";"nan";"None";"nan";"None";"nan";"None";"None";"None";"None";"1";"2";"Appartement";"60.0";"3.0";"None";"None";"None";"None";"nan";"7.275252";"43.696921";"000KR"
"2022-65664";"2022-09-16";"1";"Vente";"625000.0";"19.0";"None";"RUE DE LA PREFECTURE";"5240";"06300";"06088";"Nice";"06";"None";"None";"06088000KR0187";"None";"None";"13";"nan";"45";"nan";"None";"nan";"None";"None";"None";"None";"2";"2";"Appartement";"123.0";"4.0";"None";"None";"None";"None";"nan";"7.275436";"43.696661";"000KR"
"2022-65722";"2022-09-16";"1";"Vente";"277000.0";"11.0";"None";"RUE DU PONT VIEUX";"5210";"06300";"06088";"Nice";"06";"None";"None";"06088000KR0198";"None";"None";"40";"49.01";"None";"nan";"None";"nan";"None";"None";"None";"None";"1";"2";"Appartement";"45.0";"3.0";"None";"None";"None";"None";"nan";"7.276136";"43.697587";"000KR"
"2022-65664";"2022-09-16";"1";"Vente";"625000.0";"19.0";"None";"RUE DE LA PREFECTURE";"5240";"06300";"06088";"Nice";"06";"None";"None";"06088000KR0187";"None";"None";"13";"nan";"45";"nan";"None";"nan";"None";"None";"None";"None";"2";"3";"Dépendance";"nan";"0.0";"None";"None";"None";"None";"nan";"7.275436";"43.696661";"000KR"
"2022-65664";"2022-09-16";"1";"Vente";"625000.0";"19.0";"None";"RUE DE LA PREFECTURE";"5240";"06300";"06088";"Nice";"06";"None";"None";"06088000KR0187";"None";"None";"13";"nan";"45";"nan";"None";"nan";"None";"None";"None";"None";"2";"3";"Dépendance";"nan";"0.0";"None";"None";"None";"None";"nan";"7.275436";"43.696661";"000KR"
"2022-65360";"2022-09-15";"1";"Vente";"115000.0";"31.0";"None";"RUE DE LA PREFECTURE";"5240";"06300";"06088";"Nice";"06";"None";"None";"06088000KR0154";"None";"None";"14";"21.0";"None";"nan";"None";"nan";"None";"None";"None";"None";"1";"2";"Appartement";"21.0";"1.0";"None";"None";"None";"None";"nan";"7.276555";"43.696406";"000KR"
"2022-65929";"2022-09-15";"1";"Vente";"55000.0";"8.0";"None";"RUE MALONAT";"3920";"06300";"06088";"Nice";"06";"None";"None";"06088000KR0144";"None";"None";"1";"nan";"2";"29.61";"3";"nan";"None";"None";"None";"None";"3";"4";"Local industriel. commercial ou assimilé";"45.0";"0.0";"None";"None";"None";"None";"nan";"7.277616";"43.696323";"000KR"
"2022-64443";"2022-09-06";"1";"Vente";"135000.0";"18.0";"None";"RUE ABBAYE";"0010";"06300";"06088";"Nice";"06";"None";"None";"06088000KR0191";"None";"None";"14";"nan";"None";"nan";"None";"nan";"None";"None";"None";"None";"1";"2";"Appartement";"24.0";"1.0";"None";"None";"None";"None";"nan";"7.275832";"43.696741";"000KR"
"2022-65459";"2022-09-06";"1";"Vente";"95000.0";"6.0";"None";"RUE SAINTE REPARATE";"6065";"06300";"06088";"Nice";"06";"None";"None";"06088000KR0158";"None";"None";"23";"nan";"None";"nan";"None";"nan";"None";"None";"None";"None";"1";"3";"Dépendance";"nan";"0.0";"None";"None";"None";"None";"nan";"7.276074";"43.696459";"000KR"
"2022-65020";"2022-09-05";"1";"Vente";"280000.0";"13.0";"None";"RUE DROITE";"2095";"06300";"06088";"Nice";"06";"None";"None";"06088000KR0061";"None";"None";"10";"nan";"19";"nan";"None";"nan";"None";"None";"None";"None";"2";"2";"Appartement";"51.0";"3.0";"None";"None";"None";"None";"nan";"7.277293";"43.697772";"000KR"
"2022-65904";"2022-09-05";"1";"Vente";"236250.0";"2.0";"None";"RUE DE LA BOUCHERIE";"0930";"06300";"06088";"Nice";"06";"None";"None";"06088000KR0205";"None";"None";"16";"nan";"None";"nan";"None";"nan";"None";"None";"None";"None";"1";"2";"Appartement";"30.0";"1.0";"None";"None";"None";"None";"nan";"7.276301";"43.698043";"000KR"
"2022-65391";"2022-09-02";"1";"Vente";"148830.0";"19.0";"None";"RUE DE LA PREFECTURE";"5240";"06300";"06088";"Nice";"06";"None";"None";"06088000KR0187";"None";"None";"41";"nan";"58";"32.0";"None";"nan";"None";"None";"None";"None";"2";"2";"Appartement";"38.0";"2.0";"None";"None";"None";"None";"nan";"7.275436";"43.696661";"000KR"
"2022-65108";"2022-08-23";"1";"Vente";"325000.0";"1.0";"None";"DSC DU MARCHE";"3985";"06300";"06088";"Nice";"06";"None";"None";"06088000KR0001";"None";"None";"25";"nan";"27";"43.61";"None";"nan";"None";"None";"None";"None";"2";"2";"Appartement";"76.0";"5.0";"None";"None";"None";"None";"nan";"7.274662";"43.697456";"000KR"
"2022-64633";"2022-08-10";"1";"Vente";"335000.0";"6.0";"None";"RUE SAINTE REPARATE";"6065";"06300";"06088";"Nice";"06";"None";"None";"06088000KR0158";"None";"None";"24";"nan";"None";"nan";"None";"nan";"None";"None";"None";"None";"1";"2";"Appartement";"63.0";"3.0";"None";"None";"None";"None";"nan";"7.276074";"43.696459";"000KR"
"2022-64189";"2022-08-08";"1";"Vente";"201330.0";"3.0";"None";"RUE DU MOULIN";"4445";"06300";"06088";"Nice";"06";"None";"None";"06088000KR0243";"None";"None";"7";"nan";"None";"nan";"None";"nan";"None";"None";"None";"None";"1";"2";"Appartement";"56.0";"2.0";"None";"None";"None";"None";"nan";"7.274685";"43.697103";"000KR"
"2022-63674";"2022-08-04";"1";"Vente";"307000.0";"3.0";"None";"RUE PLACE VIEILLE";"5155";"06300";"06088";"Nice";"06";"None";"None";"06088000KR0287";"None";"None";"13";"nan";"6";"nan";"None";"nan";"None";"None";"None";"None";"2";"2";"Appartement";"83.0";"3.0";"None";"None";"None";"None";"nan";"7.276271";"43.696475";"000KR"
"2022-63763";"2022-08-04";"1";"Vente";"152000.0";"8.0";"None";"RUE MASCOINAT";"4090";"06300";"06088";"Nice";"06";"None";"None";"06088000KR0032";"None";"None";"13";"29.12";"None";"nan";"None";"nan";"None";"None";"None";"None";"1";"2";"Appartement";"26.0";"1.0";"None";"None";"None";"None";"nan";"7.276513";"43.697521";"000KR"
"2022-63674";"2022-08-04";"1";"Vente";"307000.0";"3.0";"None";"RUE PLACE VIEILLE";"5155";"06300";"06088";"Nice";"06";"None";"None";"06088000KR0287";"None";"None";"13";"nan";"6";"nan";"None";"nan";"None";"None";"None";"None";"2";"3";"Dépendance";"nan";"0.0";"None";"None";"None";"None";"nan";"7.276271";"43.696475";"000KR"
"2022-63426";"2022-08-02";"1";"Vente";"218000.0";"2.0";"None";"RUE DU MARCHE";"3990";"06300";"06088";"Nice";"06";"None";"None";"06088000KR0260";"None";"None";"10";"32.74";"None";"nan";"None";"nan";"None";"None";"None";"None";"1";"2";"Appartement";"42.0";"2.0";"None";"None";"None";"None";"nan";"7.275294";"43.697604";"000KR"
"2022-62536";"2022-07-28";"1";"Vente";"200000.0";"14.0";"None";"RUE DROITE";"2095";"06300";"06088";"Nice";"06";"None";"None";"06088000KR0062";"None";"None";"15";"nan";"None";"nan";"None";"nan";"None";"None";"None";"None";"1";"2";"Appartement";"46.0";"2.0";"None";"None";"None";"None";"nan";"7.277418";"43.697637";"000KR"
"2022-62964";"2022-07-28";"1";"Vente";"110000.0";"1.0";"None";"RUE FRANCIS GALLO";"2605";"06300";"06088";"Nice";"06";"None";"None";"06088000KR0224";"None";"None";"9";"nan";"None";"nan";"None";"nan";"None";"None";"None";"None";"1";"2";"Appartement";"15.0";"1.0";"None";"None";"None";"None";"nan";"7.275434";"43.697552";"000KR"
"2022-63373";"2022-07-28";"1";"Vente";"110000.0";"16.0";"None";"RUE BENOIT BUNICO";"0780";"06300";"06088";"Nice";"06";"None";"None";"06088000KR0045";"None";"None";"8";"39.58";"None";"nan";"None";"nan";"None";"None";"None";"None";"1";"2";"Appartement";"39.0";"2.0";"None";"None";"None";"None";"nan";"7.276836";"43.697521";"000KR"
"2022-62155";"2022-07-20";"1";"Vente";"385000.0";"23.0";"None";"RUE DE LA PREFECTURE";"5240";"06300";"06088";"Nice";"06";"None";"None";"06088000KR0184";"None";"None";"18";"nan";"5";"nan";"None";"nan";"None";"None";"None";"None";"2";"2";"Appartement";"80.0";"3.0";"None";"None";"None";"None";"nan";"7.27584";"43.696486";"000KR"
"2022-62412";"2022-07-20";"1";"Vente";"259600.0";"46.0";"None";"BD JEAN JAURES";"3360";"06300";"06088";"Nice";"06";"None";"None";"06088000KR0004";"None";"None";"12";"30.98";"None";"nan";"None";"nan";"None";"None";"None";"None";"1";"2";"Appartement";"30.0";"2.0";"None";"None";"None";"None";"nan";"7.274922";"43.697592";"000KR"
"2022-62671";"2022-07-20";"1";"Vente";"255000.0";"2.0";"None";"PL DE LA HALLE AUX HERBES";"3180";"06300";"06088";"Nice";"06";"None";"None";"06088000KR0216";"None";"None";"18";"68.21";"None";"nan";"None";"nan";"None";"None";"None";"None";"1";"2";"Appartement";"64.0";"2.0";"None";"None";"None";"None";"nan";"7.275858";"43.697454";"000KR"
"2022-62155";"2022-07-20";"1";"Vente";"385000.0";"23.0";"None";"RUE DE LA PREFECTURE";"5240";"06300";"06088";"Nice";"06";"None";"None";"06088000KR0184";"None";"None";"20";"nan";"None";"nan";"None";"nan";"None";"None";"None";"None";"1";"3";"Dépendance";"nan";"0.0";"None";"None";"None";"None";"nan";"7.27584";"43.696486";"000KR"
"2022-62149";"2022-07-13";"1";"Vente";"185250.0";"2.0";"None";"RUE SAINT VINCENT";"5975";"06300";"06088";"Nice";"06";"None";"None";"06088000KR0227";"None";"None";"4";"40.19";"None";"nan";"None";"nan";"None";"None";"None";"None";"1";"2";"Appartement";"31.0";"2.0";"None";"None";"None";"None";"nan";"7.275391";"43.697499";"000KR"
"2022-62279";"2022-07-13";"1";"Vente";"170000.0";"4.0";"None";"RUE MASCOINAT";"4090";"06300";"06088";"Nice";"06";"None";"None";"06088000KR0034";"None";"None";"5";"40.13";"None";"nan";"None";"nan";"None";"None";"None";"None";"1";"2";"Appartement";"45.0";"2.0";"None";"None";"None";"None";"nan";"7.276605";"43.697697";"000KR"
"2022-62659";"2022-07-13";"1";"Vente";"335000.0";"12.0";"None";"RUE CENTRALE";"1245";"06300";"06088";"Nice";"06";"None";"None";"06088000KR0037";"None";"None";"12";"nan";"9";"nan";"None";"nan";"None";"None";"None";"None";"2";"2";"Appartement";"70.0";"3.0";"None";"None";"None";"None";"nan";"7.276833";"43.697917";"000KR"
"2022-62659";"2022-07-13";"1";"Vente";"335000.0";"12.0";"None";"RUE CENTRALE";"1245";"06300";"06088";"Nice";"06";"None";"None";"06088000KR0037";"None";"None";"10";"nan";"None";"nan";"None";"nan";"None";"None";"None";"None";"1";"4";"Local industriel. commercial ou assimilé";"51.0";"0.0";"None";"None";"None";"None";"nan";"7.276833";"43.697917";"000KR"
"2022-62659";"2022-07-13";"1";"Vente";"335000.0";"1.0";"None";"RUE DE LA LOGE";"3705";"06300";"06088";"Nice";"06";"None";"None";"06088000KR0038";"None";"None";"2";"nan";"None";"nan";"None";"nan";"None";"None";"None";"None";"1";"4";"Local industriel. commercial ou assimilé";"18.0";"0.0";"None";"None";"None";"None";"nan";"7.276923";"43.697933";"000KR"
"2022-62282";"2022-07-12";"1";"Vente";"185000.0";"28.0";"None";"BD JEAN JAURES";"3360";"06300";"06088";"Nice";"06";"None";"None";"06088000KR0013";"None";"None";"14";"27.06";"None";"nan";"None";"nan";"None";"None";"None";"None";"1";"2";"Appartement";"28.0";"2.0";"None";"None";"None";"None";"nan";"7.276114";"43.698083";"000KR"
"2022-62770";"2022-07-12";"1";"Vente";"131850.0";"31.0";"None";"RUE DROITE";"2095";"06300";"06088";"Nice";"06";"None";"None";"06088000KR0117";"None";"None";"20";"nan";"21";"nan";"None";"nan";"None";"None";"None";"None";"2";"2";"Appartement";"22.0";"1.0";"None";"None";"None";"None";"nan";"7.277069";"43.696969";"000KR"
"2022-61266";"2022-07-08";"1";"Vente";"285000.0";"3.0";"None";"RUE DE LA CONDAMINE";"1650";"06300";"06088";"Nice";"06";"None";"None";"06088000KR0077";"None";"None";"5";"nan";"None";"nan";"None";"nan";"None";"None";"None";"None";"1";"2";"Appartement";"28.0";"2.0";"None";"None";"None";"None";"nan";"7.27788";"43.697263";"000KR"
"2022-62019";"2022-07-07";"1";"Vente";"118000.0";"3.0";"None";"RUE SAINT VINCENT";"5975";"06300";"06088";"Nice";"06";"None";"None";"06088000KR0249";"None";"None";"27";"21.6";"None";"nan";"None";"nan";"None";"None";"None";"None";"1";"2";"Appartement";"21.0";"1.0";"None";"None";"None";"None";"nan";"7.275023";"43.697183";"000KR"
"2022-62290";"2022-07-07";"1";"Vente";"170000.0";"28.0";"None";"RUE DROITE";"2095";"06300";"06088";"Nice";"06";"None";"None";"06088000KR0110";"None";"None";"3";"56.01";"None";"nan";"None";"nan";"None";"None";"None";"None";"1";"2";"Appartement";"57.0";"3.0";"None";"None";"None";"None";"nan";"7.27732";"43.697074";"000KR"
"2022-61474";"2022-06-30";"1";"Vente";"178000.0";"6.0";"None";"RUE SAINTE REPARATE";"6065";"06300";"06088";"Nice";"06";"None";"None";"06088000KR0158";"None";"None";"14";"18.17";"None";"nan";"None";"nan";"None";"None";"None";"None";"1";"2";"Appartement";"20.0";"1.0";"None";"None";"None";"None";"nan";"7.276074";"43.696459";"000KR"
"2022-61716";"2022-06-30";"1";"Vente";"239000.0";"25.0";"None";"RUE DE LA CROIX";"1770";"06300";"06088";"Nice";"06";"None";"None";"06088000KR0111";"None";"None";"12";"31.34";"None";"nan";"None";"nan";"None";"None";"None";"None";"1";"2";"Appartement";"21.0";"1.0";"None";"None";"None";"None";"nan";"7.277435";"43.697037";"000KR"
"2022-60663";"2022-06-29";"1";"Vente";"606500.0";"29.0";"None";"RUE DE LA PREFECTURE";"5240";"06300";"06088";"Nice";"06";"None";"None";"06088000KR0155";"None";"None";"36";"104.98";"None";"nan";"None";"nan";"None";"None";"None";"None";"1";"2";"Appartement";"100.0";"3.0";"None";"None";"None";"None";"nan";"7.276415";"43.696463";"000KR"
"2022-60568";"2022-06-28";"1";"Vente";"164300.0";"23.0";"None";"RUE DROITE";"2095";"06300";"06088";"Nice";"06";"None";"None";"06088000KR0051";"None";"None";"13";"29.15";"None";"nan";"None";"nan";"None";"None";"None";"None";"1";"2";"Appartement";"30.0";"1.0";"None";"None";"None";"None";"nan";"7.277115";"43.697277";"000KR"
"2022-60413";"2022-06-27";"1";"Vente";"469000.0";"29.0";"None";"RUE DE LA PREFECTURE";"5240";"06300";"06088";"Nice";"06";"None";"None";"06088000KR0155";"None";"None";"15";"76.0";"None";"nan";"None";"nan";"None";"None";"None";"None";"1";"2";"Appartement";"130.0";"5.0";"None";"None";"None";"None";"nan";"7.276415";"43.696463";"000KR"
"2022-61347";"2022-06-27";"1";"Vente";"216000.0";"22.0";"None";"RUE BENOIT BUNICO";"0780";"06300";"06088";"Nice";"06";"None";"None";"06088000KR0169";"None";"None";"23";"nan";"5";"51.8";"None";"nan";"None";"None";"None";"None";"2";"2";"Appartement";"52.0";"2.0";"None";"None";"None";"None";"nan";"7.276665";"43.697009";"000KR"
"2022-61347";"2022-06-27";"1";"Vente";"216000.0";"22.0";"None";"RUE BENOIT BUNICO";"0780";"06300";"06088";"Nice";"06";"None";"None";"06088000KR0169";"None";"None";"23";"nan";"5";"51.8";"None";"nan";"None";"None";"None";"None";"2";"3";"Dépendance";"nan";"0.0";"None";"None";"None";"None";"nan";"7.276665";"43.697009";"000KR"
"2022-60346";"2022-06-17";"1";"Vente";"131000.0";"36.0";"None";"RUE CENTRALE";"1245";"06300";"06088";"Nice";"06";"None";"None";"06088000KR0276";"None";"None";"5";"29.46";"None";"nan";"None";"nan";"None";"None";"None";"None";"1";"2";"Appartement";"34.0";"2.0";"None";"None";"None";"None";"nan";"7.276524";"43.696967";"000KR"
"2022-61269";"2022-06-17";"1";"Vente";"68975.0";"7.0";"None";"RUE PLACE VIEILLE";"5155";"06300";"06088";"Nice";"06";"None";"None";"06088000KR0150";"None";"None";"23";"10.44";"None";"nan";"None";"nan";"None";"None";"None";"None";"1";"2";"Appartement";"17.0";"1.0";"None";"None";"None";"None";"nan";"7.276876";"43.696453";"000KR"
"2022-60262";"2022-06-15";"1";"Vente";"150000.0";"5.0";"None";"RUE COLONNA D ISTRIA";"1590";"06300";"06088";"Nice";"06";"None";"None";"06088000KR0226";"None";"None";"3";"nan";"8";"28.43";"None";"nan";"None";"None";"None";"None";"2";"2";"Appartement";"30.0";"2.0";"None";"None";"None";"None";"nan";"7.275485";"43.697432";"000KR"
"2022-60615";"2022-06-15";"1";"Vente";"37000.0";"39.0";"None";"RUE DE LA PREFECTURE";"5240";"06300";"06088";"Nice";"06";"None";"None";"06088000KR0148";"None";"None";"16";"nan";"None";"nan";"None";"nan";"None";"None";"None";"None";"1";"3";"Dépendance";"nan";"0.0";"None";"None";"None";"None";"nan";"7.276929";"43.696357";"000KR"
"2022-60357";"2022-06-13";"1";"Vente";"176000.0";"29.0";"None";"RUE BENOIT BUNICO";"0780";"06300";"06088";"Nice";"06";"None";"None";"06088000KR0124";"None";"None";"6";"nan";"None";"nan";"None";"nan";"None";"None";"None";"None";"1";"2";"Appartement";"25.0";"1.0";"None";"None";"None";"None";"nan";"7.276801";"43.696633";"000KR"
"2022-60440";"2022-06-13";"1";"Vente";"233720.0";"30.0";"None";"BD JEAN JAURES";"3360";"06300";"06088";"Nice";"06";"None";"None";"06088000KR0012";"None";"None";"3";"nan";"None";"nan";"None";"nan";"None";"None";"None";"None";"1";"2";"Appartement";"29.0";"2.0";"None";"None";"None";"None";"nan";"7.276003";"43.698044";"000KR"
"2022-59547";"2022-06-10";"1";"Vente";"215000.0";"2.0";"None";"PL VIEILLE";"6685";"06300";"06088";"Nice";"06";"None";"None";"06088000KR0165";"None";"None";"20";"60.8";"None";"nan";"None";"nan";"None";"None";"None";"None";"1";"2";"Appartement";"60.0";"2.0";"None";"None";"None";"None";"nan";"7.276507";"43.696649";"000KR"
"2022-60010";"2022-06-10";"1";"Vente";"255000.0";"3.0";"None";"RUE COLONNA D ISTRIA";"1590";"06300";"06088";"Nice";"06";"None";"None";"06088000KR0218";"None";"None";"28";"nan";"None";"nan";"None";"nan";"None";"None";"None";"None";"1";"2";"Appartement";"41.0";"3.0";"None";"None";"None";"None";"nan";"7.275676";"43.697616";"000KR"
"2022-60010";"2022-06-10";"1";"Vente";"255000.0";"3.0";"None";"RUE COLONNA D ISTRIA";"1590";"06300";"06088";"Nice";"06";"None";"None";"06088000KR0218";"None";"None";"28";"nan";"None";"nan";"None";"nan";"None";"None";"None";"None";"1";"3";"Dépendance";"nan";"0.0";"None";"None";"None";"None";"nan";"7.275676";"43.697616";"000KR"
"2022-60010";"2022-06-10";"1";"Vente";"255000.0";"3.0";"None";"RUE COLONNA D ISTRIA";"1590";"06300";"06088";"Nice";"06";"None";"None";"06088000KR0218";"None";"None";"28";"nan";"None";"nan";"None";"nan";"None";"None";"None";"None";"1";"3";"Dépendance";"nan";"0.0";"None";"None";"None";"None";"nan";"7.275676";"43.697616";"000KR"
"2022-59650";"2022-06-08";"1";"Vente";"272000.0";"31.0";"None";"RUE BENOIT BUNICO";"0780";"06300";"06088";"Nice";"06";"None";"None";"06088000KR0152";"None";"None";"8";"nan";"None";"nan";"None";"nan";"None";"None";"None";"None";"1";"2";"Appartement";"62.0";"2.0";"None";"None";"None";"None";"nan";"7.276793";"43.696411";"000KR"
"2022-59516";"2022-06-08";"1";"Vente";"8000.0";"20.0";"None";"BD JEAN JAURES";"3360";"06300";"06088";"Nice";"06";"None";"None";"06088000KR0017";"None";"None";"6";"nan";"None";"nan";"None";"nan";"None";"None";"None";"None";"1";"3";"Dépendance";"nan";"0.0";"None";"None";"None";"None";"nan";"7.276701";"43.698304";"000KR"
"2022-59548";"2022-06-07";"1";"Vente";"90000.0";"11.0";"None";"RUE SAINT JOSEPH";"5825";"06300";"06088";"Nice";"06";"None";"None";"06088000KR0085";"None";"None";"2";"26.21";"None";"nan";"None";"nan";"None";"None";"None";"None";"1";"2";"Appartement";"20.0";"1.0";"None";"None";"None";"None";"nan";"7.278239";"43.697169";"000KR"
"2022-59548";"2022-06-07";"1";"Vente";"90000.0";"11.0";"None";"RUE SAINT JOSEPH";"5825";"06300";"06088";"Nice";"06";"None";"None";"06088000KR0085";"None";"None";"1";"nan";"None";"nan";"None";"nan";"None";"None";"None";"None";"1";"3";"Dépendance";"nan";"0.0";"None";"None";"None";"None";"nan";"7.278239";"43.697169";"000KR"
"2022-59177";"2022-05-31";"1";"Vente";"124500.0";"4.0";"None";"RUE ABBAYE";"0010";"06300";"06088";"Nice";"06";"None";"None";"06088000KR0244";"None";"None";"7";"nan";"None";"nan";"None";"nan";"None";"None";"None";"None";"1";"2";"Appartement";"23.0";"1.0";"None";"None";"None";"None";"nan";"7.274731";"43.69702";"000KR"
"2022-58969";"2022-05-24";"1";"Vente";"231000.0";"4.0";"None";"RUE MALONAT";"3920";"06300";"06088";"Nice";"06";"None";"None";"06088000KR0146";"None";"None";"15";"nan";"None";"nan";"None";"nan";"None";"None";"None";"None";"1";"2";"Appartement";"68.0";"5.0";"None";"None";"None";"None";"nan";"7.277359";"43.696362";"000KR"
"2022-60813";"2022-05-24";"1";"Vente";"135000.0";"11.0";"None";"RUE DU PONT VIEUX";"5210";"06300";"06088";"Nice";"06";"None";"None";"06088000KR0198";"None";"None";"49";"27.52";"None";"nan";"None";"nan";"None";"None";"None";"None";"1";"2";"Appartement";"28.0";"2.0";"None";"None";"None";"None";"nan";"7.276136";"43.697587";"000KR"
"2022-59235";"2022-05-23";"1";"Vente";"204900.0";"9.0";"None";"RUE DE LA CONDAMINE";"1650";"06300";"06088";"Nice";"06";"None";"None";"06088000KR0099";"None";"None";"10";"30.03";"None";"nan";"None";"nan";"None";"None";"None";"None";"1";"2";"Appartement";"30.0";"2.0";"None";"None";"None";"None";"nan";"7.277837";"43.697017";"000KR"
"2022-58196";"2022-05-20";"1";"Vente";"145300.0";"6.0";"None";"RUE BENOIT BUNICO";"0780";"06300";"06088";"Nice";"06";"None";"None";"06088000KR0039";"None";"None";"30";"19.26";"None";"nan";"None";"nan";"None";"None";"None";"None";"1";"2";"Appartement";"19.0";"1.0";"None";"None";"None";"None";"nan";"7.276982";"43.697909";"000KR"
"2022-58768";"2022-05-20";"1";"Vente";"194250.0";"3.0";"None";"RUE PLACE VIEILLE";"5155";"06300";"06088";"Nice";"06";"None";"None";"06088000KR0287";"None";"None";"24";"36.0";"None";"nan";"None";"nan";"None";"None";"None";"None";"1";"2";"Appartement";"38.0";"2.0";"None";"None";"None";"None";"nan";"7.276271";"43.696475";"000KR"
"2022-58341";"2022-05-13";"1";"Vente";"34000.0";"7.0";"None";"RUE PLACE VIEILLE";"5155";"06300";"06088";"Nice";"06";"None";"None";"06088000KR0150";"None";"None";"19";"nan";"None";"nan";"None";"nan";"None";"None";"None";"None";"1";"2";"Appartement";"11.0";"1.0";"None";"None";"None";"None";"nan";"7.276876";"43.696453";"000KR"
"2022-57571";"2022-05-12";"1";"Vente";"210000.0";"5.0";"None";"RUE MASCOINAT";"4090";"06300";"06088";"Nice";"06";"None";"None";"06088000KR0274";"None";"None";"13";"33.29";"None";"nan";"None";"nan";"None";"None";"None";"None";"1";"2";"Appartement";"32.0";"1.0";"None";"None";"None";"None";"nan";"7.276533";"43.697885";"000KR"
"2022-57864";"2022-05-12";"1";"Vente";"285000.0";"22.0";"None";"RUE BENOIT BUNICO";"0780";"06300";"06088";"Nice";"06";"None";"None";"06088000KR0169";"None";"None";"17";"nan";"28";"nan";"None";"nan";"None";"None";"None";"None";"2";"2";"Appartement";"56.0";"2.0";"None";"None";"None";"None";"nan";"7.276665";"43.697009";"000KR"
"2022-58451";"2022-05-12";"1";"Vente";"110000.0";"15.0";"None";"RUE SAINT JOSEPH";"5825";"06300";"06088";"Nice";"06";"None";"None";"06088000KR0088";"None";"None";"2";"24.87";"None";"nan";"None";"nan";"None";"None";"None";"None";"1";"2";"Appartement";"21.0";"1.0";"None";"None";"None";"None";"nan";"7.278254";"43.697038";"000KR"
"2022-57571";"2022-05-12";"1";"Vente";"210000.0";"5.0";"None";"RUE MASCOINAT";"4090";"06300";"06088";"Nice";"06";"None";"None";"06088000KR0274";"None";"None";"13";"33.29";"None";"nan";"None";"nan";"None";"None";"None";"None";"1";"3";"Dépendance";"nan";"0.0";"None";"None";"None";"None";"nan";"7.276533";"43.697885";"000KR"
"2022-57864";"2022-05-12";"1";"Vente";"285000.0";"22.0";"None";"RUE BENOIT BUNICO";"0780";"06300";"06088";"Nice";"06";"None";"None";"06088000KR0169";"None";"None";"17";"nan";"28";"nan";"None";"nan";"None";"None";"None";"None";"2";"3";"Dépendance";"nan";"0.0";"None";"None";"None";"None";"nan";"7.276665";"43.697009";"000KR"
"2022-58280";"2022-05-11";"1";"Vente";"168000.0";"29.0";"None";"RUE DROITE";"2095";"06300";"06088";"Nice";"06";"None";"None";"06088000KR0116";"None";"None";"125";"nan";"None";"nan";"None";"nan";"None";"None";"None";"None";"1";"2";"Appartement";"19.0";"1.0";"None";"None";"None";"None";"nan";"7.277068";"43.697048";"000KR"
"2022-58971";"2022-05-11";"1";"Vente";"170000.0";"8.0";"B";"RUE DE LA CONDAMINE";"1650";"06300";"06088";"Nice";"06";"None";"None";"06088000KR0096";"None";"None";"4";"nan";"None";"nan";"None";"nan";"None";"None";"None";"None";"1";"2";"Appartement";"36.0";"2.0";"None";"None";"None";"None";"nan";"7.278025";"43.697028";"000KR"
"2022-58282";"2022-05-10";"1";"Vente";"158500.0";"6.0";"None";"RLE DE LA BOUCHERIE";"0935";"06300";"06088";"Nice";"06";"None";"None";"06088000KR0212";"None";"None";"9";"40.0";"None";"nan";"None";"nan";"None";"None";"None";"None";"1";"2";"Appartement";"39.0";"2.0";"None";"None";"None";"None";"nan";"7.275991";"43.697839";"000KR"
"2022-58370";"2022-05-10";"1";"Vente";"70000.0";"23.0";"None";"RUE DROITE";"2095";"06300";"06088";"Nice";"06";"None";"None";"06088000KR0051";"None";"None";"10";"nan";"None";"nan";"None";"nan";"None";"None";"None";"None";"1";"2";"Appartement";"15.0";"1.0";"None";"None";"None";"None";"nan";"7.277115";"43.697277";"000KR"
"2022-58732";"2022-05-05";"1";"Vente";"90000.0";"33.0";"None";"RUE DROITE";"2095";"06300";"06088";"Nice";"06";"None";"None";"06088000KR0120";"None";"None";"7";"nan";"None";"nan";"None";"nan";"None";"None";"None";"None";"1";"2";"Appartement";"24.0";"1.0";"None";"None";"None";"None";"nan";"7.277029";"43.696915";"000KR"
"2022-57397";"2022-04-22";"1";"Vente";"163000.0";"2.0";"None";"PL ROSSETTI";"5590";"06300";"06088";"Nice";"06";"None";"None";"06088000KR0027";"None";"None";"9";"33.5";"None";"nan";"None";"nan";"None";"None";"None";"None";"1";"2";"Appartement";"29.0";"3.0";"None";"None";"None";"None";"nan";"7.276317";"43.697351";"000KR"
"2022-57933";"2022-04-22";"1";"Vente";"405000.0";"28.0";"None";"BD JEAN JAURES";"3360";"06300";"06088";"Nice";"06";"None";"None";"06088000KR0013";"None";"None";"13";"nan";"15";"nan";"None";"nan";"None";"None";"None";"None";"2";"2";"Appartement";"85.0";"5.0";"None";"None";"None";"None";"nan";"7.276114";"43.698083";"000KR"
"2022-57085";"2022-04-20";"1";"Vente";"100000.0";"10.0";"None";"RUE SAINT VINCENT";"5975";"06300";"06088";"Nice";"06";"None";"None";"06088000KR0232";"None";"None";"23";"102.31";"None";"nan";"None";"nan";"None";"None";"None";"None";"1";"2";"Appartement";"72.0";"3.0";"None";"None";"None";"None";"nan";"7.275136";"43.696964";"000KR"
"2022-56459";"2022-04-15";"1";"Vente";"90088.0";"12.0";"None";"RUE ABBAYE";"0010";"06300";"06088";"Nice";"06";"None";"None";"06088000KR0188";"None";"None";"15";"nan";"17";"nan";"None";"nan";"None";"None";"None";"None";"2";"2";"Appartement";"29.0";"1.0";"None";"None";"None";"None";"nan";"7.275433";"43.696835";"000KR"
"2022-56487";"2022-04-14";"1";"Vente";"395000.0";"35.0";"None";"RUE DROITE";"2095";"06300";"06088";"Nice";"06";"None";"None";"06088000KR0126";"None";"None";"27";"72.19";"None";"nan";"None";"nan";"None";"None";"None";"None";"1";"2";"Appartement";"95.0";"3.0";"None";"None";"None";"None";"nan";"7.277049";"43.696624";"000KR"
"2022-56769";"2022-04-14";"1";"Vente";"171000.0";"1.0";"None";"RUE DE LA LOGE";"3705";"06300";"06088";"Nice";"06";"None";"None";"06088000KR0038";"None";"None";"15";"34.1";"None";"nan";"None";"nan";"None";"None";"None";"None";"1";"2";"Appartement";"33.0";"1.0";"None";"None";"None";"None";"nan";"7.276923";"43.697933";"000KR"
"2022-56564";"2022-04-12";"1";"Vente";"180000.0";"9.0";"None";"RUE DE LA CONDAMINE";"1650";"06300";"06088";"Nice";"06";"None";"None";"06088000KR0099";"None";"None";"6";"31.69";"None";"nan";"None";"nan";"None";"None";"None";"None";"1";"2";"Appartement";"32.0";"2.0";"None";"None";"None";"None";"nan";"7.277837";"43.697017";"000KR"
"2022-56071";"2022-04-07";"1";"Vente";"85000.0";"1.0";"None";"RUE DE LA LOGE";"3705";"06300";"06088";"Nice";"06";"None";"None";"06088000KR0038";"None";"None";"18";"17.66";"None";"nan";"None";"nan";"None";"None";"None";"None";"1";"2";"Appartement";"20.0";"1.0";"None";"None";"None";"None";"nan";"7.276923";"43.697933";"000KR"
"2022-56363";"2022-04-06";"1";"Vente";"143000.0";"25.0";"None";"RUE BENOIT BUNICO";"0780";"06300";"06088";"Nice";"06";"None";"None";"06088000KR0118";"None";"None";"10";"nan";"None";"nan";"None";"nan";"None";"None";"None";"None";"1";"2";"Appartement";"28.0";"1.0";"None";"None";"None";"None";"nan";"7.276926";"43.696972";"000KR"
"2022-56666";"2022-04-05";"1";"Vente";"115000.0";"6.0";"None";"RLE DE LA BOUCHERIE";"0935";"06300";"06088";"Nice";"06";"None";"None";"06088000KR0212";"None";"None";"17";"17.07";"None";"nan";"None";"nan";"None";"None";"None";"None";"1";"2";"Appartement";"16.0";"2.0";"None";"None";"None";"None";"nan";"7.275991";"43.697839";"000KR"
"2022-56428";"2022-04-01";"1";"Vente";"174528.75";"9.0";"None";"RUE DE LA CONDAMINE";"1650";"06300";"06088";"Nice";"06";"None";"None";"06088000KR0099";"None";"None";"8";"nan";"None";"nan";"None";"nan";"None";"None";"None";"None";"1";"2";"Appartement";"32.0";"2.0";"None";"None";"None";"None";"nan";"7.277837";"43.697017";"000KR"
"2022-55341";"2022-03-31";"1";"Vente";"115000.0";"18.0";"None";"RUE ABBAYE";"0010";"06300";"06088";"Nice";"06";"None";"None";"06088000KR0191";"None";"None";"13";"18.54";"None";"nan";"None";"nan";"None";"None";"None";"None";"1";"2";"Appartement";"18.0";"1.0";"None";"None";"None";"None";"nan";"7.275832";"43.696741";"000KR"
"2022-55840";"2022-03-31";"1";"Vente";"136500.0";"1.0";"None";"RUE SAINT JOSEPH";"5825";"06300";"06088";"Nice";"06";"None";"None";"06088000KR0283";"None";"None";"6";"nan";"None";"nan";"None";"nan";"None";"None";"None";"None";"1";"3";"Dépendance";"nan";"0.0";"None";"None";"None";"None";"nan";"7.277851";"43.697477";"000KR"
"2022-55556";"2022-03-29";"1";"Vente";"205000.0";"7.0";"None";"RLE DE L ABBAYE";"0011";"06300";"06088";"Nice";"06";"None";"None";"06088000KR0187";"None";"None";"15";"42.95";"None";"nan";"None";"nan";"None";"None";"None";"None";"1";"2";"Appartement";"41.0";"2.0";"None";"None";"None";"None";"nan";"7.275436";"43.696661";"000KR"
"2022-55621";"2022-03-29";"1";"Vente";"415000.0";"1.0";"None";"PL ROSSETTI";"5590";"06300";"06088";"Nice";"06";"None";"None";"06088000KR0179";"None";"None";"17";"nan";"18";"nan";"None";"nan";"None";"None";"None";"None";"2";"2";"Appartement";"69.0";"2.0";"None";"None";"None";"None";"nan";"7.276182";"43.697024";"000KR"
"2022-55750";"2022-03-29";"1";"Vente";"395000.0";"13.0";"None";"RUE DE LA BOUCHERIE";"0930";"06300";"06088";"Nice";"06";"None";"None";"06088000KR0008";"None";"None";"1";"35.51";"None";"nan";"None";"nan";"None";"None";"None";"None";"1";"4";"Local industriel. commercial ou assimilé";"40.0";"0.0";"None";"None";"None";"None";"nan";"7.275353";"43.697812";"000KR"
"2022-55364";"2022-03-23";"1";"Vente";"515000.0";"27.0";"None";"RUE BENOIT BUNICO";"0780";"06300";"06088";"Nice";"06";"None";"None";"06088000KR0119";"None";"None";"14";"nan";"15";"nan";"17";"nan";"18";"None";"None";"None";"4";"2";"Appartement";"135.0";"5.0";"None";"None";"None";"None";"nan";"7.27692";"43.69687";"000KR"
"2022-54842";"2022-03-16";"1";"Vente";"250000.0";"1.0";"None";"RUE DU PONTIN";"5220";"06300";"06088";"Nice";"06";"None";"None";"06088000KR0269";"None";"None";"48";"nan";"None";"nan";"None";"nan";"None";"None";"None";"None";"1";"2";"Appartement";"71.0";"3.0";"None";"None";"None";"None";"nan";"7.274786";"43.69731";"000KR"
"2022-55107";"2022-03-15";"1";"Vente";"120000.0";"24.0";"None";"RUE BENOIT BUNICO";"0780";"06300";"06088";"Nice";"06";"None";"None";"06088000KR0166";"None";"None";"10";"27.79";"None";"nan";"None";"nan";"None";"None";"None";"None";"1";"2";"Appartement";"28.0";"1.0";"None";"None";"None";"None";"nan";"7.276611";"43.696642";"000KR"
"2022-55066";"2022-03-14";"1";"Vente";"100000.0";"34.0";"None";"BD JEAN JAURES";"3360";"06300";"06088";"Nice";"06";"None";"None";"06088000KR0010";"None";"None";"7";"17.81";"None";"nan";"None";"nan";"None";"None";"None";"None";"1";"4";"Local industriel. commercial ou assimilé";"20.0";"0.0";"None";"None";"None";"None";"nan";"7.275586";"43.697915";"000KR"
"2022-54569";"2022-03-10";"1";"Vente";"140000.0";"22.0";"None";"RUE CENTRALE";"1245";"06300";"06088";"Nice";"06";"None";"None";"06088000KR0046";"None";"None";"22";"nan";"None";"nan";"None";"nan";"None";"None";"None";"None";"1";"2";"Appartement";"42.0";"2.0";"None";"None";"None";"None";"nan";"7.276715";"43.69752";"000KR"
"2022-54127";"2022-03-03";"1";"Vente";"153200.0";"16.0";"None";"RUE CENTRALE";"1245";"06300";"06088";"Nice";"06";"None";"None";"06088000KR0042";"None";"None";"3";"31.8";"None";"nan";"None";"nan";"None";"None";"None";"None";"1";"2";"Appartement";"36.0";"2.0";"None";"None";"None";"None";"nan";"7.276791";"43.697753";"000KR"
"2022-54126";"2022-03-02";"1";"Vente";"150000.0";"9.0";"None";"RUE DU PONT VIEUX";"5210";"06300";"06088";"Nice";"06";"None";"None";"06088000KR0200";"None";"None";"10";"33.3";"None";"nan";"None";"nan";"None";"None";"None";"None";"1";"2";"Appartement";"30.0";"1.0";"None";"None";"None";"None";"nan";"7.276209";"43.697756";"000KR"
"2022-53898";"2022-02-28";"1";"Vente";"205325.0";"25.0";"None";"RUE DE LA CROIX";"1770";"06300";"06088";"Nice";"06";"None";"None";"06088000KR0111";"None";"None";"10";"nan";"None";"nan";"None";"nan";"None";"None";"None";"None";"1";"2";"Appartement";"45.0";"3.0";"None";"None";"None";"None";"nan";"7.277435";"43.697037";"000KR"
"2022-53756";"2022-02-25";"1";"Vente";"225075.0";"2.0";"None";"RUE DU JESUS";"3415";"06300";"06088";"Nice";"06";"None";"None";"06088000KR0181";"None";"None";"21";"nan";"None";"nan";"None";"nan";"None";"None";"None";"None";"1";"2";"Appartement";"67.0";"2.0";"None";"None";"None";"None";"nan";"7.276145";"43.69685";"000KR"
"2022-54370";"2022-02-25";"1";"Vente";"115000.0";"31.0";"None";"RUE DE LA PREFECTURE";"5240";"06300";"06088";"Nice";"06";"None";"None";"06088000KR0154";"None";"None";"12";"nan";"None";"nan";"None";"nan";"None";"None";"None";"None";"1";"2";"Appartement";"30.0";"2.0";"None";"None";"None";"None";"nan";"7.276555";"43.696406";"000KR"
"2022-54370";"2022-02-25";"1";"Vente";"115000.0";"31.0";"None";"RUE DE LA PREFECTURE";"5240";"06300";"06088";"Nice";"06";"None";"None";"06088000KR0154";"None";"None";"12";"nan";"None";"nan";"None";"nan";"None";"None";"None";"None";"1";"2";"Appartement";"39.0";"2.0";"None";"None";"None";"None";"nan";"7.276555";"43.696406";"000KR"
"2022-54370";"2022-02-25";"1";"Vente";"115000.0";"31.0";"None";"RUE DE LA PREFECTURE";"5240";"06300";"06088";"Nice";"06";"None";"None";"06088000KR0154";"None";"None";"12";"nan";"None";"nan";"None";"nan";"None";"None";"None";"None";"1";"2";"Appartement";"44.0";"2.0";"None";"None";"None";"None";"nan";"7.276555";"43.696406";"000KR"
"2022-54370";"2022-02-25";"1";"Vente";"115000.0";"31.0";"None";"RUE DE LA PREFECTURE";"5240";"06300";"06088";"Nice";"06";"None";"None";"06088000KR0154";"None";"None";"12";"nan";"None";"nan";"None";"nan";"None";"None";"None";"None";"1";"2";"Appartement";"48.0";"2.0";"None";"None";"None";"None";"nan";"7.276555";"43.696406";"000KR"
"2022-54370";"2022-02-25";"1";"Vente";"115000.0";"31.0";"None";"RUE DE LA PREFECTURE";"5240";"06300";"06088";"Nice";"06";"None";"None";"06088000KR0154";"None";"None";"12";"nan";"None";"nan";"None";"nan";"None";"None";"None";"None";"1";"2";"Appartement";"44.0";"2.0";"None";"None";"None";"None";"nan";"7.276555";"43.696406";"000KR"
"2022-54370";"2022-02-25";"1";"Vente";"115000.0";"31.0";"None";"RUE DE LA PREFECTURE";"5240";"06300";"06088";"Nice";"06";"None";"None";"06088000KR0154";"None";"None";"12";"nan";"None";"nan";"None";"nan";"None";"None";"None";"None";"1";"2";"Appartement";"48.0";"2.0";"None";"None";"None";"None";"nan";"7.276555";"43.696406";"000KR"
"2022-54370";"2022-02-25";"1";"Vente";"115000.0";"31.0";"None";"RUE DE LA PREFECTURE";"5240";"06300";"06088";"Nice";"06";"None";"None";"06088000KR0154";"None";"None";"12";"nan";"None";"nan";"None";"nan";"None";"None";"None";"None";"1";"2";"Appartement";"44.0";"2.0";"None";"None";"None";"None";"nan";"7.276555";"43.696406";"000KR"
"2022-54370";"2022-02-25";"1";"Vente";"115000.0";"31.0";"None";"RUE DE LA PREFECTURE";"5240";"06300";"06088";"Nice";"06";"None";"None";"06088000KR0154";"None";"None";"12";"nan";"None";"nan";"None";"nan";"None";"None";"None";"None";"1";"2";"Appartement";"48.0";"2.0";"None";"None";"None";"None";"nan";"7.276555";"43.696406";"000KR"
"2022-54370";"2022-02-25";"1";"Vente";"115000.0";"31.0";"None";"RUE DE LA PREFECTURE";"5240";"06300";"06088";"Nice";"06";"None";"None";"06088000KR0154";"None";"None";"12";"nan";"None";"nan";"None";"nan";"None";"None";"None";"None";"1";"2";"Appartement";"44.0";"2.0";"None";"None";"None";"None";"nan";"7.276555";"43.696406";"000KR"
"2022-54370";"2022-02-25";"1";"Vente";"115000.0";"31.0";"None";"RUE DE LA PREFECTURE";"5240";"06300";"06088";"Nice";"06";"None";"None";"06088000KR0154";"None";"None";"12";"nan";"None";"nan";"None";"nan";"None";"None";"None";"None";"1";"2";"Appartement";"48.0";"2.0";"None";"None";"None";"None";"nan";"7.276555";"43.696406";"000KR"
"2022-54370";"2022-02-25";"1";"Vente";"115000.0";"31.0";"None";"RUE DE LA PREFECTURE";"5240";"06300";"06088";"Nice";"06";"None";"None";"06088000KR0154";"None";"None";"12";"nan";"None";"nan";"None";"nan";"None";"None";"None";"None";"1";"2";"Appartement";"40.0";"2.0";"None";"None";"None";"None";"nan";"7.276555";"43.696406";"000KR"
"2022-54370";"2022-02-25";"1";"Vente";"115000.0";"31.0";"None";"RUE DE LA PREFECTURE";"5240";"06300";"06088";"Nice";"06";"None";"None";"06088000KR0154";"None";"None";"12";"nan";"None";"nan";"None";"nan";"None";"None";"None";"None";"1";"3";"Dépendance";"nan";"0.0";"None";"None";"None";"None";"nan";"7.276555";"43.696406";"000KR"
"2022-54370";"2022-02-25";"1";"Vente";"115000.0";"31.0";"None";"RUE DE LA PREFECTURE";"5240";"06300";"06088";"Nice";"06";"None";"None";"06088000KR0154";"None";"None";"12";"nan";"None";"nan";"None";"nan";"None";"None";"None";"None";"1";"3";"Dépendance";"nan";"0.0";"None";"None";"None";"None";"nan";"7.276555";"43.696406";"000KR"
"2022-54370";"2022-02-25";"1";"Vente";"115000.0";"31.0";"None";"RUE DE LA PREFECTURE";"5240";"06300";"06088";"Nice";"06";"None";"None";"06088000KR0154";"None";"None";"12";"nan";"None";"nan";"None";"nan";"None";"None";"None";"None";"1";"4";"Local industriel. commercial ou assimilé";"40.0";"0.0";"None";"None";"None";"None";"nan";"7.276555";"43.696406";"000KR"
"2022-54712";"2022-02-24";"1";"Vente";"145700.0";"4.0";"None";"RUE MALONAT";"3920";"06300";"06088";"Nice";"06";"None";"None";"06088000KR0146";"None";"None";"12";"nan";"None";"nan";"None";"nan";"None";"None";"None";"None";"1";"2";"Appartement";"80.0";"3.0";"None";"None";"None";"None";"nan";"7.277359";"43.696362";"000KR"
"2022-53392";"2022-02-23";"1";"Vente";"130000.0";"30.0";"None";"RUE DROITE";"2095";"06300";"06088";"Nice";"06";"None";"None";"06088000KR0109";"None";"None";"1";"nan";"None";"nan";"None";"nan";"None";"None";"None";"None";"1";"3";"Dépendance";"nan";"0.0";"None";"None";"None";"None";"nan";"7.277303";"43.697008";"000KR"
"2022-53392";"2022-02-23";"1";"Vente";"130000.0";"30.0";"None";"RUE DROITE";"2095";"06300";"06088";"Nice";"06";"None";"None";"06088000KR0109";"None";"None";"3";"nan";"None";"nan";"None";"nan";"None";"None";"None";"None";"1";"3";"Dépendance";"nan";"0.0";"None";"None";"None";"None";"nan";"7.277303";"43.697008";"000KR"
"2022-53323";"2022-02-21";"1";"Vente";"100.0";"2.0";"None";"RUE DE LA BOUCHERIE";"0930";"06300";"06088";"Nice";"06";"None";"None";"06088000KR0205";"None";"None";"1";"3.0";"None";"nan";"None";"nan";"None";"None";"None";"None";"1";"4";"Local industriel. commercial ou assimilé";"5.0";"0.0";"None";"None";"None";"None";"nan";"7.276301";"43.698043";"000KR"
"2022-53963";"2022-02-16";"1";"Vente";"151500.0";"5.0";"None";"RUE COLONNA D ISTRIA";"1590";"06300";"06088";"Nice";"06";"None";"None";"06088000KR0226";"None";"None";"11";"30.75";"None";"nan";"None";"nan";"None";"None";"None";"None";"1";"2";"Appartement";"40.0";"2.0";"None";"None";"None";"None";"nan";"7.275485";"43.697432";"000KR"
"2022-54511";"2022-02-16";"1";"Vente";"145000.0";"46.0";"None";"BD JEAN JAURES";"3360";"06300";"06088";"Nice";"06";"None";"None";"06088000KR0004";"None";"None";"3";"17.0";"None";"nan";"None";"nan";"None";"None";"None";"None";"1";"2";"Appartement";"16.0";"1.0";"None";"None";"None";"None";"nan";"7.274922";"43.697592";"000KR"
"2022-53963";"2022-02-16";"1";"Vente";"151500.0";"5.0";"None";"RUE COLONNA D ISTRIA";"1590";"06300";"06088";"Nice";"06";"None";"None";"06088000KR0226";"None";"None";"11";"30.75";"None";"nan";"None";"nan";"None";"None";"None";"None";"1";"3";"Dépendance";"nan";"0.0";"None";"None";"None";"None";"nan";"7.275485";"43.697432";"000KR"
"2022-53545";"2022-02-15";"1";"Vente";"255000.0";"2.0";"None";"RUE DU MARCHE";"3990";"06300";"06088";"Nice";"06";"None";"None";"06088000KR0260";"None";"None";"8";"31.0";"None";"nan";"None";"nan";"None";"None";"None";"None";"1";"2";"Appartement";"19.0";"2.0";"None";"None";"None";"None";"nan";"7.275294";"43.697604";"000KR"
"2022-53365";"2022-02-07";"1";"Vente";"163000.0";"15.0";"None";"RUE DE LA PREFECTURE";"5240";"06300";"06088";"Nice";"06";"None";"None";"06088000KR0236";"None";"None";"6";"nan";"None";"nan";"None";"nan";"None";"None";"None";"None";"1";"2";"Appartement";"26.0";"2.0";"None";"None";"None";"None";"nan";"7.274725";"43.696779";"000KR"
"2022-52660";"2022-02-01";"1";"Vente";"245745.0";"2.0";"None";"RUE DU JESUS";"3415";"06300";"06088";"Nice";"06";"None";"None";"06088000KR0181";"None";"None";"13";"nan";"None";"nan";"None";"nan";"None";"None";"None";"None";"1";"2";"Appartement";"39.0";"2.0";"None";"None";"None";"None";"nan";"7.276145";"43.69685";"000KR"
"2022-53056";"2022-01-27";"1";"Vente";"330000.0";"2.0";"None";"RUE DU JESUS";"3415";"06300";"06088";"Nice";"06";"None";"None";"06088000KR0181";"None";"None";"20";"43.77";"None";"nan";"None";"nan";"None";"None";"None";"None";"1";"2";"Appartement";"67.0";"2.0";"None";"None";"None";"None";"nan";"7.276145";"43.69685";"000KR"
"2022-52273";"2022-01-24";"1";"Vente";"100000.0";"8.0";"B";"RUE DE LA CONDAMINE";"1650";"06300";"06088";"Nice";"06";"None";"None";"06088000KR0096";"None";"None";"3";"16.22";"None";"nan";"None";"nan";"None";"None";"None";"None";"1";"2";"Appartement";"20.0";"1.0";"None";"None";"None";"None";"nan";"7.278025";"43.697028";"000KR"
"2022-52042";"2022-01-21";"1";"Vente";"210500.0";"4.0";"None";"RUE DU MARCHE";"3990";"06300";"06088";"Nice";"06";"None";"None";"06088000KR0293";"None";"None";"8";"38.91";"None";"nan";"None";"nan";"None";"None";"None";"None";"1";"2";"Appartement";"38.0";"2.0";"None";"None";"None";"None";"nan";"7.275181";"43.697536";"000KR"
"2022-52630";"2022-01-20";"1";"Vente";"465340.0";"3.0";"None";"PL ROSSETTI";"5590";"06300";"06088";"Nice";"06";"None";"None";"06088000KR0178";"None";"None";"7";"nan";"None";"nan";"None";"nan";"None";"None";"None";"None";"1";"2";"Appartement";"66.0";"3.0";"None";"None";"None";"None";"nan";"7.276314";"43.697012";"000KR"
"2022-51598";"2022-01-13";"1";"Vente";"204570.0";"2.0";"None";"RUE ROSSETTI";"5595";"06300";"06088";"Nice";"06";"None";"None";"06088000KR0049";"None";"None";"18";"30.05";"None";"nan";"None";"nan";"None";"None";"None";"None";"1";"2";"Appartement";"33.0";"3.0";"None";"None";"None";"None";"nan";"7.276766";"43.697343";"000KR"
"2022-51637";"2022-01-11";"1";"Vente";"254291.0";"2.0";"None";"RUE SAINTE REPARATE";"6065";"06300";"06088";"Nice";"06";"None";"None";"06088000KR0277";"None";"None";"15";"47.27";"None";"nan";"None";"nan";"None";"None";"None";"None";"1";"2";"Appartement";"47.0";"2.0";"None";"None";"None";"None";"nan";"7.276245";"43.696917";"000KR"
"2022-51718";"2022-01-10";"1";"Vente";"430000.0";"6.0";"None";"RUE SAINTE REPARATE";"6065";"06300";"06088";"Nice";"06";"None";"None";"06088000KR0158";"None";"None";"21";"nan";"9";"nan";"None";"nan";"None";"None";"None";"None";"2";"2";"Appartement";"79.0";"3.0";"None";"None";"None";"None";"nan";"7.276074";"43.696459";"000KR"
"2022-52069";"2022-01-10";"2";"Vente";"310000.0";"5.0";"None";"RUE SAINTE REPARATE";"6065";"06300";"06088";"Nice";"06";"None";"None";"06088000KR0192";"None";"None";"5";"nan";"None";"nan";"None";"nan";"None";"None";"None";"None";"1";"2";"Appartement";"50.0";"2.0";"None";"None";"None";"None";"nan";"7.275819";"43.696785";"000KR"
"2021-71271";"2021-12-30";"1";"Vente";"180000.0";"42.0";"None";"RUE DROITE";"2095";"06300";"06088";"Nice";"06";"None";"None";"06088000KR0265";"None";"None";"11";"41.75";"None";"nan";"None";"nan";"None";"None";"None";"None";"1";"2";"Appartement";"35.0";"2.0";"None";"None";"None";"None";"nan";"7.277217";"43.696316";"000KR"
"2021-71472";"2021-12-23";"1";"Vente";"375000.0";"16.0";"None";"RUE BENOIT BUNICO";"0780";"06300";"06088";"Nice";"06";"None";"None";"06088000KR0045";"None";"None";"11";"53.65";"14";"nan";"None";"nan";"None";"None";"None";"None";"2";"2";"Appartement";"46.0";"3.0";"None";"None";"None";"None";"nan";"7.276836";"43.697521";"000KR"
"2021-71472";"2021-12-23";"1";"Vente";"375000.0";"16.0";"None";"RUE BENOIT BUNICO";"0780";"06300";"06088";"Nice";"06";"None";"None";"06088000KR0045";"None";"None";"11";"53.65";"14";"nan";"None";"nan";"None";"None";"None";"None";"2";"3";"Dépendance";"nan";"0.0";"None";"None";"None";"None";"nan";"7.276836";"43.697521";"000KR"
"2021-71746";"2021-12-22";"1";"Vente";"145000.0";"13.0";"None";"RUE DROITE";"2095";"06300";"06088";"Nice";"06";"None";"None";"06088000KR0061";"None";"None";"3";"nan";"None";"nan";"None";"nan";"None";"None";"None";"None";"1";"2";"Appartement";"32.0";"2.0";"None";"None";"None";"None";"nan";"7.277293";"43.697772";"000KR"
"2021-71087";"2021-12-21";"1";"Vente";"150000.0";"5.0";"None";"RUE DU MOULIN";"4445";"06300";"06088";"Nice";"06";"None";"None";"06088000KR0248";"None";"None";"34";"25.73";"35";"nan";"None";"nan";"None";"None";"None";"None";"2";"2";"Appartement";"27.0";"2.0";"None";"None";"None";"None";"nan";"7.274855";"43.697069";"000KR"
"2021-71679";"2021-12-21";"1";"Vente";"175000.0";"1.0";"None";"RUE FRANCIS GALLO";"2605";"06300";"06088";"Nice";"06";"None";"None";"06088000KR0224";"None";"None";"12";"26.29";"None";"nan";"None";"nan";"None";"None";"None";"None";"1";"2";"Appartement";"25.0";"2.0";"None";"None";"None";"None";"nan";"7.275434";"43.697552";"000KR"
"2021-70922";"2021-12-17";"1";"Vente";"205000.0";"19.0";"None";"RUE DE LA PREFECTURE";"5240";"06300";"06088";"Nice";"06";"None";"None";"06088000KR0187";"None";"None";"52";"91.4";"None";"nan";"None";"nan";"None";"None";"None";"None";"1";"2";"Appartement";"130.0";"6.0";"None";"None";"None";"None";"nan";"7.275436";"43.696661";"000KR"
"2021-70976";"2021-12-17";"1";"Vente";"152000.0";"22.0";"None";"RUE BENOIT BUNICO";"0780";"06300";"06088";"Nice";"06";"None";"None";"06088000KR0169";"None";"None";"14";"26.83";"22";"nan";"None";"nan";"None";"None";"None";"None";"2";"2";"Appartement";"27.0";"1.0";"None";"None";"None";"None";"nan";"7.276665";"43.697009";"000KR"
"2021-70976";"2021-12-17";"1";"Vente";"152000.0";"22.0";"None";"RUE BENOIT BUNICO";"0780";"06300";"06088";"Nice";"06";"None";"None";"06088000KR0169";"None";"None";"14";"26.83";"22";"nan";"None";"nan";"None";"None";"None";"None";"2";"3";"Dépendance";"nan";"0.0";"None";"None";"None";"None";"nan";"7.276665";"43.697009";"000KR"
"2021-71930";"2021-12-16";"1";"Vente";"159000.0";"3.0";"None";"RUE DU PONT VIEUX";"5210";"06300";"06088";"Nice";"06";"None";"None";"06088000KR0203";"None";"None";"11";"nan";"None";"nan";"None";"nan";"None";"None";"None";"None";"1";"2";"Appartement";"44.0";"2.0";"None";"None";"None";"None";"nan";"7.276219";"43.697927";"000KR"
"2021-70552";"2021-12-02";"1";"Vente";"132000.0";"29.0";"None";"RUE BENOIT BUNICO";"0780";"06300";"06088";"Nice";"06";"None";"None";"06088000KR0124";"None";"None";"8";"24.5";"None";"nan";"None";"nan";"None";"None";"None";"None";"1";"2";"Appartement";"26.0";"1.0";"None";"None";"None";"None";"nan";"7.276801";"43.696633";"000KR"
"2021-69776";"2021-12-01";"1";"Vente";"222255.0";"2.0";"None";"RUE MASCOINAT";"4090";"06300";"06088";"Nice";"06";"None";"None";"06088000KR0035";"None";"None";"3";"nan";"None";"nan";"None";"nan";"None";"None";"None";"None";"1";"2";"Appartement";"52.0";"3.0";"None";"None";"None";"None";"nan";"7.276645";"43.697773";"000KR"
"2021-69864";"2021-12-01";"1";"Vente";"130110.0";"3.0";"None";"RUE DU JESUS";"3415";"06300";"06088";"Nice";"06";"None";"None";"06088000KR0164";"None";"None";"14";"21.63";"None";"nan";"None";"nan";"None";"None";"None";"None";"1";"2";"Appartement";"19.0";"1.0";"None";"None";"None";"None";"nan";"7.276489";"43.696713";"000KR"
"2021-70721";"2021-11-30";"1";"Vente";"183000.0";"13.0";"None";"RUE COLONNA D ISTRIA";"1590";"06300";"06088";"Nice";"06";"None";"None";"06088000KR0231";"None";"None";"73";"34.53";"None";"nan";"None";"nan";"None";"None";"None";"None";"1";"2";"Appartement";"35.0";"2.0";"None";"None";"None";"None";"nan";"7.275248";"43.697084";"000KR"
"2021-70124";"2021-11-25";"1";"Vente";"77000.0";"31.0";"None";"RUE DE LA PREFECTURE";"5240";"06300";"06088";"Nice";"06";"None";"None";"06088000KR0154";"None";"None";"17";"17.69";"8";"nan";"None";"nan";"None";"None";"None";"None";"2";"2";"Appartement";"40.0";"2.0";"None";"None";"None";"None";"nan";"7.276555";"43.696406";"000KR"
"2021-70124";"2021-11-25";"1";"Vente";"77000.0";"31.0";"None";"RUE DE LA PREFECTURE";"5240";"06300";"06088";"Nice";"06";"None";"None";"06088000KR0154";"None";"None";"17";"17.69";"8";"nan";"None";"nan";"None";"None";"None";"None";"2";"2";"Appartement";"30.0";"2.0";"None";"None";"None";"None";"nan";"7.276555";"43.696406";"000KR"
"2021-70124";"2021-11-25";"1";"Vente";"77000.0";"31.0";"None";"RUE DE LA PREFECTURE";"5240";"06300";"06088";"Nice";"06";"None";"None";"06088000KR0154";"None";"None";"17";"17.69";"8";"nan";"None";"nan";"None";"None";"None";"None";"2";"2";"Appartement";"39.0";"2.0";"None";"None";"None";"None";"nan";"7.276555";"43.696406";"000KR"
"2021-70124";"2021-11-25";"1";"Vente";"77000.0";"31.0";"None";"RUE DE LA PREFECTURE";"5240";"06300";"06088";"Nice";"06";"None";"None";"06088000KR0154";"None";"None";"17";"17.69";"8";"nan";"None";"nan";"None";"None";"None";"None";"2";"2";"Appartement";"44.0";"2.0";"None";"None";"None";"None";"nan";"7.276555";"43.696406";"000KR"
"2021-70124";"2021-11-25";"1";"Vente";"77000.0";"31.0";"None";"RUE DE LA PREFECTURE";"5240";"06300";"06088";"Nice";"06";"None";"None";"06088000KR0154";"None";"None";"17";"17.69";"8";"nan";"None";"nan";"None";"None";"None";"None";"2";"2";"Appartement";"48.0";"2.0";"None";"None";"None";"None";"nan";"7.276555";"43.696406";"000KR"
"2021-70124";"2021-11-25";"1";"Vente";"77000.0";"31.0";"None";"RUE DE LA PREFECTURE";"5240";"06300";"06088";"Nice";"06";"None";"None";"06088000KR0154";"None";"None";"17";"17.69";"8";"nan";"None";"nan";"None";"None";"None";"None";"2";"2";"Appartement";"44.0";"2.0";"None";"None";"None";"None";"nan";"7.276555";"43.696406";"000KR"
"2021-70124";"2021-11-25";"1";"Vente";"77000.0";"31.0";"None";"RUE DE LA PREFECTURE";"5240";"06300";"06088";"Nice";"06";"None";"None";"06088000KR0154";"None";"None";"17";"17.69";"8";"nan";"None";"nan";"None";"None";"None";"None";"2";"2";"Appartement";"48.0";"2.0";"None";"None";"None";"None";"nan";"7.276555";"43.696406";"000KR"
"2021-70124";"2021-11-25";"1";"Vente";"77000.0";"31.0";"None";"RUE DE LA PREFECTURE";"5240";"06300";"06088";"Nice";"06";"None";"None";"06088000KR0154";"None";"None";"17";"17.69";"8";"nan";"None";"nan";"None";"None";"None";"None";"2";"2";"Appartement";"44.0";"2.0";"None";"None";"None";"None";"nan";"7.276555";"43.696406";"000KR"
"2021-70124";"2021-11-25";"1";"Vente";"77000.0";"31.0";"None";"RUE DE LA PREFECTURE";"5240";"06300";"06088";"Nice";"06";"None";"None";"06088000KR0154";"None";"None";"17";"17.69";"8";"nan";"None";"nan";"None";"None";"None";"None";"2";"2";"Appartement";"48.0";"2.0";"None";"None";"None";"None";"nan";"7.276555";"43.696406";"000KR"
"2021-70124";"2021-11-25";"1";"Vente";"77000.0";"31.0";"None";"RUE DE LA PREFECTURE";"5240";"06300";"06088";"Nice";"06";"None";"None";"06088000KR0154";"None";"None";"17";"17.69";"8";"nan";"None";"nan";"None";"None";"None";"None";"2";"2";"Appartement";"44.0";"2.0";"None";"None";"None";"None";"nan";"7.276555";"43.696406";"000KR"
"2021-70124";"2021-11-25";"1";"Vente";"77000.0";"31.0";"None";"RUE DE LA PREFECTURE";"5240";"06300";"06088";"Nice";"06";"None";"None";"06088000KR0154";"None";"None";"17";"17.69";"8";"nan";"None";"nan";"None";"None";"None";"None";"2";"2";"Appartement";"48.0";"2.0";"None";"None";"None";"None";"nan";"7.276555";"43.696406";"000KR"
"2021-70124";"2021-11-25";"1";"Vente";"77000.0";"31.0";"None";"RUE DE LA PREFECTURE";"5240";"06300";"06088";"Nice";"06";"None";"None";"06088000KR0154";"None";"None";"17";"17.69";"8";"nan";"None";"nan";"None";"None";"None";"None";"2";"3";"Dépendance";"nan";"0.0";"None";"None";"None";"None";"nan";"7.276555";"43.696406";"000KR"
"2021-70124";"2021-11-25";"1";"Vente";"77000.0";"31.0";"None";"RUE DE LA PREFECTURE";"5240";"06300";"06088";"Nice";"06";"None";"None";"06088000KR0154";"None";"None";"17";"17.69";"8";"nan";"None";"nan";"None";"None";"None";"None";"2";"3";"Dépendance";"nan";"0.0";"None";"None";"None";"None";"nan";"7.276555";"43.696406";"000KR"
"2021-70124";"2021-11-25";"1";"Vente";"77000.0";"31.0";"None";"RUE DE LA PREFECTURE";"5240";"06300";"06088";"Nice";"06";"None";"None";"06088000KR0154";"None";"None";"17";"17.69";"8";"nan";"None";"nan";"None";"None";"None";"None";"2";"4";"Local industriel. commercial ou assimilé";"40.0";"0.0";"None";"None";"None";"None";"nan";"7.276555";"43.696406";"000KR"
"2021-69657";"2021-11-19";"1";"Vente";"320000.0";"7.0";"None";"RUE PLACE VIEILLE";"5155";"06300";"06088";"Nice";"06";"None";"None";"06088000KR0150";"None";"None";"20";"nan";"9";"nan";"None";"nan";"None";"None";"None";"None";"2";"2";"Appartement";"60.0";"3.0";"None";"None";"None";"None";"nan";"7.276876";"43.696453";"000KR"
"2021-69657";"2021-11-19";"1";"Vente";"320000.0";"7.0";"None";"RUE PLACE VIEILLE";"5155";"06300";"06088";"Nice";"06";"None";"None";"06088000KR0150";"None";"None";"16";"nan";"8";"84.7";"None";"nan";"None";"None";"None";"None";"2";"2";"Appartement";"29.0";"1.0";"None";"None";"None";"None";"nan";"7.276876";"43.696453";"000KR"
"2021-69853";"2021-11-19";"1";"Vente";"250000.0";"2.0";"None";"RUE DU MARCHE";"3990";"06300";"06088";"Nice";"06";"None";"None";"06088000KR0260";"None";"None";"9";"33.42";"None";"nan";"None";"nan";"None";"None";"None";"None";"1";"2";"Appartement";"85.0";"4.0";"None";"None";"None";"None";"nan";"7.275294";"43.697604";"000KR"
"2021-69859";"2021-11-19";"1";"Vente";"296150.0";"15.0";"None";"RUE DU CHATEAU";"1335";"06300";"06088";"Nice";"06";"None";"None";"06088000KR0134";"None";"None";"18";"nan";"45";"nan";"None";"nan";"None";"None";"None";"None";"2";"2";"Appartement";"46.0";"2.0";"None";"None";"None";"None";"nan";"7.277852";"43.696417";"000KR"
"2021-69859";"2021-11-19";"1";"Vente";"296150.0";"15.0";"None";"RUE DU CHATEAU";"1335";"06300";"06088";"Nice";"06";"None";"None";"06088000KR0134";"None";"None";"18";"nan";"45";"nan";"None";"nan";"None";"None";"None";"None";"2";"3";"Dépendance";"nan";"0.0";"None";"None";"None";"None";"nan";"7.277852";"43.696417";"000KR"
"2021-69995";"2021-11-18";"1";"Vente";"192000.0";"42.0";"None";"RUE DROITE";"2095";"06300";"06088";"Nice";"06";"None";"None";"06088000KR0265";"None";"None";"9";"35.86";"None";"nan";"None";"nan";"None";"None";"None";"None";"1";"2";"Appartement";"24.0";"2.0";"None";"None";"None";"None";"nan";"7.277217";"43.696316";"000KR"
"2021-68994";"2021-11-10";"1";"Vente";"271200.0";"5.0";"None";"RUE ROSSETTI";"5595";"06300";"06088";"Nice";"06";"None";"None";"06088000KR0114";"None";"None";"34";"nan";"None";"nan";"None";"nan";"None";"None";"None";"None";"1";"2";"Appartement";"47.0";"2.0";"None";"None";"None";"None";"nan";"7.277014";"43.697114";"000KR"
"2021-69263";"2021-11-09";"1";"Vente";"265000.0";"3.0";"None";"RUE SAINT JOSEPH";"5825";"06300";"06088";"Nice";"06";"None";"None";"06088000KR0079";"None";"None";"6";"66.52";"None";"nan";"None";"nan";"None";"None";"None";"None";"1";"2";"Appartement";"66.0";"4.0";"None";"None";"None";"None";"nan";"7.277901";"43.697412";"000KR"
"2021-68998";"2021-11-08";"1";"Vente";"121000.0";"27.0";"None";"RUE BENOIT BUNICO";"0780";"06300";"06088";"Nice";"06";"None";"None";"06088000KR0119";"None";"None";"24";"nan";"None";"nan";"None";"nan";"None";"None";"None";"None";"1";"2";"Appartement";"30.0";"2.0";"None";"None";"None";"None";"nan";"7.27692";"43.69687";"000KR"
"2021-68617";"2021-10-26";"1";"Vente";"60000.0";"10.0";"None";"RUE DU JESUS";"3415";"06300";"06088";"Nice";"06";"None";"None";"06088000KR0122";"None";"None";"5";"nan";"None";"nan";"None";"nan";"None";"None";"None";"None";"1";"2";"Appartement";"28.0";"2.0";"None";"None";"None";"None";"nan";"7.276886";"43.696804";"000KR"
"2021-68608";"2021-10-25";"1";"Vente";"260000.0";"13.0";"None";"RUE BENOIT BUNICO";"0780";"06300";"06088";"Nice";"06";"None";"None";"06088000KR0058";"None";"None";"5";"nan";"None";"nan";"None";"nan";"None";"None";"None";"None";"1";"2";"Appartement";"33.0";"2.0";"None";"None";"None";"None";"nan";"7.277058";"43.697555";"000KR"
"2021-68657";"2021-10-22";"1";"Vente";"110000.0";"18.0";"None";"RUE ABBAYE";"0010";"06300";"06088";"Nice";"06";"None";"None";"06088000KR0191";"None";"None";"14";"20.89";"None";"nan";"None";"nan";"None";"None";"None";"None";"1";"2";"Appartement";"24.0";"1.0";"None";"None";"None";"None";"nan";"7.275832";"43.696741";"000KR"
"2021-68123";"2021-10-21";"1";"Vente";"347000.0";"6.0";"None";"RUE DU PONTIN";"5220";"06300";"06088";"Nice";"06";"None";"None";"06088000KR0230";"None";"None";"12";"nan";"None";"nan";"None";"nan";"None";"None";"None";"None";"1";"2";"Appartement";"80.0";"3.0";"None";"None";"None";"None";"nan";"7.275344";"43.697331";"000KR"
"2021-68163";"2021-10-20";"1";"Vente";"342400.0";"3.0";"None";"RUE CENTRALE";"1245";"06300";"06088";"Nice";"06";"None";"None";"06088000KR0029";"None";"None";"7";"50.21";"None";"nan";"None";"nan";"None";"None";"None";"None";"1";"2";"Appartement";"40.0";"2.0";"None";"None";"None";"None";"nan";"7.276516";"43.697421";"000KR"
"2021-68579";"2021-10-18";"1";"Vente";"455000.0";"6.0";"None";"RUE BENOIT BUNICO";"0780";"06300";"06088";"Nice";"06";"None";"None";"06088000KR0039";"None";"None";"19";"90.85";"None";"nan";"None";"nan";"None";"None";"None";"None";"1";"2";"Appartement";"95.0";"4.0";"None";"None";"None";"None";"nan";"7.276982";"43.697909";"000KR"
"2021-68579";"2021-10-18";"1";"Vente";"455000.0";"6.0";"None";"RUE BENOIT BUNICO";"0780";"06300";"06088";"Nice";"06";"None";"None";"06088000KR0039";"None";"None";"19";"90.85";"None";"nan";"None";"nan";"None";"None";"None";"None";"1";"3";"Dépendance";"nan";"0.0";"None";"None";"None";"None";"nan";"7.276982";"43.697909";"000KR"
"2021-67336";"2021-10-11";"1";"Vente";"190000.0";"1.0";"None";"RUE DU PONT VIEUX";"5210";"06300";"06088";"Nice";"06";"None";"None";"06088000KR0204";"None";"None";"7";"nan";"None";"nan";"None";"nan";"None";"None";"None";"None";"1";"2";"Appartement";"48.0";"2.0";"None";"None";"None";"None";"nan";"7.276258";"43.697984";"000KR"
"2021-67763";"2021-10-08";"1";"Vente";"125000.0";"5.0";"None";"RUE DU JESUS";"3415";"06300";"06088";"Nice";"06";"None";"None";"06088000KR0167";"None";"None";"17";"24.79";"None";"nan";"None";"nan";"None";"None";"None";"None";"1";"2";"Appartement";"33.0";"3.0";"None";"None";"None";"None";"nan";"7.276628";"43.696726";"000KR"
"2021-68405";"2021-10-08";"1";"Vente";"85000.0";"5.0";"None";"RUE SAINTE REPARATE";"6065";"06300";"06088";"Nice";"06";"None";"None";"06088000KR0192";"None";"None";"4";"nan";"None";"nan";"None";"nan";"None";"None";"None";"None";"1";"2";"Appartement";"51.0";"2.0";"None";"None";"None";"None";"nan";"7.275819";"43.696785";"000KR"
"2021-67447";"2021-10-07";"1";"Vente";"174000.0";"3.0";"None";"RUE COLONNA D ISTRIA";"1590";"06300";"06088";"Nice";"06";"None";"None";"06088000KR0218";"None";"None";"31";"nan";"None";"nan";"None";"nan";"None";"None";"None";"None";"1";"2";"Appartement";"36.0";"2.0";"None";"None";"None";"None";"nan";"7.275676";"43.697616";"000KR"
"2021-66937";"2021-10-04";"1";"Vente";"315000.0";"37.0";"None";"RUE DE LA PREFECTURE";"5240";"06300";"06088";"Nice";"06";"None";"None";"06088000KR0151";"None";"None";"7";"49.91";"8";"25.97";"None";"nan";"None";"None";"None";"None";"2";"2";"Appartement";"98.0";"4.0";"None";"None";"None";"None";"nan";"7.27687";"43.696362";"000KR"
"2021-67404";"2021-10-01";"1";"Vente";"277494.97";"44.0";"None";"BD JEAN JAURES";"3360";"06300";"06088";"Nice";"06";"None";"None";"06088000KR0005";"None";"None";"25";"nan";"None";"nan";"None";"nan";"None";"None";"None";"None";"1";"2";"Appartement";"39.0";"2.0";"None";"None";"None";"None";"nan";"7.274994";"43.697666";"000KR"
"2021-67762";"2021-10-01";"1";"Vente";"111155.0";"5.0";"None";"RUE DU MOULIN";"4445";"06300";"06088";"Nice";"06";"None";"None";"06088000KR0248";"None";"None";"27";"nan";"None";"nan";"None";"nan";"None";"None";"None";"None";"1";"2";"Appartement";"15.0";"1.0";"None";"None";"None";"None";"nan";"7.274855";"43.697069";"000KR"
"2021-66410";"2021-09-24";"1";"Vente";"243920.0";"2.0";"None";"RUE MASCOINAT";"4090";"06300";"06088";"Nice";"06";"None";"None";"06088000KR0035";"None";"None";"5";"51.52";"None";"nan";"None";"nan";"None";"None";"None";"None";"1";"2";"Appartement";"52.0";"3.0";"None";"None";"None";"None";"nan";"7.276645";"43.697773";"000KR"
"2021-67068";"2021-09-23";"1";"Vente";"124000.0";"15.0";"None";"RUE DE LA PREFECTURE";"5240";"06300";"06088";"Nice";"06";"None";"None";"06088000KR0236";"None";"None";"78";"24.04";"None";"nan";"None";"nan";"None";"None";"None";"None";"1";"2";"Appartement";"20.0";"1.0";"None";"None";"None";"None";"nan";"7.274725";"43.696779";"000KR"
"2021-67076";"2021-09-23";"1";"Vente";"148000.0";"5.0";"None";"RUE DU MOULIN";"4445";"06300";"06088";"Nice";"06";"None";"None";"06088000KR0248";"None";"None";"13";"30.11";"None";"nan";"None";"nan";"None";"None";"None";"None";"1";"2";"Appartement";"97.0";"3.0";"None";"None";"None";"None";"nan";"7.274855";"43.697069";"000KR"
"2021-67104";"2021-09-22";"1";"Vente";"144100.0";"29.0";"None";"RUE DROITE";"2095";"06300";"06088";"Nice";"06";"None";"None";"06088000KR0116";"None";"None";"118";"35.11";"None";"nan";"None";"nan";"None";"None";"None";"None";"1";"2";"Appartement";"25.0";"2.0";"None";"None";"None";"None";"nan";"7.277068";"43.697048";"000KR"
"2021-66193";"2021-09-21";"1";"Vente";"278790.0";"6.0";"None";"RUE MALONAT";"3920";"06300";"06088";"Nice";"06";"None";"None";"06088000KR0145";"None";"None";"18";"41.0";"None";"nan";"None";"nan";"None";"None";"None";"None";"1";"2";"Appartement";"41.0";"3.0";"None";"None";"None";"None";"nan";"7.277501";"43.696336";"000KR"
"2021-66698";"2021-09-20";"1";"Vente";"150000.0";"48.0";"None";"BD JEAN JAURES";"3360";"06300";"06088";"Nice";"06";"None";"None";"06088000KR0003";"None";"None";"40";"55.76";"None";"nan";"None";"nan";"None";"None";"None";"None";"1";"2";"Appartement";"65.0";"3.0";"None";"None";"None";"None";"nan";"7.274832";"43.697576";"000KR"
"2021-67059";"2021-09-20";"1";"Vente";"198000.0";"29.0";"None";"RUE DROITE";"2095";"06300";"06088";"Nice";"06";"None";"None";"06088000KR0116";"None";"None";"123";"nan";"124";"nan";"None";"nan";"None";"None";"None";"None";"2";"2";"Appartement";"50.0";"3.0";"None";"None";"None";"None";"nan";"7.277068";"43.697048";"000KR"
"2021-66651";"2021-09-17";"1";"Vente";"251000.0";"4.0";"None";"RUE FRANCIS GALLO";"2605";"06300";"06088";"Nice";"06";"None";"None";"06088000KR0222";"None";"None";"15";"44.1";"None";"nan";"None";"nan";"None";"None";"None";"None";"1";"2";"Appartement";"50.0";"3.0";"None";"None";"None";"None";"nan";"7.275535";"43.697667";"000KR"
"2021-66828";"2021-09-16";"1";"Vente";"330000.0";"23.0";"None";"RUE BENOIT BUNICO";"0780";"06300";"06088";"Nice";"06";"None";"None";"06088000KR0116";"None";"None";"108";"46.8";"None";"nan";"None";"nan";"None";"None";"None";"None";"1";"2";"Appartement";"52.0";"2.0";"None";"None";"None";"None";"nan";"7.277068";"43.697048";"000KR"
"2021-66828";"2021-09-16";"1";"Vente";"330000.0";"23.0";"None";"RUE BENOIT BUNICO";"0780";"06300";"06088";"Nice";"06";"None";"None";"06088000KR0116";"None";"None";"101";"33.8";"105";"33.85";"None";"nan";"None";"None";"None";"None";"2";"4";"Local industriel. commercial ou assimilé";"19.0";"0.0";"None";"None";"None";"None";"nan";"7.277068";"43.697048";"000KR"
"2021-66089";"2021-09-15";"1";"Vente";"147000.0";"36.0";"None";"RUE CENTRALE";"1245";"06300";"06088";"Nice";"06";"None";"None";"06088000KR0276";"None";"None";"14";"31.65";"None";"nan";"None";"nan";"None";"None";"None";"None";"1";"2";"Appartement";"32.0";"2.0";"None";"None";"None";"None";"nan";"7.276524";"43.696967";"000KR"
"2021-66487";"2021-09-14";"1";"Vente";"274000.0";"13.0";"None";"RUE BENOIT BUNICO";"0780";"06300";"06088";"Nice";"06";"None";"None";"06088000KR0058";"None";"None";"4";"49.0";"None";"nan";"None";"nan";"None";"None";"None";"None";"1";"2";"Appartement";"33.0";"2.0";"None";"None";"None";"None";"nan";"7.277058";"43.697555";"000KR"
"2021-65763";"2021-09-13";"1";"Vente";"127000.0";"31.0";"None";"RUE DROITE";"2095";"06300";"06088";"Nice";"06";"None";"None";"06088000KR0117";"None";"None";"18";"25.22";"None";"nan";"None";"nan";"None";"None";"None";"None";"1";"2";"Appartement";"24.0";"1.0";"None";"None";"None";"None";"nan";"7.277069";"43.696969";"000KR"
"2021-65661";"2021-09-09";"1";"Vente";"239000.0";"1.0";"B";"RUE CENTRALE";"1245";"06300";"06088";"Nice";"06";"None";"None";"06088000KR0033";"None";"None";"37";"47.04";"None";"nan";"None";"nan";"None";"None";"None";"None";"1";"2";"Appartement";"42.0";"3.0";"None";"None";"None";"None";"nan";"7.276561";"43.697609";"000KR"
"2021-65477";"2021-09-07";"1";"Vente";"238000.0";"20.0";"None";"RUE DROITE";"2095";"06300";"06088";"Nice";"06";"None";"None";"06088000KR0065";"None";"None";"21";"54.45";"None";"nan";"None";"nan";"None";"None";"None";"None";"1";"2";"Appartement";"65.0";"3.0";"None";"None";"None";"None";"nan";"7.277476";"43.697356";"000KR"
"2021-65514";"2021-09-03";"1";"Vente";"258000.0";"12.0";"None";"RUE MASCOINAT";"4090";"06300";"06088";"Nice";"06";"None";"None";"06088000KR0030";"None";"None";"5";"nan";"None";"nan";"None";"nan";"None";"None";"None";"None";"1";"2";"Appartement";"55.0";"3.0";"None";"None";"None";"None";"nan";"7.276383";"43.697393";"000KR"
"2021-65734";"2021-09-03";"1";"Vente";"253010.0";"3.0";"None";"RUE CENTRALE";"1245";"06300";"06088";"Nice";"06";"None";"None";"06088000KR0029";"None";"None";"8";"60.01";"None";"nan";"None";"nan";"None";"None";"None";"None";"1";"2";"Appartement";"56.0";"3.0";"None";"None";"None";"None";"nan";"7.276516";"43.697421";"000KR"
"2021-65081";"2021-08-31";"1";"Vente";"370000.0";"14.0";"None";"RUE BENOIT BUNICO";"0780";"06300";"06088";"Nice";"06";"None";"None";"06088000KR0044";"None";"None";"7";"66.1";"None";"nan";"None";"nan";"None";"None";"None";"None";"1";"2";"Appartement";"59.0";"2.0";"None";"None";"None";"None";"nan";"7.276795";"43.69759";"000KR"
"2021-65083";"2021-08-31";"1";"Vente";"115000.0";"6.0";"None";"RUE MALONAT";"3920";"06300";"06088";"Nice";"06";"None";"None";"06088000KR0145";"None";"None";"16";"nan";"None";"nan";"None";"nan";"None";"None";"None";"None";"1";"2";"Appartement";"21.0";"2.0";"None";"None";"None";"None";"nan";"7.277501";"43.696336";"000KR"
"2021-65084";"2021-08-31";"1";"Vente";"185000.0";"6.0";"None";"RUE MALONAT";"3920";"06300";"06088";"Nice";"06";"None";"None";"06088000KR0145";"None";"None";"20";"nan";"None";"nan";"None";"nan";"None";"None";"None";"None";"1";"2";"Appartement";"30.0";"3.0";"None";"None";"None";"None";"nan";"7.277501";"43.696336";"000KR"
"2021-65148";"2021-08-31";"1";"Vente";"165000.0";"13.0";"None";"RUE COLONNA D ISTRIA";"1590";"06300";"06088";"Nice";"06";"None";"None";"06088000KR0231";"None";"None";"96";"31.33";"None";"nan";"None";"nan";"None";"None";"None";"None";"1";"2";"Appartement";"31.0";"2.0";"None";"None";"None";"None";"nan";"7.275248";"43.697084";"000KR"
"2021-65093";"2021-08-30";"1";"Vente";"263000.0";"42.0";"None";"RUE DROITE";"2095";"06300";"06088";"Nice";"06";"None";"None";"06088000KR0265";"None";"None";"29";"nan";"30";"nan";"39";"nan";"None";"None";"None";"None";"3";"2";"Appartement";"65.0";"4.0";"None";"None";"None";"None";"nan";"7.277217";"43.696316";"000KR"
"2021-64761";"2021-08-25";"1";"Vente";"165775.0";"18.0";"None";"RUE MALONAT";"3920";"06300";"06088";"Nice";"06";"None";"None";"06088000KR0139";"None";"None";"43";"28.54";"None";"nan";"None";"nan";"None";"None";"None";"None";"1";"2";"Appartement";"30.0";"1.0";"None";"None";"None";"None";"nan";"7.278011";"43.696352";"000KR"
"2021-64247";"2021-08-02";"1";"Vente";"190000.0";"7.0";"None";"RUE MASCOINAT";"4090";"06300";"06088";"Nice";"06";"None";"None";"06088000KR0274";"None";"None";"17";"47.12";"None";"nan";"None";"nan";"None";"None";"None";"None";"1";"2";"Appartement";"55.0";"3.0";"None";"None";"None";"None";"nan";"7.276533";"43.697885";"000KR"
"2021-64524";"2021-08-02";"1";"Vente";"145000.0";"3.0";"None";"RUE MASCOINAT";"4090";"06300";"06088";"Nice";"06";"None";"None";"06088000KR0274";"None";"None";"24";"20.45";"None";"nan";"None";"nan";"None";"None";"None";"None";"1";"2";"Appartement";"29.0";"1.0";"None";"None";"None";"None";"nan";"7.276533";"43.697885";"000KR"
"2021-63919";"2021-07-30";"1";"Vente";"170000.0";"29.0";"None";"RUE DROITE";"2095";"06300";"06088";"Nice";"06";"None";"None";"06088000KR0116";"None";"None";"109";"30.5";"None";"nan";"None";"nan";"None";"None";"None";"None";"1";"2";"Appartement";"35.0";"2.0";"None";"None";"None";"None";"nan";"7.277068";"43.697048";"000KR"
"2021-64065";"2021-07-30";"1";"Vente";"395000.0";"6.0";"None";"RUE MALONAT";"3920";"06300";"06088";"Nice";"06";"None";"None";"06088000KR0145";"None";"None";"19";"71.01";"None";"nan";"None";"nan";"None";"None";"None";"None";"1";"2";"Appartement";"71.0";"3.0";"None";"None";"None";"None";"nan";"7.277501";"43.696336";"000KR"
"2021-63028";"2021-07-23";"1";"Vente";"195000.0";"30.0";"None";"BD JEAN JAURES";"3360";"06300";"06088";"Nice";"06";"None";"None";"06088000KR0012";"None";"None";"4";"28.77";"None";"nan";"None";"nan";"None";"None";"None";"None";"1";"2";"Appartement";"29.0";"2.0";"None";"None";"None";"None";"nan";"7.276003";"43.698044";"000KR"
"2021-63080";"2021-07-19";"1";"Vente";"165000.0";"1.0";"None";"RUE DU PONT VIEUX";"5210";"06300";"06088";"Nice";"06";"None";"None";"06088000KR0204";"None";"None";"8";"52.68";"None";"nan";"None";"nan";"None";"None";"None";"None";"1";"2";"Appartement";"50.0";"3.0";"None";"None";"None";"None";"nan";"7.276258";"43.697984";"000KR"
"2021-63332";"2021-07-19";"1";"Vente";"175000.0";"2.0";"None";"RUE SAINTE REPARATE";"6065";"06300";"06088";"Nice";"06";"None";"None";"06088000KR0277";"None";"None";"16";"27.48";"None";"nan";"None";"nan";"None";"None";"None";"None";"1";"2";"Appartement";"27.0";"2.0";"None";"None";"None";"None";"nan";"7.276245";"43.696917";"000KR"
"2021-63285";"2021-07-15";"1";"Vente";"182000.0";"22.0";"None";"RUE BENOIT BUNICO";"0780";"06300";"06088";"Nice";"06";"None";"None";"06088000KR0169";"None";"None";"19";"37.3";"34";"nan";"None";"nan";"None";"None";"None";"None";"2";"2";"Appartement";"36.0";"1.0";"None";"None";"None";"None";"nan";"7.276665";"43.697009";"000KR"
"2021-63285";"2021-07-15";"1";"Vente";"182000.0";"22.0";"None";"RUE BENOIT BUNICO";"0780";"06300";"06088";"Nice";"06";"None";"None";"06088000KR0169";"None";"None";"19";"37.3";"34";"nan";"None";"nan";"None";"None";"None";"None";"2";"3";"Dépendance";"nan";"0.0";"None";"None";"None";"None";"nan";"7.276665";"43.697009";"000KR"
"2021-62988";"2021-07-13";"1";"Vente";"110970.0";"25.0";"None";"RUE BENOIT BUNICO";"0780";"06300";"06088";"Nice";"06";"None";"None";"06088000KR0118";"None";"None";"13";"nan";"None";"nan";"None";"nan";"None";"None";"None";"None";"1";"2";"Appartement";"16.0";"1.0";"None";"None";"None";"None";"nan";"7.276926";"43.696972";"000KR"
"2021-62865";"2021-07-08";"1";"Vente";"215000.0";"42.0";"None";"RUE DROITE";"2095";"06300";"06088";"Nice";"06";"None";"None";"06088000KR0265";"None";"None";"15";"nan";"None";"nan";"None";"nan";"None";"None";"None";"None";"1";"2";"Appartement";"40.0";"2.0";"None";"None";"None";"None";"nan";"7.277217";"43.696316";"000KR"
"2021-63344";"2021-07-07";"1";"Vente";"1.0";"2.0";"None";"RUE SAINTE REPARATE";"6065";"06300";"06088";"Nice";"06";"None";"None";"06088000KR0181";"None";"None";"16";"nan";"None";"nan";"None";"nan";"None";"None";"None";"None";"1";"4";"Local industriel. commercial ou assimilé";"40.0";"0.0";"None";"None";"None";"None";"nan";"7.276145";"43.69685";"000KR"
"2021-62078";"2021-07-05";"1";"Vente";"143132.0";"16.0";"None";"RUE CENTRALE";"1245";"06300";"06088";"Nice";"06";"None";"None";"06088000KR0042";"None";"None";"2";"31.67";"None";"nan";"None";"nan";"None";"None";"None";"None";"1";"2";"Appartement";"29.0";"2.0";"None";"None";"None";"None";"nan";"7.276791";"43.697753";"000KR"
"2021-61934";"2021-07-02";"1";"Vente";"245000.0";"8.0";"None";"RUE DU JESUS";"3415";"06300";"06088";"Nice";"06";"None";"None";"06088000KR0168";"None";"None";"17";"45.7";"None";"nan";"None";"nan";"None";"None";"None";"None";"1";"2";"Appartement";"45.0";"3.0";"None";"None";"None";"None";"nan";"7.276642";"43.696852";"000KR"
"2021-62786";"2021-06-29";"1";"Vente";"188000.0";"22.0";"None";"RUE CENTRALE";"1245";"06300";"06088";"Nice";"06";"None";"None";"06088000KR0046";"None";"None";"19";"35.88";"None";"nan";"None";"nan";"None";"None";"None";"None";"1";"2";"Appartement";"42.0";"2.0";"None";"None";"None";"None";"nan";"7.276715";"43.69752";"000KR"
"2021-62082";"2021-06-24";"1";"Vente";"705000.0";"17.0";"None";"RUE DE LA PREFECTURE";"5240";"06300";"06088";"Nice";"06";"None";"None";"06088000KR0235";"None";"None";"11";"149.3";"None";"nan";"None";"nan";"None";"None";"None";"None";"1";"2";"Appartement";"138.0";"5.0";"None";"None";"None";"None";"nan";"7.275107";"43.696699";"000KR"
"2021-62082";"2021-06-24";"1";"Vente";"705000.0";"17.0";"None";"RUE DE LA PREFECTURE";"5240";"06300";"06088";"Nice";"06";"None";"None";"06088000KR0235";"None";"None";"11";"149.3";"None";"nan";"None";"nan";"None";"None";"None";"None";"1";"3";"Dépendance";"nan";"0.0";"None";"None";"None";"None";"nan";"7.275107";"43.696699";"000KR"
"2021-60956";"2021-06-22";"1";"Vente";"163500.0";"8.0";"None";"RUE MASCOINAT";"4090";"06300";"06088";"Nice";"06";"None";"None";"06088000KR0032";"None";"None";"11";"45.02";"None";"nan";"None";"nan";"None";"None";"None";"None";"1";"2";"Appartement";"44.0";"2.0";"None";"None";"None";"None";"nan";"7.276513";"43.697521";"000KR"
"2021-61244";"2021-06-18";"1";"Vente";"187500.0";"8.0";"None";"RUE MASCOINAT";"4090";"06300";"06088";"Nice";"06";"None";"None";"06088000KR0032";"None";"None";"5";"42.81";"None";"nan";"None";"nan";"None";"None";"None";"None";"1";"2";"Appartement";"83.0";"2.0";"None";"None";"None";"None";"nan";"7.276513";"43.697521";"000KR"
"2021-61078";"2021-06-16";"1";"Vente";"243800.0";"15.0";"None";"RUE SAINT JOSEPH";"5825";"06300";"06088";"Nice";"06";"None";"None";"06088000KR0088";"None";"None";"6";"nan";"None";"nan";"None";"nan";"None";"None";"None";"None";"1";"2";"Appartement";"65.0";"2.0";"None";"None";"None";"None";"nan";"7.278254";"43.697038";"000KR"
"2021-60698";"2021-06-14";"1";"Vente";"114000.0";"8.0";"B";"RUE DE LA CONDAMINE";"1650";"06300";"06088";"Nice";"06";"None";"None";"06088000KR0096";"None";"None";"5";"19.02";"None";"nan";"None";"nan";"None";"None";"None";"None";"1";"2";"Appartement";"10.0";"1.0";"None";"None";"None";"None";"nan";"7.278025";"43.697028";"000KR"
"2021-61557";"2021-06-11";"1";"Vente";"270000.0";"18.0";"None";"RUE MALONAT";"3920";"06300";"06088";"Nice";"06";"None";"None";"06088000KR0139";"None";"None";"40";"49.89";"None";"nan";"None";"nan";"None";"None";"None";"None";"1";"2";"Appartement";"57.0";"3.0";"None";"None";"None";"None";"nan";"7.278011";"43.696352";"000KR"
"2021-60720";"2021-06-10";"1";"Vente";"nan";"22.0";"None";"RUE CENTRALE";"1245";"06300";"06088";"Nice";"06";"None";"None";"06088000KR0046";"None";"None";"17";"nan";"None";"nan";"None";"nan";"None";"None";"None";"None";"1";"4";"Local industriel. commercial ou assimilé";"32.0";"0.0";"None";"None";"None";"None";"nan";"7.276715";"43.69752";"000KR"
"2021-60739";"2021-06-10";"1";"Vente";"365000.0";"13.0";"None";"RUE DU COLLET";"1530";"06300";"06088";"Nice";"06";"None";"None";"06088000KR0017";"None";"None";"11";"21.07";"None";"nan";"None";"nan";"None";"None";"None";"None";"1";"4";"Local industriel. commercial ou assimilé";"30.0";"0.0";"None";"None";"None";"None";"nan";"7.276701";"43.698304";"000KR"
"2021-60245";"2021-06-07";"1";"Vente";"203000.0";"37.0";"None";"RUE DE LA PREFECTURE";"5240";"06300";"06088";"Nice";"06";"None";"None";"06088000KR0151";"None";"None";"10";"33.83";"None";"nan";"None";"nan";"None";"None";"None";"None";"1";"2";"Appartement";"32.0";"2.0";"None";"None";"None";"None";"nan";"7.27687";"43.696362";"000KR"
"2021-60262";"2021-06-07";"1";"Vente";"215000.0";"6.0";"None";"RUE DU JESUS";"3415";"06300";"06088";"Nice";"06";"None";"None";"06088000KR0175";"None";"None";"8";"36.99";"None";"nan";"None";"nan";"None";"None";"None";"None";"1";"2";"Appartement";"37.0";"3.0";"None";"None";"None";"None";"nan";"7.276513";"43.696823";"000KR"
"2021-60964";"2021-06-03";"1";"Vente";"110000.0";"1.0";"None";"RUE FRANCIS GALLO";"2605";"06300";"06088";"Nice";"06";"None";"None";"06088000KR0224";"None";"None";"7";"11.9";"None";"nan";"None";"nan";"None";"None";"None";"None";"1";"2";"Appartement";"20.0";"1.0";"None";"None";"None";"None";"nan";"7.275434";"43.697552";"000KR"
"2021-59762";"2021-06-02";"1";"Vente";"121000.0";"15.0";"None";"RUE DE LA PREFECTURE";"5240";"06300";"06088";"Nice";"06";"None";"None";"06088000KR0236";"None";"None";"5";"15.32";"None";"nan";"None";"nan";"None";"None";"None";"None";"1";"2";"Appartement";"15.0";"1.0";"None";"None";"None";"None";"nan";"7.274725";"43.696779";"000KR"
"2021-60317";"2021-06-02";"1";"Vente";"200000.0";"1.0";"None";"RUE FRANCIS GALLO";"2605";"06300";"06088";"Nice";"06";"None";"None";"06088000KR0260";"None";"None";"2";"60.69";"None";"nan";"None";"nan";"None";"None";"None";"None";"1";"4";"Local industriel. commercial ou assimilé";"64.0";"0.0";"None";"None";"None";"None";"nan";"7.275294";"43.697604";"000KR"
"2021-60318";"2021-05-31";"1";"Vente";"200000.0";"8.0";"None";"RUE BENOIT BUNICO";"0780";"06300";"06088";"Nice";"06";"None";"None";"06088000KR0040";"None";"None";"15";"63.48";"None";"nan";"None";"nan";"None";"None";"None";"None";"1";"2";"Appartement";"79.0";"3.0";"None";"None";"None";"None";"nan";"7.276934";"43.697813";"000KR"
"2021-60456";"2021-05-31";"1";"Vente";"40000.0";"17.0";"None";"RUE DE LA PREFECTURE";"5240";"06300";"06088";"Nice";"06";"None";"None";"06088000KR0235";"None";"None";"7";"22.75";"None";"nan";"None";"nan";"None";"None";"None";"None";"1";"4";"Local industriel. commercial ou assimilé";"18.0";"0.0";"None";"None";"None";"None";"nan";"7.275107";"43.696699";"000KR"
"2021-59979";"2021-05-28";"1";"Vente";"190000.0";"1.0";"None";"RUE DU JESUS";"3415";"06300";"06088";"Nice";"06";"None";"None";"06088000KR0162";"None";"None";"8";"nan";"None";"nan";"None";"nan";"None";"None";"None";"None";"1";"2";"Appartement";"40.0";"2.0";"None";"None";"None";"None";"nan";"7.276252";"43.696753";"000KR"
"2021-60310";"2021-05-27";"1";"Vente";"435000.0";"29.0";"None";"RUE DE LA PREFECTURE";"5240";"06300";"06088";"Nice";"06";"None";"None";"06088000KR0155";"None";"None";"11";"nan";"None";"nan";"None";"nan";"None";"None";"None";"None";"1";"2";"Appartement";"135.0";"4.0";"None";"None";"None";"None";"nan";"7.276415";"43.696463";"000KR"
"2021-60252";"2021-05-21";"1";"Vente";"243500.0";"2.0";"None";"RUE DU PONT VIEUX";"5210";"06300";"06088";"Nice";"06";"None";"None";"06088000KR0019";"None";"None";"23";"40.31";"None";"nan";"None";"nan";"None";"None";"None";"None";"1";"2";"Appartement";"37.0";"2.0";"None";"None";"None";"None";"nan";"7.276585";"43.698077";"000KR"
"2021-60252";"2021-05-21";"1";"Vente";"243500.0";"2.0";"None";"RUE DU PONT VIEUX";"5210";"06300";"06088";"Nice";"06";"None";"None";"06088000KR0019";"None";"None";"23";"40.31";"None";"nan";"None";"nan";"None";"None";"None";"None";"1";"2";"Appartement";"16.0";"1.0";"None";"None";"None";"None";"nan";"7.276585";"43.698077";"000KR"
"2021-59509";"2021-05-17";"1";"Vente";"145000.0";"44.0";"None";"BD JEAN JAURES";"3360";"06300";"06088";"Nice";"06";"None";"None";"06088000KR0005";"None";"None";"23";"17.45";"None";"nan";"None";"nan";"None";"None";"None";"None";"1";"2";"Appartement";"17.0";"1.0";"None";"None";"None";"None";"nan";"7.274994";"43.697666";"000KR"
"2021-59867";"2021-05-12";"1";"Vente";"150700.0";"2.0";"None";"RUE DU PONT VIEUX";"5210";"06300";"06088";"Nice";"06";"None";"None";"06088000KR0019";"None";"None";"24";"17.41";"None";"nan";"None";"nan";"None";"None";"None";"None";"1";"2";"Appartement";"16.0";"1.0";"None";"None";"None";"None";"nan";"7.276585";"43.698077";"000KR"
"2021-59867";"2021-05-12";"1";"Vente";"150700.0";"2.0";"None";"RUE DU PONT VIEUX";"5210";"06300";"06088";"Nice";"06";"None";"None";"06088000KR0019";"None";"None";"24";"17.41";"None";"nan";"None";"nan";"None";"None";"None";"None";"1";"2";"Appartement";"37.0";"2.0";"None";"None";"None";"None";"nan";"7.276585";"43.698077";"000KR"
"2021-59214";"2021-05-11";"1";"Vente";"146000.0";"29.0";"None";"RUE DE LA PREFECTURE";"5240";"06300";"06088";"Nice";"06";"None";"None";"06088000KR0155";"None";"None";"17";"28.15";"None";"nan";"None";"nan";"None";"None";"None";"None";"1";"2";"Appartement";"30.0";"2.0";"None";"None";"None";"None";"nan";"7.276415";"43.696463";"000KR"
"2021-58941";"2021-05-07";"1";"Vente";"290000.0";"42.0";"None";"RUE DROITE";"2095";"06300";"06088";"Nice";"06";"None";"None";"06088000KR0265";"None";"None";"21";"46.9";"None";"nan";"None";"nan";"None";"None";"None";"None";"1";"2";"Appartement";"50.0";"2.0";"None";"None";"None";"None";"nan";"7.277217";"43.696316";"000KR"
"2021-59141";"2021-05-06";"1";"Vente";"318610.0";"5.0";"None";"RUE DU MOULIN";"4445";"06300";"06088";"Nice";"06";"None";"None";"06088000KR0248";"None";"None";"17";"62.67";"None";"nan";"None";"nan";"None";"None";"None";"None";"1";"2";"Appartement";"67.0";"3.0";"None";"None";"None";"None";"nan";"7.274855";"43.697069";"000KR"
"2021-58467";"2021-05-04";"1";"Vente";"201000.0";"7.0";"None";"RUE DU PONT VIEUX";"5210";"06300";"06088";"Nice";"06";"None";"None";"06088000KR0201";"None";"None";"4";"29.82";"None";"nan";"None";"nan";"None";"None";"None";"None";"1";"2";"Appartement";"35.0";"2.0";"None";"None";"None";"None";"nan";"7.27623";"43.697809";"000KR"
"2021-58748";"2021-04-30";"1";"Vente";"206500.0";"9.0";"None";"RUE DU MARCHE";"3990";"06300";"06088";"Nice";"06";"None";"None";"06088000KR0002";"None";"None";"17";"25.56";"None";"nan";"None";"nan";"None";"None";"None";"None";"1";"2";"Appartement";"21.0";"2.0";"None";"None";"None";"None";"nan";"7.274756";"43.697501";"000KR"
"2021-58878";"2021-04-30";"1";"Vente";"245000.0";"3.0";"None";"RUE SAINT JOSEPH";"5825";"06300";"06088";"Nice";"06";"None";"None";"06088000KR0079";"None";"None";"6";"66.05";"None";"nan";"None";"nan";"None";"None";"None";"None";"1";"2";"Appartement";"66.0";"4.0";"None";"None";"None";"None";"nan";"7.277901";"43.697412";"000KR"
"2021-59177";"2021-04-30";"1";"Vente";"180000.0";"8.0";"None";"RUE BENOIT BUNICO";"0780";"06300";"06088";"Nice";"06";"None";"None";"06088000KR0040";"None";"None";"16";"14.05";"None";"nan";"None";"nan";"None";"None";"None";"None";"1";"2";"Appartement";"79.0";"3.0";"None";"None";"None";"None";"nan";"7.276934";"43.697813";"000KR"
"2021-59177";"2021-04-30";"1";"Vente";"180000.0";"8.0";"None";"RUE BENOIT BUNICO";"0780";"06300";"06088";"Nice";"06";"None";"None";"06088000KR0040";"None";"None";"18";"14.51";"None";"nan";"None";"nan";"None";"None";"None";"None";"1";"3";"Dépendance";"nan";"0.0";"None";"None";"None";"None";"nan";"7.276934";"43.697813";"000KR"
"2021-58331";"2021-04-29";"1";"Vente";"40000.0";"6.0";"None";"RUE FRANCIS GALLO";"2605";"06300";"06088";"Nice";"06";"None";"None";"06088000KR0223";"None";"None";"7";"28.8";"None";"nan";"None";"nan";"None";"None";"None";"None";"1";"2";"Appartement";"40.0";"2.0";"None";"None";"None";"None";"nan";"7.27559";"43.697626";"000KR"
"2021-59071";"2021-04-29";"1";"Vente";"156750.0";"2.0";"None";"RUE DU JESUS";"3415";"06300";"06088";"Nice";"06";"None";"None";"06088000KR0181";"None";"None";"10";"21.0";"None";"nan";"None";"nan";"None";"None";"None";"None";"1";"2";"Appartement";"28.0";"1.0";"None";"None";"None";"None";"nan";"7.276145";"43.69685";"000KR"
"2021-58702";"2021-04-28";"1";"Vente";"120000.0";"4.0";"None";"RLE DE LA BOUCHERIE";"0935";"06300";"06088";"Nice";"06";"None";"None";"06088000KR0211";"None";"None";"2";"nan";"None";"nan";"None";"nan";"None";"None";"None";"None";"1";"4";"Local industriel. commercial ou assimilé";"25.0";"0.0";"None";"None";"None";"None";"nan";"7.275836";"43.6978";"000KR"
"2021-57947";"2021-04-23";"1";"Vente";"167000.0";"10.0";"None";"RUE DU JESUS";"3415";"06300";"06088";"Nice";"06";"None";"None";"06088000KR0122";"None";"None";"16";"32.6";"None";"nan";"None";"nan";"None";"None";"None";"None";"1";"2";"Appartement";"31.0";"3.0";"None";"None";"None";"None";"nan";"7.276886";"43.696804";"000KR"
"2021-58582";"2021-04-23";"1";"Vente";"300000.0";"11.0";"None";"RUE DU PONT VIEUX";"5210";"06300";"06088";"Nice";"06";"None";"None";"06088000KR0198";"None";"None";"35";"63.4";"None";"nan";"None";"nan";"None";"None";"None";"None";"1";"2";"Appartement";"60.0";"3.0";"None";"None";"None";"None";"nan";"7.276136";"43.697587";"000KR"
"2021-58397";"2021-04-23";"1";"Vente";"389000.0";"8.0";"None";"RUE ABBAYE";"0010";"06300";"06088";"Nice";"06";"None";"None";"06088000KR0246";"None";"None";"1";"nan";"2";"nan";"None";"nan";"None";"None";"None";"None";"2";"4";"Local industriel. commercial ou assimilé";"139.0";"0.0";"None";"None";"None";"None";"nan";"7.27486";"43.696976";"000KR"
"2021-58397";"2021-04-23";"1";"Vente";"389000.0";"5.0";"B";"RUE SAINT VINCENT";"5975";"06300";"06088";"Nice";"06";"None";"None";"06088000KR0247";"None";"None";"1";"nan";"6";"nan";"None";"nan";"None";"None";"None";"None";"2";"4";"Local industriel. commercial ou assimilé";"43.0";"0.0";"None";"None";"None";"None";"nan";"7.274939";"43.696967";"000KR"
"2021-57408";"2021-04-02";"1";"Vente";"386000.0";"2.0";"None";"PL VIEILLE";"6685";"06300";"06088";"Nice";"06";"None";"None";"06088000KR0165";"None";"None";"11";"96.95";"9";"nan";"None";"nan";"None";"None";"None";"None";"2";"2";"Appartement";"90.0";"3.0";"None";"None";"None";"None";"nan";"7.276507";"43.696649";"000KR"
"2021-57190";"2021-03-31";"1";"Vente";"265000.0";"18.0";"None";"RUE CENTRALE";"1245";"06300";"06088";"Nice";"06";"None";"None";"06088000KR0262";"None";"None";"9";"58.07";"None";"nan";"None";"nan";"None";"None";"None";"None";"1";"2";"Appartement";"37.0";"1.0";"None";"None";"None";"None";"nan";"7.276743";"43.697658";"000KR"
"2021-57190";"2021-03-31";"1";"Vente";"265000.0";"18.0";"None";"RUE CENTRALE";"1245";"06300";"06088";"Nice";"06";"None";"None";"06088000KR0262";"None";"None";"16";"11.39";"None";"nan";"None";"nan";"None";"None";"None";"None";"1";"3";"Dépendance";"nan";"0.0";"None";"None";"None";"None";"nan";"7.276743";"43.697658";"000KR"
"2021-57190";"2021-03-31";"1";"Vente";"265000.0";"12.0";"None";"RUE BENOIT BUNICO";"0780";"06300";"06088";"Nice";"06";"None";"None";"06088000KR0263";"None";"None";"37";"nan";"None";"nan";"None";"nan";"None";"None";"None";"None";"1";"4";"Local industriel. commercial ou assimilé";"200.0";"0.0";"None";"None";"None";"None";"nan";"7.27688";"43.697705";"000KR"
"2021-56526";"2021-03-19";"1";"Vente";"88000.0";"2.0";"None";"RUE SAINTE REPARATE";"6065";"06300";"06088";"Nice";"06";"None";"None";"06088000KR0277";"None";"None";"17";"11.7";"18";"nan";"None";"nan";"None";"None";"None";"None";"2";"2";"Appartement";"110.0";"4.0";"None";"None";"None";"None";"nan";"7.276245";"43.696917";"000KR"
"2021-56188";"2021-03-18";"1";"Vente";"42000.0";"8.0";"None";"RUE MASCOINAT";"4090";"06300";"06088";"Nice";"06";"None";"None";"06088000KR0032";"None";"None";"16";"24.06";"None";"nan";"None";"nan";"None";"None";"None";"None";"1";"2";"Appartement";"24.0";"2.0";"None";"None";"None";"None";"nan";"7.276513";"43.697521";"000KR"
"2021-56202";"2021-03-18";"1";"Vente";"245000.0";"7.0";"None";"RUE PLACE VIEILLE";"5155";"06300";"06088";"Nice";"06";"None";"None";"06088000KR0150";"None";"None";"24";"53.59";"None";"nan";"None";"nan";"None";"None";"None";"None";"1";"2";"Appartement";"55.0";"2.0";"None";"None";"None";"None";"nan";"7.276876";"43.696453";"000KR"
"2021-56222";"2021-03-18";"1";"Vente";"94000.0";"8.0";"None";"RUE MASCOINAT";"4090";"06300";"06088";"Nice";"06";"None";"None";"06088000KR0032";"None";"None";"11";"44.43";"None";"nan";"None";"nan";"None";"None";"None";"None";"1";"2";"Appartement";"44.0";"2.0";"None";"None";"None";"None";"nan";"7.276513";"43.697521";"000KR"
"2021-56455";"2021-03-17";"1";"Vente";"71250.0";"1.0";"B";"RUE CENTRALE";"1245";"06300";"06088";"Nice";"06";"None";"None";"06088000KR0033";"None";"None";"41";"14.08";"42";"nan";"None";"nan";"None";"None";"None";"None";"2";"2";"Appartement";"15.0";"1.0";"None";"None";"None";"None";"nan";"7.276561";"43.697609";"000KR"
"2021-56455";"2021-03-17";"1";"Vente";"71250.0";"1.0";"B";"RUE CENTRALE";"1245";"06300";"06088";"Nice";"06";"None";"None";"06088000KR0033";"None";"None";"41";"14.08";"42";"nan";"None";"nan";"None";"None";"None";"None";"2";"2";"Appartement";"29.0";"2.0";"None";"None";"None";"None";"nan";"7.276561";"43.697609";"000KR"
"2021-56127";"2021-03-16";"1";"Vente";"289000.0";"2.0";"None";"RUE DU PONT VIEUX";"5210";"06300";"06088";"Nice";"06";"None";"None";"06088000KR0019";"None";"None";"20";"52.65";"None";"nan";"None";"nan";"None";"None";"None";"None";"1";"2";"Appartement";"42.0";"2.0";"None";"None";"None";"None";"nan";"7.276585";"43.698077";"000KR"
"2021-57354";"2021-03-16";"1";"Vente";"415000.0";"28.0";"None";"BD JEAN JAURES";"3360";"06300";"06088";"Nice";"06";"None";"None";"06088000KR0013";"None";"None";"10";"86.41";"None";"nan";"None";"nan";"None";"None";"None";"None";"1";"2";"Appartement";"85.0";"5.0";"None";"None";"None";"None";"nan";"7.276114";"43.698083";"000KR"
"2021-55973";"2021-03-15";"1";"Vente";"160000.0";"24.0";"None";"RUE CENTRALE";"1245";"06300";"06088";"Nice";"06";"None";"None";"06088000KR0047";"None";"None";"10";"40.4";"None";"nan";"None";"nan";"None";"None";"None";"None";"1";"2";"Appartement";"32.0";"1.0";"None";"None";"None";"None";"nan";"7.276672";"43.697395";"000KR"
"2021-56006";"2021-03-15";"1";"Vente";"266000.0";"9.0";"None";"RUE DU PONT VIEUX";"5210";"06300";"06088";"Nice";"06";"None";"None";"06088000KR0200";"None";"None";"3";"78.7";"None";"nan";"None";"nan";"None";"None";"None";"None";"1";"2";"Appartement";"86.0";"3.0";"None";"None";"None";"None";"nan";"7.276209";"43.697756";"000KR"
"2021-56939";"2021-03-12";"1";"Vente";"137000.0";"1.0";"None";"RUE DU JESUS";"3415";"06300";"06088";"Nice";"06";"None";"None";"06088000KR0162";"None";"None";"9";"32.37";"None";"nan";"None";"nan";"None";"None";"None";"None";"1";"2";"Appartement";"30.0";"1.0";"None";"None";"None";"None";"nan";"7.276252";"43.696753";"000KR"
"2021-56263";"2021-03-11";"1";"Vente";"116300.0";"18.0";"None";"RUE DE LA CONDAMINE";"1650";"06300";"06088";"Nice";"06";"None";"None";"06088000KR0091";"None";"None";"7";"26.76";"None";"nan";"None";"nan";"None";"None";"None";"None";"1";"2";"Appartement";"25.0";"2.0";"None";"None";"None";"None";"nan";"7.278004";"43.696782";"000KR"
"2021-56933";"2021-03-11";"1";"Vente";"168000.0";"5.0";"None";"RUE DU MOULIN";"4445";"06300";"06088";"Nice";"06";"None";"None";"06088000KR0248";"None";"None";"22";"49.85";"None";"nan";"None";"nan";"None";"None";"None";"None";"1";"2";"Appartement";"52.0";"3.0";"None";"None";"None";"None";"nan";"7.274855";"43.697069";"000KR"
"2021-56138";"2021-03-05";"1";"Vente";"960000.0";"1.0";"None";"RUE DU JESUS";"3415";"06300";"06088";"Nice";"06";"None";"None";"06088000KR0162";"None";"None";"10";"42.93";"None";"nan";"None";"nan";"None";"None";"None";"None";"1";"2";"Appartement";"40.0";"2.0";"None";"None";"None";"None";"nan";"7.276252";"43.696753";"000KR"
"2021-56138";"2021-03-05";"1";"Vente";"960000.0";"1.0";"None";"RUE DU JESUS";"3415";"06300";"06088";"Nice";"06";"None";"None";"06088000KR0162";"None";"None";"9";"32.37";"None";"nan";"None";"nan";"None";"None";"None";"None";"1";"2";"Appartement";"30.0";"1.0";"None";"None";"None";"None";"nan";"7.276252";"43.696753";"000KR"
"2021-56138";"2021-03-05";"1";"Vente";"960000.0";"1.0";"None";"RUE DU JESUS";"3415";"06300";"06088";"Nice";"06";"None";"None";"06088000KR0162";"None";"None";"8";"44.8";"None";"nan";"None";"nan";"None";"None";"None";"None";"1";"2";"Appartement";"40.0";"2.0";"None";"None";"None";"None";"nan";"7.276252";"43.696753";"000KR"
"2021-56138";"2021-03-05";"1";"Vente";"960000.0";"1.0";"None";"RUE DU JESUS";"3415";"06300";"06088";"Nice";"06";"None";"None";"06088000KR0162";"None";"None";"7";"41.96";"None";"nan";"None";"nan";"None";"None";"None";"None";"1";"2";"Appartement";"40.0";"1.0";"None";"None";"None";"None";"nan";"7.276252";"43.696753";"000KR"
"2021-56138";"2021-03-05";"1";"Vente";"960000.0";"1.0";"None";"RUE DU JESUS";"3415";"06300";"06088";"Nice";"06";"None";"None";"06088000KR0162";"None";"None";"12";"nan";"None";"nan";"None";"nan";"None";"None";"None";"None";"1";"2";"Appartement";"38.0";"2.0";"None";"None";"None";"None";"nan";"7.276252";"43.696753";"000KR"
"2021-56138";"2021-03-05";"1";"Vente";"960000.0";"1.0";"None";"RUE DU JESUS";"3415";"06300";"06088";"Nice";"06";"None";"None";"06088000KR0162";"None";"None";"11";"31.54";"None";"nan";"None";"nan";"None";"None";"None";"None";"1";"2";"Appartement";"30.0";"1.0";"None";"None";"None";"None";"nan";"7.276252";"43.696753";"000KR"
"2021-56139";"2021-03-05";"1";"Vente";"90000.0";"1.0";"None";"RUE DU JESUS";"3415";"06300";"06088";"Nice";"06";"None";"None";"06088000KR0162";"None";"None";"12";"17.09";"None";"nan";"None";"nan";"None";"None";"None";"None";"1";"2";"Appartement";"38.0";"2.0";"None";"None";"None";"None";"nan";"7.276252";"43.696753";"000KR"
"2021-56140";"2021-03-05";"1";"Vente";"210000.0";"1.0";"None";"RUE DU JESUS";"3415";"06300";"06088";"Nice";"06";"None";"None";"06088000KR0162";"None";"None";"10";"42.93";"None";"nan";"None";"nan";"None";"None";"None";"None";"1";"2";"Appartement";"40.0";"2.0";"None";"None";"None";"None";"nan";"7.276252";"43.696753";"000KR"
"2021-56205";"2021-03-05";"1";"Vente";"146000.0";"1.0";"None";"RUE DU JESUS";"3415";"06300";"06088";"Nice";"06";"None";"None";"06088000KR0162";"None";"None";"11";"32.62";"None";"nan";"None";"nan";"None";"None";"None";"None";"1";"2";"Appartement";"30.0";"1.0";"None";"None";"None";"None";"nan";"7.276252";"43.696753";"000KR"
"2021-56207";"2021-03-05";"1";"Vente";"220000.0";"1.0";"None";"RUE DU JESUS";"3415";"06300";"06088";"Nice";"06";"None";"None";"06088000KR0162";"None";"None";"7";"41.96";"None";"nan";"None";"nan";"None";"None";"None";"None";"1";"2";"Appartement";"40.0";"1.0";"None";"None";"None";"None";"nan";"7.276252";"43.696753";"000KR"
"2021-56138";"2021-03-05";"1";"Vente";"960000.0";"1.0";"None";"RUE DU JESUS";"3415";"06300";"06088";"Nice";"06";"None";"None";"06088000KR0162";"None";"None";"3";"nan";"6";"22.23";"None";"nan";"None";"None";"None";"None";"2";"4";"Local industriel. commercial ou assimilé";"28.0";"0.0";"None";"None";"None";"None";"nan";"7.276252";"43.696753";"000KR"
"2021-56141";"2021-03-05";"1";"Vente";"87000.0";"1.0";"None";"RUE DU JESUS";"3415";"06300";"06088";"Nice";"06";"None";"None";"06088000KR0162";"None";"None";"3";"nan";"6";"22.23";"None";"nan";"None";"None";"None";"None";"2";"4";"Local industriel. commercial ou assimilé";"28.0";"0.0";"None";"None";"None";"None";"nan";"7.276252";"43.696753";"000KR"
"2021-55860";"2021-03-04";"1";"Vente";"184000.0";"1.0";"None";"RUE DU PONTIN";"5220";"06300";"06088";"Nice";"06";"None";"None";"06088000KR0269";"None";"None";"31";"39.12";"None";"nan";"None";"nan";"None";"None";"None";"None";"1";"2";"Appartement";"44.0";"3.0";"None";"None";"None";"None";"nan";"7.274786";"43.69731";"000KR"
"2021-56663";"2021-03-04";"1";"Vente";"76000.0";"32.0";"None";"RUE CENTRALE";"1245";"06300";"06088";"Nice";"06";"None";"None";"06088000KR0172";"None";"None";"16";"38.58";"None";"nan";"None";"nan";"None";"None";"None";"None";"1";"2";"Appartement";"37.0";"2.0";"None";"None";"None";"None";"nan";"7.27664";"43.697083";"000KR"
"2021-55460";"2021-02-25";"1";"Vente";"318000.0";"4.0";"None";"RUE DU MARCHE";"3990";"06300";"06088";"Nice";"06";"None";"None";"06088000KR0293";"None";"None";"21";"35.28";"None";"nan";"None";"nan";"None";"None";"None";"None";"1";"2";"Appartement";"54.0";"3.0";"None";"None";"None";"None";"nan";"7.275181";"43.697536";"000KR"
"2021-55256";"2021-02-24";"1";"Vente";"74800.0";"1.0";"None";"RUE ROSSETTI";"5595";"06300";"06088";"Nice";"06";"None";"None";"06088000KR0170";"None";"None";"10";"10.44";"None";"nan";"None";"nan";"None";"None";"None";"None";"1";"2";"Appartement";"15.0";"1.0";"None";"None";"None";"None";"nan";"7.276751";"43.697141";"000KR"
"2021-55615";"2021-02-19";"1";"Vente";"270000.0";"9.0";"None";"RUE MASCOINAT";"4090";"06300";"06088";"Nice";"06";"None";"None";"06088000KR0025";"None";"None";"46";"nan";"None";"nan";"None";"nan";"None";"None";"None";"None";"1";"2";"Appartement";"50.0";"3.0";"None";"None";"None";"None";"nan";"7.276417";"43.697692";"000KR"
"2021-56041";"2021-02-19";"1";"Vente";"209640.0";"15.0";"None";"RUE COLONNA D ISTRIA";"1590";"06300";"06088";"Nice";"06";"None";"None";"06088000KR0233";"None";"None";"13";"38.1";"None";"nan";"None";"nan";"None";"None";"None";"None";"1";"2";"Appartement";"55.0";"3.0";"None";"None";"None";"None";"nan";"7.275252";"43.696921";"000KR"
"2021-54900";"2021-02-17";"1";"Vente";"381900.0";"10.0";"None";"RUE SAINT VINCENT";"5975";"06300";"06088";"Nice";"06";"None";"None";"06088000KR0232";"None";"None";"27";"100.74";"None";"nan";"None";"nan";"None";"None";"None";"None";"1";"2";"Appartement";"103.0";"5.0";"None";"None";"None";"None";"nan";"7.275136";"43.696964";"000KR"
"2021-54695";"2021-02-12";"1";"Vente";"275000.0";"2.0";"None";"RUE DU JESUS";"3415";"06300";"06088";"Nice";"06";"None";"None";"06088000KR0181";"None";"None";"8";"nan";"None";"nan";"None";"nan";"None";"None";"None";"None";"1";"2";"Appartement";"67.0";"2.0";"None";"None";"None";"None";"nan";"7.276145";"43.69685";"000KR"
"2021-54933";"2021-02-05";"1";"Vente";"125000.0";"1.0";"None";"RUE ROSSETTI";"5595";"06300";"06088";"Nice";"06";"None";"None";"06088000KR0170";"None";"None";"7";"26.35";"None";"nan";"None";"nan";"None";"None";"None";"None";"1";"2";"Appartement";"30.0";"2.0";"None";"None";"None";"None";"nan";"7.276751";"43.697141";"000KR"
"2021-54622";"2021-02-02";"1";"Vente";"282000.0";"1.0";"None";"DSC DU MARCHE";"3985";"06300";"06088";"Nice";"06";"None";"None";"06088000KR0001";"None";"None";"17";"76.17";"None";"nan";"None";"nan";"None";"None";"None";"None";"1";"2";"Appartement";"76.0";"5.0";"None";"None";"None";"None";"nan";"7.274662";"43.697456";"000KR"
"2021-54441";"2021-02-01";"1";"Vente";"195000.0";"48.0";"None";"BD JEAN JAURES";"3360";"06300";"06088";"Nice";"06";"None";"None";"06088000KR0003";"None";"None";"39";"67.06";"None";"nan";"None";"nan";"None";"None";"None";"None";"1";"2";"Appartement";"64.0";"3.0";"None";"None";"None";"None";"nan";"7.274832";"43.697576";"000KR"
"2021-53770";"2021-01-26";"1";"Vente";"388240.0";"1.0";"None";"RUE DU PONTIN";"5220";"06300";"06088";"Nice";"06";"None";"None";"06088000KR0269";"None";"None";"30";"72.6";"None";"nan";"None";"nan";"None";"None";"None";"None";"1";"2";"Appartement";"71.0";"3.0";"None";"None";"None";"None";"nan";"7.274786";"43.69731";"000KR"
"2021-53630";"2021-01-19";"1";"Vente";"365000.0";"9.0";"None";"RUE DU PONT VIEUX";"5210";"06300";"06088";"Nice";"06";"None";"None";"06088000KR0200";"None";"None";"9";"47.65";"None";"nan";"None";"nan";"None";"None";"None";"None";"1";"2";"Appartement";"35.0";"3.0";"None";"None";"None";"None";"nan";"7.276209";"43.697756";"000KR"
"2021-54180";"2021-01-19";"1";"Vente";"75000.0";"42.0";"None";"RUE DROITE";"2095";"06300";"06088";"Nice";"06";"None";"None";"06088000KR0265";"None";"None";"13";"12.42";"None";"nan";"None";"nan";"None";"None";"None";"None";"1";"2";"Appartement";"10.0";"1.0";"None";"None";"None";"None";"nan";"7.277217";"43.696316";"000KR"
"2021-54435";"2021-01-19";"1";"Vente";"168000.0";"8.0";"None";"RUE ABBAYE";"0010";"06300";"06088";"Nice";"06";"None";"None";"06088000KR0246";"None";"None";"6";"40.03";"None";"nan";"None";"nan";"None";"None";"None";"None";"1";"2";"Appartement";"21.0";"1.0";"None";"None";"None";"None";"nan";"7.27486";"43.696976";"000KR"
"2021-53330";"2021-01-06";"1";"Vente";"234000.0";"29.0";"None";"RUE DE LA PREFECTURE";"5240";"06300";"06088";"Nice";"06";"None";"None";"06088000KR0155";"None";"None";"22";"37.09";"None";"nan";"None";"nan";"None";"None";"None";"None";"1";"2";"Appartement";"33.0";"2.0";"None";"None";"None";"None";"nan";"7.276415";"43.696463";"000KR"